Build Select,,Starting Class,,Head,Body,Arms,Legs,,Talismans,,,,,,,Great Rune,,Crystal Tear 1,Crystal Tear 2,,Weapon Class,,,,,,,,,Upgrade Levels,Unarmed,Unarmed,Unarmed,Unarmed,Unarmed,Unarmed,,Unarmed,Unarmed,Unarmed,Unarmed,Unarmed,Unarmed,,weapons,canCast,Catalyst Select,,Spell 1,Spell 2,Spell 3,Spell 4,Spell 5,Spell 6,Spell 7,Spell 8,Spell 9,Spell 10,Spell 11,Spell 12,,Defaults,,
None,,Vagabond,,Empty,Empty,Empty,Empty,,Crimson Amber Medallion,1000,Empty,Empty,Empty,Empty,,Empty,,Empty,Empty,,Dagger,,Unarmed,Unarmed,Unarmed,Unarmed,Unarmed,Unarmed,,0.0,0,0,0,0,0,0,,Standard,Standard,Standard,Standard,Standard,Standard,,Unarmed,FALSE,No Catalyst Equipped,,Empty,Empty,Empty,Empty,Empty,Empty,Empty,Empty,Empty,Empty,Empty,Empty,,Build Select,None,
,,Warrior,,Commoner's Headband,Cloth Garb,Traveler's Manchettes,Cloth Trousers,,Crimson Amber Medallion +1,1000.0,Crimson Amber Medallion,Crimson Amber Medallion,Crimson Amber Medallion,Crimson Amber Medallion,,Godrick's Great Rune,,Crimson Crystal Tear 1,Crimson Crystal Tear 1,,Throwing Blade,,,,,,,,,1.0,,,,,,,,,,,,,,,Unarmed,FALSE,,,Glintstone Pebble,Glintstone Pebble,Glintstone Pebble,Glintstone Pebble,Glintstone Pebble,Glintstone Pebble,Glintstone Pebble,Glintstone Pebble,Glintstone Pebble,Glintstone Pebble,Glintstone Pebble,Glintstone Pebble,,Name Build,,
,,Hero,,Commoner's Headband (Altered),Traveler's Clothes,Guardian Bracers,Traveler's Boots,,Crimson Amber Medallion +2,1000.0,Crimson Amber Medallion +1,Crimson Amber Medallion +1,Crimson Amber Medallion +1,Crimson Amber Medallion +1,,Rykard's Great Rune,,Crimson Crystal Tear 2,Crimson Crystal Tear 2,,Straight Sword,,,,,,,,,2.0,,,,,,,,,,,,,,,Unarmed,FALSE,,,Swift Glintstone Shard,Swift Glintstone Shard,Swift Glintstone Shard,Swift Glintstone Shard,Swift Glintstone Shard,Swift Glintstone Shard,Swift Glintstone Shard,Swift Glintstone Shard,Swift Glintstone Shard,Swift Glintstone Shard,Swift Glintstone Shard,Swift Glintstone Shard,,,,
[Default] General Use - Strength RL125 (GJA),,Bandit,,Aristocrat Headband,Commoner's Simple Garb,Bloodsoaked Manchettes,Commoner's Shoes,,Crimson Amber Medallion +3,1000.0,Crimson Amber Medallion +2,Crimson Amber Medallion +2,Crimson Amber Medallion +2,Crimson Amber Medallion +2,,Radahn's Great Rune,,Crimsonspill Crystal Tear,Crimsonspill Crystal Tear,,Light Greatsword,,,,,,,,,3.0,,,,,,,,,,,,,,,Unarmed,FALSE,,,Great Glintstone Shard,Great Glintstone Shard,Great Glintstone Shard,Great Glintstone Shard,Great Glintstone Shard,Great Glintstone Shard,Great Glintstone Shard,Great Glintstone Shard,Great Glintstone Shard,Great Glintstone Shard,Great Glintstone Shard,Great Glintstone Shard,,Starting Class,Vagabond,Vagabond
[Default] General Use - Strength RL125 (BGT),,Astrologer,,Aristocrat Hat,Commoner's Simple Garb (Altered),Braided Arm Wraps,Aristocrat Boots,,Crimson Seed Talisman,5000.0,Crimson Amber Medallion +3,Crimson Amber Medallion +3,Crimson Amber Medallion +3,Crimson Amber Medallion +3,,Morgott's Great Rune,,Crimsonburst Crystal Tear,Crimsonburst Crystal Tear,,Greatsword,,,,,,,,,4.0,,,,,,,,,,,,,,,Unarmed,FALSE,,,Glintstone Cometshard,Glintstone Cometshard,Glintstone Cometshard,Glintstone Cometshard,Glintstone Cometshard,Glintstone Cometshard,Glintstone Cometshard,Glintstone Cometshard,Glintstone Cometshard,Glintstone Cometshard,Glintstone Cometshard,Glintstone Cometshard,,Vigor,,
[Default] General Use - Dexterity RL125 (GJA),,Prophet,,Old Aristocrat Cowl,Commoner's Garb,Mushroom Arms,Old Aristocrat Shoes,,Crimson Seed Talisman +1,5000.0,Crimson Seed Talisman,Crimson Seed Talisman,Crimson Seed Talisman,Crimson Seed Talisman,,Mohg's Great Rune,,Crimsonburst Dried Tear,Crimsonburst Dried Tear,,Colossal Sword,,,,,,,,,5.0,,,,,,,,,,,,,,,Unarmed,FALSE,,,Glintstone Cometshard,Glintstone Cometshard,Glintstone Cometshard,Glintstone Cometshard,Glintstone Cometshard,Glintstone Cometshard,Glintstone Cometshard,Glintstone Cometshard,Glintstone Cometshard,Glintstone Cometshard,Glintstone Cometshard,Glintstone Cometshard,,Mind,,
[Default] General Use - Dexterity RL125 (BGT),,Samurai,,Page Hood,Commoner's Garb (Altered),Astrologer Gloves,Page Trousers,,Blessed Dew Talisman,5020.0,Crimson Seed Talisman +1,Crimson Seed Talisman +1,Crimson Seed Talisman +1,Crimson Seed Talisman +1,,Malenia's Great Rune,,Cerulean Crystal Tear 1,Cerulean Crystal Tear 1,,Thrusting Sword,,,,,,,,,6.0,,,,,,,,,,,,,,,,,,,Comet,Comet,Comet,Comet,Comet,Comet,Comet,Comet,Comet,Comet,Comet,Comet,,Endurance,,
[Default] General Use - Arcane RL125 (GJA),,Prisoner,,High Page Hood,Aristocrat Garb,Sorcerer Manchettes,Guardian Greaves,,Cerulean Amber Medallion,1010.0,Blessed Dew Talisman,Blessed Dew Talisman,Blessed Dew Talisman,Blessed Dew Talisman,,,,Cerulean Crystal Tear 2,Cerulean Crystal Tear 2,,Heavy Thrusting Sword,,,,,,,,,7.0,,,,,,,,,,,,,,,,,,,Comet,Comet,Comet,Comet,Comet,Comet,Comet,Comet,Comet,Comet,Comet,Comet,,Strength,,
[Default] General Use - Arcane RL125 (BGT),,Confessor,,Guardian Mask,Aristocrat Garb (Altered),Battlemage Manchettes,Prisoner Trousers,,Cerulean Amber Medallion +1,1010.0,Cerulean Amber Medallion,Cerulean Amber Medallion,Cerulean Amber Medallion,Cerulean Amber Medallion,,Godrick's Great Rune,,Greenspill Crystal Tear,Greenspill Crystal Tear,,Curved Sword,,,,,,,,,8.0,,,,,,,,,,,,,,,,,,,Comet,Comet,Comet,Comet,Comet,Comet,Comet,Comet,Comet,Comet,Comet,Comet,,Dexterity,,
[Default] General Use Caster - Sorcery RL125,,Wretch,,Festive Hood,Aristocrat Coat,Errant Sorcerer Manchettes,Soiled Loincloth,,Cerulean Amber Medallion +2,1010.0,Cerulean Amber Medallion +1,Cerulean Amber Medallion +1,Cerulean Amber Medallion +1,Cerulean Amber Medallion +1,,Rykard's Great Rune,,Greenburst Crystal Tear,Greenburst Crystal Tear,,Curved Greatsword,,,,,,,,,9.0,,,,,,,,,,,,,,,,,,,Shard Spiral,Shard Spiral,Shard Spiral,Shard Spiral,Shard Spiral,Shard Spiral,Shard Spiral,Shard Spiral,Shard Spiral,Shard Spiral,Shard Spiral,Shard Spiral,,Intelligence,,
[Default] General Use Caster - Incants RL125,,,,Festive Hood (Altered),Old Aristocrat Gown,Spellblade's Gloves,Mushroom Legs,,Cerulean Amber Medallion +3,1010.0,Cerulean Amber Medallion +2,Cerulean Amber Medallion +2,Cerulean Amber Medallion +2,Cerulean Amber Medallion +2,,Radahn's Great Rune,,Strength-knot Crystal Tear,Strength-knot Crystal Tear,,Backhand Blade,,,,,,,,,10.0,,,,,,,,,,,,,,,,,,,Shard Spiral,Shard Spiral,Shard Spiral,Shard Spiral,Shard Spiral,Shard Spiral,Shard Spiral,Shard Spiral,Shard Spiral,Shard Spiral,Shard Spiral,Shard Spiral,,Faith,,
[Default] General Use Caster - Incants RL125 (Fth/Arc),,,,Blue Festive Hood,Page Garb,Alberich's Bracers,Astrologer Trousers,,Cerulean Seed Talisman,5010.0,Cerulean Amber Medallion +3,Cerulean Amber Medallion +3,Cerulean Amber Medallion +3,Cerulean Amber Medallion +3,,Morgott's Great Rune,,Dexterity-knot Crystal Tear,Dexterity-knot Crystal Tear,,Katana,,,,,,,,,11.0,,,,,,,,,,,,,,,,,,,Glintstone Stars,Glintstone Stars,Glintstone Stars,Glintstone Stars,Glintstone Stars,Glintstone Stars,Glintstone Stars,Glintstone Stars,Glintstone Stars,Glintstone Stars,Glintstone Stars,Glintstone Stars,,Arcane,,
[Default] PvE - Strength RL100,,,,Guilty Hood,Page Garb (Altered),Preceptor's Gloves,Sorcerer Leggings,,Cerulean Seed Talisman +1,5010.0,Cerulean Seed Talisman,Cerulean Seed Talisman,Cerulean Seed Talisman,Cerulean Seed Talisman,,Mohg's Great Rune,,Intelligence-knot Crystal Tear,Intelligence-knot Crystal Tear,,Great Katana,,,,,,,,,12.0,,,,,,,,,,,,,,,,,,,Glintstone Stars,Glintstone Stars,Glintstone Stars,Glintstone Stars,Glintstone Stars,Glintstone Stars,Glintstone Stars,Glintstone Stars,Glintstone Stars,Glintstone Stars,Glintstone Stars,Glintstone Stars,,Head,Empty,Empty
[Default] PvE - Strength RL125,,,,Prisoner Iron Mask,High Page Clothes,High Priest Gloves,Battlemage Legwraps,,Blessed Blue Dew Talisman,8000.0,Cerulean Seed Talisman +1,Cerulean Seed Talisman +1,Cerulean Seed Talisman +1,Cerulean Seed Talisman +1,,Malenia's Great Rune,,Faith-knot Crystal Tear,Faith-knot Crystal Tear,,Twinblade,,,,,,,,,13.0,,,,,,,,,,,,,,,,,,,Glintstone Stars,Glintstone Stars,Glintstone Stars,Glintstone Stars,Glintstone Stars,Glintstone Stars,Glintstone Stars,Glintstone Stars,Glintstone Stars,Glintstone Stars,Glintstone Stars,Glintstone Stars,,Chest,Empty,Empty
[Default] PvE - Strength RL150,,,,Blackguard's Iron Mask,High Page Clothes (Altered),Azur's Manchettes,Errant Sorcerer Boots,,Talisman of Lord's Bestowal,8200.0,Blessed Blue Dew Talisman,Blessed Blue Dew Talisman,Blessed Blue Dew Talisman,Blessed Blue Dew Talisman,,,,Opaline Hardtear,Opaline Hardtear,,Axe,,,,,,,,,14.0,,,,,,,,,,,,,,,,,,,Glintstone Stars,Glintstone Stars,Glintstone Stars,Glintstone Stars,Glintstone Stars,Glintstone Stars,Glintstone Stars,Glintstone Stars,Glintstone Stars,Glintstone Stars,Glintstone Stars,Glintstone Stars,,Hands,Empty,Empty
[Default] PvE - Dexterity RL100,,,,Bloodsoaked Mask,Guardian Garb,Lusat's Manchettes,Spellblade's Trousers,,Viridian Amber Medallion,1020.0,Talisman of Lord's Bestowal,Talisman of Lord's Bestowal,Talisman of Lord's Bestowal,Talisman of Lord's Bestowal,,,,Speckled Hardtear,Speckled Hardtear,,Greataxe,,,,,,,,,15.0,,,,,,,,,,,,,,,,,,,Glintstone Stars,Glintstone Stars,Glintstone Stars,Glintstone Stars,Glintstone Stars,Glintstone Stars,Glintstone Stars,Glintstone Stars,Glintstone Stars,Glintstone Stars,Glintstone Stars,Glintstone Stars,,Legs,Empty,Empty
[Default] PvE - Dexterity RL125,,,,Caterpillar Mask,Guardian Garb (Full Bloom),Queen's Bracelets,Alberich's Trousers,,Viridian Amber Medallion +1,1020.0,Viridian Amber Medallion,Viridian Amber Medallion,Viridian Amber Medallion,Viridian Amber Medallion,,,,Leaden Hardtear,Leaden Hardtear,,Hammer,,,,,,,,,16.0,,,,,,,,,,,,,,,,,,,Glintstone Stars,Glintstone Stars,Glintstone Stars,Glintstone Stars,Glintstone Stars,Glintstone Stars,Glintstone Stars,Glintstone Stars,Glintstone Stars,Glintstone Stars,Glintstone Stars,Glintstone Stars,,Talisman 1,Empty,Empty
[Default] PvE - Dexterity RL150,,,,Black Dumpling,Festive Garb,Traveling Maiden Gloves,Preceptor's Trousers,,Viridian Amber Medallion +2,1020.0,Viridian Amber Medallion +1,Viridian Amber Medallion +1,Viridian Amber Medallion +1,Viridian Amber Medallion +1,,,,Deflecting Hardtear,Deflecting Hardtear,,Flail,,,,,,,,,17.0,,,,,,,,,,,,,,,,,,,Star Shower,Star Shower,Star Shower,Star Shower,Star Shower,Star Shower,Star Shower,Star Shower,Star Shower,Star Shower,Star Shower,Star Shower,,Talisman 2,Empty,Empty
[Default] PvE - Intelligence RL100,,,,Mushroom Head,Festive Garb (Altered),Dryleaf Arm Wraps,Old Sorcerer's Legwraps,,Viridian Amber Medallion +3,1020.0,Viridian Amber Medallion +2,Viridian Amber Medallion +2,Viridian Amber Medallion +2,Viridian Amber Medallion +2,,,,Magic-Shrouding Cracked Tear,Magic-Shrouding Cracked Tear,,Great Hammer,,,,,,,,,18.0,,,,,,,,,,,,,,,,,,,Star Shower,Star Shower,Star Shower,Star Shower,Star Shower,Star Shower,Star Shower,Star Shower,Star Shower,Star Shower,Star Shower,Star Shower,,Talisman 3,Empty,Empty
[Default] PvE - Intelligence RL125,,,,Mushroom Crown,Blue Festive Garb,Gold Bracelets,Queen's Leggings,,Green Turtle Talisman,1150.0,Viridian Amber Medallion +3,Viridian Amber Medallion +3,Viridian Amber Medallion +3,Viridian Amber Medallion +3,,,,Flame-Shrouding Cracked Tear,Flame-Shrouding Cracked Tear,,Colossal Weapon,,,,,,,,,19.0,,,,,,,,,,,,,,,,,,,Star Shower,Star Shower,Star Shower,Star Shower,Star Shower,Star Shower,Star Shower,Star Shower,Star Shower,Star Shower,Star Shower,Star Shower,,Talisman 4,Empty,Empty
[Default] PvE - Intelligence RL150,,,,St. Trina's Blossom,Prisoner Clothing,Perfumer Gloves,Snow Witch Skirt,,Two-Headed Turtle Talisman,1150.0,Green Turtle Talisman,Green Turtle Talisman,Green Turtle Talisman,Green Turtle Talisman,,,,Lightning-Shrouding Cracked Tear,Lightning-Shrouding Cracked Tear,,Spear,,,,,,,,,20.0,,,,,,,,,,,,,,,,,,,Star Shower,Star Shower,Star Shower,Star Shower,Star Shower,Star Shower,Star Shower,Star Shower,Star Shower,Star Shower,Star Shower,Star Shower,,Great Rune,Empty,Empty
[Default] PvE - Faith RL100,,,,Circlet of Light,Braided Cord Robe,Traveler's Gloves,High Priest Undergarments,,Arsenal Charm,1030.0,Two-Headed Turtle Talisman,Two-Headed Turtle Talisman,Two-Headed Turtle Talisman,Two-Headed Turtle Talisman,,,,Holy-Shrouding Cracked Tear,Holy-Shrouding Cracked Tear,,Great Spear,,,,,,,,,21.0,,,,,,,,,,,,,,,,,,,Star Shower,Star Shower,Star Shower,Star Shower,Star Shower,Star Shower,Star Shower,Star Shower,Star Shower,Star Shower,Star Shower,Star Shower,,Crystal Tear 1,Empty,Empty
[Default] PvE - Faith RL125,,,,Astrologer Hood,Mushroom Body,Depraved Perfumer Gloves,Prophet Trousers,,Arsenal Charm +1,1030.0,Arsenal Charm,Arsenal Charm,Arsenal Charm,Arsenal Charm,,,,Stonebarb Cracked Tear,Stonebarb Cracked Tear,,Halberd,,,,,,,,,22.0,,,,,,,,,,,,,,,,,,,Star Shower,Star Shower,Star Shower,Star Shower,Star Shower,Star Shower,Star Shower,Star Shower,Star Shower,Star Shower,Star Shower,Star Shower,,Crystal Tear 2,Empty,Empty
[Default] PvE - Faith RL150,,,,Juvenile Scholar Cap,Astrologer Robe,Godskin Apostle Bracelets,Traveling Maiden Boots,,Great-Jar's Arsenal,1030.0,Arsenal Charm +1,Arsenal Charm +1,Arsenal Charm +1,Arsenal Charm +1,,,,Spiked Cracked Tear,Spiked Cracked Tear,,Reaper,,,,,,,,,23.0,,,,,,,,,,,,,,,,,,,Star Shower,Star Shower,Star Shower,Star Shower,Star Shower,Star Shower,Star Shower,Star Shower,Star Shower,Star Shower,Star Shower,Star Shower,,RH1 Class,,
[Default] PvE - Arcane RL100,,,,Karolos Glintstone Crown,Astrologer Robe (Altered),Godskin Noble Bracelets,Finger Maiden Shoes,,Erdtree's Favor,1040.0,Great-Jar's Arsenal,Great-Jar's Arsenal,Great-Jar's Arsenal,Great-Jar's Arsenal,,,,Thorny Cracked Tear,Thorny Cracked Tear,,Whip,,,,,,,,,24.0,,,,,,,,,,,,,,,,,,,Star Shower,Star Shower,Star Shower,Star Shower,Star Shower,Star Shower,Star Shower,Star Shower,Star Shower,Star Shower,Star Shower,Star Shower,,RH1 Weapon,Unarmed,Unarmed
[Default] PvE - Arcane RL125,,,,Olivinus Glintstone Crown,Juvenile Scholar Robe,Ansbach's Manchettes,Sage Trousers,,Erdtree's Favor +1,1040.0,Erdtree's Favor,Erdtree's Favor,Erdtree's Favor,Erdtree's Favor,,,,Crimson-Sapping Cracked Tear,Crimson-Sapping Cracked Tear,,Fist,,,,,,,,,25.0,,,,,,,,,,,,,,,,,,,Star Shower,Star Shower,Star Shower,Star Shower,Star Shower,Star Shower,Star Shower,Star Shower,Star Shower,Star Shower,Star Shower,Star Shower,,RH1 Affinity,Standard,Standard
[Default] PvE - Arcane RL150,,,,Twinsage Glintstone Crown,Raya Lucarian Robe,Leather Gloves,Dryleaf Cuissardes,,Erdtree's Favor +2,1040.0,Erdtree's Favor +1,Erdtree's Favor +1,Erdtree's Favor +1,Erdtree's Favor +1,,,,Cerulean-Sapping Cracked Tear,Cerulean-Sapping Cracked Tear,,Hand-to-Hand,,,,,,,,,,,,,,,,,,,,,,,,,,,,Star Shower,Star Shower,Star Shower,Star Shower,Star Shower,Star Shower,Star Shower,Star Shower,Star Shower,Star Shower,Star Shower,Star Shower,,RH1 Upgrade,0,0
[Default] PvP - Strength RL125,,,,Witch's Glintstone Crown,Lazuli Robe,Warrior Gauntlets,Gold Waistwrap,,Radagon's Scarseal,1050.0,Erdtree's Favor +2,Erdtree's Favor +2,Erdtree's Favor +2,Erdtree's Favor +2,,,,Bloodsucking Cracked Tear,Bloodsucking Cracked Tear,,Claw,,,,,,,,,,,,,,,,,,,,,,,,,,,,Star Shower,Star Shower,Star Shower,Star Shower,Star Shower,Star Shower,Star Shower,Star Shower,Star Shower,Star Shower,Star Shower,Star Shower,,RH2 Class,,
[Default] PvP - Strength RL139,,,,Lazuli Glintstone Crown,Battlemage Robe,Noble's Gloves,Perfumer Sarong,,Radagon's Soreseal,1050.0,Radagon's Scarseal,Radagon's Scarseal,Radagon's Scarseal,Radagon's Scarseal,,,,Twiggy Cracked Tear,Twiggy Cracked Tear,,Beast Claw,,,,,,,,,,,,,,,,,,,,,,,,,,,,Star Shower,Star Shower,Star Shower,Star Shower,Star Shower,Star Shower,Star Shower,Star Shower,Star Shower,Star Shower,Star Shower,Star Shower,,RH2 Weapon,Unarmed,Unarmed
[Default] PvP - Strength RL150,,,,Haima Glintstone Crown,Errant Sorcerer Robe,War Surgeon Gloves,Traveler's Slops,,Marika's Scarseal,1220.0,Radagon's Soreseal,Radagon's Soreseal,Radagon's Soreseal,Radagon's Soreseal,,,,Winged Crystal Tear,Winged Crystal Tear,,Perfume Bottle,,,,,,,,,,,,,,,,,,,,,,,,,,,,Glintstone Arc,Glintstone Arc,Glintstone Arc,Glintstone Arc,Glintstone Arc,Glintstone Arc,Glintstone Arc,Glintstone Arc,Glintstone Arc,Glintstone Arc,Glintstone Arc,Glintstone Arc,,RH2 Affinity,Standard,Standard
[Default] PvP - Dexterity RL125,,,,Hierodas Glintstone Crown,Errant Sorcerer Robe (Altered),Thiollier's Gloves,Depraved Perfumer Trousers,,Marika's Soreseal,1220.0,Marika's Scarseal,Marika's Scarseal,Marika's Scarseal,Marika's Scarseal,,,,Windy Crystal Tear,Windy Crystal Tear,,Light Bow,,,,,,,,,,,,,,,,,,,,,,,,,,,,Crystal Barrage,Crystal Barrage,Crystal Barrage,Crystal Barrage,Crystal Barrage,Crystal Barrage,Crystal Barrage,Crystal Barrage,Crystal Barrage,Crystal Barrage,Crystal Barrage,Crystal Barrage,,RH2 Upgrade,0,0
[Default] PvP - Dexterity RL139,,,,Spellblade's Pointed Hat,Spellblade's Traveling Attire,Bandit Manchettes,Consort's Trousers,,Starscourge Heirloom,1060.0,Marika's Soreseal,Marika's Soreseal,Marika's Soreseal,Marika's Soreseal,,,,Glovewort Crystal Tear,Glovewort Crystal Tear,,Bow,,,,,,,,,,,,,,,,,,,,,,,,,,,,Crystal Burst,Crystal Burst,Crystal Burst,Crystal Burst,Crystal Burst,Crystal Burst,Crystal Burst,Crystal Burst,Crystal Burst,Crystal Burst,Crystal Burst,Crystal Burst,,RH3 Class,,
[Default] PvP - Dexterity RL150,,,,Alberich's Pointed Hat,Spellblade's Traveling Attire (Altered),Confessor Gloves,Fur Leggings,,Prosthesis-Wearer Heirloom,1070.0,Starscourge Heirloom,Starscourge Heirloom,Starscourge Heirloom,Starscourge Heirloom,,,,Crimson Bubbletear,Crimson Bubbletear,,Greatbow,,,,,,,,,,,,,,,,,,,,,,,,,,,,Crystal Burst,Crystal Burst,Crystal Burst,Crystal Burst,Crystal Burst,Crystal Burst,Crystal Burst,Crystal Burst,Crystal Burst,Crystal Burst,Crystal Burst,Crystal Burst,,RH3 Weapon,Unarmed,Unarmed
[Default] PvP - Intelligence RL125,,,,Alberich's Pointed Hat (Altered),Alberich's Robe,Omenkiller Long Gloves,Shaman Leggings,,Stargazer Heirloom,1080.0,Prosthesis-Wearer Heirloom,Prosthesis-Wearer Heirloom,Prosthesis-Wearer Heirloom,Prosthesis-Wearer Heirloom,,,,Crimsonwhorl Bubbletear,Crimsonwhorl Bubbletear,,Crossbow,,,,,,,,,,,,,,,,,,,,,,,,,,,,Cannon of Haima,Cannon of Haima,Cannon of Haima,Cannon of Haima,Cannon of Haima,Cannon of Haima,Cannon of Haima,Cannon of Haima,Cannon of Haima,Cannon of Haima,Cannon of Haima,Cannon of Haima,,RH3 Affinity,Standard,Standard
[Default] PvP - Intelligence RL139,,,,Preceptor's Big Hat,Alberich's Robe (Altered),Gravebird Bracelets,Godskin Apostle Trousers,,Two Fingers Heirloom,1090.0,Stargazer Heirloom,Stargazer Heirloom,Stargazer Heirloom,Stargazer Heirloom,,,,Opaline Bubbletear,Opaline Bubbletear,,Ballista,,,,,,,,,,,,,,,,,,,,,,,,,,,,Cannon of Haima,Cannon of Haima,Cannon of Haima,Cannon of Haima,Cannon of Haima,Cannon of Haima,Cannon of Haima,Cannon of Haima,Cannon of Haima,Cannon of Haima,Cannon of Haima,Cannon of Haima,,RH3 Upgrade,0,0
[Default] PvP - Intelligence RL150,,,,Mask of Confidence,Preceptor's Long Gown,Dancer's Bracer,Godskin Noble Trousers,,Outer God Heirloom,8020.0,Two Fingers Heirloom,Two Fingers Heirloom,Two Fingers Heirloom,Two Fingers Heirloom,,,,Cerulean Hidden Tear,Cerulean Hidden Tear,,Glintstone Staff,,,,,,,,,,,,,,,,,,,,,,,,,,,,Gavel of Haima,Gavel of Haima,Gavel of Haima,Gavel of Haima,Gavel of Haima,Gavel of Haima,Gavel of Haima,Gavel of Haima,Gavel of Haima,Gavel of Haima,Gavel of Haima,Gavel of Haima,,LH1 Class,,
[Default] PvP - Faith RL125,,,,Azur's Glintstone Crown,Preceptor's Long Gown (Altered),Foot Soldier Gauntlets,Sanguine Noble Waistcloth,,Dragoncrest Shield Talisman,4000.0,Outer God Heirloom,Outer God Heirloom,Outer God Heirloom,Outer God Heirloom,,,,Viridian Hidden Tear,Viridian Hidden Tear,,Sacred Seal,,,,,,,,,,,,,,,,,,,,,,,,,,,,Gavel of Haima,Gavel of Haima,Gavel of Haima,Gavel of Haima,Gavel of Haima,Gavel of Haima,Gavel of Haima,Gavel of Haima,Gavel of Haima,Gavel of Haima,Gavel of Haima,Gavel of Haima,,LH1 Weapon,Unarmed,Unarmed
[Default] PvP - Faith RL139,,,,Lusat's Glintstone Crown,Azur's Glintstone Robe,Highwayman Gauntlets,Ansbach's Boots,,Dragoncrest Shield Talisman +1,4000.0,Dragoncrest Shield Talisman,Dragoncrest Shield Talisman,Dragoncrest Shield Talisman,Dragoncrest Shield Talisman,,,,Purifying Crystal Tear,Purifying Crystal Tear,,Torch,,,,,,,,,,,,,,,,,,,,,,,,,,,,Gavel of Haima,Gavel of Haima,Gavel of Haima,Gavel of Haima,Gavel of Haima,Gavel of Haima,Gavel of Haima,Gavel of Haima,Gavel of Haima,Gavel of Haima,Gavel of Haima,Gavel of Haima,,LH1 Affinity,Standard,Standard
[Default] PvP - Faith RL150,,,,Queen's Crescent Crown,Lusat's Robe,Common Soldier Gauntlets,Leather Trousers,,Dragoncrest Shield Talisman +2,4000.0,Dragoncrest Shield Talisman +1,Dragoncrest Shield Talisman +1,Dragoncrest Shield Talisman +1,Dragoncrest Shield Talisman +1,,,,Ruptured Crystal Tear 1,Ruptured Crystal Tear 1,,Small Shield,,,,,,,,,,,,,,,,,,,,,,,,,,,,Gavel of Haima,Gavel of Haima,Gavel of Haima,Gavel of Haima,Gavel of Haima,Gavel of Haima,Gavel of Haima,Gavel of Haima,Gavel of Haima,Gavel of Haima,Gavel of Haima,Gavel of Haima,,LH1 Upgrade,0,0
[Default] PvP - Arcane RL125,,,,Snow Witch Hat,Queen's Robe,Vulgar Militia Gauntlets,Leather Boots,,Dragoncrest Greatshield Talisman,4000.0,Dragoncrest Shield Talisman +2,Dragoncrest Shield Talisman +2,Dragoncrest Shield Talisman +2,Dragoncrest Shield Talisman +2,,,,Ruptured Crystal Tear 2,Ruptured Crystal Tear 2,,Medium Shield,,,,,,,,,,,,,,,,,,,,,,,,,,,,Shatter Earth,Shatter Earth,Shatter Earth,Shatter Earth,Shatter Earth,Shatter Earth,Shatter Earth,Shatter Earth,Shatter Earth,Shatter Earth,Shatter Earth,Shatter Earth,,LH2 Class,,
[Default] PvP - Arcane RL139,,,,High Priest Hat,Snow Witch Robe,Shadow Militiaman Gauntlets,Warrior Greaves,,Spelldrake Talisman,4010.0,Dragoncrest Greatshield Talisman,Dragoncrest Greatshield Talisman,Dragoncrest Greatshield Talisman,Dragoncrest Greatshield Talisman,,,,Oil-Soaked Tear,Oil-Soaked Tear,,Greatshield,,,,,,,,,,,,,,,,,,,,,,,,,,,,Shatter Earth,Shatter Earth,Shatter Earth,Shatter Earth,Shatter Earth,Shatter Earth,Shatter Earth,Shatter Earth,Shatter Earth,Shatter Earth,Shatter Earth,Shatter Earth,,LH2 Weapon,Unarmed,Unarmed
[Default] PvP - Arcane RL150,,,,Fia's Hood,Snow Witch Robe (Altered),Nox Bracelets,Noble's Trousers,,Spelldrake Talisman +1,4010.0,Spelldrake Talisman,Spelldrake Talisman,Spelldrake Talisman,Spelldrake Talisman,,,,,,,Thrusting Shield,,,,,,,,,,,,,,,,,,,,,,,,,,,,Shatter Earth,Shatter Earth,Shatter Earth,Shatter Earth,Shatter Earth,Shatter Earth,Shatter Earth,Shatter Earth,Shatter Earth,Shatter Earth,Shatter Earth,Shatter Earth,,LH2 Affinity,Standard,Standard
,,,,Prophet Blindfold,High Priest Robe,Champion Bracers,War Surgeon Trousers,,Spelldrake Talisman +2,4010.0,Spelldrake Talisman +1,Spelldrake Talisman +1,Spelldrake Talisman +1,Spelldrake Talisman +1,,,,,,,Consumable,,,,,,,,,,,,,,,,,,,,,,,,,,,,Shatter Earth,Shatter Earth,Shatter Earth,Shatter Earth,Shatter Earth,Shatter Earth,Shatter Earth,Shatter Earth,Shatter Earth,Shatter Earth,Shatter Earth,Shatter Earth,,LH2 Upgrade,0,0
,,,,Traveling Maiden Hood,Finger Robe,Leather Arm Wraps,Thiollier's Trousers,,Spelldrake Talisman +3,4010.0,Spelldrake Talisman +2,Spelldrake Talisman +2,Spelldrake Talisman +2,Spelldrake Talisman +2,,,,,,,Reusable,,,,,,,,,,,,,,,,,,,,,,,,,,,,Shatter Earth,Shatter Earth,Shatter Earth,Shatter Earth,Shatter Earth,Shatter Earth,Shatter Earth,Shatter Earth,Shatter Earth,Shatter Earth,Shatter Earth,Shatter Earth,,LH3 Class,,
,,,,Finger Maiden Fillet,Fia's Robe,Iron Rivet Gauntlets,Nomadic Merchant's Trousers,,Flamedrake Talisman,4020.0,Spelldrake Talisman +3,Spelldrake Talisman +3,Spelldrake Talisman +3,Spelldrake Talisman +3,,,,,,,,,,,,,,,,,,,,,,,,,,,,,,,,,,,Rock Blaster,Rock Blaster,Rock Blaster,Rock Blaster,Rock Blaster,Rock Blaster,Rock Blaster,Rock Blaster,Rock Blaster,Rock Blaster,Rock Blaster,Rock Blaster,,LH3 Weapon,Unarmed,Unarmed
,,,,Sage Hood,Fia's Robe (Altered),Igon's Gauntlets,Bandit Boots,,Flamedrake Talisman +1,4020.0,Flamedrake Talisman,Flamedrake Talisman,Flamedrake Talisman,Flamedrake Talisman,,,,,,,,,,,,,,,,,,,,,,,,,,,,,,,,,,,Rock Blaster,Rock Blaster,Rock Blaster,Rock Blaster,Rock Blaster,Rock Blaster,Rock Blaster,Rock Blaster,Rock Blaster,Rock Blaster,Rock Blaster,Rock Blaster,,LH3 Affinity,Standard,Standard
,,,,Greathood,Deathbed Dress,Ascetic's Wrist Guards,Confessor Boots,,Flamedrake Talisman +2,4020.0,Flamedrake Talisman +1,Flamedrake Talisman +1,Flamedrake Talisman +1,Flamedrake Talisman +1,,,,,,,,,,,,,,,,,,,,,,,,,,,,,,,,,,,Rock Blaster,Rock Blaster,Rock Blaster,Rock Blaster,Rock Blaster,Rock Blaster,Rock Blaster,Rock Blaster,Rock Blaster,Rock Blaster,Rock Blaster,Rock Blaster,,LH3 Upgrade,0,0
,,,,Dane's Hat,Prophet Robe,Chain Gauntlets,Omenkiller Boots,,Flamedrake Talisman +3,4020.0,Flamedrake Talisman +2,Flamedrake Talisman +2,Flamedrake Talisman +2,Flamedrake Talisman +2,,,,,,,,,,,,,,,,,,,,,,,,,,,,,,,,,,,Rock Blaster,Rock Blaster,Rock Blaster,Rock Blaster,Rock Blaster,Rock Blaster,Rock Blaster,Rock Blaster,Rock Blaster,Rock Blaster,Rock Blaster,Rock Blaster,,Memory Slots,10,10.0
,,,,Radiant Gold Mask,Prophet Robe (Altered),Iron Gauntlets,Gravebird Anklets,,Boltdrake Talisman,4030.0,Flamedrake Talisman +3,Flamedrake Talisman +3,Flamedrake Talisman +3,Flamedrake Talisman +3,,,,,,,,,,,,,,,,,,,,,,,,,,,,,,,,,,,Scholar's Armament,Scholar's Armament,Scholar's Armament,Scholar's Armament,Scholar's Armament,Scholar's Armament,Scholar's Armament,Scholar's Armament,Scholar's Armament,Scholar's Armament,Scholar's Armament,Scholar's Armament,,Spell 1,Empty,Empty
,,,,Perfumer Hood,Corhyn's Robe,Godrick Soldier Gauntlets,Dancer's Trousers,,Boltdrake Talisman +1,4030.0,Boltdrake Talisman,Boltdrake Talisman,Boltdrake Talisman,Boltdrake Talisman,,,,,,,,,,,,,,,,,,,,,,,,,,,,,,,,,,,Scholar's Shield,Scholar's Shield,Scholar's Shield,Scholar's Shield,Scholar's Shield,Scholar's Shield,Scholar's Shield,Scholar's Shield,Scholar's Shield,Scholar's Shield,Scholar's Shield,Scholar's Shield,,Spell 2,Empty,Empty
,,,,Traveler's Hat,Traveling Maiden Robe,Raya Lucarian Gauntlets,Foot Soldier Greaves,,Boltdrake Talisman +2,4030.0,Boltdrake Talisman +1,Boltdrake Talisman +1,Boltdrake Talisman +1,Boltdrake Talisman +1,,,,,,,,,,,,,,,,,,,,,,,,,,,,,,,,,,,Starlight,Starlight,Starlight,Starlight,Starlight,Starlight,Starlight,Starlight,Starlight,Starlight,Starlight,Starlight,,Spell 3,Empty,Empty
,,,,Depraved Perfumer Headscarf,Traveling Maiden Robe (Altered),Radahn Soldier Gauntlets,Common Soldier Greaves,,Boltdrake Talisman +3,4030.0,Boltdrake Talisman +2,Boltdrake Talisman +2,Boltdrake Talisman +2,Boltdrake Talisman +2,,,,,,,,,,,,,,,,,,,,,,,,,,,,,,,,,,,Terra Magica,Terra Magica,Terra Magica,Terra Magica,Terra Magica,Terra Magica,Terra Magica,Terra Magica,Terra Magica,Terra Magica,Terra Magica,Terra Magica,,Spell 4,Empty,Empty
,,,,Ruler's Mask,Finger Maiden Robe,Leyndell Soldier Gauntlets,Vulgar Militia Greaves,,Haligdrake Talisman,4040.0,Boltdrake Talisman +3,Boltdrake Talisman +3,Boltdrake Talisman +3,Boltdrake Talisman +3,,,,,,,,,,,,,,,,,,,,,,,,,,,,,,,,,,,Thops's Barrier,Thops's Barrier,Thops's Barrier,Thops's Barrier,Thops's Barrier,Thops's Barrier,Thops's Barrier,Thops's Barrier,Thops's Barrier,Thops's Barrier,Thops's Barrier,Thops's Barrier,,Spell 5,Empty,Empty
,,,,Consort's Mask,Finger Maiden Robe (Altered),Haligtree Gauntlets,Shadow Militiaman Greaves,,Haligdrake Talisman +1,4040.0,Haligdrake Talisman,Haligdrake Talisman,Haligdrake Talisman,Haligdrake Talisman,,,,,,,,,,,,,,,,,,,,,,,,,,,,,,,,,,,Comet Azur,Comet Azur,Comet Azur,Comet Azur,Comet Azur,Comet Azur,Comet Azur,Comet Azur,Comet Azur,Comet Azur,Comet Azur,Comet Azur,,Spell 6,Empty,Empty
,,,,Marais Mask,Dryleaf Robe,Mausoleum Gauntlets,Duelist Greaves,,Haligdrake Talisman +2,4040.0,Haligdrake Talisman +1,Haligdrake Talisman +1,Haligdrake Talisman +1,Haligdrake Talisman +1,,,,,,,,,,,,,,,,,,,,,,,,,,,,,,,,,,,Comet Azur,Comet Azur,Comet Azur,Comet Azur,Comet Azur,Comet Azur,Comet Azur,Comet Azur,Comet Azur,Comet Azur,Comet Azur,Comet Azur,,Spell 7,Empty,Empty
,,,,Great Horned Headband,Dryleaf Robe (Altered),Messmer Soldier Gauntlets,Rotten Duelist Greaves,,Golden Braid,4040.0,Haligdrake Talisman +2,Haligdrake Talisman +2,Haligdrake Talisman +2,Haligdrake Talisman +2,,,,,,,,,,,,,,,,,,,,,,,,,,,,,,,,,,,Comet Azur,Comet Azur,Comet Azur,Comet Azur,Comet Azur,Comet Azur,Comet Azur,Comet Azur,Comet Azur,Comet Azur,Comet Azur,Comet Azur,,Spell 8,Empty,Empty
,,,,Shining Horned Headband,Sage Robe,Exile Gauntlets,Nox Greaves,,Pearldrake Talisman,4050.0,Golden Braid,Golden Braid,Golden Braid,Golden Braid,,,,,,,,,,,,,,,,,,,,,,,,,,,,,,,,,,,Comet Azur,Comet Azur,Comet Azur,Comet Azur,Comet Azur,Comet Azur,Comet Azur,Comet Azur,Comet Azur,Comet Azur,Comet Azur,Comet Azur,,Spell 9,Empty,Empty
,,,,Godskin Apostle Hood,Goldmask's Rags,Kaiden Gauntlets,Champion Gaiters,,Pearldrake Talisman +1,4050.0,Pearldrake Talisman,Pearldrake Talisman,Pearldrake Talisman,Pearldrake Talisman,,,,,,,,,,,,,,,,,,,,,,,,,,,,,,,,,,,Comet Azur,Comet Azur,Comet Azur,Comet Azur,Comet Azur,Comet Azur,Comet Azur,Comet Azur,Comet Azur,Comet Azur,Comet Azur,Comet Azur,,Spell 10,Empty,Empty
,,,,Godskin Noble Hood,Perfumer Robe,Land of Reeds Gauntlets,Leather Leg Wraps,,Pearldrake Talisman +2,4050.0,Pearldrake Talisman +1,Pearldrake Talisman +1,Pearldrake Talisman +1,Pearldrake Talisman +1,,,,,,,,,,,,,,,,,,,,,,,,,,,,,,,,,,,Stars of Ruin,Stars of Ruin,Stars of Ruin,Stars of Ruin,Stars of Ruin,Stars of Ruin,Stars of Ruin,Stars of Ruin,Stars of Ruin,Stars of Ruin,Stars of Ruin,Stars of Ruin,,Spell 11,Empty,Empty
,,,,Sanguine Noble Hood,Perfumer Robe (Altered),White Reed Gauntlets,Iron Rivet Greaves,,Pearldrake Talisman +3,4050.0,Pearldrake Talisman +2,Pearldrake Talisman +2,Pearldrake Talisman +2,Pearldrake Talisman +2,,,,,,,,,,,,,,,,,,,,,,,,,,,,,,,,,,,Stars of Ruin,Stars of Ruin,Stars of Ruin,Stars of Ruin,Stars of Ruin,Stars of Ruin,Stars of Ruin,Stars of Ruin,Stars of Ruin,Stars of Ruin,Stars of Ruin,Stars of Ruin,,Spell 12,Empty,Empty
,,,,Wise Man's Mask,Perfumer's Traveling Garb,Ronin's Gauntlets,Igon's Loincloth,,Immunizing Horn Charm,1170.0,Pearldrake Talisman +3,Pearldrake Talisman +3,Pearldrake Talisman +3,Pearldrake Talisman +3,,,,,,,,,,,,,,,,,,,,,,,,,,,,,,,,,,,Stars of Ruin,Stars of Ruin,Stars of Ruin,Stars of Ruin,Stars of Ruin,Stars of Ruin,Stars of Ruin,Stars of Ruin,Stars of Ruin,Stars of Ruin,Stars of Ruin,Stars of Ruin,,,,
,,,,Crimson Tear Scarab,Perfumer's Traveling Garb (Altered),Eccentric's Manchettes,Ascetic's Ankle Guards,,Immunizing Horn Charm +1,1170.0,Immunizing Horn Charm,Immunizing Horn Charm,Immunizing Horn Charm,Immunizing Horn Charm,,,,,,,,,,,,,,,,,,,,,,,,,,,,,,,,,,,Stars of Ruin,Stars of Ruin,Stars of Ruin,Stars of Ruin,Stars of Ruin,Stars of Ruin,Stars of Ruin,Stars of Ruin,Stars of Ruin,Stars of Ruin,Stars of Ruin,Stars of Ruin,,Equipped Select,No Catalyst Equipped,
,,,,Cerulean Tear Scarab,Depraved Perfumer Robe,Freyja's Gauntlets,Chain Leggings,,Immunizing Horn Charm +2,1170.0,Immunizing Horn Charm +1,Immunizing Horn Charm +1,Immunizing Horn Charm +1,Immunizing Horn Charm +1,,,,,,,,,,,,,,,,,,,,,,,,,,,,,,,,,,,Stars of Ruin,Stars of Ruin,Stars of Ruin,Stars of Ruin,Stars of Ruin,Stars of Ruin,Stars of Ruin,Stars of Ruin,Stars of Ruin,Stars of Ruin,Stars of Ruin,Stars of Ruin,,,,
,,,,Ash-of-War Scarab,Depraved Perfumer Robe (Altered),Blue Silver Bracelets,Godrick Soldier Greaves,,Stalwart Horn Charm,1160.0,Immunizing Horn Charm +2,Immunizing Horn Charm +2,Immunizing Horn Charm +2,Immunizing Horn Charm +2,,,,,,,,,,,,,,,,,,,,,,,,,,,,,,,,,,,Stars of Ruin,Stars of Ruin,Stars of Ruin,Stars of Ruin,Stars of Ruin,Stars of Ruin,Stars of Ruin,Stars of Ruin,Stars of Ruin,Stars of Ruin,Stars of Ruin,Stars of Ruin,,DamageCalcMultiplier,1.0,
,,,,Glintstone Scarab,Upper-Class Robe,Fire Monk Gauntlets,Raya Lucarian Greaves,,Stalwart Horn Charm +1,1160.0,Stalwart Horn Charm,Stalwart Horn Charm,Stalwart Horn Charm,Stalwart Horn Charm,,,,,,,,,,,,,,,,,,,,,,,,,,,,,,,,,,,Stars of Ruin,Stars of Ruin,Stars of Ruin,Stars of Ruin,Stars of Ruin,Stars of Ruin,Stars of Ruin,Stars of Ruin,Stars of Ruin,Stars of Ruin,Stars of Ruin,Stars of Ruin,,,,
,,,,Incantation Scarab,Ruler's Robe,Blackflame Monk Gauntlets,Radahn Soldier Greaves,,Stalwart Horn Charm +2,1160.0,Stalwart Horn Charm +1,Stalwart Horn Charm +1,Stalwart Horn Charm +1,Stalwart Horn Charm +1,,,,,,,,,,,,,,,,,,,,,,,,,,,,,,,,,,,Stars of Ruin,Stars of Ruin,Stars of Ruin,Stars of Ruin,Stars of Ruin,Stars of Ruin,Stars of Ruin,Stars of Ruin,Stars of Ruin,Stars of Ruin,Stars of Ruin,Stars of Ruin,,,,
,,,,Imp Head (Cat),Consort's Robe,Zamor Bracelets,Leyndell Soldier Greaves,,Clarifying Horn Charm,1180.0,Stalwart Horn Charm +2,Stalwart Horn Charm +2,Stalwart Horn Charm +2,Stalwart Horn Charm +2,,,,,,,,,,,,,,,,,,,,,,,,,,,,,,,,,,,Stars of Ruin,Stars of Ruin,Stars of Ruin,Stars of Ruin,Stars of Ruin,Stars of Ruin,Stars of Ruin,Stars of Ruin,Stars of Ruin,Stars of Ruin,Stars of Ruin,Stars of Ruin,,,,
,,,,Imp Head (Wolf),Official's Attire,Black Knife Gauntlets,Haligtree Greaves,,Clarifying Horn Charm +1,1180.0,Clarifying Horn Charm,Clarifying Horn Charm,Clarifying Horn Charm,Clarifying Horn Charm,,,,,,,,,,,,,,,,,,,,,,,,,,,,,,,,,,,Stars of Ruin,Stars of Ruin,Stars of Ruin,Stars of Ruin,Stars of Ruin,Stars of Ruin,Stars of Ruin,Stars of Ruin,Stars of Ruin,Stars of Ruin,Stars of Ruin,Stars of Ruin,,,,
,,,,Imp Head (Fanged),Marais Robe,Gauntlets of Night,Mausoleum Greaves,,Clarifying Horn Charm +2,1180.0,Clarifying Horn Charm +1,Clarifying Horn Charm +1,Clarifying Horn Charm +1,Clarifying Horn Charm +1,,,,,,,,,,,,,,,,,,,,,,,,,,,,,,,,,,,Stars of Ruin,Stars of Ruin,Stars of Ruin,Stars of Ruin,Stars of Ruin,Stars of Ruin,Stars of Ruin,Stars of Ruin,Stars of Ruin,Stars of Ruin,Stars of Ruin,Stars of Ruin,,,,
,,,,Imp Head (Long-Tongued),Fur Raiment,Malenia's Gauntlet,Messmer Soldier Greaves,,Mottled Necklace,1200.0,Clarifying Horn Charm +2,Clarifying Horn Charm +2,Clarifying Horn Charm +2,Clarifying Horn Charm +2,,,,,,,,,,,,,,,,,,,,,,,,,,,,,,,,,,,Stars of Ruin,Stars of Ruin,Stars of Ruin,Stars of Ruin,Stars of Ruin,Stars of Ruin,Stars of Ruin,Stars of Ruin,Stars of Ruin,Stars of Ruin,Stars of Ruin,Stars of Ruin,,,,
,,,,Imp Head (Corpse),Shaman Furs,Elden Lord Bracers,Exile Greaves,,Mottled Necklace +1,1200.0,Mottled Necklace,Mottled Necklace,Mottled Necklace,Mottled Necklace,,,,,,,,,,,,,,,,,,,,,,,,,,,,,,,,,,,Stars of Ruin,Stars of Ruin,Stars of Ruin,Stars of Ruin,Stars of Ruin,Stars of Ruin,Stars of Ruin,Stars of Ruin,Stars of Ruin,Stars of Ruin,Stars of Ruin,Stars of Ruin,,,,
,,,,Imp Head (Elder),Godskin Apostle Robe,Messmer's Gauntlets,Kaiden Trousers,,Mottled Necklace +2,1200.0,Mottled Necklace +1,Mottled Necklace +1,Mottled Necklace +1,Mottled Necklace +1,,,,,,,,,,,,,,,,,,,,,,,,,,,,,,,,,,,Stars of Ruin,Stars of Ruin,Stars of Ruin,Stars of Ruin,Stars of Ruin,Stars of Ruin,Stars of Ruin,Stars of Ruin,Stars of Ruin,Stars of Ruin,Stars of Ruin,Stars of Ruin,,,,
,,,,Imp Head (Lion),Godskin Noble Robe,Knight Gauntlets,Land of Reeds Greaves,,Prince of Death's Pustule,1190.0,Mottled Necklace +2,Mottled Necklace +2,Mottled Necklace +2,Mottled Necklace +2,,,,,,,,,,,,,,,,,,,,,,,,,,,,,,,,,,,Stars of Ruin,Stars of Ruin,Stars of Ruin,Stars of Ruin,Stars of Ruin,Stars of Ruin,Stars of Ruin,Stars of Ruin,Stars of Ruin,Stars of Ruin,Stars of Ruin,Stars of Ruin,,,,
,,,,Nox Mirrorhelm,Fell Omen Cloak,Vagabond Knight Gauntlets,White Reed Greaves,,Prince of Death's Cyst,1190.0,Prince of Death's Pustule,Prince of Death's Pustule,Prince of Death's Pustule,Prince of Death's Pustule,,,,,,,,,,,,,,,,,,,,,,,,,,,,,,,,,,,Stars of Ruin,Stars of Ruin,Stars of Ruin,Stars of Ruin,Stars of Ruin,Stars of Ruin,Stars of Ruin,Stars of Ruin,Stars of Ruin,Stars of Ruin,Stars of Ruin,Stars of Ruin,,,,
,,,,Iji's Mirrorhelm,Sanguine Noble Robe,Carian Knight Gauntlets,Ronin's Greaves,,Ailment Talisman,8120.0,Prince of Death's Cyst,Prince of Death's Cyst,Prince of Death's Cyst,Prince of Death's Cyst,,,,,,,,,,,,,,,,,,,,,,,,,,,,,,,,,,,Founding Rain of Stars,Founding Rain of Stars,Founding Rain of Stars,Founding Rain of Stars,Founding Rain of Stars,Founding Rain of Stars,Founding Rain of Stars,Founding Rain of Stars,Founding Rain of Stars,Founding Rain of Stars,Founding Rain of Stars,Founding Rain of Stars,,,,
,,,,Silver Tear Mask,Ansbach's Attire,Godrick Knight Gauntlets,Eccentric's Breeches,,Dagger Talisman,2090.0,Ailment Talisman,Ailment Talisman,Ailment Talisman,Ailment Talisman,,,,,,,,,,,,,,,,,,,,,,,,,,,,,,,,,,,Founding Rain of Stars,Founding Rain of Stars,Founding Rain of Stars,Founding Rain of Stars,Founding Rain of Stars,Founding Rain of Stars,Founding Rain of Stars,Founding Rain of Stars,Founding Rain of Stars,Founding Rain of Stars,Founding Rain of Stars,Founding Rain of Stars,,,,
,,,,Envoy Crown,Ansbach's Attire (Altered),Cuckoo Knight Gauntlets,Freyja's Greaves,,Curved Sword Talisman,2200.0,Dagger Talisman,Dagger Talisman,Dagger Talisman,Dagger Talisman,,,,,,,,,,,,,,,,,,,,,,,,,,,,,,,,,,,Magic Glintblade,Magic Glintblade,Magic Glintblade,Magic Glintblade,Magic Glintblade,Magic Glintblade,Magic Glintblade,Magic Glintblade,Magic Glintblade,Magic Glintblade,Magic Glintblade,Magic Glintblade,,,,
,,,,Octopus Head,Lord of Blood's Robe,Redmane Knight Gauntlets,Blue Silver Mail Skirt,,Twinblade Talisman,2120.0,Curved Sword Talisman,Curved Sword Talisman,Curved Sword Talisman,Curved Sword Talisman,,,,,,,,,,,,,,,,,,,,,,,,,,,,,,,,,,,Magic Glintblade,Magic Glintblade,Magic Glintblade,Magic Glintblade,Magic Glintblade,Magic Glintblade,Magic Glintblade,Magic Glintblade,Magic Glintblade,Magic Glintblade,Magic Glintblade,Magic Glintblade,,,,
,,,,Jar,Lord of Blood's Robe (Altered),Gelmir Knight Gauntlets,Fire Monk Greaves,,Axe Talisman,2130.0,Twinblade Talisman,Twinblade Talisman,Twinblade Talisman,Twinblade Talisman,,,,,,,,,,,,,,,,,,,,,,,,,,,,,,,,,,,Glintblade Trio,Glintblade Trio,Glintblade Trio,Glintblade Trio,Glintblade Trio,Glintblade Trio,Glintblade Trio,Glintblade Trio,Glintblade Trio,Glintblade Trio,Glintblade Trio,Glintblade Trio,,,,
,,,,Greatjar,Leather Armor,Leyndell Knight Gauntlets,Blackflame Monk Greaves,,Hammer Talisman,2070.0,Axe Talisman,Axe Talisman,Axe Talisman,Axe Talisman,,,,,,,,,,,,,,,,,,,,,,,,,,,,,,,,,,,Glintblade Trio,Glintblade Trio,Glintblade Trio,Glintblade Trio,Glintblade Trio,Glintblade Trio,Glintblade Trio,Glintblade Trio,Glintblade Trio,Glintblade Trio,Glintblade Trio,Glintblade Trio,,,,
,,,,Albinauric Mask,Blue Cloth Vest,Haligtree Knight Gauntlets,Zamor Legwraps,,Spear Talisman,2060.0,Hammer Talisman,Hammer Talisman,Hammer Talisman,Hammer Talisman,,,,,,,,,,,,,,,,,,,,,,,,,,,,,,,,,,,Glintblade Phalanx,Glintblade Phalanx,Glintblade Phalanx,Glintblade Phalanx,Glintblade Phalanx,Glintblade Phalanx,Glintblade Phalanx,Glintblade Phalanx,Glintblade Phalanx,Glintblade Phalanx,Glintblade Phalanx,Glintblade Phalanx,,,,
,,,,Black Wolf Mask,Noble's Traveling Garb,Mausoleum Knight Gauntlets,Black Knife Greaves,,Lance Talisman,2140.0,Spear Talisman,Spear Talisman,Spear Talisman,Spear Talisman,,,,,,,,,,,,,,,,,,,,,,,,,,,,,,,,,,,Glintblade Phalanx,Glintblade Phalanx,Glintblade Phalanx,Glintblade Phalanx,Glintblade Phalanx,Glintblade Phalanx,Glintblade Phalanx,Glintblade Phalanx,Glintblade Phalanx,Glintblade Phalanx,Glintblade Phalanx,Glintblade Phalanx,,,,
,,,,Blue Cloth Cowl,War Surgeon Gown,Black Knight Gauntlets,Greaves of Night,,Claw Talisman,2180.0,Lance Talisman,Lance Talisman,Lance Talisman,Lance Talisman,,,,,,,,,,,,,,,,,,,,,,,,,,,,,,,,,,,Carian Phalanx,Carian Phalanx,Carian Phalanx,Carian Phalanx,Carian Phalanx,Carian Phalanx,Carian Phalanx,Carian Phalanx,Carian Phalanx,Carian Phalanx,Carian Phalanx,Carian Phalanx,,,,
,,,,Crimson Hood,War Surgeon Gown (Altered),Bloodhound Knight Gauntlets,Malenia's Greaves,,Two-Handed Sword Talisman,8040.0,Claw Talisman,Claw Talisman,Claw Talisman,Claw Talisman,,,,,,,,,,,,,,,,,,,,,,,,,,,,,,,,,,,Carian Phalanx,Carian Phalanx,Carian Phalanx,Carian Phalanx,Carian Phalanx,Carian Phalanx,Carian Phalanx,Carian Phalanx,Carian Phalanx,Carian Phalanx,Carian Phalanx,Carian Phalanx,,,,
,,,,Navy Hood,Thiollier's Garb,Cleanrot Gauntlets,Elden Lord Greaves,,Greatshield Talisman,4100.0,Two-Handed Sword Talisman,Two-Handed Sword Talisman,Two-Handed Sword Talisman,Two-Handed Sword Talisman,,,,,,,,,,,,,,,,,,,,,,,,,,,,,,,,,,,Greatblade Phalanx,Greatblade Phalanx,Greatblade Phalanx,Greatblade Phalanx,Greatblade Phalanx,Greatblade Phalanx,Greatblade Phalanx,Greatblade Phalanx,Greatblade Phalanx,Greatblade Phalanx,Greatblade Phalanx,Greatblade Phalanx,,,,
,,,,White Mask,Thiollier's Garb (Altered),Fire Knight Gauntlets,Messmer's Greaves,,Pearl Shield Talisman,8090.0,Greatshield Talisman,Greatshield Talisman,Greatshield Talisman,Greatshield Talisman,,,,,,,,,,,,,,,,,,,,,,,,,,,,,,,,,,,Greatblade Phalanx,Greatblade Phalanx,Greatblade Phalanx,Greatblade Phalanx,Greatblade Phalanx,Greatblade Phalanx,Greatblade Phalanx,Greatblade Phalanx,Greatblade Phalanx,Greatblade Phalanx,Greatblade Phalanx,Greatblade Phalanx,,,,
,,,,Thiollier's Mask,Nomadic Merchant's Finery,Death Knight Gauntlets,Knight Greaves,,Retaliatory Crossed-Tree,8130.0,Pearl Shield Talisman,Pearl Shield Talisman,Pearl Shield Talisman,Pearl Shield Talisman,,,,,,,,,,,,,,,,,,,,,,,,,,,,,,,,,,,Magic Downpour,Magic Downpour,Magic Downpour,Magic Downpour,Magic Downpour,Magic Downpour,Magic Downpour,Magic Downpour,Magic Downpour,Magic Downpour,Magic Downpour,Magic Downpour,,,,
,,,,Nomadic Merchant's Chapeau,Nomadic Merchant's Finery (Altered),Horned Warrior Gauntlets,Vagabond Knight Greaves,,Lacerating Crossed-Tree,8140.0,Retaliatory Crossed-Tree,Retaliatory Crossed-Tree,Retaliatory Crossed-Tree,Retaliatory Crossed-Tree,,,,,,,,,,,,,,,,,,,,,,,,,,,,,,,,,,,Magic Downpour,Magic Downpour,Magic Downpour,Magic Downpour,Magic Downpour,Magic Downpour,Magic Downpour,Magic Downpour,Magic Downpour,Magic Downpour,Magic Downpour,Magic Downpour,,,,
,,,,Bandit Mask,Bandit Garb,Divine Bird Warrior Gauntlets,Carian Knight Greaves,,Arrow's Sting Talisman,2150.0,Lacerating Crossed-Tree,Lacerating Crossed-Tree,Lacerating Crossed-Tree,Lacerating Crossed-Tree,,,,,,,,,,,,,,,,,,,,,,,,,,,,,,,,,,,Magic Downpour,Magic Downpour,Magic Downpour,Magic Downpour,Magic Downpour,Magic Downpour,Magic Downpour,Magic Downpour,Magic Downpour,Magic Downpour,Magic Downpour,Magic Downpour,,,,
,,,,Black Hood,Confessor Armor,Oathseeker Knight Gauntlets,Godrick Knight Greaves,,Arrow's Reach Talisman,2100.0,Arrow's Sting Talisman,Arrow's Sting Talisman,Arrow's Sting Talisman,Arrow's Sting Talisman,,,,,,,,,,,,,,,,,,,,,,,,,,,,,,,,,,,Magic Downpour,Magic Downpour,Magic Downpour,Magic Downpour,Magic Downpour,Magic Downpour,Magic Downpour,Magic Downpour,Magic Downpour,Magic Downpour,Magic Downpour,Magic Downpour,,,,
,,,,Confessor Hood,Confessor Armor (Altered),Raging Wolf Gauntlets,Cuckoo Knight Greaves,,Arrow's Soaring Sting Talisman,2100.0,Arrow's Reach Talisman,Arrow's Reach Talisman,Arrow's Reach Talisman,Arrow's Reach Talisman,,,,,,,,,,,,,,,,,,,,,,,,,,,,,,,,,,,Loretta's Greatbow,Loretta's Greatbow,Loretta's Greatbow,Loretta's Greatbow,Loretta's Greatbow,Loretta's Greatbow,Loretta's Greatbow,Loretta's Greatbow,Loretta's Greatbow,Loretta's Greatbow,Loretta's Greatbow,Loretta's Greatbow,,,,
,,,,Confessor Hood (Altered),Omenkiller Robe,Hoslow's Gauntlets,Redmane Knight Greaves,,Sharpshot Talisman,8150.0,Arrow's Soaring Sting Talisman,Arrow's Soaring Sting Talisman,Arrow's Soaring Sting Talisman,Arrow's Soaring Sting Talisman,,,,,,,,,,,,,,,,,,,,,,,,,,,,,,,,,,,Loretta's Greatbow,Loretta's Greatbow,Loretta's Greatbow,Loretta's Greatbow,Loretta's Greatbow,Loretta's Greatbow,Loretta's Greatbow,Loretta's Greatbow,Loretta's Greatbow,Loretta's Greatbow,Loretta's Greatbow,Loretta's Greatbow,,,,
,,,,Omensmirk Mask,Raptor's Black Feathers,Twinned Gauntlets,Gelmir Knight Greaves,,Graven-School Talisman,3000.0,Sharpshot Talisman,Sharpshot Talisman,Sharpshot Talisman,Sharpshot Talisman,,,,,,,,,,,,,,,,,,,,,,,,,,,,,,,,,,,Loretta's Mastery,Loretta's Mastery,Loretta's Mastery,Loretta's Mastery,Loretta's Mastery,Loretta's Mastery,Loretta's Mastery,Loretta's Mastery,Loretta's Mastery,Loretta's Mastery,Loretta's Mastery,Loretta's Mastery,,,,
,,,,Skeletal Mask,Gravebird Armor,Drake Knight Gauntlets,Leyndell Knight Greaves,,Graven-Mass Talisman,3001.0,Graven-School Talisman,Graven-School Talisman,Graven-School Talisman,Graven-School Talisman,,,,,,,,,,,,,,,,,,,,,,,,,,,,,,,,,,,Loretta's Mastery,Loretta's Mastery,Loretta's Mastery,Loretta's Mastery,Loretta's Mastery,Loretta's Mastery,Loretta's Mastery,Loretta's Mastery,Loretta's Mastery,Loretta's Mastery,Loretta's Mastery,Loretta's Mastery,,,,
,,,,Gravebird Helm,Gravebird's Blackquill Armor,Blaidd's Gauntlets,Haligtree Knight Greaves,,Faithful's Canvas Talisman,3040.0,Graven-Mass Talisman,Graven-Mass Talisman,Graven-Mass Talisman,Graven-Mass Talisman,,,,,,,,,,,,,,,,,,,,,,,,,,,,,,,,,,,Rennala's Full Moon,Rennala's Full Moon,Rennala's Full Moon,Rennala's Full Moon,Rennala's Full Moon,Rennala's Full Moon,Rennala's Full Moon,Rennala's Full Moon,Rennala's Full Moon,Rennala's Full Moon,Rennala's Full Moon,Rennala's Full Moon,,,,
,,,,Dancer's Hood,Dancer's Dress,Briar Gauntlets,Mausoleum Knight Greaves,,Flock's Canvas Talisman,3050.0,Faithful's Canvas Talisman,Faithful's Canvas Talisman,Faithful's Canvas Talisman,Faithful's Canvas Talisman,,,,,,,,,,,,,,,,,,,,,,,,,,,,,,,,,,,Ranni's Dark Moon,Ranni's Dark Moon,Ranni's Dark Moon,Ranni's Dark Moon,Ranni's Dark Moon,Ranni's Dark Moon,Ranni's Dark Moon,Ranni's Dark Moon,Ranni's Dark Moon,Ranni's Dark Moon,Ranni's Dark Moon,Ranni's Dark Moon,,,,
,,,,Foot Soldier Helm,Dancer's Dress (Altered),Fingerprint Gauntlets,Black Knight Greaves,,Primal Glintstone Blade,3080.0,Flock's Canvas Talisman,Flock's Canvas Talisman,Flock's Canvas Talisman,Flock's Canvas Talisman,,,,,,,,,,,,,,,,,,,,,,,,,,,,,,,,,,,Rellana's Twin Moons,Rellana's Twin Moons,Rellana's Twin Moons,Rellana's Twin Moons,Rellana's Twin Moons,Rellana's Twin Moons,Rellana's Twin Moons,Rellana's Twin Moons,Rellana's Twin Moons,Rellana's Twin Moons,Rellana's Twin Moons,Rellana's Twin Moons,,,,
,,,,Foot Soldier Helmet,Foot Soldier Tabard,Rakshasa Gauntlets,Bloodhound Knight Greaves,,Moon of Nokstella,1140.0,Primal Glintstone Blade,Primal Glintstone Blade,Primal Glintstone Blade,Primal Glintstone Blade,,,,,,,,,,,,,,,,,,,,,,,,,,,,,,,,,,,Rellana's Twin Moons,Rellana's Twin Moons,Rellana's Twin Moons,Rellana's Twin Moons,Rellana's Twin Moons,Rellana's Twin Moons,Rellana's Twin Moons,Rellana's Twin Moons,Rellana's Twin Moons,Rellana's Twin Moons,Rellana's Twin Moons,Rellana's Twin Moons,,,,
,,,,Foot Soldier Cap,Leather-Draped Tabard,Royal Remains Gauntlets,Cleanrot Greaves,,Old Lord's Talisman,3060.0,Moon of Nokstella,Moon of Nokstella,Moon of Nokstella,Moon of Nokstella,,,,,,,,,,,,,,,,,,,,,,,,,,,,,,,,,,,Rellana's Twin Moons,Rellana's Twin Moons,Rellana's Twin Moons,Rellana's Twin Moons,Rellana's Twin Moons,Rellana's Twin Moons,Rellana's Twin Moons,Rellana's Twin Moons,Rellana's Twin Moons,Rellana's Twin Moons,Rellana's Twin Moons,Rellana's Twin Moons,,,,
,,,,Gilded Foot Soldier Cap,Chain-Draped Tabard,All-Knowing Gauntlets,Fire Knight Greaves,,Radagon Icon,3070.0,Old Lord's Talisman,Old Lord's Talisman,Old Lord's Talisman,Old Lord's Talisman,,,,,,,,,,,,,,,,,,,,,,,,,,,,,,,,,,,Carian Slicer,Carian Slicer,Carian Slicer,Carian Slicer,Carian Slicer,Carian Slicer,Carian Slicer,Carian Slicer,Carian Slicer,Carian Slicer,Carian Slicer,Carian Slicer,,,,
,,,,Sacred Crown Helm,Ivory-Draped Tabard,Royal Knight Gauntlets,Death Knight Greaves,,Beloved Stardust,3070.0,Radagon Icon,Radagon Icon,Radagon Icon,Radagon Icon,,,,,,,,,,,,,,,,,,,,,,,,,,,,,,,,,,,Carian Slicer,Carian Slicer,Carian Slicer,Carian Slicer,Carian Slicer,Carian Slicer,Carian Slicer,Carian Slicer,Carian Slicer,Carian Slicer,Carian Slicer,Carian Slicer,,,,
,,,,Highwayman Hood,Scarlet Tabard,Rellana's Gloves,Horned Warrior Greaves,,Roar Medallion,2190.0,Beloved Stardust,Beloved Stardust,Beloved Stardust,Beloved Stardust,,,,,,,,,,,,,,,,,,,,,,,,,,,,,,,,,,,Carian Slicer,Carian Slicer,Carian Slicer,Carian Slicer,Carian Slicer,Carian Slicer,Carian Slicer,Carian Slicer,Carian Slicer,Carian Slicer,Carian Slicer,Carian Slicer,,,,
,,,,Common Soldier Helm,Bloodsoaked Tabard,Maliketh's Gauntlets,Divine Bird Warrior Greaves,,Companion Jar,2210.0,Roar Medallion,Roar Medallion,Roar Medallion,Roar Medallion,,,,,,,,,,,,,,,,,,,,,,,,,,,,,,,,,,,Carian Slicer,Carian Slicer,Carian Slicer,Carian Slicer,Carian Slicer,Carian Slicer,Carian Slicer,Carian Slicer,Carian Slicer,Carian Slicer,Carian Slicer,Carian Slicer,,,,
,,,,Vulgar Militia Helm,Highwayman Cloth Armor,Banished Knight Gauntlets,Oathseeker Knight Greaves,,Perfumer's Talisman,2220.0,Companion Jar,Companion Jar,Companion Jar,Companion Jar,,,,,,,,,,,,,,,,,,,,,,,,,,,,,,,,,,,Carian Slicer,Carian Slicer,Carian Slicer,Carian Slicer,Carian Slicer,Carian Slicer,Carian Slicer,Carian Slicer,Carian Slicer,Carian Slicer,Carian Slicer,Carian Slicer,,,,
,,,,Shadow Militiaman Helm,Common Soldier Cloth Armor,Night's Cavalry Gauntlets,Raging Wolf Greaves,,Carian Filigreed Crest,6020.0,Perfumer's Talisman,Perfumer's Talisman,Perfumer's Talisman,Perfumer's Talisman,,,,,,,,,,,,,,,,,,,,,,,,,,,,,,,,,,,Carian Slicer,Carian Slicer,Carian Slicer,Carian Slicer,Carian Slicer,Carian Slicer,Carian Slicer,Carian Slicer,Carian Slicer,Carian Slicer,Carian Slicer,Carian Slicer,,,,
,,,,Duelist Helm,Vulgar Militia Armor,Gauntlets of Solitude,Hoslow's Greaves,,Warrior Jar Shard,1230.0,Carian Filigreed Crest,Carian Filigreed Crest,Carian Filigreed Crest,Carian Filigreed Crest,,,,,,,,,,,,,,,,,,,,,,,,,,,,,,,,,,,Carian Greatsword,Carian Greatsword,Carian Greatsword,Carian Greatsword,Carian Greatsword,Carian Greatsword,Carian Greatsword,Carian Greatsword,Carian Greatsword,Carian Greatsword,Carian Greatsword,Carian Greatsword,,,,
,,,,Rotten Duelist Helm,Shadow Militiaman Armor,Veteran's Gauntlets,Twinned Greaves,,Shard of Alexander,1230.0,Warrior Jar Shard,Warrior Jar Shard,Warrior Jar Shard,Warrior Jar Shard,,,,,,,,,,,,,,,,,,,,,,,,,,,,,,,,,,,Carian Greatsword,Carian Greatsword,Carian Greatsword,Carian Greatsword,Carian Greatsword,Carian Greatsword,Carian Greatsword,Carian Greatsword,Carian Greatsword,Carian Greatsword,Carian Greatsword,Carian Greatsword,,,,
,,,,Nox Monk Hood,Gravekeeper Cloak,Scaled Gauntlets,Drake Knight Greaves,,Godfrey Icon,3090.0,Shard of Alexander,Shard of Alexander,Shard of Alexander,Shard of Alexander,,,,,,,,,,,,,,,,,,,,,,,,,,,,,,,,,,,Carian Greatsword,Carian Greatsword,Carian Greatsword,Carian Greatsword,Carian Greatsword,Carian Greatsword,Carian Greatsword,Carian Greatsword,Carian Greatsword,Carian Greatsword,Carian Greatsword,Carian Greatsword,,,,
,,,,Nox Monk Hood (Altered),Gravekeeper Cloak (Altered),Beast Champion Gauntlets,Blaidd's Greaves,,Rellana's Cameo,8220.0,Godfrey Icon,Godfrey Icon,Godfrey Icon,Godfrey Icon,,,,,,,,,,,,,,,,,,,,,,,,,,,,,,,,,,,Carian Greatsword,Carian Greatsword,Carian Greatsword,Carian Greatsword,Carian Greatsword,Carian Greatsword,Carian Greatsword,Carian Greatsword,Carian Greatsword,Carian Greatsword,Carian Greatsword,Carian Greatsword,,,,
,,,,Nox Swordstress Crown,Rotten Gravekeeper Cloak,Tree Sentinel Gauntlets,Briar Greaves,,Shattered Stone Talisman,8030.0,Rellana's Cameo,Rellana's Cameo,Rellana's Cameo,Rellana's Cameo,,,,,,,,,,,,,,,,,,,,,,,,,,,,,,,,,,,Carian Greatsword,Carian Greatsword,Carian Greatsword,Carian Greatsword,Carian Greatsword,Carian Greatsword,Carian Greatsword,Carian Greatsword,Carian Greatsword,Carian Greatsword,Carian Greatsword,Carian Greatsword,,,,
,,,,Nox Swordstress Crown (Altered),Rotten Gravekeeper Cloak (Altered),Malformed Dragon Gauntlets,Fingerprint Greaves,,Smithing Talisman,8110.0,Shattered Stone Talisman,Shattered Stone Talisman,Shattered Stone Talisman,Shattered Stone Talisman,,,,,,,,,,,,,,,,,,,,,,,,,,,,,,,,,,,Carian Greatsword,Carian Greatsword,Carian Greatsword,Carian Greatsword,Carian Greatsword,Carian Greatsword,Carian Greatsword,Carian Greatsword,Carian Greatsword,Carian Greatsword,Carian Greatsword,Carian Greatsword,,,,
,,,,Night Maiden Twin Crown,Nox Monk Armor,Crucible Gauntlets,Rakshasa Greaves,,Enraged Divine Beast,8180.0,Smithing Talisman,Smithing Talisman,Smithing Talisman,Smithing Talisman,,,,,,,,,,,,,,,,,,,,,,,,,,,,,,,,,,,Carian Piercer,Carian Piercer,Carian Piercer,Carian Piercer,Carian Piercer,Carian Piercer,Carian Piercer,Carian Piercer,Carian Piercer,Carian Piercer,Carian Piercer,Carian Piercer,,,,
,,,,Champion Headband,Nox Monk Armor (Altered),Gaius's Gauntlets,Royal Remains Greaves,,Talisman of the Dread,8170.0,Enraged Divine Beast,Enraged Divine Beast,Enraged Divine Beast,Enraged Divine Beast,,,,,,,,,,,,,,,,,,,,,,,,,,,,,,,,,,,Carian Piercer,Carian Piercer,Carian Piercer,Carian Piercer,Carian Piercer,Carian Piercer,Carian Piercer,Carian Piercer,Carian Piercer,Carian Piercer,Carian Piercer,Carian Piercer,,,,
,,,,Leather Headband,Nox Swordstress Armor,Radahn's Gauntlets,All-Knowing Greaves,,Bull-Goat's Talisman,1210.0,Talisman of the Dread,Talisman of the Dread,Talisman of the Dread,Talisman of the Dread,,,,,,,,,,,,,,,,,,,,,,,,,,,,,,,,,,,Carian Piercer,Carian Piercer,Carian Piercer,Carian Piercer,Carian Piercer,Carian Piercer,Carian Piercer,Carian Piercer,Carian Piercer,Carian Piercer,Carian Piercer,Carian Piercer,,,,
,,,,Leather Crown,Nox Swordstress Armor (Altered),Young Lion's Gauntlets,Royal Knight Greaves,,Blue Dancer Charm,2110.0,Bull-Goat's Talisman,Bull-Goat's Talisman,Bull-Goat's Talisman,Bull-Goat's Talisman,,,,,,,,,,,,,,,,,,,,,,,,,,,,,,,,,,,Carian Piercer,Carian Piercer,Carian Piercer,Carian Piercer,Carian Piercer,Carian Piercer,Carian Piercer,Carian Piercer,Carian Piercer,Carian Piercer,Carian Piercer,Carian Piercer,,,,
,,,,Fang Helm,Night Maiden Armor,Lionel's Gauntlets,Rellana's Greaves,,Verdigris Discus,8210.0,Blue Dancer Charm,Blue Dancer Charm,Blue Dancer Charm,Blue Dancer Charm,,,,,,,,,,,,,,,,,,,,,,,,,,,,,,,,,,,Adula's Moonblade,Adula's Moonblade,Adula's Moonblade,Adula's Moonblade,Adula's Moonblade,Adula's Moonblade,Adula's Moonblade,Adula's Moonblade,Adula's Moonblade,Adula's Moonblade,Adula's Moonblade,Adula's Moonblade,,,,
,,,,Igon's Helm,Champion Pauldron,Bull-Goat Gauntlets,Maliketh's Greaves,,Magic Scorpion Charm,2000.0,Verdigris Discus,Verdigris Discus,Verdigris Discus,Verdigris Discus,,,,,,,,,,,,,,,,,,,,,,,,,,,,,,,,,,,Adula's Moonblade,Adula's Moonblade,Adula's Moonblade,Adula's Moonblade,Adula's Moonblade,Adula's Moonblade,Adula's Moonblade,Adula's Moonblade,Adula's Moonblade,Adula's Moonblade,Adula's Moonblade,Adula's Moonblade,,,,
,,,,Igon's Helm (Altered),Highland Attire,Verdigris Gauntlets,Banished Knight Greaves,,Fire Scorpion Charm,2020.0,Magic Scorpion Charm,Magic Scorpion Charm,Magic Scorpion Charm,Magic Scorpion Charm,,,,,,,,,,,,,,,,,,,,,,,,,,,,,,,,,,,Adula's Moonblade,Adula's Moonblade,Adula's Moonblade,Adula's Moonblade,Adula's Moonblade,Adula's Moonblade,Adula's Moonblade,Adula's Moonblade,Adula's Moonblade,Adula's Moonblade,Adula's Moonblade,Adula's Moonblade,,,,
,,,,Curseblade Mask,Gloried Attire,Omen Gauntlets,Night's Cavalry Greaves,,Lightning Scorpion Charm,2010.0,Fire Scorpion Charm,Fire Scorpion Charm,Fire Scorpion Charm,Fire Scorpion Charm,,,,,,,,,,,,,,,,,,,,,,,,,,,,,,,,,,,Adula's Moonblade,Adula's Moonblade,Adula's Moonblade,Adula's Moonblade,Adula's Moonblade,Adula's Moonblade,Adula's Moonblade,Adula's Moonblade,Adula's Moonblade,Adula's Moonblade,Adula's Moonblade,Adula's Moonblade,,,,
,,,,Pelt of Ralva,Iron Rivet Armor,Fire Prelate Gauntlets,Greaves of Solitude,,Sacred Scorpion Charm,2030.0,Lightning Scorpion Charm,Lightning Scorpion Charm,Lightning Scorpion Charm,Lightning Scorpion Charm,,,,,,,,,,,,,,,,,,,,,,,,,,,,,,,,,,,Adula's Moonblade,Adula's Moonblade,Adula's Moonblade,Adula's Moonblade,Adula's Moonblade,Adula's Moonblade,Adula's Moonblade,Adula's Moonblade,Adula's Moonblade,Adula's Moonblade,Adula's Moonblade,Adula's Moonblade,,,,
,,,,Chain Coif,Igon's Armor,,Veteran's Greaves,,Crucible Scale Talisman,4060.0,Sacred Scorpion Charm,Sacred Scorpion Charm,Sacred Scorpion Charm,Sacred Scorpion Charm,,,,,,,,,,,,,,,,,,,,,,,,,,,,,,,,,,,Adula's Moonblade,Adula's Moonblade,Adula's Moonblade,Adula's Moonblade,Adula's Moonblade,Adula's Moonblade,Adula's Moonblade,Adula's Moonblade,Adula's Moonblade,Adula's Moonblade,Adula's Moonblade,Adula's Moonblade,,,,
,,,,Iron Helmet,Igon's Armor (Altered),,Scaled Greaves,,Crucible Feather Talisman,4070.0,Crucible Scale Talisman,Crucible Scale Talisman,Crucible Scale Talisman,Crucible Scale Talisman,,,,,,,,,,,,,,,,,,,,,,,,,,,,,,,,,,,Adula's Moonblade,Adula's Moonblade,Adula's Moonblade,Adula's Moonblade,Adula's Moonblade,Adula's Moonblade,Adula's Moonblade,Adula's Moonblade,Adula's Moonblade,Adula's Moonblade,Adula's Moonblade,Adula's Moonblade,,,,
,,,,Godrick Soldier Helm,Ascetic's Loincloth,,Beast Champion Greaves,,Crucible Knot Talisman,4110.0,Crucible Feather Talisman,Crucible Feather Talisman,Crucible Feather Talisman,Crucible Feather Talisman,,,,,,,,,,,,,,,,,,,,,,,,,,,,,,,,,,,Lucidity,Lucidity,Lucidity,Lucidity,Lucidity,Lucidity,Lucidity,Lucidity,Lucidity,Lucidity,Lucidity,Lucidity,,,,
,,,,Raya Lucarian Helm,Chain Armor,,Tree Sentinel Greaves,,Fine Crucible Feather Talisman,8010.0,Crucible Knot Talisman,Crucible Knot Talisman,Crucible Knot Talisman,Crucible Knot Talisman,,,,,,,,,,,,,,,,,,,,,,,,,,,,,,,,,,,Carian Retaliation,Carian Retaliation,Carian Retaliation,Carian Retaliation,Carian Retaliation,Carian Retaliation,Carian Retaliation,Carian Retaliation,Carian Retaliation,Carian Retaliation,Carian Retaliation,Carian Retaliation,,,,
,,,,Radahn Soldier Helm,Dirty Chainmail,,Malformed Dragon Greaves,,Talisman of All Crucibles,4060.0,Fine Crucible Feather Talisman,Fine Crucible Feather Talisman,Fine Crucible Feather Talisman,Fine Crucible Feather Talisman,,,,,,,,,,,,,,,,,,,,,,,,,,,,,,,,,,,Carian Retaliation,Carian Retaliation,Carian Retaliation,Carian Retaliation,Carian Retaliation,Carian Retaliation,Carian Retaliation,Carian Retaliation,Carian Retaliation,Carian Retaliation,Carian Retaliation,Carian Retaliation,,,,
,,,,Leyndell Soldier Helm,Tree Surcoat,,Crucible Greaves,,Red-Feathered Branchsword,2040.0,Talisman of All Crucibles,Talisman of All Crucibles,Talisman of All Crucibles,Talisman of All Crucibles,,,,,,,,,,,,,,,,,,,,,,,,,,,,,,,,,,,Carian Retaliation,Carian Retaliation,Carian Retaliation,Carian Retaliation,Carian Retaliation,Carian Retaliation,Carian Retaliation,Carian Retaliation,Carian Retaliation,Carian Retaliation,Carian Retaliation,Carian Retaliation,,,,
,,,,Haligtree Helm,Eye Surcoat,,Gaius's Greaves,,Blue-Feathered Branchsword,4080.0,Red-Feathered Branchsword,Red-Feathered Branchsword,Red-Feathered Branchsword,Red-Feathered Branchsword,,,,,,,,,,,,,,,,,,,,,,,,,,,,,,,,,,,Carian Retaliation,Carian Retaliation,Carian Retaliation,Carian Retaliation,Carian Retaliation,Carian Retaliation,Carian Retaliation,Carian Retaliation,Carian Retaliation,Carian Retaliation,Carian Retaliation,Carian Retaliation,,,,
,,,,Messmer Soldier Helm,Tree-and-Beast Surcoat,,Radahn's Greaves,,Ritual Sword Talisman,2050.0,Blue-Feathered Branchsword,Blue-Feathered Branchsword,Blue-Feathered Branchsword,Blue-Feathered Branchsword,,,,,,,,,,,,,,,,,,,,,,,,,,,,,,,,,,,Carian Retaliation,Carian Retaliation,Carian Retaliation,Carian Retaliation,Carian Retaliation,Carian Retaliation,Carian Retaliation,Carian Retaliation,Carian Retaliation,Carian Retaliation,Carian Retaliation,Carian Retaliation,,,,
,,,,Exile Hood,Cuckoo Surcoat,,Young Lion's Greaves,,Ritual Shield Talisman,4090.0,Ritual Sword Talisman,Ritual Sword Talisman,Ritual Sword Talisman,Ritual Sword Talisman,,,,,,,,,,,,,,,,,,,,,,,,,,,,,,,,,,,Carian Retaliation,Carian Retaliation,Carian Retaliation,Carian Retaliation,Carian Retaliation,Carian Retaliation,Carian Retaliation,Carian Retaliation,Carian Retaliation,Carian Retaliation,Carian Retaliation,Carian Retaliation,,,,
,,,,Kaiden Helm,Redmane Surcoat,,Lionel's Greaves,,Assassin's Crimson Dagger,5050.0,Ritual Shield Talisman,Ritual Shield Talisman,Ritual Shield Talisman,Ritual Shield Talisman,,,,,,,,,,,,,,,,,,,,,,,,,,,,,,,,,,,Miriam's Vanishing,Miriam's Vanishing,Miriam's Vanishing,Miriam's Vanishing,Miriam's Vanishing,Miriam's Vanishing,Miriam's Vanishing,Miriam's Vanishing,Miriam's Vanishing,Miriam's Vanishing,Miriam's Vanishing,Miriam's Vanishing,,,,
,,,,Land of Reeds Helm,Erdtree Surcoat,,Bull-Goat Greaves,,Assassin's Cerulean Dagger,5060.0,Assassin's Crimson Dagger,Assassin's Crimson Dagger,Assassin's Crimson Dagger,Assassin's Crimson Dagger,,,,,,,,,,,,,,,,,,,,,,,,,,,,,,,,,,,Ambush Shard,Ambush Shard,Ambush Shard,Ambush Shard,Ambush Shard,Ambush Shard,Ambush Shard,Ambush Shard,Ambush Shard,Ambush Shard,Ambush Shard,Ambush Shard,,,,
,,,,Okina Mask,Haligtree Crest Surcoat,,Verdigris Greaves,,Winged Sword Insignia,2080.0,Assassin's Cerulean Dagger,Assassin's Cerulean Dagger,Assassin's Cerulean Dagger,Assassin's Cerulean Dagger,,,,,,,,,,,,,,,,,,,,,,,,,,,,,,,,,,,Night Shard,Night Shard,Night Shard,Night Shard,Night Shard,Night Shard,Night Shard,Night Shard,Night Shard,Night Shard,Night Shard,Night Shard,,,,
,,,,Iron Kasa,Mausoleum Surcoat,,Omen Greaves,,Rotten Winged Sword Insignia,2080.0,Winged Sword Insignia,Winged Sword Insignia,Winged Sword Insignia,Winged Sword Insignia,,,,,,,,,,,,,,,,,,,,,,,,,,,,,,,,,,,Night Comet,Night Comet,Night Comet,Night Comet,Night Comet,Night Comet,Night Comet,Night Comet,Night Comet,Night Comet,Night Comet,Night Comet,,,,
,,,,Eccentric's Hood,Messmer Soldier Armor,,Fire Prelate Greaves,,Millicent's Prosthesis,1250.0,Rotten Winged Sword Insignia,Rotten Winged Sword Insignia,Rotten Winged Sword Insignia,Rotten Winged Sword Insignia,,,,,,,,,,,,,,,,,,,,,,,,,,,,,,,,,,,Night Comet,Night Comet,Night Comet,Night Comet,Night Comet,Night Comet,Night Comet,Night Comet,Night Comet,Night Comet,Night Comet,Night Comet,,,,
,,,,Eccentric's Hood (Altered),Messmer Soldier Armor (Altered),,,,Godskin Swaddling Cloth,5040.0,Millicent's Prosthesis,Millicent's Prosthesis,Millicent's Prosthesis,Millicent's Prosthesis,,,,,,,,,,,,,,,,,,,,,,,,,,,,,,,,,,,Night Maiden's Mist,Night Maiden's Mist,Night Maiden's Mist,Night Maiden's Mist,Night Maiden's Mist,Night Maiden's Mist,Night Maiden's Mist,Night Maiden's Mist,Night Maiden's Mist,Night Maiden's Mist,Night Maiden's Mist,Night Maiden's Mist,,,,
,,,,Freyja's Helm,Scale Armor,,,,Kindred of Rot's Exultation,2170.0,Godskin Swaddling Cloth,Godskin Swaddling Cloth,Godskin Swaddling Cloth,Godskin Swaddling Cloth,,,,,,,,,,,,,,,,,,,,,,,,,,,,,,,,,,,Night Maiden's Mist,Night Maiden's Mist,Night Maiden's Mist,Night Maiden's Mist,Night Maiden's Mist,Night Maiden's Mist,Night Maiden's Mist,Night Maiden's Mist,Night Maiden's Mist,Night Maiden's Mist,Night Maiden's Mist,Night Maiden's Mist,,,,
,,,,Marionette Soldier Helm,Exile Armor,,,,Lord of Blood's Exultation,2160.0,Kindred of Rot's Exultation,Kindred of Rot's Exultation,Kindred of Rot's Exultation,Kindred of Rot's Exultation,,,,,,,,,,,,,,,,,,,,,,,,,,,,,,,,,,,Unseen Blade,Unseen Blade,Unseen Blade,Unseen Blade,Unseen Blade,Unseen Blade,Unseen Blade,Unseen Blade,Unseen Blade,Unseen Blade,Unseen Blade,Unseen Blade,,,,
,,,,Marionette Soldier Birdhelm,Kaiden Armor,,,,Aged One's Exultation,8060.0,Lord of Blood's Exultation,Lord of Blood's Exultation,Lord of Blood's Exultation,Lord of Blood's Exultation,,,,,,,,,,,,,,,,,,,,,,,,,,,,,,,,,,,Unseen Form,Unseen Form,Unseen Form,Unseen Form,Unseen Form,Unseen Form,Unseen Form,Unseen Form,Unseen Form,Unseen Form,Unseen Form,Unseen Form,,,,
,,,,Blue Silver Mail Hood,Land of Reeds Armor,,,,St. Trina's Smile,8160.0,Aged One's Exultation,Aged One's Exultation,Aged One's Exultation,Aged One's Exultation,,,,,,,,,,,,,,,,,,,,,,,,,,,,,,,,,,,Eternal Darkness,Eternal Darkness,Eternal Darkness,Eternal Darkness,Eternal Darkness,Eternal Darkness,Eternal Darkness,Eternal Darkness,Eternal Darkness,Eternal Darkness,Eternal Darkness,Eternal Darkness,,,,
,,,,Fire Monk Hood,Land of Reeds Armor (Altered),,,,Blade of Mercy,8230.0,St. Trina's Smile,St. Trina's Smile,St. Trina's Smile,St. Trina's Smile,,,,,,,,,,,,,,,,,,,,,,,,,,,,,,,,,,,Magma Shot,Magma Shot,Magma Shot,Magma Shot,Magma Shot,Magma Shot,Magma Shot,Magma Shot,Magma Shot,Magma Shot,Magma Shot,Magma Shot,,,,
,,,,Blackflame Monk Hood,White Reed Armor,,,,Taker's Cameo,5030.0,Blade of Mercy,Blade of Mercy,Blade of Mercy,Blade of Mercy,,,,,,,,,,,,,,,,,,,,,,,,,,,,,,,,,,,Magma Shot,Magma Shot,Magma Shot,Magma Shot,Magma Shot,Magma Shot,Magma Shot,Magma Shot,Magma Shot,Magma Shot,Magma Shot,Magma Shot,,,,
,,,,Zamor Mask,Ronin's Armor,,,,Ancestral Spirit's Horn,6110.0,Taker's Cameo,Taker's Cameo,Taker's Cameo,Taker's Cameo,,,,,,,,,,,,,,,,,,,,,,,,,,,,,,,,,,,Magma Shot,Magma Shot,Magma Shot,Magma Shot,Magma Shot,Magma Shot,Magma Shot,Magma Shot,Magma Shot,Magma Shot,Magma Shot,Magma Shot,,,,
,,,,Black Knife Hood,Ronin's Armor (Altered),,,,Crusade Insignia,8050.0,Ancestral Spirit's Horn,Ancestral Spirit's Horn,Ancestral Spirit's Horn,Ancestral Spirit's Horn,,,,,,,,,,,,,,,,,,,,,,,,,,,,,,,,,,,Magma Shot,Magma Shot,Magma Shot,Magma Shot,Magma Shot,Magma Shot,Magma Shot,Magma Shot,Magma Shot,Magma Shot,Magma Shot,Magma Shot,,,,
,,,,Helm of Night,Eccentric's Armor,,,,Dried Bouquet,8100.0,Crusade Insignia,Crusade Insignia,Crusade Insignia,Crusade Insignia,,,,,,,,,,,,,,,,,,,,,,,,,,,,,,,,,,,Roiling Magma,Roiling Magma,Roiling Magma,Roiling Magma,Roiling Magma,Roiling Magma,Roiling Magma,Roiling Magma,Roiling Magma,Roiling Magma,Roiling Magma,Roiling Magma,,,,
,,,,Malenia's Winged Helm,Freyja's Armor,,,,Gold Scarab,1110.0,Dried Bouquet,Dried Bouquet,Dried Bouquet,Dried Bouquet,,,,,,,,,,,,,,,,,,,,,,,,,,,,,,,,,,,Roiling Magma,Roiling Magma,Roiling Magma,Roiling Magma,Roiling Magma,Roiling Magma,Roiling Magma,Roiling Magma,Roiling Magma,Roiling Magma,Roiling Magma,Roiling Magma,,,,
,,,,Elden Lord Crown,Freyja's Armor (Altered),,,,Silver Scarab,1100.0,Gold Scarab,Gold Scarab,Gold Scarab,Gold Scarab,,,,,,,,,,,,,,,,,,,,,,,,,,,,,,,,,,,Roiling Magma,Roiling Magma,Roiling Magma,Roiling Magma,Roiling Magma,Roiling Magma,Roiling Magma,Roiling Magma,Roiling Magma,Roiling Magma,Roiling Magma,Roiling Magma,,,,
,,,,Messmer's Helm,Marionette Soldier Armor,,,,Crepus's Vial,6000.0,Silver Scarab,Silver Scarab,Silver Scarab,Silver Scarab,,,,,,,,,,,,,,,,,,,,,,,,,,,,,,,,,,,Roiling Magma,Roiling Magma,Roiling Magma,Roiling Magma,Roiling Magma,Roiling Magma,Roiling Magma,Roiling Magma,Roiling Magma,Roiling Magma,Roiling Magma,Roiling Magma,,,,
,,,,Messmer's Helm (Altered),Blue Silver Mail Armor,,,,Concealing Veil,6010.0,Crepus's Vial,Crepus's Vial,Crepus's Vial,Crepus's Vial,,,,,,,,,,,,,,,,,,,,,,,,,,,,,,,,,,,Roiling Magma,Roiling Magma,Roiling Magma,Roiling Magma,Roiling Magma,Roiling Magma,Roiling Magma,Roiling Magma,Roiling Magma,Roiling Magma,Roiling Magma,Roiling Magma,,,,
,,,,Knight Helm,Blue Silver Mail Armor (Altered),,,,Longtail Cat Talisman,6040.0,Concealing Veil,Concealing Veil,Concealing Veil,Concealing Veil,,,,,,,,,,,,,,,,,,,,,,,,,,,,,,,,,,,Roiling Magma,Roiling Magma,Roiling Magma,Roiling Magma,Roiling Magma,Roiling Magma,Roiling Magma,Roiling Magma,Roiling Magma,Roiling Magma,Roiling Magma,Roiling Magma,,,,
,,,,Vagabond Knight Helm,Fire Monk Armor,,,,Furled Finger's Trick-Mirror,6080.0,Longtail Cat Talisman,Longtail Cat Talisman,Longtail Cat Talisman,Longtail Cat Talisman,,,,,,,,,,,,,,,,,,,,,,,,,,,,,,,,,,,Gelmir's Fury,Gelmir's Fury,Gelmir's Fury,Gelmir's Fury,Gelmir's Fury,Gelmir's Fury,Gelmir's Fury,Gelmir's Fury,Gelmir's Fury,Gelmir's Fury,Gelmir's Fury,Gelmir's Fury,,,,
,,,,Greathelm,Blackflame Monk Armor,,,,Host's Trick-Mirror,6080.0,Furled Finger's Trick-Mirror,Furled Finger's Trick-Mirror,Furled Finger's Trick-Mirror,Furled Finger's Trick-Mirror,,,,,,,,,,,,,,,,,,,,,,,,,,,,,,,,,,,Gelmir's Fury,Gelmir's Fury,Gelmir's Fury,Gelmir's Fury,Gelmir's Fury,Gelmir's Fury,Gelmir's Fury,Gelmir's Fury,Gelmir's Fury,Gelmir's Fury,Gelmir's Fury,Gelmir's Fury,,,,
,,,,Carian Knight Helm,Zamor Armor,,,,Shabriri's Woe,6050.0,Host's Trick-Mirror,Host's Trick-Mirror,Host's Trick-Mirror,Host's Trick-Mirror,,,,,,,,,,,,,,,,,,,,,,,,,,,,,,,,,,,Gelmir's Fury,Gelmir's Fury,Gelmir's Fury,Gelmir's Fury,Gelmir's Fury,Gelmir's Fury,Gelmir's Fury,Gelmir's Fury,Gelmir's Fury,Gelmir's Fury,Gelmir's Fury,Gelmir's Fury,,,,
,,,,Godrick Knight Helm,Black Knife Armor,,,,Daedicar's Woe,6060.0,Shabriri's Woe,Shabriri's Woe,Shabriri's Woe,Shabriri's Woe,,,,,,,,,,,,,,,,,,,,,,,,,,,,,,,,,,,Rykard's Rancor,Rykard's Rancor,Rykard's Rancor,Rykard's Rancor,Rykard's Rancor,Rykard's Rancor,Rykard's Rancor,Rykard's Rancor,Rykard's Rancor,Rykard's Rancor,Rykard's Rancor,Rykard's Rancor,,,,
,,,,Cuckoo Knight Helm,Black Knife Armor (Altered),,,,Sacrificial Twig,6070.0,Daedicar's Woe,Daedicar's Woe,Daedicar's Woe,Daedicar's Woe,,,,,,,,,,,,,,,,,,,,,,,,,,,,,,,,,,,Glintstone Icecrag,Glintstone Icecrag,Glintstone Icecrag,Glintstone Icecrag,Glintstone Icecrag,Glintstone Icecrag,Glintstone Icecrag,Glintstone Icecrag,Glintstone Icecrag,Glintstone Icecrag,Glintstone Icecrag,Glintstone Icecrag,,,,
,,,,Redmane Knight Helm,Armor of Night,,,,,,Sacrificial Twig,Sacrificial Twig,Sacrificial Twig,Sacrificial Twig,,,,,,,,,,,,,,,,,,,,,,,,,,,,,,,,,,,Freezing Mist,Freezing Mist,Freezing Mist,Freezing Mist,Freezing Mist,Freezing Mist,Freezing Mist,Freezing Mist,Freezing Mist,Freezing Mist,Freezing Mist,Freezing Mist,,,,
,,,,Gelmir Knight Helm,Malenia's Armor,,,,,,,,,,,,,,,,,,,,,,,,,,,,,,,,,,,,,,,,,,,,Freezing Mist,Freezing Mist,Freezing Mist,Freezing Mist,Freezing Mist,Freezing Mist,Freezing Mist,Freezing Mist,Freezing Mist,Freezing Mist,Freezing Mist,Freezing Mist,,,,
,,,,Leyndell Knight Helm,Malenia's Armor (Altered),,,,,,,,,,,,,,,,,,,,,,,,,,,,,,,,,,,,,,,,,,,,Frozen Armament,Frozen Armament,Frozen Armament,Frozen Armament,Frozen Armament,Frozen Armament,Frozen Armament,Frozen Armament,Frozen Armament,Frozen Armament,Frozen Armament,Frozen Armament,,,,
,,,,Haligtree Knight Helm,Elden Lord Armor,,,,,,,,,,,,,,,,,,,,,,,,,,,,,,,,,,,,,,,,,,,,Zamor Ice Storm,Zamor Ice Storm,Zamor Ice Storm,Zamor Ice Storm,Zamor Ice Storm,Zamor Ice Storm,Zamor Ice Storm,Zamor Ice Storm,Zamor Ice Storm,Zamor Ice Storm,Zamor Ice Storm,Zamor Ice Storm,,,,
,,,,Black Knight Helm,Elden Lord Armor (Altered),,,,,,,,,,,,,,,,,,,,,,,,,,,,,,,,,,,,,,,,,,,,Zamor Ice Storm,Zamor Ice Storm,Zamor Ice Storm,Zamor Ice Storm,Zamor Ice Storm,Zamor Ice Storm,Zamor Ice Storm,Zamor Ice Storm,Zamor Ice Storm,Zamor Ice Storm,Zamor Ice Storm,Zamor Ice Storm,,,,
,,,,Bloodhound Knight Helm,Messmer's Armor,,,,,,,,,,,,,,,,,,,,,,,,,,,,,,,,,,,,,,,,,,,,Zamor Ice Storm,Zamor Ice Storm,Zamor Ice Storm,Zamor Ice Storm,Zamor Ice Storm,Zamor Ice Storm,Zamor Ice Storm,Zamor Ice Storm,Zamor Ice Storm,Zamor Ice Storm,Zamor Ice Storm,Zamor Ice Storm,,,,
,,,,Cleanrot Helm,Knight Armor,,,,,,,,,,,,,,,,,,,,,,,,,,,,,,,,,,,,,,,,,,,,Zamor Ice Storm,Zamor Ice Storm,Zamor Ice Storm,Zamor Ice Storm,Zamor Ice Storm,Zamor Ice Storm,Zamor Ice Storm,Zamor Ice Storm,Zamor Ice Storm,Zamor Ice Storm,Zamor Ice Storm,Zamor Ice Storm,,,,
,,,,Cleanrot Helm (Altered),Vagabond Knight Armor,,,,,,,,,,,,,,,,,,,,,,,,,,,,,,,,,,,,,,,,,,,,Shattering Crystal,Shattering Crystal,Shattering Crystal,Shattering Crystal,Shattering Crystal,Shattering Crystal,Shattering Crystal,Shattering Crystal,Shattering Crystal,Shattering Crystal,Shattering Crystal,Shattering Crystal,,,,
,,,,Fire Knight Helm,Vagabond Knight Armor (Altered),,,,,,,,,,,,,,,,,,,,,,,,,,,,,,,,,,,,,,,,,,,,Shattering Crystal,Shattering Crystal,Shattering Crystal,Shattering Crystal,Shattering Crystal,Shattering Crystal,Shattering Crystal,Shattering Crystal,Shattering Crystal,Shattering Crystal,Shattering Crystal,Shattering Crystal,,,,
,,,,Winged Serpent Helm,Carian Knight Armor,,,,,,,,,,,,,,,,,,,,,,,,,,,,,,,,,,,,,,,,,,,,Shattering Crystal,Shattering Crystal,Shattering Crystal,Shattering Crystal,Shattering Crystal,Shattering Crystal,Shattering Crystal,Shattering Crystal,Shattering Crystal,Shattering Crystal,Shattering Crystal,Shattering Crystal,,,,
,,,,Death Mask Helm,Carian Knight Armor (Altered),,,,,,,,,,,,,,,,,,,,,,,,,,,,,,,,,,,,,,,,,,,,Shattering Crystal,Shattering Crystal,Shattering Crystal,Shattering Crystal,Shattering Crystal,Shattering Crystal,Shattering Crystal,Shattering Crystal,Shattering Crystal,Shattering Crystal,Shattering Crystal,Shattering Crystal,,,,
,,,,Salza's Hood,Godrick Knight Armor,,,,,,,,,,,,,,,,,,,,,,,,,,,,,,,,,,,,,,,,,,,,Shattering Crystal,Shattering Crystal,Shattering Crystal,Shattering Crystal,Shattering Crystal,Shattering Crystal,Shattering Crystal,Shattering Crystal,Shattering Crystal,Shattering Crystal,Shattering Crystal,Shattering Crystal,,,,
,,,,Death Knight Helm,Godrick Knight Armor (Altered),,,,,,,,,,,,,,,,,,,,,,,,,,,,,,,,,,,,,,,,,,,,Shattering Crystal,Shattering Crystal,Shattering Crystal,Shattering Crystal,Shattering Crystal,Shattering Crystal,Shattering Crystal,Shattering Crystal,Shattering Crystal,Shattering Crystal,Shattering Crystal,Shattering Crystal,,,,
,,,,Horned Warrior Helm,Cuckoo Knight Armor,,,,,,,,,,,,,,,,,,,,,,,,,,,,,,,,,,,,,,,,,,,,Crystal Torrent,Crystal Torrent,Crystal Torrent,Crystal Torrent,Crystal Torrent,Crystal Torrent,Crystal Torrent,Crystal Torrent,Crystal Torrent,Crystal Torrent,Crystal Torrent,Crystal Torrent,,,,
,,,,Divine Beast Helm,Cuckoo Knight Armor (Altered),,,,,,,,,,,,,,,,,,,,,,,,,,,,,,,,,,,,,,,,,,,,Crystal Torrent,Crystal Torrent,Crystal Torrent,Crystal Torrent,Crystal Torrent,Crystal Torrent,Crystal Torrent,Crystal Torrent,Crystal Torrent,Crystal Torrent,Crystal Torrent,Crystal Torrent,,,,
,,,,Divine Bird Helm,Redmane Knight Armor,,,,,,,,,,,,,,,,,,,,,,,,,,,,,,,,,,,,,,,,,,,,Crystal Release,Crystal Release,Crystal Release,Crystal Release,Crystal Release,Crystal Release,Crystal Release,Crystal Release,Crystal Release,Crystal Release,Crystal Release,Crystal Release,,,,
,,,,Oathseeker Knight Helm,Redmane Knight Armor (Altered),,,,,,,,,,,,,,,,,,,,,,,,,,,,,,,,,,,,,,,,,,,,Crystal Release,Crystal Release,Crystal Release,Crystal Release,Crystal Release,Crystal Release,Crystal Release,Crystal Release,Crystal Release,Crystal Release,Crystal Release,Crystal Release,,,,
,,,,Raging Wolf Helm,Gelmir Knight Armor,,,,,,,,,,,,,,,,,,,,,,,,,,,,,,,,,,,,,,,,,,,,Gravity Well,Gravity Well,Gravity Well,Gravity Well,Gravity Well,Gravity Well,Gravity Well,Gravity Well,Gravity Well,Gravity Well,Gravity Well,Gravity Well,,,,
,,,,Hoslow's Helm,Gelmir Knight Armor (Altered),,,,,,,,,,,,,,,,,,,,,,,,,,,,,,,,,,,,,,,,,,,,Gravity Well,Gravity Well,Gravity Well,Gravity Well,Gravity Well,Gravity Well,Gravity Well,Gravity Well,Gravity Well,Gravity Well,Gravity Well,Gravity Well,,,,
,,,,Diallos's Mask,Leyndell Knight Armor,,,,,,,,,,,,,,,,,,,,,,,,,,,,,,,,,,,,,,,,,,,,Collapsing Stars,Collapsing Stars,Collapsing Stars,Collapsing Stars,Collapsing Stars,Collapsing Stars,Collapsing Stars,Collapsing Stars,Collapsing Stars,Collapsing Stars,Collapsing Stars,Collapsing Stars,,,,
,,,,Twinned Helm,Leyndell Knight Armor (Altered),,,,,,,,,,,,,,,,,,,,,,,,,,,,,,,,,,,,,,,,,,,,Collapsing Stars,Collapsing Stars,Collapsing Stars,Collapsing Stars,Collapsing Stars,Collapsing Stars,Collapsing Stars,Collapsing Stars,Collapsing Stars,Collapsing Stars,Collapsing Stars,Collapsing Stars,,,,
,,,,Drake Knight Helm,Haligtree Knight Armor,,,,,,,,,,,,,,,,,,,,,,,,,,,,,,,,,,,,,,,,,,,,Collapsing Stars,Collapsing Stars,Collapsing Stars,Collapsing Stars,Collapsing Stars,Collapsing Stars,Collapsing Stars,Collapsing Stars,Collapsing Stars,Collapsing Stars,Collapsing Stars,Collapsing Stars,,,,
,,,,Drake Knight Helm (Altered),Haligtree Knight Armor (Altered),,,,,,,,,,,,,,,,,,,,,,,,,,,,,,,,,,,,,,,,,,,,Collapsing Stars,Collapsing Stars,Collapsing Stars,Collapsing Stars,Collapsing Stars,Collapsing Stars,Collapsing Stars,Collapsing Stars,Collapsing Stars,Collapsing Stars,Collapsing Stars,Collapsing Stars,,,,
,,,,Briar Helm,Mausoleum Knight Armor,,,,,,,,,,,,,,,,,,,,,,,,,,,,,,,,,,,,,,,,,,,,Gravitational Missile,Gravitational Missile,Gravitational Missile,Gravitational Missile,Gravitational Missile,Gravitational Missile,Gravitational Missile,Gravitational Missile,Gravitational Missile,Gravitational Missile,Gravitational Missile,Gravitational Missile,,,,
,,,,Fingerprint Helm,Mausoleum Knight Armor (Altered),,,,,,,,,,,,,,,,,,,,,,,,,,,,,,,,,,,,,,,,,,,,Gravitational Missile,Gravitational Missile,Gravitational Missile,Gravitational Missile,Gravitational Missile,Gravitational Missile,Gravitational Missile,Gravitational Missile,Gravitational Missile,Gravitational Missile,Gravitational Missile,Gravitational Missile,,,,
,,,,Rakshasa Helm,Black Knight Armor,,,,,,,,,,,,,,,,,,,,,,,,,,,,,,,,,,,,,,,,,,,,Gravitational Missile,Gravitational Missile,Gravitational Missile,Gravitational Missile,Gravitational Missile,Gravitational Missile,Gravitational Missile,Gravitational Missile,Gravitational Missile,Gravitational Missile,Gravitational Missile,Gravitational Missile,,,,
,,,,Royal Remains Helm,Bloodhound Knight Armor,,,,,,,,,,,,,,,,,,,,,,,,,,,,,,,,,,,,,,,,,,,,Gravitational Missile,Gravitational Missile,Gravitational Missile,Gravitational Missile,Gravitational Missile,Gravitational Missile,Gravitational Missile,Gravitational Missile,Gravitational Missile,Gravitational Missile,Gravitational Missile,Gravitational Missile,,,,
,,,,All-Knowing Helm,Bloodhound Knight Armor (Altered),,,,,,,,,,,,,,,,,,,,,,,,,,,,,,,,,,,,,,,,,,,,Rock Sling,Rock Sling,Rock Sling,Rock Sling,Rock Sling,Rock Sling,Rock Sling,Rock Sling,Rock Sling,Rock Sling,Rock Sling,Rock Sling,,,,
,,,,Royal Knight Helm,Cleanrot Armor,,,,,,,,,,,,,,,,,,,,,,,,,,,,,,,,,,,,,,,,,,,,Blades of Stone,Blades of Stone,Blades of Stone,Blades of Stone,Blades of Stone,Blades of Stone,Blades of Stone,Blades of Stone,Blades of Stone,Blades of Stone,Blades of Stone,Blades of Stone,,,,
,,,,Rellana's Helm,Cleanrot Armor (Altered),,,,,,,,,,,,,,,,,,,,,,,,,,,,,,,,,,,,,,,,,,,,Blades of Stone,Blades of Stone,Blades of Stone,Blades of Stone,Blades of Stone,Blades of Stone,Blades of Stone,Blades of Stone,Blades of Stone,Blades of Stone,Blades of Stone,Blades of Stone,,,,
,,,,Maliketh's Helm,Fire Knight Armor,,,,,,,,,,,,,,,,,,,,,,,,,,,,,,,,,,,,,,,,,,,,Blades of Stone,Blades of Stone,Blades of Stone,Blades of Stone,Blades of Stone,Blades of Stone,Blades of Stone,Blades of Stone,Blades of Stone,Blades of Stone,Blades of Stone,Blades of Stone,,,,
,,,,Banished Knight Helm,Fire Knight Armor (Altered),,,,,,,,,,,,,,,,,,,,,,,,,,,,,,,,,,,,,,,,,,,,Meteorite,Meteorite,Meteorite,Meteorite,Meteorite,Meteorite,Meteorite,Meteorite,Meteorite,Meteorite,Meteorite,Meteorite,,,,
,,,,Banished Knight Helm (Altered),Death Knight Armor,,,,,,,,,,,,,,,,,,,,,,,,,,,,,,,,,,,,,,,,,,,,Meteorite,Meteorite,Meteorite,Meteorite,Meteorite,Meteorite,Meteorite,Meteorite,Meteorite,Meteorite,Meteorite,Meteorite,,,,
,,,,Night's Cavalry Helm,Horned Warrior Armor,,,,,,,,,,,,,,,,,,,,,,,,,,,,,,,,,,,,,,,,,,,,Meteorite of Astel,Meteorite of Astel,Meteorite of Astel,Meteorite of Astel,Meteorite of Astel,Meteorite of Astel,Meteorite of Astel,Meteorite of Astel,Meteorite of Astel,Meteorite of Astel,Meteorite of Astel,Meteorite of Astel,,,,
,,,,Night's Cavalry Helm (Altered),Divine Beast Warrior Armor,,,,,,,,,,,,,,,,,,,,,,,,,,,,,,,,,,,,,,,,,,,,Meteorite of Astel,Meteorite of Astel,Meteorite of Astel,Meteorite of Astel,Meteorite of Astel,Meteorite of Astel,Meteorite of Astel,Meteorite of Astel,Meteorite of Astel,Meteorite of Astel,Meteorite of Astel,Meteorite of Astel,,,,
,,,,Helm of Solitude,Divine Bird Warrior Armor,,,,,,,,,,,,,,,,,,,,,,,,,,,,,,,,,,,,,,,,,,,,Glintstone Nail,Glintstone Nail,Glintstone Nail,Glintstone Nail,Glintstone Nail,Glintstone Nail,Glintstone Nail,Glintstone Nail,Glintstone Nail,Glintstone Nail,Glintstone Nail,Glintstone Nail,,,,
,,,,Veteran's Helm,Oathseeker Knight Armor,,,,,,,,,,,,,,,,,,,,,,,,,,,,,,,,,,,,,,,,,,,,Glintstone Nail,Glintstone Nail,Glintstone Nail,Glintstone Nail,Glintstone Nail,Glintstone Nail,Glintstone Nail,Glintstone Nail,Glintstone Nail,Glintstone Nail,Glintstone Nail,Glintstone Nail,,,,
,,,,Scaled Helm,Leda's Armor,,,,,,,,,,,,,,,,,,,,,,,,,,,,,,,,,,,,,,,,,,,,Glintstone Nails,Glintstone Nails,Glintstone Nails,Glintstone Nails,Glintstone Nails,Glintstone Nails,Glintstone Nails,Glintstone Nails,Glintstone Nails,Glintstone Nails,Glintstone Nails,Glintstone Nails,,,,
,,,,Beast Champion Helm,Raging Wolf Armor,,,,,,,,,,,,,,,,,,,,,,,,,,,,,,,,,,,,,,,,,,,,Glintstone Nails,Glintstone Nails,Glintstone Nails,Glintstone Nails,Glintstone Nails,Glintstone Nails,Glintstone Nails,Glintstone Nails,Glintstone Nails,Glintstone Nails,Glintstone Nails,Glintstone Nails,,,,
,,,,Tree Sentinel Helm,Raging Wolf Armor (Altered),,,,,,,,,,,,,,,,,,,,,,,,,,,,,,,,,,,,,,,,,,,,Fleeting Microcosm,Fleeting Microcosm,Fleeting Microcosm,Fleeting Microcosm,Fleeting Microcosm,Fleeting Microcosm,Fleeting Microcosm,Fleeting Microcosm,Fleeting Microcosm,Fleeting Microcosm,Fleeting Microcosm,Fleeting Microcosm,,,,
,,,,Malformed Dragon Helm,Hoslow's Armor,,,,,,,,,,,,,,,,,,,,,,,,,,,,,,,,,,,,,,,,,,,,Fleeting Microcosm,Fleeting Microcosm,Fleeting Microcosm,Fleeting Microcosm,Fleeting Microcosm,Fleeting Microcosm,Fleeting Microcosm,Fleeting Microcosm,Fleeting Microcosm,Fleeting Microcosm,Fleeting Microcosm,Fleeting Microcosm,,,,
,,,,Crucible Axe Helm,Hoslow's Armor (Altered),,,,,,,,,,,,,,,,,,,,,,,,,,,,,,,,,,,,,,,,,,,,Fleeting Microcosm,Fleeting Microcosm,Fleeting Microcosm,Fleeting Microcosm,Fleeting Microcosm,Fleeting Microcosm,Fleeting Microcosm,Fleeting Microcosm,Fleeting Microcosm,Fleeting Microcosm,Fleeting Microcosm,Fleeting Microcosm,,,,
,,,,Crucible Tree Helm,Twinned Armor,,,,,,,,,,,,,,,,,,,,,,,,,,,,,,,,,,,,,,,,,,,,Fleeting Microcosm,Fleeting Microcosm,Fleeting Microcosm,Fleeting Microcosm,Fleeting Microcosm,Fleeting Microcosm,Fleeting Microcosm,Fleeting Microcosm,Fleeting Microcosm,Fleeting Microcosm,Fleeting Microcosm,Fleeting Microcosm,,,,
,,,,Crucible Hammer-Helm,Twinned Armor (Altered),,,,,,,,,,,,,,,,,,,,,,,,,,,,,,,,,,,,,,,,,,,,Cherishing Fingers,Cherishing Fingers,Cherishing Fingers,Cherishing Fingers,Cherishing Fingers,Cherishing Fingers,Cherishing Fingers,Cherishing Fingers,Cherishing Fingers,Cherishing Fingers,Cherishing Fingers,Cherishing Fingers,,,,
,,,,Gaius's Helm,Drake Knight Armor,,,,,,,,,,,,,,,,,,,,,,,,,,,,,,,,,,,,,,,,,,,,Cherishing Fingers,Cherishing Fingers,Cherishing Fingers,Cherishing Fingers,Cherishing Fingers,Cherishing Fingers,Cherishing Fingers,Cherishing Fingers,Cherishing Fingers,Cherishing Fingers,Cherishing Fingers,Cherishing Fingers,,,,
,,,,Radahn's Redmane Helm,Drake Knight Armor (Altered),,,,,,,,,,,,,,,,,,,,,,,,,,,,,,,,,,,,,,,,,,,,Oracle Bubbles,Oracle Bubbles,Oracle Bubbles,Oracle Bubbles,Oracle Bubbles,Oracle Bubbles,Oracle Bubbles,Oracle Bubbles,Oracle Bubbles,Oracle Bubbles,Oracle Bubbles,Oracle Bubbles,,,,
,,,,Young Lion's Helm,Blaidd's Armor,,,,,,,,,,,,,,,,,,,,,,,,,,,,,,,,,,,,,,,,,,,,Oracle Bubbles,Oracle Bubbles,Oracle Bubbles,Oracle Bubbles,Oracle Bubbles,Oracle Bubbles,Oracle Bubbles,Oracle Bubbles,Oracle Bubbles,Oracle Bubbles,Oracle Bubbles,Oracle Bubbles,,,,
,,,,Lionel's Helm,Blaidd's Armor (Altered),,,,,,,,,,,,,,,,,,,,,,,,,,,,,,,,,,,,,,,,,,,,Great Oracular Bubble,Great Oracular Bubble,Great Oracular Bubble,Great Oracular Bubble,Great Oracular Bubble,Great Oracular Bubble,Great Oracular Bubble,Great Oracular Bubble,Great Oracular Bubble,Great Oracular Bubble,Great Oracular Bubble,Great Oracular Bubble,,,,
,,,,Bull-Goat Helm,Briar Armor,,,,,,,,,,,,,,,,,,,,,,,,,,,,,,,,,,,,,,,,,,,,Great Oracular Bubble,Great Oracular Bubble,Great Oracular Bubble,Great Oracular Bubble,Great Oracular Bubble,Great Oracular Bubble,Great Oracular Bubble,Great Oracular Bubble,Great Oracular Bubble,Great Oracular Bubble,Great Oracular Bubble,Great Oracular Bubble,,,,
,,,,Verdigris Helm,Briar Armor (Altered),,,,,,,,,,,,,,,,,,,,,,,,,,,,,,,,,,,,,,,,,,,,Briars of Sin,Briars of Sin,Briars of Sin,Briars of Sin,Briars of Sin,Briars of Sin,Briars of Sin,Briars of Sin,Briars of Sin,Briars of Sin,Briars of Sin,Briars of Sin,,,,
,,,,Omen Helm,Fingerprint Armor,,,,,,,,,,,,,,,,,,,,,,,,,,,,,,,,,,,,,,,,,,,,Briars of Sin,Briars of Sin,Briars of Sin,Briars of Sin,Briars of Sin,Briars of Sin,Briars of Sin,Briars of Sin,Briars of Sin,Briars of Sin,Briars of Sin,Briars of Sin,,,,
,,,,Fire Prelate Helm,Fingerprint Armor (Altered),,,,,,,,,,,,,,,,,,,,,,,,,,,,,,,,,,,,,,,,,,,,Briars of Sin,Briars of Sin,Briars of Sin,Briars of Sin,Briars of Sin,Briars of Sin,Briars of Sin,Briars of Sin,Briars of Sin,Briars of Sin,Briars of Sin,Briars of Sin,,,,
,,,,Pumpkin Helm,Rakshasa Armor,,,,,,,,,,,,,,,,,,,,,,,,,,,,,,,,,,,,,,,,,,,,Briars of Punishment,Briars of Punishment,Briars of Punishment,Briars of Punishment,Briars of Punishment,Briars of Punishment,Briars of Punishment,Briars of Punishment,Briars of Punishment,Briars of Punishment,Briars of Punishment,Briars of Punishment,,,,
,,,,Divine Beast Head,Royal Remains Armor,,,,,,,,,,,,,,,,,,,,,,,,,,,,,,,,,,,,,,,,,,,,Mantle of Thorns,Mantle of Thorns,Mantle of Thorns,Mantle of Thorns,Mantle of Thorns,Mantle of Thorns,Mantle of Thorns,Mantle of Thorns,Mantle of Thorns,Mantle of Thorns,Mantle of Thorns,Mantle of Thorns,,,,
,,,,,All-Knowing Armor,,,,,,,,,,,,,,,,,,,,,,,,,,,,,,,,,,,,,,,,,,,,Impenetrable Thorns,Impenetrable Thorns,Impenetrable Thorns,Impenetrable Thorns,Impenetrable Thorns,Impenetrable Thorns,Impenetrable Thorns,Impenetrable Thorns,Impenetrable Thorns,Impenetrable Thorns,Impenetrable Thorns,Impenetrable Thorns,,,,
,,,,,All-Knowing Armor (Altered),,,,,,,,,,,,,,,,,,,,,,,,,,,,,,,,,,,,,,,,,,,,Rancorcall,Rancorcall,Rancorcall,Rancorcall,Rancorcall,Rancorcall,Rancorcall,Rancorcall,Rancorcall,Rancorcall,Rancorcall,Rancorcall,,,,
,,,,,Royal Knight Armor,,,,,,,,,,,,,,,,,,,,,,,,,,,,,,,,,,,,,,,,,,,,Rancorcall,Rancorcall,Rancorcall,Rancorcall,Rancorcall,Rancorcall,Rancorcall,Rancorcall,Rancorcall,Rancorcall,Rancorcall,Rancorcall,,,,
,,,,,Royal Knight Armor (Altered),,,,,,,,,,,,,,,,,,,,,,,,,,,,,,,,,,,,,,,,,,,,Ancient Death Rancor,Ancient Death Rancor,Ancient Death Rancor,Ancient Death Rancor,Ancient Death Rancor,Ancient Death Rancor,Ancient Death Rancor,Ancient Death Rancor,Ancient Death Rancor,Ancient Death Rancor,Ancient Death Rancor,Ancient Death Rancor,,,,
,,,,,Rellana's Armor,,,,,,,,,,,,,,,,,,,,,,,,,,,,,,,,,,,,,,,,,,,,Ancient Death Rancor,Ancient Death Rancor,Ancient Death Rancor,Ancient Death Rancor,Ancient Death Rancor,Ancient Death Rancor,Ancient Death Rancor,Ancient Death Rancor,Ancient Death Rancor,Ancient Death Rancor,Ancient Death Rancor,Ancient Death Rancor,,,,
,,,,,Maliketh's Armor,,,,,,,,,,,,,,,,,,,,,,,,,,,,,,,,,,,,,,,,,,,,Rings of Spectral Light,Rings of Spectral Light,Rings of Spectral Light,Rings of Spectral Light,Rings of Spectral Light,Rings of Spectral Light,Rings of Spectral Light,Rings of Spectral Light,Rings of Spectral Light,Rings of Spectral Light,Rings of Spectral Light,Rings of Spectral Light,,,,
,,,,,Maliketh's Armor (Altered),,,,,,,,,,,,,,,,,,,,,,,,,,,,,,,,,,,,,,,,,,,,Rings of Spectral Light,Rings of Spectral Light,Rings of Spectral Light,Rings of Spectral Light,Rings of Spectral Light,Rings of Spectral Light,Rings of Spectral Light,Rings of Spectral Light,Rings of Spectral Light,Rings of Spectral Light,Rings of Spectral Light,Rings of Spectral Light,,,,
,,,,,Banished Knight Armor,,,,,,,,,,,,,,,,,,,,,,,,,,,,,,,,,,,,,,,,,,,,Explosive Ghostflame,Explosive Ghostflame,Explosive Ghostflame,Explosive Ghostflame,Explosive Ghostflame,Explosive Ghostflame,Explosive Ghostflame,Explosive Ghostflame,Explosive Ghostflame,Explosive Ghostflame,Explosive Ghostflame,Explosive Ghostflame,,,,
,,,,,Banished Knight Armor (Altered),,,,,,,,,,,,,,,,,,,,,,,,,,,,,,,,,,,,,,,,,,,,Explosive Ghostflame,Explosive Ghostflame,Explosive Ghostflame,Explosive Ghostflame,Explosive Ghostflame,Explosive Ghostflame,Explosive Ghostflame,Explosive Ghostflame,Explosive Ghostflame,Explosive Ghostflame,Explosive Ghostflame,Explosive Ghostflame,,,,
,,,,,Night's Cavalry Armor,,,,,,,,,,,,,,,,,,,,,,,,,,,,,,,,,,,,,,,,,,,,Fia's Mist,Fia's Mist,Fia's Mist,Fia's Mist,Fia's Mist,Fia's Mist,Fia's Mist,Fia's Mist,Fia's Mist,Fia's Mist,Fia's Mist,Fia's Mist,,,,
,,,,,Night's Cavalry Armor (Altered),,,,,,,,,,,,,,,,,,,,,,,,,,,,,,,,,,,,,,,,,,,,Fia's Mist,Fia's Mist,Fia's Mist,Fia's Mist,Fia's Mist,Fia's Mist,Fia's Mist,Fia's Mist,Fia's Mist,Fia's Mist,Fia's Mist,Fia's Mist,,,,
,,,,,Armor of Solitude,,,,,,,,,,,,,,,,,,,,,,,,,,,,,,,,,,,,,,,,,,,,Tibia's Summons,Tibia's Summons,Tibia's Summons,Tibia's Summons,Tibia's Summons,Tibia's Summons,Tibia's Summons,Tibia's Summons,Tibia's Summons,Tibia's Summons,Tibia's Summons,Tibia's Summons,,,,
,,,,,Armor of Solitude (Altered),,,,,,,,,,,,,,,,,,,,,,,,,,,,,,,,,,,,,,,,,,,,Mass of Putrescence,Mass of Putrescence,Mass of Putrescence,Mass of Putrescence,Mass of Putrescence,Mass of Putrescence,Mass of Putrescence,Mass of Putrescence,Mass of Putrescence,Mass of Putrescence,Mass of Putrescence,Mass of Putrescence,,,,
,,,,,Veteran's Armor,,,,,,,,,,,,,,,,,,,,,,,,,,,,,,,,,,,,,,,,,,,,Mass of Putrescence,Mass of Putrescence,Mass of Putrescence,Mass of Putrescence,Mass of Putrescence,Mass of Putrescence,Mass of Putrescence,Mass of Putrescence,Mass of Putrescence,Mass of Putrescence,Mass of Putrescence,Mass of Putrescence,,,,
,,,,,Veteran's Armor (Altered),,,,,,,,,,,,,,,,,,,,,,,,,,,,,,,,,,,,,,,,,,,,Mass of Putrescence,Mass of Putrescence,Mass of Putrescence,Mass of Putrescence,Mass of Putrescence,Mass of Putrescence,Mass of Putrescence,Mass of Putrescence,Mass of Putrescence,Mass of Putrescence,Mass of Putrescence,Mass of Putrescence,,,,
,,,,,Scaled Armor,,,,,,,,,,,,,,,,,,,,,,,,,,,,,,,,,,,,,,,,,,,,Mass of Putrescence,Mass of Putrescence,Mass of Putrescence,Mass of Putrescence,Mass of Putrescence,Mass of Putrescence,Mass of Putrescence,Mass of Putrescence,Mass of Putrescence,Mass of Putrescence,Mass of Putrescence,Mass of Putrescence,,,,
,,,,,Scaled Armor (Altered),,,,,,,,,,,,,,,,,,,,,,,,,,,,,,,,,,,,,,,,,,,,Vortex of Putrescence,Vortex of Putrescence,Vortex of Putrescence,Vortex of Putrescence,Vortex of Putrescence,Vortex of Putrescence,Vortex of Putrescence,Vortex of Putrescence,Vortex of Putrescence,Vortex of Putrescence,Vortex of Putrescence,Vortex of Putrescence,,,,
,,,,,Beast Champion Armor,,,,,,,,,,,,,,,,,,,,,,,,,,,,,,,,,,,,,,,,,,,,Urgent Heal,Urgent Heal,Urgent Heal,Urgent Heal,Urgent Heal,Urgent Heal,Urgent Heal,Urgent Heal,Urgent Heal,Urgent Heal,Urgent Heal,Urgent Heal,,,,
,,,,,Beast Champion Armor (Altered),,,,,,,,,,,,,,,,,,,,,,,,,,,,,,,,,,,,,,,,,,,,Heal,Heal,Heal,Heal,Heal,Heal,Heal,Heal,Heal,Heal,Heal,Heal,,,,
,,,,,Tree Sentinel Armor,,,,,,,,,,,,,,,,,,,,,,,,,,,,,,,,,,,,,,,,,,,,Heal,Heal,Heal,Heal,Heal,Heal,Heal,Heal,Heal,Heal,Heal,Heal,,,,
,,,,,Tree Sentinel Armor (Altered),,,,,,,,,,,,,,,,,,,,,,,,,,,,,,,,,,,,,,,,,,,,Heal,Heal,Heal,Heal,Heal,Heal,Heal,Heal,Heal,Heal,Heal,Heal,,,,
,,,,,Malformed Dragon Armor,,,,,,,,,,,,,,,,,,,,,,,,,,,,,,,,,,,,,,,,,,,,Great Heal,Great Heal,Great Heal,Great Heal,Great Heal,Great Heal,Great Heal,Great Heal,Great Heal,Great Heal,Great Heal,Great Heal,,,,
,,,,,Crucible Axe Armor,,,,,,,,,,,,,,,,,,,,,,,,,,,,,,,,,,,,,,,,,,,,Great Heal,Great Heal,Great Heal,Great Heal,Great Heal,Great Heal,Great Heal,Great Heal,Great Heal,Great Heal,Great Heal,Great Heal,,,,
,,,,,Crucible Axe Armor (Altered),,,,,,,,,,,,,,,,,,,,,,,,,,,,,,,,,,,,,,,,,,,,Great Heal,Great Heal,Great Heal,Great Heal,Great Heal,Great Heal,Great Heal,Great Heal,Great Heal,Great Heal,Great Heal,Great Heal,,,,
,,,,,Crucible Tree Armor,,,,,,,,,,,,,,,,,,,,,,,,,,,,,,,,,,,,,,,,,,,,Lord's Heal,Lord's Heal,Lord's Heal,Lord's Heal,Lord's Heal,Lord's Heal,Lord's Heal,Lord's Heal,Lord's Heal,Lord's Heal,Lord's Heal,Lord's Heal,,,,
,,,,,Crucible Tree Armor (Altered),,,,,,,,,,,,,,,,,,,,,,,,,,,,,,,,,,,,,,,,,,,,Lord's Heal,Lord's Heal,Lord's Heal,Lord's Heal,Lord's Heal,Lord's Heal,Lord's Heal,Lord's Heal,Lord's Heal,Lord's Heal,Lord's Heal,Lord's Heal,,,,
,,,,,Gaius's Armor,,,,,,,,,,,,,,,,,,,,,,,,,,,,,,,,,,,,,,,,,,,,Lord's Heal,Lord's Heal,Lord's Heal,Lord's Heal,Lord's Heal,Lord's Heal,Lord's Heal,Lord's Heal,Lord's Heal,Lord's Heal,Lord's Heal,Lord's Heal,,,,
,,,,,Radahn's Lion Armor,,,,,,,,,,,,,,,,,,,,,,,,,,,,,,,,,,,,,,,,,,,,Cure Poison,Cure Poison,Cure Poison,Cure Poison,Cure Poison,Cure Poison,Cure Poison,Cure Poison,Cure Poison,Cure Poison,Cure Poison,Cure Poison,,,,
,,,,,Radahn's Lion Armor (Altered),,,,,,,,,,,,,,,,,,,,,,,,,,,,,,,,,,,,,,,,,,,,Lord's Aid,Lord's Aid,Lord's Aid,Lord's Aid,Lord's Aid,Lord's Aid,Lord's Aid,Lord's Aid,Lord's Aid,Lord's Aid,Lord's Aid,Lord's Aid,,,,
,,,,,Young Lion's Armor,,,,,,,,,,,,,,,,,,,,,,,,,,,,,,,,,,,,,,,,,,,,Magic Fortification,Magic Fortification,Magic Fortification,Magic Fortification,Magic Fortification,Magic Fortification,Magic Fortification,Magic Fortification,Magic Fortification,Magic Fortification,Magic Fortification,Magic Fortification,,,,
,,,,,Young Lion's Armor (Altered),,,,,,,,,,,,,,,,,,,,,,,,,,,,,,,,,,,,,,,,,,,,Flame Fortification,Flame Fortification,Flame Fortification,Flame Fortification,Flame Fortification,Flame Fortification,Flame Fortification,Flame Fortification,Flame Fortification,Flame Fortification,Flame Fortification,Flame Fortification,,,,
,,,,,Lionel's Armor,,,,,,,,,,,,,,,,,,,,,,,,,,,,,,,,,,,,,,,,,,,,Lightning Fortification,Lightning Fortification,Lightning Fortification,Lightning Fortification,Lightning Fortification,Lightning Fortification,Lightning Fortification,Lightning Fortification,Lightning Fortification,Lightning Fortification,Lightning Fortification,Lightning Fortification,,,,
,,,,,Lionel's Armor (Altered),,,,,,,,,,,,,,,,,,,,,,,,,,,,,,,,,,,,,,,,,,,,Divine Fortification,Divine Fortification,Divine Fortification,Divine Fortification,Divine Fortification,Divine Fortification,Divine Fortification,Divine Fortification,Divine Fortification,Divine Fortification,Divine Fortification,Divine Fortification,,,,
,,,,,Bull-Goat Armor,,,,,,,,,,,,,,,,,,,,,,,,,,,,,,,,,,,,,,,,,,,,Lord's Divine Fortification,Lord's Divine Fortification,Lord's Divine Fortification,Lord's Divine Fortification,Lord's Divine Fortification,Lord's Divine Fortification,Lord's Divine Fortification,Lord's Divine Fortification,Lord's Divine Fortification,Lord's Divine Fortification,Lord's Divine Fortification,Lord's Divine Fortification,,,,
,,,,,Verdigris Armor,,,,,,,,,,,,,,,,,,,,,,,,,,,,,,,,,,,,,,,,,,,,Rejection,Rejection,Rejection,Rejection,Rejection,Rejection,Rejection,Rejection,Rejection,Rejection,Rejection,Rejection,,,,
,,,,,Omen Armor,,,,,,,,,,,,,,,,,,,,,,,,,,,,,,,,,,,,,,,,,,,,Rejection,Rejection,Rejection,Rejection,Rejection,Rejection,Rejection,Rejection,Rejection,Rejection,Rejection,Rejection,,,,
,,,,,Fire Prelate Armor,,,,,,,,,,,,,,,,,,,,,,,,,,,,,,,,,,,,,,,,,,,,Shadow Bait,Shadow Bait,Shadow Bait,Shadow Bait,Shadow Bait,Shadow Bait,Shadow Bait,Shadow Bait,Shadow Bait,Shadow Bait,Shadow Bait,Shadow Bait,,,,
,,,,,Fire Prelate Armor (Altered),,,,,,,,,,,,,,,,,,,,,,,,,,,,,,,,,,,,,,,,,,,,Shadow Bait,Shadow Bait,Shadow Bait,Shadow Bait,Shadow Bait,Shadow Bait,Shadow Bait,Shadow Bait,Shadow Bait,Shadow Bait,Shadow Bait,Shadow Bait,,,,
,,,,,,,,,,,,,,,,,,,,,,,,,,,,,,,,,,,,,,,,,,,,,,,,,Darkness,Darkness,Darkness,Darkness,Darkness,Darkness,Darkness,Darkness,Darkness,Darkness,Darkness,Darkness,,,,
,,,,,,,,,,,,,,,,,,,,,,,,,,,,,,,,,,,,,,,,,,,,,,,,,Darkness,Darkness,Darkness,Darkness,Darkness,Darkness,Darkness,Darkness,Darkness,Darkness,Darkness,Darkness,,,,
,,,,,,,,,,,,,,,,,,,,,,,,,,,,,,,,,,,,,,,,,,,,,,,,,Assassin's Approach,Assassin's Approach,Assassin's Approach,Assassin's Approach,Assassin's Approach,Assassin's Approach,Assassin's Approach,Assassin's Approach,Assassin's Approach,Assassin's Approach,Assassin's Approach,Assassin's Approach,,,,
,,,,,,,,,,,,,,,,,,,,,,,,,,,,,,,,,,,,,,,,,,,,,,,,,Golden Vow,Golden Vow,Golden Vow,Golden Vow,Golden Vow,Golden Vow,Golden Vow,Golden Vow,Golden Vow,Golden Vow,Golden Vow,Golden Vow,,,,
,,,,,,,,,,,,,,,,,,,,,,,,,,,,,,,,,,,,,,,,,,,,,,,,,Barrier of Gold,Barrier of Gold,Barrier of Gold,Barrier of Gold,Barrier of Gold,Barrier of Gold,Barrier of Gold,Barrier of Gold,Barrier of Gold,Barrier of Gold,Barrier of Gold,Barrier of Gold,,,,
,,,,,,,,,,,,,,,,,,,,,,,,,,,,,,,,,,,,,,,,,,,,,,,,,Golden Lightning Fortification,Golden Lightning Fortification,Golden Lightning Fortification,Golden Lightning Fortification,Golden Lightning Fortification,Golden Lightning Fortification,Golden Lightning Fortification,Golden Lightning Fortification,Golden Lightning Fortification,Golden Lightning Fortification,Golden Lightning Fortification,Golden Lightning Fortification,,,,
,,,,,,,,,,,,,,,,,,,,,,,,,,,,,,,,,,,,,,,,,,,,,,,,,Protection of the Erdtree,Protection of the Erdtree,Protection of the Erdtree,Protection of the Erdtree,Protection of the Erdtree,Protection of the Erdtree,Protection of the Erdtree,Protection of the Erdtree,Protection of the Erdtree,Protection of the Erdtree,Protection of the Erdtree,Protection of the Erdtree,,,,
,,,,,,,,,,,,,,,,,,,,,,,,,,,,,,,,,,,,,,,,,,,,,,,,,Wrath of Gold,Wrath of Gold,Wrath of Gold,Wrath of Gold,Wrath of Gold,Wrath of Gold,Wrath of Gold,Wrath of Gold,Wrath of Gold,Wrath of Gold,Wrath of Gold,Wrath of Gold,,,,
,,,,,,,,,,,,,,,,,,,,,,,,,,,,,,,,,,,,,,,,,,,,,,,,,Wrath of Gold,Wrath of Gold,Wrath of Gold,Wrath of Gold,Wrath of Gold,Wrath of Gold,Wrath of Gold,Wrath of Gold,Wrath of Gold,Wrath of Gold,Wrath of Gold,Wrath of Gold,,,,
,,,,,,,,,,,,,,,,,,,,,,,,,,,,,,,,,,,,,,,,,,,,,,,,,Wrath from Afar,Wrath from Afar,Wrath from Afar,Wrath from Afar,Wrath from Afar,Wrath from Afar,Wrath from Afar,Wrath from Afar,Wrath from Afar,Wrath from Afar,Wrath from Afar,Wrath from Afar,,,,
,,,,,,,,,,,,,,,,,,,,,,,,,,,,,,,,,,,,,,,,,,,,,,,,,Wrath from Afar,Wrath from Afar,Wrath from Afar,Wrath from Afar,Wrath from Afar,Wrath from Afar,Wrath from Afar,Wrath from Afar,Wrath from Afar,Wrath from Afar,Wrath from Afar,Wrath from Afar,,,,
,,,,,,,,,,,,,,,,,,,,,,,,,,,,,,,,,,,,,,,,,,,,,,,,,Heal from Afar,Heal from Afar,Heal from Afar,Heal from Afar,Heal from Afar,Heal from Afar,Heal from Afar,Heal from Afar,Heal from Afar,Heal from Afar,Heal from Afar,Heal from Afar,,,,
,,,,,,,,,,,,,,,,,,,,,,,,,,,,,,,,,,,,,,,,,,,,,,,,,Heal from Afar,Heal from Afar,Heal from Afar,Heal from Afar,Heal from Afar,Heal from Afar,Heal from Afar,Heal from Afar,Heal from Afar,Heal from Afar,Heal from Afar,Heal from Afar,,,,
,,,,,,,,,,,,,,,,,,,,,,,,,,,,,,,,,,,,,,,,,,,,,,,,,Heal from Afar,Heal from Afar,Heal from Afar,Heal from Afar,Heal from Afar,Heal from Afar,Heal from Afar,Heal from Afar,Heal from Afar,Heal from Afar,Heal from Afar,Heal from Afar,,,,
,,,,,,,,,,,,,,,,,,,,,,,,,,,,,,,,,,,,,,,,,,,,,,,,,Erdtree Heal,Erdtree Heal,Erdtree Heal,Erdtree Heal,Erdtree Heal,Erdtree Heal,Erdtree Heal,Erdtree Heal,Erdtree Heal,Erdtree Heal,Erdtree Heal,Erdtree Heal,,,,
,,,,,,,,,,,,,,,,,,,,,,,,,,,,,,,,,,,,,,,,,,,,,,,,,Erdtree Heal,Erdtree Heal,Erdtree Heal,Erdtree Heal,Erdtree Heal,Erdtree Heal,Erdtree Heal,Erdtree Heal,Erdtree Heal,Erdtree Heal,Erdtree Heal,Erdtree Heal,,,,
,,,,,,,,,,,,,,,,,,,,,,,,,,,,,,,,,,,,,,,,,,,,,,,,,Erdtree Heal,Erdtree Heal,Erdtree Heal,Erdtree Heal,Erdtree Heal,Erdtree Heal,Erdtree Heal,Erdtree Heal,Erdtree Heal,Erdtree Heal,Erdtree Heal,Erdtree Heal,,,,
,,,,,,,,,,,,,,,,,,,,,,,,,,,,,,,,,,,,,,,,,,,,,,,,,Blessing's Boon,Blessing's Boon,Blessing's Boon,Blessing's Boon,Blessing's Boon,Blessing's Boon,Blessing's Boon,Blessing's Boon,Blessing's Boon,Blessing's Boon,Blessing's Boon,Blessing's Boon,,,,
,,,,,,,,,,,,,,,,,,,,,,,,,,,,,,,,,,,,,,,,,,,,,,,,,Blessing's Boon,Blessing's Boon,Blessing's Boon,Blessing's Boon,Blessing's Boon,Blessing's Boon,Blessing's Boon,Blessing's Boon,Blessing's Boon,Blessing's Boon,Blessing's Boon,Blessing's Boon,,,,
,,,,,,,,,,,,,,,,,,,,,,,,,,,,,,,,,,,,,,,,,,,,,,,,,Blessing's Boon,Blessing's Boon,Blessing's Boon,Blessing's Boon,Blessing's Boon,Blessing's Boon,Blessing's Boon,Blessing's Boon,Blessing's Boon,Blessing's Boon,Blessing's Boon,Blessing's Boon,,,,
,,,,,,,,,,,,,,,,,,,,,,,,,,,,,,,,,,,,,,,,,,,,,,,,,Blessing of the Erdtree,Blessing of the Erdtree,Blessing of the Erdtree,Blessing of the Erdtree,Blessing of the Erdtree,Blessing of the Erdtree,Blessing of the Erdtree,Blessing of the Erdtree,Blessing of the Erdtree,Blessing of the Erdtree,Blessing of the Erdtree,Blessing of the Erdtree,,,,
,,,,,,,,,,,,,,,,,,,,,,,,,,,,,,,,,,,,,,,,,,,,,,,,,Blessing of the Erdtree,Blessing of the Erdtree,Blessing of the Erdtree,Blessing of the Erdtree,Blessing of the Erdtree,Blessing of the Erdtree,Blessing of the Erdtree,Blessing of the Erdtree,Blessing of the Erdtree,Blessing of the Erdtree,Blessing of the Erdtree,Blessing of the Erdtree,,,,
,,,,,,,,,,,,,,,,,,,,,,,,,,,,,,,,,,,,,,,,,,,,,,,,,Blessing of the Erdtree,Blessing of the Erdtree,Blessing of the Erdtree,Blessing of the Erdtree,Blessing of the Erdtree,Blessing of the Erdtree,Blessing of the Erdtree,Blessing of the Erdtree,Blessing of the Erdtree,Blessing of the Erdtree,Blessing of the Erdtree,Blessing of the Erdtree,,,,
,,,,,,,,,,,,,,,,,,,,,,,,,,,,,,,,,,,,,,,,,,,,,,,,,Minor Erdtree,Minor Erdtree,Minor Erdtree,Minor Erdtree,Minor Erdtree,Minor Erdtree,Minor Erdtree,Minor Erdtree,Minor Erdtree,Minor Erdtree,Minor Erdtree,Minor Erdtree,,,,
,,,,,,,,,,,,,,,,,,,,,,,,,,,,,,,,,,,,,,,,,,,,,,,,,Minor Erdtree,Minor Erdtree,Minor Erdtree,Minor Erdtree,Minor Erdtree,Minor Erdtree,Minor Erdtree,Minor Erdtree,Minor Erdtree,Minor Erdtree,Minor Erdtree,Minor Erdtree,,,,
,,,,,,,,,,,,,,,,,,,,,,,,,,,,,,,,,,,,,,,,,,,,,,,,,Aspects of the Crucible: Breath,Aspects of the Crucible: Breath,Aspects of the Crucible: Breath,Aspects of the Crucible: Breath,Aspects of the Crucible: Breath,Aspects of the Crucible: Breath,Aspects of the Crucible: Breath,Aspects of the Crucible: Breath,Aspects of the Crucible: Breath,Aspects of the Crucible: Breath,Aspects of the Crucible: Breath,Aspects of the Crucible: Breath,,,,
,,,,,,,,,,,,,,,,,,,,,,,,,,,,,,,,,,,,,,,,,,,,,,,,,Aspects of the Crucible: Tail,Aspects of the Crucible: Tail,Aspects of the Crucible: Tail,Aspects of the Crucible: Tail,Aspects of the Crucible: Tail,Aspects of the Crucible: Tail,Aspects of the Crucible: Tail,Aspects of the Crucible: Tail,Aspects of the Crucible: Tail,Aspects of the Crucible: Tail,Aspects of the Crucible: Tail,Aspects of the Crucible: Tail,,,,
,,,,,,,,,,,,,,,,,,,,,,,,,,,,,,,,,,,,,,,,,,,,,,,,,Aspects of the Crucible: Tail,Aspects of the Crucible: Tail,Aspects of the Crucible: Tail,Aspects of the Crucible: Tail,Aspects of the Crucible: Tail,Aspects of the Crucible: Tail,Aspects of the Crucible: Tail,Aspects of the Crucible: Tail,Aspects of the Crucible: Tail,Aspects of the Crucible: Tail,Aspects of the Crucible: Tail,Aspects of the Crucible: Tail,,,,
,,,,,,,,,,,,,,,,,,,,,,,,,,,,,,,,,,,,,,,,,,,,,,,,,Aspects of the Crucible: Horns,Aspects of the Crucible: Horns,Aspects of the Crucible: Horns,Aspects of the Crucible: Horns,Aspects of the Crucible: Horns,Aspects of the Crucible: Horns,Aspects of the Crucible: Horns,Aspects of the Crucible: Horns,Aspects of the Crucible: Horns,Aspects of the Crucible: Horns,Aspects of the Crucible: Horns,Aspects of the Crucible: Horns,,,,
,,,,,,,,,,,,,,,,,,,,,,,,,,,,,,,,,,,,,,,,,,,,,,,,,Aspects of the Crucible: Horns,Aspects of the Crucible: Horns,Aspects of the Crucible: Horns,Aspects of the Crucible: Horns,Aspects of the Crucible: Horns,Aspects of the Crucible: Horns,Aspects of the Crucible: Horns,Aspects of the Crucible: Horns,Aspects of the Crucible: Horns,Aspects of the Crucible: Horns,Aspects of the Crucible: Horns,Aspects of the Crucible: Horns,,,,
,,,,,,,,,,,,,,,,,,,,,,,,,,,,,,,,,,,,,,,,,,,,,,,,,Aspects of the Crucible: Horns,Aspects of the Crucible: Horns,Aspects of the Crucible: Horns,Aspects of the Crucible: Horns,Aspects of the Crucible: Horns,Aspects of the Crucible: Horns,Aspects of the Crucible: Horns,Aspects of the Crucible: Horns,Aspects of the Crucible: Horns,Aspects of the Crucible: Horns,Aspects of the Crucible: Horns,Aspects of the Crucible: Horns,,,,
,,,,,,,,,,,,,,,,,,,,,,,,,,,,,,,,,,,,,,,,,,,,,,,,,Aspects of the Crucible: Horns,Aspects of the Crucible: Horns,Aspects of the Crucible: Horns,Aspects of the Crucible: Horns,Aspects of the Crucible: Horns,Aspects of the Crucible: Horns,Aspects of the Crucible: Horns,Aspects of the Crucible: Horns,Aspects of the Crucible: Horns,Aspects of the Crucible: Horns,Aspects of the Crucible: Horns,Aspects of the Crucible: Horns,,,,
,,,,,,,,,,,,,,,,,,,,,,,,,,,,,,,,,,,,,,,,,,,,,,,,,Aspects of the Crucible: Thorns,Aspects of the Crucible: Thorns,Aspects of the Crucible: Thorns,Aspects of the Crucible: Thorns,Aspects of the Crucible: Thorns,Aspects of the Crucible: Thorns,Aspects of the Crucible: Thorns,Aspects of the Crucible: Thorns,Aspects of the Crucible: Thorns,Aspects of the Crucible: Thorns,Aspects of the Crucible: Thorns,Aspects of the Crucible: Thorns,,,,
,,,,,,,,,,,,,,,,,,,,,,,,,,,,,,,,,,,,,,,,,,,,,,,,,Aspects of the Crucible: Thorns,Aspects of the Crucible: Thorns,Aspects of the Crucible: Thorns,Aspects of the Crucible: Thorns,Aspects of the Crucible: Thorns,Aspects of the Crucible: Thorns,Aspects of the Crucible: Thorns,Aspects of the Crucible: Thorns,Aspects of the Crucible: Thorns,Aspects of the Crucible: Thorns,Aspects of the Crucible: Thorns,Aspects of the Crucible: Thorns,,,,
,,,,,,,,,,,,,,,,,,,,,,,,,,,,,,,,,,,,,,,,,,,,,,,,,Aspects of the Crucible: Bloom,Aspects of the Crucible: Bloom,Aspects of the Crucible: Bloom,Aspects of the Crucible: Bloom,Aspects of the Crucible: Bloom,Aspects of the Crucible: Bloom,Aspects of the Crucible: Bloom,Aspects of the Crucible: Bloom,Aspects of the Crucible: Bloom,Aspects of the Crucible: Bloom,Aspects of the Crucible: Bloom,Aspects of the Crucible: Bloom,,,,
,,,,,,,,,,,,,,,,,,,,,,,,,,,,,,,,,,,,,,,,,,,,,,,,,Aspects of the Crucible: Bloom,Aspects of the Crucible: Bloom,Aspects of the Crucible: Bloom,Aspects of the Crucible: Bloom,Aspects of the Crucible: Bloom,Aspects of the Crucible: Bloom,Aspects of the Crucible: Bloom,Aspects of the Crucible: Bloom,Aspects of the Crucible: Bloom,Aspects of the Crucible: Bloom,Aspects of the Crucible: Bloom,Aspects of the Crucible: Bloom,,,,
,,,,,,,,,,,,,,,,,,,,,,,,,,,,,,,,,,,,,,,,,,,,,,,,,Land of Shadow,Land of Shadow,Land of Shadow,Land of Shadow,Land of Shadow,Land of Shadow,Land of Shadow,Land of Shadow,Land of Shadow,Land of Shadow,Land of Shadow,Land of Shadow,,,,
,,,,,,,,,,,,,,,,,,,,,,,,,,,,,,,,,,,,,,,,,,,,,,,,,Land of Shadow,Land of Shadow,Land of Shadow,Land of Shadow,Land of Shadow,Land of Shadow,Land of Shadow,Land of Shadow,Land of Shadow,Land of Shadow,Land of Shadow,Land of Shadow,,,,
,,,,,,,,,,,,,,,,,,,,,,,,,,,,,,,,,,,,,,,,,,,,,,,,,Elden Stars,Elden Stars,Elden Stars,Elden Stars,Elden Stars,Elden Stars,Elden Stars,Elden Stars,Elden Stars,Elden Stars,Elden Stars,Elden Stars,,,,
,,,,,,,,,,,,,,,,,,,,,,,,,,,,,,,,,,,,,,,,,,,,,,,,,Elden Stars,Elden Stars,Elden Stars,Elden Stars,Elden Stars,Elden Stars,Elden Stars,Elden Stars,Elden Stars,Elden Stars,Elden Stars,Elden Stars,,,,
,,,,,,,,,,,,,,,,,,,,,,,,,,,,,,,,,,,,,,,,,,,,,,,,,Elden Stars,Elden Stars,Elden Stars,Elden Stars,Elden Stars,Elden Stars,Elden Stars,Elden Stars,Elden Stars,Elden Stars,Elden Stars,Elden Stars,,,,
,,,,,,,,,,,,,,,,,,,,,,,,,,,,,,,,,,,,,,,,,,,,,,,,,Black Blade,Black Blade,Black Blade,Black Blade,Black Blade,Black Blade,Black Blade,Black Blade,Black Blade,Black Blade,Black Blade,Black Blade,,,,
,,,,,,,,,,,,,,,,,,,,,,,,,,,,,,,,,,,,,,,,,,,,,,,,,Black Blade,Black Blade,Black Blade,Black Blade,Black Blade,Black Blade,Black Blade,Black Blade,Black Blade,Black Blade,Black Blade,Black Blade,,,,
,,,,,,,,,,,,,,,,,,,,,,,,,,,,,,,,,,,,,,,,,,,,,,,,,Black Blade,Black Blade,Black Blade,Black Blade,Black Blade,Black Blade,Black Blade,Black Blade,Black Blade,Black Blade,Black Blade,Black Blade,,,,
,,,,,,,,,,,,,,,,,,,,,,,,,,,,,,,,,,,,,,,,,,,,,,,,,Black Blade,Black Blade,Black Blade,Black Blade,Black Blade,Black Blade,Black Blade,Black Blade,Black Blade,Black Blade,Black Blade,Black Blade,,,,
,,,,,,,,,,,,,,,,,,,,,,,,,,,,,,,,,,,,,,,,,,,,,,,,,Black Blade,Black Blade,Black Blade,Black Blade,Black Blade,Black Blade,Black Blade,Black Blade,Black Blade,Black Blade,Black Blade,Black Blade,,,,
,,,,,,,,,,,,,,,,,,,,,,,,,,,,,,,,,,,,,,,,,,,,,,,,,Black Blade,Black Blade,Black Blade,Black Blade,Black Blade,Black Blade,Black Blade,Black Blade,Black Blade,Black Blade,Black Blade,Black Blade,,,,
,,,,,,,,,,,,,,,,,,,,,,,,,,,,,,,,,,,,,,,,,,,,,,,,,Black Blade,Black Blade,Black Blade,Black Blade,Black Blade,Black Blade,Black Blade,Black Blade,Black Blade,Black Blade,Black Blade,Black Blade,,,,
,,,,,,,,,,,,,,,,,,,,,,,,,,,,,,,,,,,,,,,,,,,,,,,,,Black Blade,Black Blade,Black Blade,Black Blade,Black Blade,Black Blade,Black Blade,Black Blade,Black Blade,Black Blade,Black Blade,Black Blade,,,,
,,,,,,,,,,,,,,,,,,,,,,,,,,,,,,,,,,,,,,,,,,,,,,,,,Discus of Light,Discus of Light,Discus of Light,Discus of Light,Discus of Light,Discus of Light,Discus of Light,Discus of Light,Discus of Light,Discus of Light,Discus of Light,Discus of Light,,,,
,,,,,,,,,,,,,,,,,,,,,,,,,,,,,,,,,,,,,,,,,,,,,,,,,Discus of Light,Discus of Light,Discus of Light,Discus of Light,Discus of Light,Discus of Light,Discus of Light,Discus of Light,Discus of Light,Discus of Light,Discus of Light,Discus of Light,,,,
,,,,,,,,,,,,,,,,,,,,,,,,,,,,,,,,,,,,,,,,,,,,,,,,,Discus of Light,Discus of Light,Discus of Light,Discus of Light,Discus of Light,Discus of Light,Discus of Light,Discus of Light,Discus of Light,Discus of Light,Discus of Light,Discus of Light,,,,
,,,,,,,,,,,,,,,,,,,,,,,,,,,,,,,,,,,,,,,,,,,,,,,,,Discus of Light,Discus of Light,Discus of Light,Discus of Light,Discus of Light,Discus of Light,Discus of Light,Discus of Light,Discus of Light,Discus of Light,Discus of Light,Discus of Light,,,,
,,,,,,,,,,,,,,,,,,,,,,,,,,,,,,,,,,,,,,,,,,,,,,,,,Triple Rings of Light,Triple Rings of Light,Triple Rings of Light,Triple Rings of Light,Triple Rings of Light,Triple Rings of Light,Triple Rings of Light,Triple Rings of Light,Triple Rings of Light,Triple Rings of Light,Triple Rings of Light,Triple Rings of Light,,,,
,,,,,,,,,,,,,,,,,,,,,,,,,,,,,,,,,,,,,,,,,,,,,,,,,Triple Rings of Light,Triple Rings of Light,Triple Rings of Light,Triple Rings of Light,Triple Rings of Light,Triple Rings of Light,Triple Rings of Light,Triple Rings of Light,Triple Rings of Light,Triple Rings of Light,Triple Rings of Light,Triple Rings of Light,,,,
,,,,,,,,,,,,,,,,,,,,,,,,,,,,,,,,,,,,,,,,,,,,,,,,,Triple Rings of Light,Triple Rings of Light,Triple Rings of Light,Triple Rings of Light,Triple Rings of Light,Triple Rings of Light,Triple Rings of Light,Triple Rings of Light,Triple Rings of Light,Triple Rings of Light,Triple Rings of Light,Triple Rings of Light,,,,
,,,,,,,,,,,,,,,,,,,,,,,,,,,,,,,,,,,,,,,,,,,,,,,,,Triple Rings of Light,Triple Rings of Light,Triple Rings of Light,Triple Rings of Light,Triple Rings of Light,Triple Rings of Light,Triple Rings of Light,Triple Rings of Light,Triple Rings of Light,Triple Rings of Light,Triple Rings of Light,Triple Rings of Light,,,,
,,,,,,,,,,,,,,,,,,,,,,,,,,,,,,,,,,,,,,,,,,,,,,,,,Triple Rings of Light,Triple Rings of Light,Triple Rings of Light,Triple Rings of Light,Triple Rings of Light,Triple Rings of Light,Triple Rings of Light,Triple Rings of Light,Triple Rings of Light,Triple Rings of Light,Triple Rings of Light,Triple Rings of Light,,,,
,,,,,,,,,,,,,,,,,,,,,,,,,,,,,,,,,,,,,,,,,,,,,,,,,Radagon's Rings of Light,Radagon's Rings of Light,Radagon's Rings of Light,Radagon's Rings of Light,Radagon's Rings of Light,Radagon's Rings of Light,Radagon's Rings of Light,Radagon's Rings of Light,Radagon's Rings of Light,Radagon's Rings of Light,Radagon's Rings of Light,Radagon's Rings of Light,,,,
,,,,,,,,,,,,,,,,,,,,,,,,,,,,,,,,,,,,,,,,,,,,,,,,,Radagon's Rings of Light,Radagon's Rings of Light,Radagon's Rings of Light,Radagon's Rings of Light,Radagon's Rings of Light,Radagon's Rings of Light,Radagon's Rings of Light,Radagon's Rings of Light,Radagon's Rings of Light,Radagon's Rings of Light,Radagon's Rings of Light,Radagon's Rings of Light,,,,
,,,,,,,,,,,,,,,,,,,,,,,,,,,,,,,,,,,,,,,,,,,,,,,,,Multilayered Ring of Light,Multilayered Ring of Light,Multilayered Ring of Light,Multilayered Ring of Light,Multilayered Ring of Light,Multilayered Ring of Light,Multilayered Ring of Light,Multilayered Ring of Light,Multilayered Ring of Light,Multilayered Ring of Light,Multilayered Ring of Light,Multilayered Ring of Light,,,,
,,,,,,,,,,,,,,,,,,,,,,,,,,,,,,,,,,,,,,,,,,,,,,,,,Multilayered Ring of Light,Multilayered Ring of Light,Multilayered Ring of Light,Multilayered Ring of Light,Multilayered Ring of Light,Multilayered Ring of Light,Multilayered Ring of Light,Multilayered Ring of Light,Multilayered Ring of Light,Multilayered Ring of Light,Multilayered Ring of Light,Multilayered Ring of Light,,,,
,,,,,,,,,,,,,,,,,,,,,,,,,,,,,,,,,,,,,,,,,,,,,,,,,Multilayered Ring of Light,Multilayered Ring of Light,Multilayered Ring of Light,Multilayered Ring of Light,Multilayered Ring of Light,Multilayered Ring of Light,Multilayered Ring of Light,Multilayered Ring of Light,Multilayered Ring of Light,Multilayered Ring of Light,Multilayered Ring of Light,Multilayered Ring of Light,,,,
,,,,,,,,,,,,,,,,,,,,,,,,,,,,,,,,,,,,,,,,,,,,,,,,,Multilayered Ring of Light,Multilayered Ring of Light,Multilayered Ring of Light,Multilayered Ring of Light,Multilayered Ring of Light,Multilayered Ring of Light,Multilayered Ring of Light,Multilayered Ring of Light,Multilayered Ring of Light,Multilayered Ring of Light,Multilayered Ring of Light,Multilayered Ring of Light,,,,
,,,,,,,,,,,,,,,,,,,,,,,,,,,,,,,,,,,,,,,,,,,,,,,,,Litany of Proper Death,Litany of Proper Death,Litany of Proper Death,Litany of Proper Death,Litany of Proper Death,Litany of Proper Death,Litany of Proper Death,Litany of Proper Death,Litany of Proper Death,Litany of Proper Death,Litany of Proper Death,Litany of Proper Death,,,,
,,,,,,,,,,,,,,,,,,,,,,,,,,,,,,,,,,,,,,,,,,,,,,,,,Order Healing,Order Healing,Order Healing,Order Healing,Order Healing,Order Healing,Order Healing,Order Healing,Order Healing,Order Healing,Order Healing,Order Healing,,,,
,,,,,,,,,,,,,,,,,,,,,,,,,,,,,,,,,,,,,,,,,,,,,,,,,Order's Blade,Order's Blade,Order's Blade,Order's Blade,Order's Blade,Order's Blade,Order's Blade,Order's Blade,Order's Blade,Order's Blade,Order's Blade,Order's Blade,,,,
,,,,,,,,,,,,,,,,,,,,,,,,,,,,,,,,,,,,,,,,,,,,,,,,,Immutable Shield,Immutable Shield,Immutable Shield,Immutable Shield,Immutable Shield,Immutable Shield,Immutable Shield,Immutable Shield,Immutable Shield,Immutable Shield,Immutable Shield,Immutable Shield,,,,
,,,,,,,,,,,,,,,,,,,,,,,,,,,,,,,,,,,,,,,,,,,,,,,,,Law of Causality,Law of Causality,Law of Causality,Law of Causality,Law of Causality,Law of Causality,Law of Causality,Law of Causality,Law of Causality,Law of Causality,Law of Causality,Law of Causality,,,,
,,,,,,,,,,,,,,,,,,,,,,,,,,,,,,,,,,,,,,,,,,,,,,,,,Law of Causality,Law of Causality,Law of Causality,Law of Causality,Law of Causality,Law of Causality,Law of Causality,Law of Causality,Law of Causality,Law of Causality,Law of Causality,Law of Causality,,,,
,,,,,,,,,,,,,,,,,,,,,,,,,,,,,,,,,,,,,,,,,,,,,,,,,Law of Regression,Law of Regression,Law of Regression,Law of Regression,Law of Regression,Law of Regression,Law of Regression,Law of Regression,Law of Regression,Law of Regression,Law of Regression,Law of Regression,,,,
,,,,,,,,,,,,,,,,,,,,,,,,,,,,,,,,,,,,,,,,,,,,,,,,,Law of Regression,Law of Regression,Law of Regression,Law of Regression,Law of Regression,Law of Regression,Law of Regression,Law of Regression,Law of Regression,Law of Regression,Law of Regression,Law of Regression,,,,
,,,,,,,,,,,,,,,,,,,,,,,,,,,,,,,,,,,,,,,,,,,,,,,,,Law of Regression,Law of Regression,Law of Regression,Law of Regression,Law of Regression,Law of Regression,Law of Regression,Law of Regression,Law of Regression,Law of Regression,Law of Regression,Law of Regression,,,,
,,,,,,,,,,,,,,,,,,,,,,,,,,,,,,,,,,,,,,,,,,,,,,,,,Law of Regression,Law of Regression,Law of Regression,Law of Regression,Law of Regression,Law of Regression,Law of Regression,Law of Regression,Law of Regression,Law of Regression,Law of Regression,Law of Regression,,,,
,,,,,,,,,,,,,,,,,,,,,,,,,,,,,,,,,,,,,,,,,,,,,,,,,Law of Regression,Law of Regression,Law of Regression,Law of Regression,Law of Regression,Law of Regression,Law of Regression,Law of Regression,Law of Regression,Law of Regression,Law of Regression,Law of Regression,,,,
,,,,,,,,,,,,,,,,,,,,,,,,,,,,,,,,,,,,,,,,,,,,,,,,,Law of Regression,Law of Regression,Law of Regression,Law of Regression,Law of Regression,Law of Regression,Law of Regression,Law of Regression,Law of Regression,Law of Regression,Law of Regression,Law of Regression,,,,
,,,,,,,,,,,,,,,,,,,,,,,,,,,,,,,,,,,,,,,,,,,,,,,,,Law of Regression,Law of Regression,Law of Regression,Law of Regression,Law of Regression,Law of Regression,Law of Regression,Law of Regression,Law of Regression,Law of Regression,Law of Regression,Law of Regression,,,,
,,,,,,,,,,,,,,,,,,,,,,,,,,,,,,,,,,,,,,,,,,,,,,,,,Light of Miquella,Light of Miquella,Light of Miquella,Light of Miquella,Light of Miquella,Light of Miquella,Light of Miquella,Light of Miquella,Light of Miquella,Light of Miquella,Light of Miquella,Light of Miquella,,,,
,,,,,,,,,,,,,,,,,,,,,,,,,,,,,,,,,,,,,,,,,,,,,,,,,Light of Miquella,Light of Miquella,Light of Miquella,Light of Miquella,Light of Miquella,Light of Miquella,Light of Miquella,Light of Miquella,Light of Miquella,Light of Miquella,Light of Miquella,Light of Miquella,,,,
,,,,,,,,,,,,,,,,,,,,,,,,,,,,,,,,,,,,,,,,,,,,,,,,,Lightning Spear,Lightning Spear,Lightning Spear,Lightning Spear,Lightning Spear,Lightning Spear,Lightning Spear,Lightning Spear,Lightning Spear,Lightning Spear,Lightning Spear,Lightning Spear,,,,
,,,,,,,,,,,,,,,,,,,,,,,,,,,,,,,,,,,,,,,,,,,,,,,,,Lightning Spear,Lightning Spear,Lightning Spear,Lightning Spear,Lightning Spear,Lightning Spear,Lightning Spear,Lightning Spear,Lightning Spear,Lightning Spear,Lightning Spear,Lightning Spear,,,,
,,,,,,,,,,,,,,,,,,,,,,,,,,,,,,,,,,,,,,,,,,,,,,,,,Lightning Spear,Lightning Spear,Lightning Spear,Lightning Spear,Lightning Spear,Lightning Spear,Lightning Spear,Lightning Spear,Lightning Spear,Lightning Spear,Lightning Spear,Lightning Spear,,,,
,,,,,,,,,,,,,,,,,,,,,,,,,,,,,,,,,,,,,,,,,,,,,,,,,Lightning Spear,Lightning Spear,Lightning Spear,Lightning Spear,Lightning Spear,Lightning Spear,Lightning Spear,Lightning Spear,Lightning Spear,Lightning Spear,Lightning Spear,Lightning Spear,,,,
,,,,,,,,,,,,,,,,,,,,,,,,,,,,,,,,,,,,,,,,,,,,,,,,,Knight's Lightning Spear,Knight's Lightning Spear,Knight's Lightning Spear,Knight's Lightning Spear,Knight's Lightning Spear,Knight's Lightning Spear,Knight's Lightning Spear,Knight's Lightning Spear,Knight's Lightning Spear,Knight's Lightning Spear,Knight's Lightning Spear,Knight's Lightning Spear,,,,
,,,,,,,,,,,,,,,,,,,,,,,,,,,,,,,,,,,,,,,,,,,,,,,,,Knight's Lightning Spear,Knight's Lightning Spear,Knight's Lightning Spear,Knight's Lightning Spear,Knight's Lightning Spear,Knight's Lightning Spear,Knight's Lightning Spear,Knight's Lightning Spear,Knight's Lightning Spear,Knight's Lightning Spear,Knight's Lightning Spear,Knight's Lightning Spear,,,,
,,,,,,,,,,,,,,,,,,,,,,,,,,,,,,,,,,,,,,,,,,,,,,,,,Knight's Lightning Spear,Knight's Lightning Spear,Knight's Lightning Spear,Knight's Lightning Spear,Knight's Lightning Spear,Knight's Lightning Spear,Knight's Lightning Spear,Knight's Lightning Spear,Knight's Lightning Spear,Knight's Lightning Spear,Knight's Lightning Spear,Knight's Lightning Spear,,,,
,,,,,,,,,,,,,,,,,,,,,,,,,,,,,,,,,,,,,,,,,,,,,,,,,Knight's Lightning Spear,Knight's Lightning Spear,Knight's Lightning Spear,Knight's Lightning Spear,Knight's Lightning Spear,Knight's Lightning Spear,Knight's Lightning Spear,Knight's Lightning Spear,Knight's Lightning Spear,Knight's Lightning Spear,Knight's Lightning Spear,Knight's Lightning Spear,,,,
,,,,,,,,,,,,,,,,,,,,,,,,,,,,,,,,,,,,,,,,,,,,,,,,,Knight's Lightning Spear,Knight's Lightning Spear,Knight's Lightning Spear,Knight's Lightning Spear,Knight's Lightning Spear,Knight's Lightning Spear,Knight's Lightning Spear,Knight's Lightning Spear,Knight's Lightning Spear,Knight's Lightning Spear,Knight's Lightning Spear,Knight's Lightning Spear,,,,
,,,,,,,,,,,,,,,,,,,,,,,,,,,,,,,,,,,,,,,,,,,,,,,,,Knight's Lightning Spear,Knight's Lightning Spear,Knight's Lightning Spear,Knight's Lightning Spear,Knight's Lightning Spear,Knight's Lightning Spear,Knight's Lightning Spear,Knight's Lightning Spear,Knight's Lightning Spear,Knight's Lightning Spear,Knight's Lightning Spear,Knight's Lightning Spear,,,,
,,,,,,,,,,,,,,,,,,,,,,,,,,,,,,,,,,,,,,,,,,,,,,,,,Lightning Strike,Lightning Strike,Lightning Strike,Lightning Strike,Lightning Strike,Lightning Strike,Lightning Strike,Lightning Strike,Lightning Strike,Lightning Strike,Lightning Strike,Lightning Strike,,,,
,,,,,,,,,,,,,,,,,,,,,,,,,,,,,,,,,,,,,,,,,,,,,,,,,Lightning Strike,Lightning Strike,Lightning Strike,Lightning Strike,Lightning Strike,Lightning Strike,Lightning Strike,Lightning Strike,Lightning Strike,Lightning Strike,Lightning Strike,Lightning Strike,,,,
,,,,,,,,,,,,,,,,,,,,,,,,,,,,,,,,,,,,,,,,,,,,,,,,,Honed Bolt,Honed Bolt,Honed Bolt,Honed Bolt,Honed Bolt,Honed Bolt,Honed Bolt,Honed Bolt,Honed Bolt,Honed Bolt,Honed Bolt,Honed Bolt,,,,
,,,,,,,,,,,,,,,,,,,,,,,,,,,,,,,,,,,,,,,,,,,,,,,,,Honed Bolt,Honed Bolt,Honed Bolt,Honed Bolt,Honed Bolt,Honed Bolt,Honed Bolt,Honed Bolt,Honed Bolt,Honed Bolt,Honed Bolt,Honed Bolt,,,,
,,,,,,,,,,,,,,,,,,,,,,,,,,,,,,,,,,,,,,,,,,,,,,,,,Ancient Dragons' Lightning Spear,Ancient Dragons' Lightning Spear,Ancient Dragons' Lightning Spear,Ancient Dragons' Lightning Spear,Ancient Dragons' Lightning Spear,Ancient Dragons' Lightning Spear,Ancient Dragons' Lightning Spear,Ancient Dragons' Lightning Spear,Ancient Dragons' Lightning Spear,Ancient Dragons' Lightning Spear,Ancient Dragons' Lightning Spear,Ancient Dragons' Lightning Spear,,,,
,,,,,,,,,,,,,,,,,,,,,,,,,,,,,,,,,,,,,,,,,,,,,,,,,Ancient Dragons' Lightning Spear,Ancient Dragons' Lightning Spear,Ancient Dragons' Lightning Spear,Ancient Dragons' Lightning Spear,Ancient Dragons' Lightning Spear,Ancient Dragons' Lightning Spear,Ancient Dragons' Lightning Spear,Ancient Dragons' Lightning Spear,Ancient Dragons' Lightning Spear,Ancient Dragons' Lightning Spear,Ancient Dragons' Lightning Spear,Ancient Dragons' Lightning Spear,,,,
,,,,,,,,,,,,,,,,,,,,,,,,,,,,,,,,,,,,,,,,,,,,,,,,,Ancient Dragons' Lightning Spear,Ancient Dragons' Lightning Spear,Ancient Dragons' Lightning Spear,Ancient Dragons' Lightning Spear,Ancient Dragons' Lightning Spear,Ancient Dragons' Lightning Spear,Ancient Dragons' Lightning Spear,Ancient Dragons' Lightning Spear,Ancient Dragons' Lightning Spear,Ancient Dragons' Lightning Spear,Ancient Dragons' Lightning Spear,Ancient Dragons' Lightning Spear,,,,
,,,,,,,,,,,,,,,,,,,,,,,,,,,,,,,,,,,,,,,,,,,,,,,,,Ancient Dragons' Lightning Strike,Ancient Dragons' Lightning Strike,Ancient Dragons' Lightning Strike,Ancient Dragons' Lightning Strike,Ancient Dragons' Lightning Strike,Ancient Dragons' Lightning Strike,Ancient Dragons' Lightning Strike,Ancient Dragons' Lightning Strike,Ancient Dragons' Lightning Strike,Ancient Dragons' Lightning Strike,Ancient Dragons' Lightning Strike,Ancient Dragons' Lightning Strike,,,,
,,,,,,,,,,,,,,,,,,,,,,,,,,,,,,,,,,,,,,,,,,,,,,,,,Ancient Dragons' Lightning Strike,Ancient Dragons' Lightning Strike,Ancient Dragons' Lightning Strike,Ancient Dragons' Lightning Strike,Ancient Dragons' Lightning Strike,Ancient Dragons' Lightning Strike,Ancient Dragons' Lightning Strike,Ancient Dragons' Lightning Strike,Ancient Dragons' Lightning Strike,Ancient Dragons' Lightning Strike,Ancient Dragons' Lightning Strike,Ancient Dragons' Lightning Strike,,,,
,,,,,,,,,,,,,,,,,,,,,,,,,,,,,,,,,,,,,,,,,,,,,,,,,Ancient Dragons' Lightning Strike,Ancient Dragons' Lightning Strike,Ancient Dragons' Lightning Strike,Ancient Dragons' Lightning Strike,Ancient Dragons' Lightning Strike,Ancient Dragons' Lightning Strike,Ancient Dragons' Lightning Strike,Ancient Dragons' Lightning Strike,Ancient Dragons' Lightning Strike,Ancient Dragons' Lightning Strike,Ancient Dragons' Lightning Strike,Ancient Dragons' Lightning Strike,,,,
,,,,,,,,,,,,,,,,,,,,,,,,,,,,,,,,,,,,,,,,,,,,,,,,,Ancient Dragons' Lightning Strike,Ancient Dragons' Lightning Strike,Ancient Dragons' Lightning Strike,Ancient Dragons' Lightning Strike,Ancient Dragons' Lightning Strike,Ancient Dragons' Lightning Strike,Ancient Dragons' Lightning Strike,Ancient Dragons' Lightning Strike,Ancient Dragons' Lightning Strike,Ancient Dragons' Lightning Strike,Ancient Dragons' Lightning Strike,Ancient Dragons' Lightning Strike,,,,
,,,,,,,,,,,,,,,,,,,,,,,,,,,,,,,,,,,,,,,,,,,,,,,,,Lansseax's Glaive,Lansseax's Glaive,Lansseax's Glaive,Lansseax's Glaive,Lansseax's Glaive,Lansseax's Glaive,Lansseax's Glaive,Lansseax's Glaive,Lansseax's Glaive,Lansseax's Glaive,Lansseax's Glaive,Lansseax's Glaive,,,,
,,,,,,,,,,,,,,,,,,,,,,,,,,,,,,,,,,,,,,,,,,,,,,,,,Lansseax's Glaive,Lansseax's Glaive,Lansseax's Glaive,Lansseax's Glaive,Lansseax's Glaive,Lansseax's Glaive,Lansseax's Glaive,Lansseax's Glaive,Lansseax's Glaive,Lansseax's Glaive,Lansseax's Glaive,Lansseax's Glaive,,,,
,,,,,,,,,,,,,,,,,,,,,,,,,,,,,,,,,,,,,,,,,,,,,,,,,Lansseax's Glaive,Lansseax's Glaive,Lansseax's Glaive,Lansseax's Glaive,Lansseax's Glaive,Lansseax's Glaive,Lansseax's Glaive,Lansseax's Glaive,Lansseax's Glaive,Lansseax's Glaive,Lansseax's Glaive,Lansseax's Glaive,,,,
,,,,,,,,,,,,,,,,,,,,,,,,,,,,,,,,,,,,,,,,,,,,,,,,,Fortissax's Lightning Spear,Fortissax's Lightning Spear,Fortissax's Lightning Spear,Fortissax's Lightning Spear,Fortissax's Lightning Spear,Fortissax's Lightning Spear,Fortissax's Lightning Spear,Fortissax's Lightning Spear,Fortissax's Lightning Spear,Fortissax's Lightning Spear,Fortissax's Lightning Spear,Fortissax's Lightning Spear,,,,
,,,,,,,,,,,,,,,,,,,,,,,,,,,,,,,,,,,,,,,,,,,,,,,,,Fortissax's Lightning Spear,Fortissax's Lightning Spear,Fortissax's Lightning Spear,Fortissax's Lightning Spear,Fortissax's Lightning Spear,Fortissax's Lightning Spear,Fortissax's Lightning Spear,Fortissax's Lightning Spear,Fortissax's Lightning Spear,Fortissax's Lightning Spear,Fortissax's Lightning Spear,Fortissax's Lightning Spear,,,,
,,,,,,,,,,,,,,,,,,,,,,,,,,,,,,,,,,,,,,,,,,,,,,,,,Fortissax's Lightning Spear,Fortissax's Lightning Spear,Fortissax's Lightning Spear,Fortissax's Lightning Spear,Fortissax's Lightning Spear,Fortissax's Lightning Spear,Fortissax's Lightning Spear,Fortissax's Lightning Spear,Fortissax's Lightning Spear,Fortissax's Lightning Spear,Fortissax's Lightning Spear,Fortissax's Lightning Spear,,,,
,,,,,,,,,,,,,,,,,,,,,,,,,,,,,,,,,,,,,,,,,,,,,,,,,Fortissax's Lightning Spear,Fortissax's Lightning Spear,Fortissax's Lightning Spear,Fortissax's Lightning Spear,Fortissax's Lightning Spear,Fortissax's Lightning Spear,Fortissax's Lightning Spear,Fortissax's Lightning Spear,Fortissax's Lightning Spear,Fortissax's Lightning Spear,Fortissax's Lightning Spear,Fortissax's Lightning Spear,,,,
,,,,,,,,,,,,,,,,,,,,,,,,,,,,,,,,,,,,,,,,,,,,,,,,,Fortissax's Lightning Spear,Fortissax's Lightning Spear,Fortissax's Lightning Spear,Fortissax's Lightning Spear,Fortissax's Lightning Spear,Fortissax's Lightning Spear,Fortissax's Lightning Spear,Fortissax's Lightning Spear,Fortissax's Lightning Spear,Fortissax's Lightning Spear,Fortissax's Lightning Spear,Fortissax's Lightning Spear,,,,
,,,,,,,,,,,,,,,,,,,,,,,,,,,,,,,,,,,,,,,,,,,,,,,,,Fortissax's Lightning Spear,Fortissax's Lightning Spear,Fortissax's Lightning Spear,Fortissax's Lightning Spear,Fortissax's Lightning Spear,Fortissax's Lightning Spear,Fortissax's Lightning Spear,Fortissax's Lightning Spear,Fortissax's Lightning Spear,Fortissax's Lightning Spear,Fortissax's Lightning Spear,Fortissax's Lightning Spear,,,,
,,,,,,,,,,,,,,,,,,,,,,,,,,,,,,,,,,,,,,,,,,,,,,,,,Frozen Lightning Spear,Frozen Lightning Spear,Frozen Lightning Spear,Frozen Lightning Spear,Frozen Lightning Spear,Frozen Lightning Spear,Frozen Lightning Spear,Frozen Lightning Spear,Frozen Lightning Spear,Frozen Lightning Spear,Frozen Lightning Spear,Frozen Lightning Spear,,,,
,,,,,,,,,,,,,,,,,,,,,,,,,,,,,,,,,,,,,,,,,,,,,,,,,Frozen Lightning Spear,Frozen Lightning Spear,Frozen Lightning Spear,Frozen Lightning Spear,Frozen Lightning Spear,Frozen Lightning Spear,Frozen Lightning Spear,Frozen Lightning Spear,Frozen Lightning Spear,Frozen Lightning Spear,Frozen Lightning Spear,Frozen Lightning Spear,,,,
,,,,,,,,,,,,,,,,,,,,,,,,,,,,,,,,,,,,,,,,,,,,,,,,,Death Lightning,Death Lightning,Death Lightning,Death Lightning,Death Lightning,Death Lightning,Death Lightning,Death Lightning,Death Lightning,Death Lightning,Death Lightning,Death Lightning,,,,
,,,,,,,,,,,,,,,,,,,,,,,,,,,,,,,,,,,,,,,,,,,,,,,,,Death Lightning,Death Lightning,Death Lightning,Death Lightning,Death Lightning,Death Lightning,Death Lightning,Death Lightning,Death Lightning,Death Lightning,Death Lightning,Death Lightning,,,,
,,,,,,,,,,,,,,,,,,,,,,,,,,,,,,,,,,,,,,,,,,,,,,,,,Death Lightning,Death Lightning,Death Lightning,Death Lightning,Death Lightning,Death Lightning,Death Lightning,Death Lightning,Death Lightning,Death Lightning,Death Lightning,Death Lightning,,,,
,,,,,,,,,,,,,,,,,,,,,,,,,,,,,,,,,,,,,,,,,,,,,,,,,Death Lightning,Death Lightning,Death Lightning,Death Lightning,Death Lightning,Death Lightning,Death Lightning,Death Lightning,Death Lightning,Death Lightning,Death Lightning,Death Lightning,,,,
,,,,,,,,,,,,,,,,,,,,,,,,,,,,,,,,,,,,,,,,,,,,,,,,,Electrify Armament,Electrify Armament,Electrify Armament,Electrify Armament,Electrify Armament,Electrify Armament,Electrify Armament,Electrify Armament,Electrify Armament,Electrify Armament,Electrify Armament,Electrify Armament,,,,
,,,,,,,,,,,,,,,,,,,,,,,,,,,,,,,,,,,,,,,,,,,,,,,,,Electrocharge,Electrocharge,Electrocharge,Electrocharge,Electrocharge,Electrocharge,Electrocharge,Electrocharge,Electrocharge,Electrocharge,Electrocharge,Electrocharge,,,,
,,,,,,,,,,,,,,,,,,,,,,,,,,,,,,,,,,,,,,,,,,,,,,,,,Electrocharge,Electrocharge,Electrocharge,Electrocharge,Electrocharge,Electrocharge,Electrocharge,Electrocharge,Electrocharge,Electrocharge,Electrocharge,Electrocharge,,,,
,,,,,,,,,,,,,,,,,,,,,,,,,,,,,,,,,,,,,,,,,,,,,,,,,Electrocharge,Electrocharge,Electrocharge,Electrocharge,Electrocharge,Electrocharge,Electrocharge,Electrocharge,Electrocharge,Electrocharge,Electrocharge,Electrocharge,,,,
,,,,,,,,,,,,,,,,,,,,,,,,,,,,,,,,,,,,,,,,,,,,,,,,,Electrocharge,Electrocharge,Electrocharge,Electrocharge,Electrocharge,Electrocharge,Electrocharge,Electrocharge,Electrocharge,Electrocharge,Electrocharge,Electrocharge,,,,
,,,,,,,,,,,,,,,,,,,,,,,,,,,,,,,,,,,,,,,,,,,,,,,,,Dragonbolt Blessing,Dragonbolt Blessing,Dragonbolt Blessing,Dragonbolt Blessing,Dragonbolt Blessing,Dragonbolt Blessing,Dragonbolt Blessing,Dragonbolt Blessing,Dragonbolt Blessing,Dragonbolt Blessing,Dragonbolt Blessing,Dragonbolt Blessing,,,,
,,,,,,,,,,,,,,,,,,,,,,,,,,,,,,,,,,,,,,,,,,,,,,,,,Vyke's Dragonbolt,Vyke's Dragonbolt,Vyke's Dragonbolt,Vyke's Dragonbolt,Vyke's Dragonbolt,Vyke's Dragonbolt,Vyke's Dragonbolt,Vyke's Dragonbolt,Vyke's Dragonbolt,Vyke's Dragonbolt,Vyke's Dragonbolt,Vyke's Dragonbolt,,,,
,,,,,,,,,,,,,,,,,,,,,,,,,,,,,,,,,,,,,,,,,,,,,,,,,Dragonbolt of Florissax,Dragonbolt of Florissax,Dragonbolt of Florissax,Dragonbolt of Florissax,Dragonbolt of Florissax,Dragonbolt of Florissax,Dragonbolt of Florissax,Dragonbolt of Florissax,Dragonbolt of Florissax,Dragonbolt of Florissax,Dragonbolt of Florissax,Dragonbolt of Florissax,,,,
,,,,,,,,,,,,,,,,,,,,,,,,,,,,,,,,,,,,,,,,,,,,,,,,,Catch Flame,Catch Flame,Catch Flame,Catch Flame,Catch Flame,Catch Flame,Catch Flame,Catch Flame,Catch Flame,Catch Flame,Catch Flame,Catch Flame,,,,
,,,,,,,,,,,,,,,,,,,,,,,,,,,,,,,,,,,,,,,,,,,,,,,,,"O, Flame!","O, Flame!","O, Flame!","O, Flame!","O, Flame!","O, Flame!","O, Flame!","O, Flame!","O, Flame!","O, Flame!","O, Flame!","O, Flame!",,,,
,,,,,,,,,,,,,,,,,,,,,,,,,,,,,,,,,,,,,,,,,,,,,,,,,"O, Flame!","O, Flame!","O, Flame!","O, Flame!","O, Flame!","O, Flame!","O, Flame!","O, Flame!","O, Flame!","O, Flame!","O, Flame!","O, Flame!",,,,
,,,,,,,,,,,,,,,,,,,,,,,,,,,,,,,,,,,,,,,,,,,,,,,,,Flame Sling,Flame Sling,Flame Sling,Flame Sling,Flame Sling,Flame Sling,Flame Sling,Flame Sling,Flame Sling,Flame Sling,Flame Sling,Flame Sling,,,,
,,,,,,,,,,,,,,,,,,,,,,,,,,,,,,,,,,,,,,,,,,,,,,,,,Flame Sling,Flame Sling,Flame Sling,Flame Sling,Flame Sling,Flame Sling,Flame Sling,Flame Sling,Flame Sling,Flame Sling,Flame Sling,Flame Sling,,,,
,,,,,,,,,,,,,,,,,,,,,,,,,,,,,,,,,,,,,,,,,,,,,,,,,Flame Sling,Flame Sling,Flame Sling,Flame Sling,Flame Sling,Flame Sling,Flame Sling,Flame Sling,Flame Sling,Flame Sling,Flame Sling,Flame Sling,,,,
,,,,,,,,,,,,,,,,,,,,,,,,,,,,,,,,,,,,,,,,,,,,,,,,,Flame Sling,Flame Sling,Flame Sling,Flame Sling,Flame Sling,Flame Sling,Flame Sling,Flame Sling,Flame Sling,Flame Sling,Flame Sling,Flame Sling,,,,
,,,,,,,,,,,,,,,,,,,,,,,,,,,,,,,,,,,,,,,,,,,,,,,,,Giantsflame Take Thee,Giantsflame Take Thee,Giantsflame Take Thee,Giantsflame Take Thee,Giantsflame Take Thee,Giantsflame Take Thee,Giantsflame Take Thee,Giantsflame Take Thee,Giantsflame Take Thee,Giantsflame Take Thee,Giantsflame Take Thee,Giantsflame Take Thee,,,,
,,,,,,,,,,,,,,,,,,,,,,,,,,,,,,,,,,,,,,,,,,,,,,,,,Giantsflame Take Thee,Giantsflame Take Thee,Giantsflame Take Thee,Giantsflame Take Thee,Giantsflame Take Thee,Giantsflame Take Thee,Giantsflame Take Thee,Giantsflame Take Thee,Giantsflame Take Thee,Giantsflame Take Thee,Giantsflame Take Thee,Giantsflame Take Thee,,,,
,,,,,,,,,,,,,,,,,,,,,,,,,,,,,,,,,,,,,,,,,,,,,,,,,"Flame, Fall Upon Them","Flame, Fall Upon Them","Flame, Fall Upon Them","Flame, Fall Upon Them","Flame, Fall Upon Them","Flame, Fall Upon Them","Flame, Fall Upon Them","Flame, Fall Upon Them","Flame, Fall Upon Them","Flame, Fall Upon Them","Flame, Fall Upon Them","Flame, Fall Upon Them",,,,
,,,,,,,,,,,,,,,,,,,,,,,,,,,,,,,,,,,,,,,,,,,,,,,,,"Flame, Fall Upon Them","Flame, Fall Upon Them","Flame, Fall Upon Them","Flame, Fall Upon Them","Flame, Fall Upon Them","Flame, Fall Upon Them","Flame, Fall Upon Them","Flame, Fall Upon Them","Flame, Fall Upon Them","Flame, Fall Upon Them","Flame, Fall Upon Them","Flame, Fall Upon Them",,,,
,,,,,,,,,,,,,,,,,,,,,,,,,,,,,,,,,,,,,,,,,,,,,,,,,"Flame, Fall Upon Them","Flame, Fall Upon Them","Flame, Fall Upon Them","Flame, Fall Upon Them","Flame, Fall Upon Them","Flame, Fall Upon Them","Flame, Fall Upon Them","Flame, Fall Upon Them","Flame, Fall Upon Them","Flame, Fall Upon Them","Flame, Fall Upon Them","Flame, Fall Upon Them",,,,
,,,,,,,,,,,,,,,,,,,,,,,,,,,,,,,,,,,,,,,,,,,,,,,,,"Flame, Fall Upon Them","Flame, Fall Upon Them","Flame, Fall Upon Them","Flame, Fall Upon Them","Flame, Fall Upon Them","Flame, Fall Upon Them","Flame, Fall Upon Them","Flame, Fall Upon Them","Flame, Fall Upon Them","Flame, Fall Upon Them","Flame, Fall Upon Them","Flame, Fall Upon Them",,,,
,,,,,,,,,,,,,,,,,,,,,,,,,,,,,,,,,,,,,,,,,,,,,,,,,"Flame, Fall Upon Them","Flame, Fall Upon Them","Flame, Fall Upon Them","Flame, Fall Upon Them","Flame, Fall Upon Them","Flame, Fall Upon Them","Flame, Fall Upon Them","Flame, Fall Upon Them","Flame, Fall Upon Them","Flame, Fall Upon Them","Flame, Fall Upon Them","Flame, Fall Upon Them",,,,
,,,,,,,,,,,,,,,,,,,,,,,,,,,,,,,,,,,,,,,,,,,,,,,,,"Flame, Fall Upon Them","Flame, Fall Upon Them","Flame, Fall Upon Them","Flame, Fall Upon Them","Flame, Fall Upon Them","Flame, Fall Upon Them","Flame, Fall Upon Them","Flame, Fall Upon Them","Flame, Fall Upon Them","Flame, Fall Upon Them","Flame, Fall Upon Them","Flame, Fall Upon Them",,,,
,,,,,,,,,,,,,,,,,,,,,,,,,,,,,,,,,,,,,,,,,,,,,,,,,Flame of the Fell God,Flame of the Fell God,Flame of the Fell God,Flame of the Fell God,Flame of the Fell God,Flame of the Fell God,Flame of the Fell God,Flame of the Fell God,Flame of the Fell God,Flame of the Fell God,Flame of the Fell God,Flame of the Fell God,,,,
,,,,,,,,,,,,,,,,,,,,,,,,,,,,,,,,,,,,,,,,,,,,,,,,,Flame of the Fell God,Flame of the Fell God,Flame of the Fell God,Flame of the Fell God,Flame of the Fell God,Flame of the Fell God,Flame of the Fell God,Flame of the Fell God,Flame of the Fell God,Flame of the Fell God,Flame of the Fell God,Flame of the Fell God,,,,
,,,,,,,,,,,,,,,,,,,,,,,,,,,,,,,,,,,,,,,,,,,,,,,,,"Surge, O Flame!","Surge, O Flame!","Surge, O Flame!","Surge, O Flame!","Surge, O Flame!","Surge, O Flame!","Surge, O Flame!","Surge, O Flame!","Surge, O Flame!","Surge, O Flame!","Surge, O Flame!","Surge, O Flame!",,,,
,,,,,,,,,,,,,,,,,,,,,,,,,,,,,,,,,,,,,,,,,,,,,,,,,"Whirl, O Flame!","Whirl, O Flame!","Whirl, O Flame!","Whirl, O Flame!","Whirl, O Flame!","Whirl, O Flame!","Whirl, O Flame!","Whirl, O Flame!","Whirl, O Flame!","Whirl, O Flame!","Whirl, O Flame!","Whirl, O Flame!",,,,
,,,,,,,,,,,,,,,,,,,,,,,,,,,,,,,,,,,,,,,,,,,,,,,,,"Whirl, O Flame!","Whirl, O Flame!","Whirl, O Flame!","Whirl, O Flame!","Whirl, O Flame!","Whirl, O Flame!","Whirl, O Flame!","Whirl, O Flame!","Whirl, O Flame!","Whirl, O Flame!","Whirl, O Flame!","Whirl, O Flame!",,,,
,,,,,,,,,,,,,,,,,,,,,,,,,,,,,,,,,,,,,,,,,,,,,,,,,"Burn, O Flame!","Burn, O Flame!","Burn, O Flame!","Burn, O Flame!","Burn, O Flame!","Burn, O Flame!","Burn, O Flame!","Burn, O Flame!","Burn, O Flame!","Burn, O Flame!","Burn, O Flame!","Burn, O Flame!",,,,
,,,,,,,,,,,,,,,,,,,,,,,,,,,,,,,,,,,,,,,,,,,,,,,,,"Flame, Cleanse Me","Flame, Cleanse Me","Flame, Cleanse Me","Flame, Cleanse Me","Flame, Cleanse Me","Flame, Cleanse Me","Flame, Cleanse Me","Flame, Cleanse Me","Flame, Cleanse Me","Flame, Cleanse Me","Flame, Cleanse Me","Flame, Cleanse Me",,,,
,,,,,,,,,,,,,,,,,,,,,,,,,,,,,,,,,,,,,,,,,,,,,,,,,"Flame, Cleanse Me","Flame, Cleanse Me","Flame, Cleanse Me","Flame, Cleanse Me","Flame, Cleanse Me","Flame, Cleanse Me","Flame, Cleanse Me","Flame, Cleanse Me","Flame, Cleanse Me","Flame, Cleanse Me","Flame, Cleanse Me","Flame, Cleanse Me",,,,
,,,,,,,,,,,,,,,,,,,,,,,,,,,,,,,,,,,,,,,,,,,,,,,,,"Flame, Cleanse Me","Flame, Cleanse Me","Flame, Cleanse Me","Flame, Cleanse Me","Flame, Cleanse Me","Flame, Cleanse Me","Flame, Cleanse Me","Flame, Cleanse Me","Flame, Cleanse Me","Flame, Cleanse Me","Flame, Cleanse Me","Flame, Cleanse Me",,,,
,,,,,,,,,,,,,,,,,,,,,,,,,,,,,,,,,,,,,,,,,,,,,,,,,"Flame, Protect Me","Flame, Protect Me","Flame, Protect Me","Flame, Protect Me","Flame, Protect Me","Flame, Protect Me","Flame, Protect Me","Flame, Protect Me","Flame, Protect Me","Flame, Protect Me","Flame, Protect Me","Flame, Protect Me",,,,
,,,,,,,,,,,,,,,,,,,,,,,,,,,,,,,,,,,,,,,,,,,,,,,,,"Flame, Grant Me Strength","Flame, Grant Me Strength","Flame, Grant Me Strength","Flame, Grant Me Strength","Flame, Grant Me Strength","Flame, Grant Me Strength","Flame, Grant Me Strength","Flame, Grant Me Strength","Flame, Grant Me Strength","Flame, Grant Me Strength","Flame, Grant Me Strength","Flame, Grant Me Strength",,,,
,,,,,,,,,,,,,,,,,,,,,,,,,,,,,,,,,,,,,,,,,,,,,,,,,Fire's Deadly Sin,Fire's Deadly Sin,Fire's Deadly Sin,Fire's Deadly Sin,Fire's Deadly Sin,Fire's Deadly Sin,Fire's Deadly Sin,Fire's Deadly Sin,Fire's Deadly Sin,Fire's Deadly Sin,Fire's Deadly Sin,Fire's Deadly Sin,,,,
,,,,,,,,,,,,,,,,,,,,,,,,,,,,,,,,,,,,,,,,,,,,,,,,,Fire's Deadly Sin,Fire's Deadly Sin,Fire's Deadly Sin,Fire's Deadly Sin,Fire's Deadly Sin,Fire's Deadly Sin,Fire's Deadly Sin,Fire's Deadly Sin,Fire's Deadly Sin,Fire's Deadly Sin,Fire's Deadly Sin,Fire's Deadly Sin,,,,
,,,,,,,,,,,,,,,,,,,,,,,,,,,,,,,,,,,,,,,,,,,,,,,,,Fire's Deadly Sin,Fire's Deadly Sin,Fire's Deadly Sin,Fire's Deadly Sin,Fire's Deadly Sin,Fire's Deadly Sin,Fire's Deadly Sin,Fire's Deadly Sin,Fire's Deadly Sin,Fire's Deadly Sin,Fire's Deadly Sin,Fire's Deadly Sin,,,,
,,,,,,,,,,,,,,,,,,,,,,,,,,,,,,,,,,,,,,,,,,,,,,,,,Fire's Deadly Sin,Fire's Deadly Sin,Fire's Deadly Sin,Fire's Deadly Sin,Fire's Deadly Sin,Fire's Deadly Sin,Fire's Deadly Sin,Fire's Deadly Sin,Fire's Deadly Sin,Fire's Deadly Sin,Fire's Deadly Sin,Fire's Deadly Sin,,,,
,,,,,,,,,,,,,,,,,,,,,,,,,,,,,,,,,,,,,,,,,,,,,,,,,Fire Serpent,Fire Serpent,Fire Serpent,Fire Serpent,Fire Serpent,Fire Serpent,Fire Serpent,Fire Serpent,Fire Serpent,Fire Serpent,Fire Serpent,Fire Serpent,,,,
,,,,,,,,,,,,,,,,,,,,,,,,,,,,,,,,,,,,,,,,,,,,,,,,,Fire Serpent,Fire Serpent,Fire Serpent,Fire Serpent,Fire Serpent,Fire Serpent,Fire Serpent,Fire Serpent,Fire Serpent,Fire Serpent,Fire Serpent,Fire Serpent,,,,
,,,,,,,,,,,,,,,,,,,,,,,,,,,,,,,,,,,,,,,,,,,,,,,,,Rain of Fire,Rain of Fire,Rain of Fire,Rain of Fire,Rain of Fire,Rain of Fire,Rain of Fire,Rain of Fire,Rain of Fire,Rain of Fire,Rain of Fire,Rain of Fire,,,,
,,,,,,,,,,,,,,,,,,,,,,,,,,,,,,,,,,,,,,,,,,,,,,,,,Rain of Fire,Rain of Fire,Rain of Fire,Rain of Fire,Rain of Fire,Rain of Fire,Rain of Fire,Rain of Fire,Rain of Fire,Rain of Fire,Rain of Fire,Rain of Fire,,,,
,,,,,,,,,,,,,,,,,,,,,,,,,,,,,,,,,,,,,,,,,,,,,,,,,Rain of Fire,Rain of Fire,Rain of Fire,Rain of Fire,Rain of Fire,Rain of Fire,Rain of Fire,Rain of Fire,Rain of Fire,Rain of Fire,Rain of Fire,Rain of Fire,,,,
,,,,,,,,,,,,,,,,,,,,,,,,,,,,,,,,,,,,,,,,,,,,,,,,,Rain of Fire,Rain of Fire,Rain of Fire,Rain of Fire,Rain of Fire,Rain of Fire,Rain of Fire,Rain of Fire,Rain of Fire,Rain of Fire,Rain of Fire,Rain of Fire,,,,
,,,,,,,,,,,,,,,,,,,,,,,,,,,,,,,,,,,,,,,,,,,,,,,,,Messmer's Orb,Messmer's Orb,Messmer's Orb,Messmer's Orb,Messmer's Orb,Messmer's Orb,Messmer's Orb,Messmer's Orb,Messmer's Orb,Messmer's Orb,Messmer's Orb,Messmer's Orb,,,,
,,,,,,,,,,,,,,,,,,,,,,,,,,,,,,,,,,,,,,,,,,,,,,,,,Messmer's Orb,Messmer's Orb,Messmer's Orb,Messmer's Orb,Messmer's Orb,Messmer's Orb,Messmer's Orb,Messmer's Orb,Messmer's Orb,Messmer's Orb,Messmer's Orb,Messmer's Orb,,,,
,,,,,,,,,,,,,,,,,,,,,,,,,,,,,,,,,,,,,,,,,,,,,,,,,Messmer's Orb,Messmer's Orb,Messmer's Orb,Messmer's Orb,Messmer's Orb,Messmer's Orb,Messmer's Orb,Messmer's Orb,Messmer's Orb,Messmer's Orb,Messmer's Orb,Messmer's Orb,,,,
,,,,,,,,,,,,,,,,,,,,,,,,,,,,,,,,,,,,,,,,,,,,,,,,,Messmer's Orb,Messmer's Orb,Messmer's Orb,Messmer's Orb,Messmer's Orb,Messmer's Orb,Messmer's Orb,Messmer's Orb,Messmer's Orb,Messmer's Orb,Messmer's Orb,Messmer's Orb,,,,
,,,,,,,,,,,,,,,,,,,,,,,,,,,,,,,,,,,,,,,,,,,,,,,,,Messmer's Orb,Messmer's Orb,Messmer's Orb,Messmer's Orb,Messmer's Orb,Messmer's Orb,Messmer's Orb,Messmer's Orb,Messmer's Orb,Messmer's Orb,Messmer's Orb,Messmer's Orb,,,,
,,,,,,,,,,,,,,,,,,,,,,,,,,,,,,,,,,,,,,,,,,,,,,,,,Messmer's Orb,Messmer's Orb,Messmer's Orb,Messmer's Orb,Messmer's Orb,Messmer's Orb,Messmer's Orb,Messmer's Orb,Messmer's Orb,Messmer's Orb,Messmer's Orb,Messmer's Orb,,,,
,,,,,,,,,,,,,,,,,,,,,,,,,,,,,,,,,,,,,,,,,,,,,,,,,Messmer's Orb,Messmer's Orb,Messmer's Orb,Messmer's Orb,Messmer's Orb,Messmer's Orb,Messmer's Orb,Messmer's Orb,Messmer's Orb,Messmer's Orb,Messmer's Orb,Messmer's Orb,,,,
,,,,,,,,,,,,,,,,,,,,,,,,,,,,,,,,,,,,,,,,,,,,,,,,,Messmer's Orb,Messmer's Orb,Messmer's Orb,Messmer's Orb,Messmer's Orb,Messmer's Orb,Messmer's Orb,Messmer's Orb,Messmer's Orb,Messmer's Orb,Messmer's Orb,Messmer's Orb,,,,
,,,,,,,,,,,,,,,,,,,,,,,,,,,,,,,,,,,,,,,,,,,,,,,,,Black Flame,Black Flame,Black Flame,Black Flame,Black Flame,Black Flame,Black Flame,Black Flame,Black Flame,Black Flame,Black Flame,Black Flame,,,,
,,,,,,,,,,,,,,,,,,,,,,,,,,,,,,,,,,,,,,,,,,,,,,,,,Black Flame,Black Flame,Black Flame,Black Flame,Black Flame,Black Flame,Black Flame,Black Flame,Black Flame,Black Flame,Black Flame,Black Flame,,,,
,,,,,,,,,,,,,,,,,,,,,,,,,,,,,,,,,,,,,,,,,,,,,,,,,Scouring Black Flame,Scouring Black Flame,Scouring Black Flame,Scouring Black Flame,Scouring Black Flame,Scouring Black Flame,Scouring Black Flame,Scouring Black Flame,Scouring Black Flame,Scouring Black Flame,Scouring Black Flame,Scouring Black Flame,,,,
,,,,,,,,,,,,,,,,,,,,,,,,,,,,,,,,,,,,,,,,,,,,,,,,,Scouring Black Flame,Scouring Black Flame,Scouring Black Flame,Scouring Black Flame,Scouring Black Flame,Scouring Black Flame,Scouring Black Flame,Scouring Black Flame,Scouring Black Flame,Scouring Black Flame,Scouring Black Flame,Scouring Black Flame,,,,
,,,,,,,,,,,,,,,,,,,,,,,,,,,,,,,,,,,,,,,,,,,,,,,,,Black Flame Ritual,Black Flame Ritual,Black Flame Ritual,Black Flame Ritual,Black Flame Ritual,Black Flame Ritual,Black Flame Ritual,Black Flame Ritual,Black Flame Ritual,Black Flame Ritual,Black Flame Ritual,Black Flame Ritual,,,,
,,,,,,,,,,,,,,,,,,,,,,,,,,,,,,,,,,,,,,,,,,,,,,,,,Black Flame Ritual,Black Flame Ritual,Black Flame Ritual,Black Flame Ritual,Black Flame Ritual,Black Flame Ritual,Black Flame Ritual,Black Flame Ritual,Black Flame Ritual,Black Flame Ritual,Black Flame Ritual,Black Flame Ritual,,,,
,,,,,,,,,,,,,,,,,,,,,,,,,,,,,,,,,,,,,,,,,,,,,,,,,Black Flame Ritual,Black Flame Ritual,Black Flame Ritual,Black Flame Ritual,Black Flame Ritual,Black Flame Ritual,Black Flame Ritual,Black Flame Ritual,Black Flame Ritual,Black Flame Ritual,Black Flame Ritual,Black Flame Ritual,,,,
,,,,,,,,,,,,,,,,,,,,,,,,,,,,,,,,,,,,,,,,,,,,,,,,,Black Flame Ritual,Black Flame Ritual,Black Flame Ritual,Black Flame Ritual,Black Flame Ritual,Black Flame Ritual,Black Flame Ritual,Black Flame Ritual,Black Flame Ritual,Black Flame Ritual,Black Flame Ritual,Black Flame Ritual,,,,
,,,,,,,,,,,,,,,,,,,,,,,,,,,,,,,,,,,,,,,,,,,,,,,,,Black Flame Blade,Black Flame Blade,Black Flame Blade,Black Flame Blade,Black Flame Blade,Black Flame Blade,Black Flame Blade,Black Flame Blade,Black Flame Blade,Black Flame Blade,Black Flame Blade,Black Flame Blade,,,,
,,,,,,,,,,,,,,,,,,,,,,,,,,,,,,,,,,,,,,,,,,,,,,,,,Black Flame's Protection,Black Flame's Protection,Black Flame's Protection,Black Flame's Protection,Black Flame's Protection,Black Flame's Protection,Black Flame's Protection,Black Flame's Protection,Black Flame's Protection,Black Flame's Protection,Black Flame's Protection,Black Flame's Protection,,,,
,,,,,,,,,,,,,,,,,,,,,,,,,,,,,,,,,,,,,,,,,,,,,,,,,Noble Presence,Noble Presence,Noble Presence,Noble Presence,Noble Presence,Noble Presence,Noble Presence,Noble Presence,Noble Presence,Noble Presence,Noble Presence,Noble Presence,,,,
,,,,,,,,,,,,,,,,,,,,,,,,,,,,,,,,,,,,,,,,,,,,,,,,,Noble Presence,Noble Presence,Noble Presence,Noble Presence,Noble Presence,Noble Presence,Noble Presence,Noble Presence,Noble Presence,Noble Presence,Noble Presence,Noble Presence,,,,
,,,,,,,,,,,,,,,,,,,,,,,,,,,,,,,,,,,,,,,,,,,,,,,,,Beast Claw,Beast Claw,Beast Claw,Beast Claw,Beast Claw,Beast Claw,Beast Claw,Beast Claw,Beast Claw,Beast Claw,Beast Claw,Beast Claw,,,,
,,,,,,,,,,,,,,,,,,,,,,,,,,,,,,,,,,,,,,,,,,,,,,,,,Beast Claw,Beast Claw,Beast Claw,Beast Claw,Beast Claw,Beast Claw,Beast Claw,Beast Claw,Beast Claw,Beast Claw,Beast Claw,Beast Claw,,,,
,,,,,,,,,,,,,,,,,,,,,,,,,,,,,,,,,,,,,,,,,,,,,,,,,Gurranq's Beast Claw,Gurranq's Beast Claw,Gurranq's Beast Claw,Gurranq's Beast Claw,Gurranq's Beast Claw,Gurranq's Beast Claw,Gurranq's Beast Claw,Gurranq's Beast Claw,Gurranq's Beast Claw,Gurranq's Beast Claw,Gurranq's Beast Claw,Gurranq's Beast Claw,,,,
,,,,,,,,,,,,,,,,,,,,,,,,,,,,,,,,,,,,,,,,,,,,,,,,,Bestial Sling,Bestial Sling,Bestial Sling,Bestial Sling,Bestial Sling,Bestial Sling,Bestial Sling,Bestial Sling,Bestial Sling,Bestial Sling,Bestial Sling,Bestial Sling,,,,
,,,,,,,,,,,,,,,,,,,,,,,,,,,,,,,,,,,,,,,,,,,,,,,,,Stone of Gurranq,Stone of Gurranq,Stone of Gurranq,Stone of Gurranq,Stone of Gurranq,Stone of Gurranq,Stone of Gurranq,Stone of Gurranq,Stone of Gurranq,Stone of Gurranq,Stone of Gurranq,Stone of Gurranq,,,,
,,,,,,,,,,,,,,,,,,,,,,,,,,,,,,,,,,,,,,,,,,,,,,,,,Bestial Constitution,Bestial Constitution,Bestial Constitution,Bestial Constitution,Bestial Constitution,Bestial Constitution,Bestial Constitution,Bestial Constitution,Bestial Constitution,Bestial Constitution,Bestial Constitution,Bestial Constitution,,,,
,,,,,,,,,,,,,,,,,,,,,,,,,,,,,,,,,,,,,,,,,,,,,,,,,Bestial Vitality,Bestial Vitality,Bestial Vitality,Bestial Vitality,Bestial Vitality,Bestial Vitality,Bestial Vitality,Bestial Vitality,Bestial Vitality,Bestial Vitality,Bestial Vitality,Bestial Vitality,,,,
,,,,,,,,,,,,,,,,,,,,,,,,,,,,,,,,,,,,,,,,,,,,,,,,,Roar of Rugalea,Roar of Rugalea,Roar of Rugalea,Roar of Rugalea,Roar of Rugalea,Roar of Rugalea,Roar of Rugalea,Roar of Rugalea,Roar of Rugalea,Roar of Rugalea,Roar of Rugalea,Roar of Rugalea,,,,
,,,,,,,,,,,,,,,,,,,,,,,,,,,,,,,,,,,,,,,,,,,,,,,,,Roar of Rugalea,Roar of Rugalea,Roar of Rugalea,Roar of Rugalea,Roar of Rugalea,Roar of Rugalea,Roar of Rugalea,Roar of Rugalea,Roar of Rugalea,Roar of Rugalea,Roar of Rugalea,Roar of Rugalea,,,,
,,,,,,,,,,,,,,,,,,,,,,,,,,,,,,,,,,,,,,,,,,,,,,,,,Roar of Rugalea,Roar of Rugalea,Roar of Rugalea,Roar of Rugalea,Roar of Rugalea,Roar of Rugalea,Roar of Rugalea,Roar of Rugalea,Roar of Rugalea,Roar of Rugalea,Roar of Rugalea,Roar of Rugalea,,,,
,,,,,,,,,,,,,,,,,,,,,,,,,,,,,,,,,,,,,,,,,,,,,,,,,Roar of Rugalea,Roar of Rugalea,Roar of Rugalea,Roar of Rugalea,Roar of Rugalea,Roar of Rugalea,Roar of Rugalea,Roar of Rugalea,Roar of Rugalea,Roar of Rugalea,Roar of Rugalea,Roar of Rugalea,,,,
,,,,,,,,,,,,,,,,,,,,,,,,,,,,,,,,,,,,,,,,,,,,,,,,,Roar of Rugalea,Roar of Rugalea,Roar of Rugalea,Roar of Rugalea,Roar of Rugalea,Roar of Rugalea,Roar of Rugalea,Roar of Rugalea,Roar of Rugalea,Roar of Rugalea,Roar of Rugalea,Roar of Rugalea,,,,
,,,,,,,,,,,,,,,,,,,,,,,,,,,,,,,,,,,,,,,,,,,,,,,,,Swarm of Flies,Swarm of Flies,Swarm of Flies,Swarm of Flies,Swarm of Flies,Swarm of Flies,Swarm of Flies,Swarm of Flies,Swarm of Flies,Swarm of Flies,Swarm of Flies,Swarm of Flies,,,,
,,,,,,,,,,,,,,,,,,,,,,,,,,,,,,,,,,,,,,,,,,,,,,,,,Swarm of Flies,Swarm of Flies,Swarm of Flies,Swarm of Flies,Swarm of Flies,Swarm of Flies,Swarm of Flies,Swarm of Flies,Swarm of Flies,Swarm of Flies,Swarm of Flies,Swarm of Flies,,,,
,,,,,,,,,,,,,,,,,,,,,,,,,,,,,,,,,,,,,,,,,,,,,,,,,Bloodflame Talons,Bloodflame Talons,Bloodflame Talons,Bloodflame Talons,Bloodflame Talons,Bloodflame Talons,Bloodflame Talons,Bloodflame Talons,Bloodflame Talons,Bloodflame Talons,Bloodflame Talons,Bloodflame Talons,,,,
,,,,,,,,,,,,,,,,,,,,,,,,,,,,,,,,,,,,,,,,,,,,,,,,,Furious Blade of Ansbach,Furious Blade of Ansbach,Furious Blade of Ansbach,Furious Blade of Ansbach,Furious Blade of Ansbach,Furious Blade of Ansbach,Furious Blade of Ansbach,Furious Blade of Ansbach,Furious Blade of Ansbach,Furious Blade of Ansbach,Furious Blade of Ansbach,Furious Blade of Ansbach,,,,
,,,,,,,,,,,,,,,,,,,,,,,,,,,,,,,,,,,,,,,,,,,,,,,,,Furious Blade of Ansbach,Furious Blade of Ansbach,Furious Blade of Ansbach,Furious Blade of Ansbach,Furious Blade of Ansbach,Furious Blade of Ansbach,Furious Blade of Ansbach,Furious Blade of Ansbach,Furious Blade of Ansbach,Furious Blade of Ansbach,Furious Blade of Ansbach,Furious Blade of Ansbach,,,,
,,,,,,,,,,,,,,,,,,,,,,,,,,,,,,,,,,,,,,,,,,,,,,,,,Furious Blade of Ansbach,Furious Blade of Ansbach,Furious Blade of Ansbach,Furious Blade of Ansbach,Furious Blade of Ansbach,Furious Blade of Ansbach,Furious Blade of Ansbach,Furious Blade of Ansbach,Furious Blade of Ansbach,Furious Blade of Ansbach,Furious Blade of Ansbach,Furious Blade of Ansbach,,,,
,,,,,,,,,,,,,,,,,,,,,,,,,,,,,,,,,,,,,,,,,,,,,,,,,Furious Blade of Ansbach,Furious Blade of Ansbach,Furious Blade of Ansbach,Furious Blade of Ansbach,Furious Blade of Ansbach,Furious Blade of Ansbach,Furious Blade of Ansbach,Furious Blade of Ansbach,Furious Blade of Ansbach,Furious Blade of Ansbach,Furious Blade of Ansbach,Furious Blade of Ansbach,,,,
,,,,,,,,,,,,,,,,,,,,,,,,,,,,,,,,,,,,,,,,,,,,,,,,,Furious Blade of Ansbach,Furious Blade of Ansbach,Furious Blade of Ansbach,Furious Blade of Ansbach,Furious Blade of Ansbach,Furious Blade of Ansbach,Furious Blade of Ansbach,Furious Blade of Ansbach,Furious Blade of Ansbach,Furious Blade of Ansbach,Furious Blade of Ansbach,Furious Blade of Ansbach,,,,
,,,,,,,,,,,,,,,,,,,,,,,,,,,,,,,,,,,,,,,,,,,,,,,,,Furious Blade of Ansbach,Furious Blade of Ansbach,Furious Blade of Ansbach,Furious Blade of Ansbach,Furious Blade of Ansbach,Furious Blade of Ansbach,Furious Blade of Ansbach,Furious Blade of Ansbach,Furious Blade of Ansbach,Furious Blade of Ansbach,Furious Blade of Ansbach,Furious Blade of Ansbach,,,,
,,,,,,,,,,,,,,,,,,,,,,,,,,,,,,,,,,,,,,,,,,,,,,,,,Bloodboon,Bloodboon,Bloodboon,Bloodboon,Bloodboon,Bloodboon,Bloodboon,Bloodboon,Bloodboon,Bloodboon,Bloodboon,Bloodboon,,,,
,,,,,,,,,,,,,,,,,,,,,,,,,,,,,,,,,,,,,,,,,,,,,,,,,Bloodboon,Bloodboon,Bloodboon,Bloodboon,Bloodboon,Bloodboon,Bloodboon,Bloodboon,Bloodboon,Bloodboon,Bloodboon,Bloodboon,,,,
,,,,,,,,,,,,,,,,,,,,,,,,,,,,,,,,,,,,,,,,,,,,,,,,,Bloodflame Blade,Bloodflame Blade,Bloodflame Blade,Bloodflame Blade,Bloodflame Blade,Bloodflame Blade,Bloodflame Blade,Bloodflame Blade,Bloodflame Blade,Bloodflame Blade,Bloodflame Blade,Bloodflame Blade,,,,
,,,,,,,,,,,,,,,,,,,,,,,,,,,,,,,,,,,,,,,,,,,,,,,,,Poison Mist,Poison Mist,Poison Mist,Poison Mist,Poison Mist,Poison Mist,Poison Mist,Poison Mist,Poison Mist,Poison Mist,Poison Mist,Poison Mist,,,,
,,,,,,,,,,,,,,,,,,,,,,,,,,,,,,,,,,,,,,,,,,,,,,,,,Poison Armament,Poison Armament,Poison Armament,Poison Armament,Poison Armament,Poison Armament,Poison Armament,Poison Armament,Poison Armament,Poison Armament,Poison Armament,Poison Armament,,,,
,,,,,,,,,,,,,,,,,,,,,,,,,,,,,,,,,,,,,,,,,,,,,,,,,Pest Threads,Pest Threads,Pest Threads,Pest Threads,Pest Threads,Pest Threads,Pest Threads,Pest Threads,Pest Threads,Pest Threads,Pest Threads,Pest Threads,,,,
,,,,,,,,,,,,,,,,,,,,,,,,,,,,,,,,,,,,,,,,,,,,,,,,,Pest-Thread Spears,Pest-Thread Spears,Pest-Thread Spears,Pest-Thread Spears,Pest-Thread Spears,Pest-Thread Spears,Pest-Thread Spears,Pest-Thread Spears,Pest-Thread Spears,Pest-Thread Spears,Pest-Thread Spears,Pest-Thread Spears,,,,
,,,,,,,,,,,,,,,,,,,,,,,,,,,,,,,,,,,,,,,,,,,,,,,,,Pest-Thread Spears,Pest-Thread Spears,Pest-Thread Spears,Pest-Thread Spears,Pest-Thread Spears,Pest-Thread Spears,Pest-Thread Spears,Pest-Thread Spears,Pest-Thread Spears,Pest-Thread Spears,Pest-Thread Spears,Pest-Thread Spears,,,,
,,,,,,,,,,,,,,,,,,,,,,,,,,,,,,,,,,,,,,,,,,,,,,,,,Scarlet Aeonia,Scarlet Aeonia,Scarlet Aeonia,Scarlet Aeonia,Scarlet Aeonia,Scarlet Aeonia,Scarlet Aeonia,Scarlet Aeonia,Scarlet Aeonia,Scarlet Aeonia,Scarlet Aeonia,Scarlet Aeonia,,,,
,,,,,,,,,,,,,,,,,,,,,,,,,,,,,,,,,,,,,,,,,,,,,,,,,Scarlet Aeonia,Scarlet Aeonia,Scarlet Aeonia,Scarlet Aeonia,Scarlet Aeonia,Scarlet Aeonia,Scarlet Aeonia,Scarlet Aeonia,Scarlet Aeonia,Scarlet Aeonia,Scarlet Aeonia,Scarlet Aeonia,,,,
,,,,,,,,,,,,,,,,,,,,,,,,,,,,,,,,,,,,,,,,,,,,,,,,,Scarlet Aeonia,Scarlet Aeonia,Scarlet Aeonia,Scarlet Aeonia,Scarlet Aeonia,Scarlet Aeonia,Scarlet Aeonia,Scarlet Aeonia,Scarlet Aeonia,Scarlet Aeonia,Scarlet Aeonia,Scarlet Aeonia,,,,
,,,,,,,,,,,,,,,,,,,,,,,,,,,,,,,,,,,,,,,,,,,,,,,,,Rotten Butterflies,Rotten Butterflies,Rotten Butterflies,Rotten Butterflies,Rotten Butterflies,Rotten Butterflies,Rotten Butterflies,Rotten Butterflies,Rotten Butterflies,Rotten Butterflies,Rotten Butterflies,Rotten Butterflies,,,,
,,,,,,,,,,,,,,,,,,,,,,,,,,,,,,,,,,,,,,,,,,,,,,,,,Rotten Butterflies,Rotten Butterflies,Rotten Butterflies,Rotten Butterflies,Rotten Butterflies,Rotten Butterflies,Rotten Butterflies,Rotten Butterflies,Rotten Butterflies,Rotten Butterflies,Rotten Butterflies,Rotten Butterflies,,,,
,,,,,,,,,,,,,,,,,,,,,,,,,,,,,,,,,,,,,,,,,,,,,,,,,Rotten Butterflies,Rotten Butterflies,Rotten Butterflies,Rotten Butterflies,Rotten Butterflies,Rotten Butterflies,Rotten Butterflies,Rotten Butterflies,Rotten Butterflies,Rotten Butterflies,Rotten Butterflies,Rotten Butterflies,,,,
,,,,,,,,,,,,,,,,,,,,,,,,,,,,,,,,,,,,,,,,,,,,,,,,,The Flame of Frenzy,The Flame of Frenzy,The Flame of Frenzy,The Flame of Frenzy,The Flame of Frenzy,The Flame of Frenzy,The Flame of Frenzy,The Flame of Frenzy,The Flame of Frenzy,The Flame of Frenzy,The Flame of Frenzy,The Flame of Frenzy,,,,
,,,,,,,,,,,,,,,,,,,,,,,,,,,,,,,,,,,,,,,,,,,,,,,,,The Flame of Frenzy,The Flame of Frenzy,The Flame of Frenzy,The Flame of Frenzy,The Flame of Frenzy,The Flame of Frenzy,The Flame of Frenzy,The Flame of Frenzy,The Flame of Frenzy,The Flame of Frenzy,The Flame of Frenzy,The Flame of Frenzy,,,,
,,,,,,,,,,,,,,,,,,,,,,,,,,,,,,,,,,,,,,,,,,,,,,,,,The Flame of Frenzy,The Flame of Frenzy,The Flame of Frenzy,The Flame of Frenzy,The Flame of Frenzy,The Flame of Frenzy,The Flame of Frenzy,The Flame of Frenzy,The Flame of Frenzy,The Flame of Frenzy,The Flame of Frenzy,The Flame of Frenzy,,,,
,,,,,,,,,,,,,,,,,,,,,,,,,,,,,,,,,,,,,,,,,,,,,,,,,The Flame of Frenzy,The Flame of Frenzy,The Flame of Frenzy,The Flame of Frenzy,The Flame of Frenzy,The Flame of Frenzy,The Flame of Frenzy,The Flame of Frenzy,The Flame of Frenzy,The Flame of Frenzy,The Flame of Frenzy,The Flame of Frenzy,,,,
,,,,,,,,,,,,,,,,,,,,,,,,,,,,,,,,,,,,,,,,,,,,,,,,,The Flame of Frenzy,The Flame of Frenzy,The Flame of Frenzy,The Flame of Frenzy,The Flame of Frenzy,The Flame of Frenzy,The Flame of Frenzy,The Flame of Frenzy,The Flame of Frenzy,The Flame of Frenzy,The Flame of Frenzy,The Flame of Frenzy,,,,
,,,,,,,,,,,,,,,,,,,,,,,,,,,,,,,,,,,,,,,,,,,,,,,,,The Flame of Frenzy,The Flame of Frenzy,The Flame of Frenzy,The Flame of Frenzy,The Flame of Frenzy,The Flame of Frenzy,The Flame of Frenzy,The Flame of Frenzy,The Flame of Frenzy,The Flame of Frenzy,The Flame of Frenzy,The Flame of Frenzy,,,,
,,,,,,,,,,,,,,,,,,,,,,,,,,,,,,,,,,,,,,,,,,,,,,,,,Unendurable Frenzy,Unendurable Frenzy,Unendurable Frenzy,Unendurable Frenzy,Unendurable Frenzy,Unendurable Frenzy,Unendurable Frenzy,Unendurable Frenzy,Unendurable Frenzy,Unendurable Frenzy,Unendurable Frenzy,Unendurable Frenzy,,,,
,,,,,,,,,,,,,,,,,,,,,,,,,,,,,,,,,,,,,,,,,,,,,,,,,Unendurable Frenzy,Unendurable Frenzy,Unendurable Frenzy,Unendurable Frenzy,Unendurable Frenzy,Unendurable Frenzy,Unendurable Frenzy,Unendurable Frenzy,Unendurable Frenzy,Unendurable Frenzy,Unendurable Frenzy,Unendurable Frenzy,,,,
,,,,,,,,,,,,,,,,,,,,,,,,,,,,,,,,,,,,,,,,,,,,,,,,,Unendurable Frenzy,Unendurable Frenzy,Unendurable Frenzy,Unendurable Frenzy,Unendurable Frenzy,Unendurable Frenzy,Unendurable Frenzy,Unendurable Frenzy,Unendurable Frenzy,Unendurable Frenzy,Unendurable Frenzy,Unendurable Frenzy,,,,
,,,,,,,,,,,,,,,,,,,,,,,,,,,,,,,,,,,,,,,,,,,,,,,,,Midra's Flame of Frenzy,Midra's Flame of Frenzy,Midra's Flame of Frenzy,Midra's Flame of Frenzy,Midra's Flame of Frenzy,Midra's Flame of Frenzy,Midra's Flame of Frenzy,Midra's Flame of Frenzy,Midra's Flame of Frenzy,Midra's Flame of Frenzy,Midra's Flame of Frenzy,Midra's Flame of Frenzy,,,,
,,,,,,,,,,,,,,,,,,,,,,,,,,,,,,,,,,,,,,,,,,,,,,,,,Midra's Flame of Frenzy,Midra's Flame of Frenzy,Midra's Flame of Frenzy,Midra's Flame of Frenzy,Midra's Flame of Frenzy,Midra's Flame of Frenzy,Midra's Flame of Frenzy,Midra's Flame of Frenzy,Midra's Flame of Frenzy,Midra's Flame of Frenzy,Midra's Flame of Frenzy,Midra's Flame of Frenzy,,,,
,,,,,,,,,,,,,,,,,,,,,,,,,,,,,,,,,,,,,,,,,,,,,,,,,Midra's Flame of Frenzy,Midra's Flame of Frenzy,Midra's Flame of Frenzy,Midra's Flame of Frenzy,Midra's Flame of Frenzy,Midra's Flame of Frenzy,Midra's Flame of Frenzy,Midra's Flame of Frenzy,Midra's Flame of Frenzy,Midra's Flame of Frenzy,Midra's Flame of Frenzy,Midra's Flame of Frenzy,,,,
,,,,,,,,,,,,,,,,,,,,,,,,,,,,,,,,,,,,,,,,,,,,,,,,,Frenzied Burst,Frenzied Burst,Frenzied Burst,Frenzied Burst,Frenzied Burst,Frenzied Burst,Frenzied Burst,Frenzied Burst,Frenzied Burst,Frenzied Burst,Frenzied Burst,Frenzied Burst,,,,
,,,,,,,,,,,,,,,,,,,,,,,,,,,,,,,,,,,,,,,,,,,,,,,,,Frenzied Burst,Frenzied Burst,Frenzied Burst,Frenzied Burst,Frenzied Burst,Frenzied Burst,Frenzied Burst,Frenzied Burst,Frenzied Burst,Frenzied Burst,Frenzied Burst,Frenzied Burst,,,,
,,,,,,,,,,,,,,,,,,,,,,,,,,,,,,,,,,,,,,,,,,,,,,,,,Frenzied Burst,Frenzied Burst,Frenzied Burst,Frenzied Burst,Frenzied Burst,Frenzied Burst,Frenzied Burst,Frenzied Burst,Frenzied Burst,Frenzied Burst,Frenzied Burst,Frenzied Burst,,,,
,,,,,,,,,,,,,,,,,,,,,,,,,,,,,,,,,,,,,,,,,,,,,,,,,Frenzied Burst,Frenzied Burst,Frenzied Burst,Frenzied Burst,Frenzied Burst,Frenzied Burst,Frenzied Burst,Frenzied Burst,Frenzied Burst,Frenzied Burst,Frenzied Burst,Frenzied Burst,,,,
,,,,,,,,,,,,,,,,,,,,,,,,,,,,,,,,,,,,,,,,,,,,,,,,,Howl of Shabriri,Howl of Shabriri,Howl of Shabriri,Howl of Shabriri,Howl of Shabriri,Howl of Shabriri,Howl of Shabriri,Howl of Shabriri,Howl of Shabriri,Howl of Shabriri,Howl of Shabriri,Howl of Shabriri,,,,
,,,,,,,,,,,,,,,,,,,,,,,,,,,,,,,,,,,,,,,,,,,,,,,,,Howl of Shabriri,Howl of Shabriri,Howl of Shabriri,Howl of Shabriri,Howl of Shabriri,Howl of Shabriri,Howl of Shabriri,Howl of Shabriri,Howl of Shabriri,Howl of Shabriri,Howl of Shabriri,Howl of Shabriri,,,,
,,,,,,,,,,,,,,,,,,,,,,,,,,,,,,,,,,,,,,,,,,,,,,,,,Inescapable Frenzy,Inescapable Frenzy,Inescapable Frenzy,Inescapable Frenzy,Inescapable Frenzy,Inescapable Frenzy,Inescapable Frenzy,Inescapable Frenzy,Inescapable Frenzy,Inescapable Frenzy,Inescapable Frenzy,Inescapable Frenzy,,,,
,,,,,,,,,,,,,,,,,,,,,,,,,,,,,,,,,,,,,,,,,,,,,,,,,Inescapable Frenzy,Inescapable Frenzy,Inescapable Frenzy,Inescapable Frenzy,Inescapable Frenzy,Inescapable Frenzy,Inescapable Frenzy,Inescapable Frenzy,Inescapable Frenzy,Inescapable Frenzy,Inescapable Frenzy,Inescapable Frenzy,,,,
,,,,,,,,,,,,,,,,,,,,,,,,,,,,,,,,,,,,,,,,,,,,,,,,,Inescapable Frenzy,Inescapable Frenzy,Inescapable Frenzy,Inescapable Frenzy,Inescapable Frenzy,Inescapable Frenzy,Inescapable Frenzy,Inescapable Frenzy,Inescapable Frenzy,Inescapable Frenzy,Inescapable Frenzy,Inescapable Frenzy,,,,
,,,,,,,,,,,,,,,,,,,,,,,,,,,,,,,,,,,,,,,,,,,,,,,,,Inescapable Frenzy,Inescapable Frenzy,Inescapable Frenzy,Inescapable Frenzy,Inescapable Frenzy,Inescapable Frenzy,Inescapable Frenzy,Inescapable Frenzy,Inescapable Frenzy,Inescapable Frenzy,Inescapable Frenzy,Inescapable Frenzy,,,,
,,,,,,,,,,,,,,,,,,,,,,,,,,,,,,,,,,,,,,,,,,,,,,,,,Inescapable Frenzy,Inescapable Frenzy,Inescapable Frenzy,Inescapable Frenzy,Inescapable Frenzy,Inescapable Frenzy,Inescapable Frenzy,Inescapable Frenzy,Inescapable Frenzy,Inescapable Frenzy,Inescapable Frenzy,Inescapable Frenzy,,,,
,,,,,,,,,,,,,,,,,,,,,,,,,,,,,,,,,,,,,,,,,,,,,,,,,Dragonfire,Dragonfire,Dragonfire,Dragonfire,Dragonfire,Dragonfire,Dragonfire,Dragonfire,Dragonfire,Dragonfire,Dragonfire,Dragonfire,,,,
,,,,,,,,,,,,,,,,,,,,,,,,,,,,,,,,,,,,,,,,,,,,,,,,,Agheel's Flame,Agheel's Flame,Agheel's Flame,Agheel's Flame,Agheel's Flame,Agheel's Flame,Agheel's Flame,Agheel's Flame,Agheel's Flame,Agheel's Flame,Agheel's Flame,Agheel's Flame,,,,
,,,,,,,,,,,,,,,,,,,,,,,,,,,,,,,,,,,,,,,,,,,,,,,,,Magma Breath,Magma Breath,Magma Breath,Magma Breath,Magma Breath,Magma Breath,Magma Breath,Magma Breath,Magma Breath,Magma Breath,Magma Breath,Magma Breath,,,,
,,,,,,,,,,,,,,,,,,,,,,,,,,,,,,,,,,,,,,,,,,,,,,,,,Magma Breath,Magma Breath,Magma Breath,Magma Breath,Magma Breath,Magma Breath,Magma Breath,Magma Breath,Magma Breath,Magma Breath,Magma Breath,Magma Breath,,,,
,,,,,,,,,,,,,,,,,,,,,,,,,,,,,,,,,,,,,,,,,,,,,,,,,Magma Breath,Magma Breath,Magma Breath,Magma Breath,Magma Breath,Magma Breath,Magma Breath,Magma Breath,Magma Breath,Magma Breath,Magma Breath,Magma Breath,,,,
,,,,,,,,,,,,,,,,,,,,,,,,,,,,,,,,,,,,,,,,,,,,,,,,,Theodorix's Magma,Theodorix's Magma,Theodorix's Magma,Theodorix's Magma,Theodorix's Magma,Theodorix's Magma,Theodorix's Magma,Theodorix's Magma,Theodorix's Magma,Theodorix's Magma,Theodorix's Magma,Theodorix's Magma,,,,
,,,,,,,,,,,,,,,,,,,,,,,,,,,,,,,,,,,,,,,,,,,,,,,,,Theodorix's Magma,Theodorix's Magma,Theodorix's Magma,Theodorix's Magma,Theodorix's Magma,Theodorix's Magma,Theodorix's Magma,Theodorix's Magma,Theodorix's Magma,Theodorix's Magma,Theodorix's Magma,Theodorix's Magma,,,,
,,,,,,,,,,,,,,,,,,,,,,,,,,,,,,,,,,,,,,,,,,,,,,,,,Theodorix's Magma,Theodorix's Magma,Theodorix's Magma,Theodorix's Magma,Theodorix's Magma,Theodorix's Magma,Theodorix's Magma,Theodorix's Magma,Theodorix's Magma,Theodorix's Magma,Theodorix's Magma,Theodorix's Magma,,,,
,,,,,,,,,,,,,,,,,,,,,,,,,,,,,,,,,,,,,,,,,,,,,,,,,Glintstone Breath,Glintstone Breath,Glintstone Breath,Glintstone Breath,Glintstone Breath,Glintstone Breath,Glintstone Breath,Glintstone Breath,Glintstone Breath,Glintstone Breath,Glintstone Breath,Glintstone Breath,,,,
,,,,,,,,,,,,,,,,,,,,,,,,,,,,,,,,,,,,,,,,,,,,,,,,,Smarag's Glintstone Breath,Smarag's Glintstone Breath,Smarag's Glintstone Breath,Smarag's Glintstone Breath,Smarag's Glintstone Breath,Smarag's Glintstone Breath,Smarag's Glintstone Breath,Smarag's Glintstone Breath,Smarag's Glintstone Breath,Smarag's Glintstone Breath,Smarag's Glintstone Breath,Smarag's Glintstone Breath,,,,
,,,,,,,,,,,,,,,,,,,,,,,,,,,,,,,,,,,,,,,,,,,,,,,,,Rotten Breath,Rotten Breath,Rotten Breath,Rotten Breath,Rotten Breath,Rotten Breath,Rotten Breath,Rotten Breath,Rotten Breath,Rotten Breath,Rotten Breath,Rotten Breath,,,,
,,,,,,,,,,,,,,,,,,,,,,,,,,,,,,,,,,,,,,,,,,,,,,,,,Ekzykes's Decay,Ekzykes's Decay,Ekzykes's Decay,Ekzykes's Decay,Ekzykes's Decay,Ekzykes's Decay,Ekzykes's Decay,Ekzykes's Decay,Ekzykes's Decay,Ekzykes's Decay,Ekzykes's Decay,Ekzykes's Decay,,,,
,,,,,,,,,,,,,,,,,,,,,,,,,,,,,,,,,,,,,,,,,,,,,,,,,Dragonice,Dragonice,Dragonice,Dragonice,Dragonice,Dragonice,Dragonice,Dragonice,Dragonice,Dragonice,Dragonice,Dragonice,,,,
,,,,,,,,,,,,,,,,,,,,,,,,,,,,,,,,,,,,,,,,,,,,,,,,,Borealis's Mist,Borealis's Mist,Borealis's Mist,Borealis's Mist,Borealis's Mist,Borealis's Mist,Borealis's Mist,Borealis's Mist,Borealis's Mist,Borealis's Mist,Borealis's Mist,Borealis's Mist,,,,
,,,,,,,,,,,,,,,,,,,,,,,,,,,,,,,,,,,,,,,,,,,,,,,,,Ghostflame Breath,Ghostflame Breath,Ghostflame Breath,Ghostflame Breath,Ghostflame Breath,Ghostflame Breath,Ghostflame Breath,Ghostflame Breath,Ghostflame Breath,Ghostflame Breath,Ghostflame Breath,Ghostflame Breath,,,,
,,,,,,,,,,,,,,,,,,,,,,,Select a Weapon Class,Select a Weapon Class,Select a Weapon Class,Select a Weapon Class,Select a Weapon Class,Select a Weapon Class,,,,,,,,,,,,,,,,,,,,,Placidusax's Ruin,Placidusax's Ruin,Placidusax's Ruin,Placidusax's Ruin,Placidusax's Ruin,Placidusax's Ruin,Placidusax's Ruin,Placidusax's Ruin,Placidusax's Ruin,Placidusax's Ruin,Placidusax's Ruin,Placidusax's Ruin,,,,
,,,,,,,,,,,,,,,,,,,,,,,,,,,,,,,,,,,,,,,,,,,,,,,,,Placidusax's Ruin,Placidusax's Ruin,Placidusax's Ruin,Placidusax's Ruin,Placidusax's Ruin,Placidusax's Ruin,Placidusax's Ruin,Placidusax's Ruin,Placidusax's Ruin,Placidusax's Ruin,Placidusax's Ruin,Placidusax's Ruin,,,,
,,,,,,,,,,,,,,,,,,,,,,,,,,,,,,,,,,,,,,,,,,,,,,,,,Placidusax's Ruin,Placidusax's Ruin,Placidusax's Ruin,Placidusax's Ruin,Placidusax's Ruin,Placidusax's Ruin,Placidusax's Ruin,Placidusax's Ruin,Placidusax's Ruin,Placidusax's Ruin,Placidusax's Ruin,Placidusax's Ruin,,,,
,,,,,,,,,,,,,,,,,,,,,,,,,,,,,,,,,,,,,,,,,,,,,,,,,Dragonclaw,Dragonclaw,Dragonclaw,Dragonclaw,Dragonclaw,Dragonclaw,Dragonclaw,Dragonclaw,Dragonclaw,Dragonclaw,Dragonclaw,Dragonclaw,,,,
,,,,,,,,,,,,,,,,,,,,,,,,,,,,,,,,,,,,,,,,,,,,,,,,,Dragonclaw,Dragonclaw,Dragonclaw,Dragonclaw,Dragonclaw,Dragonclaw,Dragonclaw,Dragonclaw,Dragonclaw,Dragonclaw,Dragonclaw,Dragonclaw,,,,
,,,,,,,,,,,,,,,,,,,,,,,,,,,,,,,,,,,,,,,,,,,,,,,,,Dragonclaw,Dragonclaw,Dragonclaw,Dragonclaw,Dragonclaw,Dragonclaw,Dragonclaw,Dragonclaw,Dragonclaw,Dragonclaw,Dragonclaw,Dragonclaw,,,,
,,,,,,,,,,,,,,,,,,,,,,,,,,,,,,,,,,,,,,,,,,,,,,,,,Dragonclaw,Dragonclaw,Dragonclaw,Dragonclaw,Dragonclaw,Dragonclaw,Dragonclaw,Dragonclaw,Dragonclaw,Dragonclaw,Dragonclaw,Dragonclaw,,,,
,,,,,,,,,,,,,,,,,,,,,,,,,,,,,,,,,,,,,,,,,,,,,,,,,Dragonclaw,Dragonclaw,Dragonclaw,Dragonclaw,Dragonclaw,Dragonclaw,Dragonclaw,Dragonclaw,Dragonclaw,Dragonclaw,Dragonclaw,Dragonclaw,,,,
,,,,,,,,,,,,,,,,,,,,,,,,,,,,,,,,,,,,,,,,,,,,,,,,,Dragonclaw,Dragonclaw,Dragonclaw,Dragonclaw,Dragonclaw,Dragonclaw,Dragonclaw,Dragonclaw,Dragonclaw,Dragonclaw,Dragonclaw,Dragonclaw,,,,
,,,,,,,,,,,,,,,,,,,,,,,,,,,,,,,,,,,,,,,,,,,,,,,,,Dragonmaw,Dragonmaw,Dragonmaw,Dragonmaw,Dragonmaw,Dragonmaw,Dragonmaw,Dragonmaw,Dragonmaw,Dragonmaw,Dragonmaw,Dragonmaw,,,,
,,,,,,,,,,,,,,,,,,,,,,,,,,,,,,,,,,,,,,,,,,,,,,,,,Greyoll's Roar,Greyoll's Roar,Greyoll's Roar,Greyoll's Roar,Greyoll's Roar,Greyoll's Roar,Greyoll's Roar,Greyoll's Roar,Greyoll's Roar,Greyoll's Roar,Greyoll's Roar,Greyoll's Roar,,,,
,,,,,,,,,,,,,,,,,,,,,,,,,,,,,,,,,,,,,,,,,,,,,,,,,Bayle's Tyranny,Bayle's Tyranny,Bayle's Tyranny,Bayle's Tyranny,Bayle's Tyranny,Bayle's Tyranny,Bayle's Tyranny,Bayle's Tyranny,Bayle's Tyranny,Bayle's Tyranny,Bayle's Tyranny,Bayle's Tyranny,,,,
,,,,,,,,,,,,,,,,,,,,,,,,,,,,,,,,,,,,,,,,,,,,,,,,,Bayle's Tyranny,Bayle's Tyranny,Bayle's Tyranny,Bayle's Tyranny,Bayle's Tyranny,Bayle's Tyranny,Bayle's Tyranny,Bayle's Tyranny,Bayle's Tyranny,Bayle's Tyranny,Bayle's Tyranny,Bayle's Tyranny,,,,
,,,,,,,,,,,,,,,,,,,,,,,,,,,,,,,,,,,,,,,,,,,,,,,,,Bayle's Flame Lightning,Bayle's Flame Lightning,Bayle's Flame Lightning,Bayle's Flame Lightning,Bayle's Flame Lightning,Bayle's Flame Lightning,Bayle's Flame Lightning,Bayle's Flame Lightning,Bayle's Flame Lightning,Bayle's Flame Lightning,Bayle's Flame Lightning,Bayle's Flame Lightning,,,,
,,,,,,,,,,,,,,,,,,,,,,,,,,,,,,,,,,,,,,,,,,,,,,,,,Bayle's Flame Lightning,Bayle's Flame Lightning,Bayle's Flame Lightning,Bayle's Flame Lightning,Bayle's Flame Lightning,Bayle's Flame Lightning,Bayle's Flame Lightning,Bayle's Flame Lightning,Bayle's Flame Lightning,Bayle's Flame Lightning,Bayle's Flame Lightning,Bayle's Flame Lightning,,,,
,,,,,,,,,,,,,,,,,,,,,,,,,,,,,,,,,,,,,,,,,,,,,,,,,Bayle's Flame Lightning,Bayle's Flame Lightning,Bayle's Flame Lightning,Bayle's Flame Lightning,Bayle's Flame Lightning,Bayle's Flame Lightning,Bayle's Flame Lightning,Bayle's Flame Lightning,Bayle's Flame Lightning,Bayle's Flame Lightning,Bayle's Flame Lightning,Bayle's Flame Lightning,,,,
,,,,,,,,,,,,,,,,,,,,,,,,,,,,,,,,,,,,,,,,,,,,,,,,,Golden Arcs,Golden Arcs,Golden Arcs,Golden Arcs,Golden Arcs,Golden Arcs,Golden Arcs,Golden Arcs,Golden Arcs,Golden Arcs,Golden Arcs,Golden Arcs,,,,
,,,,,,,,,,,,,,,,,,,,,,,,,,,,,,,,,,,,,,,,,,,,,,,,,Golden Arcs,Golden Arcs,Golden Arcs,Golden Arcs,Golden Arcs,Golden Arcs,Golden Arcs,Golden Arcs,Golden Arcs,Golden Arcs,Golden Arcs,Golden Arcs,,,,
,,,,,,,,,,,,,,,,,,,,,,,,,,,,,,,,,,,,,,,,,,,,,,,,,Giant Golden Arc,Giant Golden Arc,Giant Golden Arc,Giant Golden Arc,Giant Golden Arc,Giant Golden Arc,Giant Golden Arc,Giant Golden Arc,Giant Golden Arc,Giant Golden Arc,Giant Golden Arc,Giant Golden Arc,,,,
,,,,,,,,,,,,,,,,,,,,,,,,,,,,,,,,,,,,,,,,,,,,,,,,,Giant Golden Arc,Giant Golden Arc,Giant Golden Arc,Giant Golden Arc,Giant Golden Arc,Giant Golden Arc,Giant Golden Arc,Giant Golden Arc,Giant Golden Arc,Giant Golden Arc,Giant Golden Arc,Giant Golden Arc,,,,
,,,,,,,,,,,,,,,,,,,,,,,,,,,,,,,,,,,,,,,,,,,,,,,,,Spira,Spira,Spira,Spira,Spira,Spira,Spira,Spira,Spira,Spira,Spira,Spira,,,,
,,,,,,,,,,,,,,,,,,,,,,,,,,,,,,,,,,,,,,,,,,,,,,,,,Watchful Spirit,Watchful Spirit,Watchful Spirit,Watchful Spirit,Watchful Spirit,Watchful Spirit,Watchful Spirit,Watchful Spirit,Watchful Spirit,Watchful Spirit,Watchful Spirit,Watchful Spirit,,,,
,,,,,,,,,,,,,,,,,,,,,,,,,,,,,,,,,,,,,,,,,,,,,,,,,Divine Bird Feathers,Divine Bird Feathers,Divine Bird Feathers,Divine Bird Feathers,Divine Bird Feathers,Divine Bird Feathers,Divine Bird Feathers,Divine Bird Feathers,Divine Bird Feathers,Divine Bird Feathers,Divine Bird Feathers,Divine Bird Feathers,,,,
,,,,,,,,,,,,,,,,,,,,,,,,,,,,,,,,,,,,,,,,,,,,,,,,,Divine Beast Tornado,Divine Beast Tornado,Divine Beast Tornado,Divine Beast Tornado,Divine Beast Tornado,Divine Beast Tornado,Divine Beast Tornado,Divine Beast Tornado,Divine Beast Tornado,Divine Beast Tornado,Divine Beast Tornado,Divine Beast Tornado,,,,
,,,,,,,,,,,,,,,,,,,,,,,,,,,,,,,,,,,,,,,,,,,,,,,,,Divine Beast Tornado,Divine Beast Tornado,Divine Beast Tornado,Divine Beast Tornado,Divine Beast Tornado,Divine Beast Tornado,Divine Beast Tornado,Divine Beast Tornado,Divine Beast Tornado,Divine Beast Tornado,Divine Beast Tornado,Divine Beast Tornado,,,,
,,,,,,,,,,,,,,,,,,,,,,,,,,,,,,,,,,,,,,,,,,,,,,,,,Divine Beast Tornado,Divine Beast Tornado,Divine Beast Tornado,Divine Beast Tornado,Divine Beast Tornado,Divine Beast Tornado,Divine Beast Tornado,Divine Beast Tornado,Divine Beast Tornado,Divine Beast Tornado,Divine Beast Tornado,Divine Beast Tornado,,,,
