,,,,-1.0,-1.0,0.0,0.0,0.0,0.0,0.0,0.0,0.0,0.0,1.0,1.0,1.0,1.0,1.0,1.0,1.0,1.0,1.0,1.0,1.0,1.0,1.0,1.0,1.0,1.0,1.0,1.0,1.0,1.0,1.0,1.0,0.0,0.0,0.0,0.0,0.0,0.0,0.0,1.0,1.0,1.0,1.0,1.0,0.0
Name,Effects,Overwrite Effects,Import Effects,conditionHp,conditionHpRate,addLifeForceStatus,addWillpowerStatus,addEndureStatus,addStrengthStatus,addDexterityStatus,addMagicStatus,addFaithStatus,addLuckStatus,maxHpRate,maxMpRate,maxStaminaRate,equipWeightChangeRate,neutralDamageCutRate,blowDamageCutRate,slashDamageCutRate,thrustDamageCutRate,magicDamageCutRate,fireDamageCutRate,thunderDamageCutRate,darkDamageCutRate,defEnemyDmgCorrectRate_Physics,defEnemyDmgCorrectRate_Magic,defEnemyDmgCorrectRate_Fire,defEnemyDmgCorrectRate_Thunder,defEnemyDmgCorrectRate_Dark,defPlayerDmgCorrectRate_Physics,defPlayerDmgCorrectRate_Magic,defPlayerDmgCorrectRate_Fire,defPlayerDmgCorrectRate_Thunder,defPlayerDmgCorrectRate_Dark,changePoisonResistPoint,changeDiseaseResistPoint,changeBloodResistPoint,changeFreezeResistPoint,changeSleepResistPoint,changeMadnessResistPoint,changeCurseResistPoint,physicsAttackPowerRate,magicAttackPowerRate,fireAttackPowerRate,thunderAttackPowerRate,darkAttackPowerRate,itemDropRate
Celebrant's Sickle,Gain 10 runes on hit,,Gain 10 runes on hit,-1.0,-1.0,0.0,0.0,0.0,0.0,0.0,0.0,0.0,0.0,1.0,1.0,1.0,1.0,1.0,1.0,1.0,1.0,1.0,1.0,1.0,1.0,1.0,1.0,1.0,1.0,1.0,1.0,1.0,1.0,1.0,1.0,0.0,0.0,0.0,0.0,0.0,0.0,0.0,1.0,1.0,1.0,1.0,1.0,0.0
Cinquedea,Increases damage by 1.1x (holy bugged in PvP: 1x) with bestial incantations,,Increases damage by 1.1x (holy bugged in PvP: 1x) with bestial incantations,-1.0,-1.0,0.0,0.0,0.0,0.0,0.0,0.0,0.0,0.0,1.0,1.0,1.0,1.0,1.0,1.0,1.0,1.0,1.0,1.0,1.0,1.0,1.0,1.0,1.0,1.0,1.0,1.0,1.0,1.0,1.0,1.0,0.0,0.0,0.0,0.0,0.0,0.0,0.0,1.0,1.0,1.0,1.0,1.0,0.0
Golden Epitaph,Increases damage by 1.3x to Those Who Live in Death enemies,,Increases damage by 1.3x to Those Who Live in Death enemies,-1.0,-1.0,0.0,0.0,0.0,0.0,0.0,0.0,0.0,0.0,1.0,1.0,1.0,1.0,1.0,1.0,1.0,1.0,1.0,1.0,1.0,1.0,1.0,1.0,1.0,1.0,1.0,1.0,1.0,1.0,1.0,1.0,0.0,0.0,0.0,0.0,0.0,0.0,0.0,1.0,1.0,1.0,1.0,1.0,0.0
Inseparable Sword,Increases damage by 1.2x to Those Who Live in Death enemies,,Increases damage by 1.2x to Those Who Live in Death enemies,-1.0,-1.0,0.0,0.0,0.0,0.0,0.0,0.0,0.0,0.0,1.0,1.0,1.0,1.0,1.0,1.0,1.0,1.0,1.0,1.0,1.0,1.0,1.0,1.0,1.0,1.0,1.0,1.0,1.0,1.0,1.0,1.0,0.0,0.0,0.0,0.0,0.0,0.0,0.0,1.0,1.0,1.0,1.0,1.0,0.0
Sword of Milos,Restores 5 FP when an enemy dies,,Restores 5 FP when an enemy dies,-1.0,-1.0,0.0,0.0,0.0,0.0,0.0,0.0,0.0,0.0,1.0,1.0,1.0,1.0,1.0,1.0,1.0,1.0,1.0,1.0,1.0,1.0,1.0,1.0,1.0,1.0,1.0,1.0,1.0,1.0,1.0,1.0,0.0,0.0,0.0,0.0,0.0,0.0,0.0,1.0,1.0,1.0,1.0,1.0,0.0
Alabaster Lord's Sword,Increases damage by 1.2x to Void enemies,,Increases damage by 1.2x to Void enemies,-1.0,-1.0,0.0,0.0,0.0,0.0,0.0,0.0,0.0,0.0,1.0,1.0,1.0,1.0,1.0,1.0,1.0,1.0,1.0,1.0,1.0,1.0,1.0,1.0,1.0,1.0,1.0,1.0,1.0,1.0,1.0,1.0,0.0,0.0,0.0,0.0,0.0,0.0,0.0,1.0,1.0,1.0,1.0,1.0,0.0
Blasphemous Blade,Restores ⌊MaxHP * 0.04⌋ + 40 HP when an enemy dies (60 HP),Restores ⌊MaxHP * 0.04⌋ + 40 HP when an enemy dies (60 HP),Restores ⌊MaxHP * 0.04⌋ + 40 HP when an enemy dies,-1.0,-1.0,0.0,0.0,0.0,0.0,0.0,0.0,0.0,0.0,1.0,1.0,1.0,1.0,1.0,1.0,1.0,1.0,1.0,1.0,1.0,1.0,1.0,1.0,1.0,1.0,1.0,1.0,1.0,1.0,1.0,1.0,0.0,0.0,0.0,0.0,0.0,0.0,0.0,1.0,1.0,1.0,1.0,1.0,0.0
Golden Order Greatsword,Increases damage by 1.2x to Those Who Live in Death enemies,,Increases damage by 1.2x to Those Who Live in Death enemies,-1.0,-1.0,0.0,0.0,0.0,0.0,0.0,0.0,0.0,0.0,1.0,1.0,1.0,1.0,1.0,1.0,1.0,1.0,1.0,1.0,1.0,1.0,1.0,1.0,1.0,1.0,1.0,1.0,1.0,1.0,1.0,1.0,0.0,0.0,0.0,0.0,0.0,0.0,0.0,1.0,1.0,1.0,1.0,1.0,0.0
Starscourge Greatsword,Increases damage by 1.3x to Void enemies,,Increases damage by 1.3x to Void enemies,-1.0,-1.0,0.0,0.0,0.0,0.0,0.0,0.0,0.0,0.0,1.0,1.0,1.0,1.0,1.0,1.0,1.0,1.0,1.0,1.0,1.0,1.0,1.0,1.0,1.0,1.0,1.0,1.0,1.0,1.0,1.0,1.0,0.0,0.0,0.0,0.0,0.0,0.0,0.0,1.0,1.0,1.0,1.0,1.0,0.0
Carian Sorcery Sword,,,,-1.0,-1.0,0.0,0.0,0.0,0.0,0.0,0.0,0.0,0.0,1.0,1.0,1.0,1.0,1.0,1.0,1.0,1.0,1.0,1.0,1.0,1.0,1.0,1.0,1.0,1.0,1.0,1.0,1.0,1.0,1.0,1.0,0.0,0.0,0.0,0.0,0.0,0.0,0.0,1.0,1.0,1.0,1.0,1.0,0.0
Dragon King's Cragblade,Increases damage by 1.15x to Ancient Draconic enemies and 1.3x to Draconic enemies,,Increases damage by 1.15x to Ancient Draconic enemies and 1.3x to Draconic enemies,-1.0,-1.0,0.0,0.0,0.0,0.0,0.0,0.0,0.0,0.0,1.0,1.0,1.0,1.0,1.0,1.0,1.0,1.0,1.0,1.0,1.0,1.0,1.0,1.0,1.0,1.0,1.0,1.0,1.0,1.0,1.0,1.0,0.0,0.0,0.0,0.0,0.0,0.0,0.0,1.0,1.0,1.0,1.0,1.0,0.0
Serpent-God's Curved Sword,Restores ⌊MaxHP * 0.025⌋ + 25 HP when an enemy dies (38 HP),Restores ⌊MaxHP * 0.025⌋ + 25 HP when an enemy dies (38 HP),Restores ⌊MaxHP * 0.025⌋ + 25 HP when an enemy dies,-1.0,-1.0,0.0,0.0,0.0,0.0,0.0,0.0,0.0,0.0,1.0,1.0,1.0,1.0,1.0,1.0,1.0,1.0,1.0,1.0,1.0,1.0,1.0,1.0,1.0,1.0,1.0,1.0,1.0,1.0,1.0,1.0,0.0,0.0,0.0,0.0,0.0,0.0,0.0,1.0,1.0,1.0,1.0,1.0,0.0
Wing of Astel,Increases damage by 1.2x to Void enemies,,Increases damage by 1.2x to Void enemies,-1.0,-1.0,0.0,0.0,0.0,0.0,0.0,0.0,0.0,0.0,1.0,1.0,1.0,1.0,1.0,1.0,1.0,1.0,1.0,1.0,1.0,1.0,1.0,1.0,1.0,1.0,1.0,1.0,1.0,1.0,1.0,1.0,0.0,0.0,0.0,0.0,0.0,0.0,0.0,1.0,1.0,1.0,1.0,1.0,0.0
Freyja's Greatsword,Increases damage by 1.1x (1.07x in PvP)  with Redmane battle skills,,Increases damage by 1.1x (1.07x in PvP)  with Redmane battle skills,-1.0,-1.0,0.0,0.0,0.0,0.0,0.0,0.0,0.0,0.0,1.0,1.0,1.0,1.0,1.0,1.0,1.0,1.0,1.0,1.0,1.0,1.0,1.0,1.0,1.0,1.0,1.0,1.0,1.0,1.0,1.0,1.0,0.0,0.0,0.0,0.0,0.0,0.0,0.0,1.0,1.0,1.0,1.0,1.0,0.0
Onyx Lord's Greatsword,Increases damage by 1.2x to Void enemies,,Increases damage by 1.2x to Void enemies,-1.0,-1.0,0.0,0.0,0.0,0.0,0.0,0.0,0.0,0.0,1.0,1.0,1.0,1.0,1.0,1.0,1.0,1.0,1.0,1.0,1.0,1.0,1.0,1.0,1.0,1.0,1.0,1.0,1.0,1.0,1.0,1.0,0.0,0.0,0.0,0.0,0.0,0.0,0.0,1.0,1.0,1.0,1.0,1.0,0.0
Meteoric Ore Blade,Increases damage by 1.2x to Void enemies,,Increases damage by 1.2x to Void enemies,-1.0,-1.0,0.0,0.0,0.0,0.0,0.0,0.0,0.0,0.0,1.0,1.0,1.0,1.0,1.0,1.0,1.0,1.0,1.0,1.0,1.0,1.0,1.0,1.0,1.0,1.0,1.0,1.0,1.0,1.0,1.0,1.0,0.0,0.0,0.0,0.0,0.0,0.0,0.0,1.0,1.0,1.0,1.0,1.0,0.0
Dragonscale Blade,Increases damage by 1.1x to Ancient Draconic enemies and 1.2x to Draconic enemies,,Increases damage by 1.1x to Ancient Draconic enemies and 1.2x to Draconic enemies,-1.0,-1.0,0.0,0.0,0.0,0.0,0.0,0.0,0.0,0.0,1.0,1.0,1.0,1.0,1.0,1.0,1.0,1.0,1.0,1.0,1.0,1.0,1.0,1.0,1.0,1.0,1.0,1.0,1.0,1.0,1.0,1.0,0.0,0.0,0.0,0.0,0.0,0.0,0.0,1.0,1.0,1.0,1.0,1.0,0.0
Dragon-Hunter's Great Katana,Increases damage by 1.15x to Ancient Draconic enemies and 1.3x to Draconic enemies,,Increases damage by 1.15x to Ancient Draconic enemies and 1.3x to Draconic enemies,-1.0,-1.0,0.0,0.0,0.0,0.0,0.0,0.0,0.0,0.0,1.0,1.0,1.0,1.0,1.0,1.0,1.0,1.0,1.0,1.0,1.0,1.0,1.0,1.0,1.0,1.0,1.0,1.0,1.0,1.0,1.0,1.0,0.0,0.0,0.0,0.0,0.0,0.0,0.0,1.0,1.0,1.0,1.0,1.0,0.0
Rakshasa's Great Katana,"Gains hyper armor frames during attacks, but decreases damage negations by -10%",,"Gains hyper armor frames during attacks, but decreases damage negations by -10%",-1.0,-1.0,0.0,0.0,0.0,0.0,0.0,0.0,0.0,0.0,1.0,1.0,1.0,1.0,1.1,1.1,1.1,1.1,1.1,1.1,1.1,1.1,1.0,1.0,1.0,1.0,1.0,1.0,1.0,1.0,1.0,1.0,0.0,0.0,0.0,0.0,0.0,0.0,0.0,1.0,1.0,1.0,1.0,1.0,0.0
Euporia,"Gains ""Luster"" tier 1 at 25 accumuVal (adds 95 holy attack power) and ""Luster"" tier 2 at 50 accumuVal (adds 120 holy attack power); ""Luster"" tier lingers for 30 seconds","Gains ""Luster"" tier 1 at 25 accumuVal (adds 95 holy attack power) and ""Luster"" tier 2 at 50 accumuVal (adds 120 holy attack power); ""Luster"" tier lingers for 30 seconds","Gains ""Luster"" tier 1 at 25 accumuVal (adds 95 holy attack power) and ""Luster"" tier 2 at 50 accumuVal (adds 120 holy attack power); ""Luster"" tier lingers for 30 seconds",-1.0,-1.0,0.0,0.0,0.0,0.0,0.0,0.0,0.0,0.0,1.0,1.0,1.0,1.0,1.0,1.0,1.0,1.0,1.0,1.0,1.0,1.0,1.0,1.0,1.0,1.0,1.0,1.0,1.0,1.0,1.0,1.0,0.0,0.0,0.0,0.0,0.0,0.0,0.0,1.0,1.0,1.0,1.0,1.0,0.0
Highland Axe,Increases damage by 1.1x (holy bugged in PvP: 1x) with roar attacks and Shriek of Milos,,Increases damage by 1.1x (holy bugged in PvP: 1x) with roar attacks and Shriek of Milos,-1.0,-1.0,0.0,0.0,0.0,0.0,0.0,0.0,0.0,0.0,1.0,1.0,1.0,1.0,1.0,1.0,1.0,1.0,1.0,1.0,1.0,1.0,1.0,1.0,1.0,1.0,1.0,1.0,1.0,1.0,1.0,1.0,0.0,0.0,0.0,0.0,0.0,0.0,0.0,1.0,1.0,1.0,1.0,1.0,0.0
Celebrant's Cleaver,Gain 10 runes on hit,,Gain 10 runes on hit,-1.0,-1.0,0.0,0.0,0.0,0.0,0.0,0.0,0.0,0.0,1.0,1.0,1.0,1.0,1.0,1.0,1.0,1.0,1.0,1.0,1.0,1.0,1.0,1.0,1.0,1.0,1.0,1.0,1.0,1.0,1.0,1.0,0.0,0.0,0.0,0.0,0.0,0.0,0.0,1.0,1.0,1.0,1.0,1.0,0.0
Sacrificial Axe,Restores 4 FP when an enemy dies,,Restores 4 FP when an enemy dies,-1.0,-1.0,0.0,0.0,0.0,0.0,0.0,0.0,0.0,0.0,1.0,1.0,1.0,1.0,1.0,1.0,1.0,1.0,1.0,1.0,1.0,1.0,1.0,1.0,1.0,1.0,1.0,1.0,1.0,1.0,1.0,1.0,0.0,0.0,0.0,0.0,0.0,0.0,0.0,1.0,1.0,1.0,1.0,1.0,0.0
Icerind Hatchet,Increases damage by 1.1x to Ancient Draconic enemies and 1.2x to Draconic enemies,,Increases damage by 1.1x to Ancient Draconic enemies and 1.2x to Draconic enemies,-1.0,-1.0,0.0,0.0,0.0,0.0,0.0,0.0,0.0,0.0,1.0,1.0,1.0,1.0,1.0,1.0,1.0,1.0,1.0,1.0,1.0,1.0,1.0,1.0,1.0,1.0,1.0,1.0,1.0,1.0,1.0,1.0,0.0,0.0,0.0,0.0,0.0,0.0,0.0,1.0,1.0,1.0,1.0,1.0,0.0
Butchering Knife,Restores ⌊MaxHP * 0.01⌋ HP on hit (5 HP),Restores ⌊MaxHP * 0.01⌋ HP on hit (5 HP),Restores ⌊MaxHP * 0.01⌋ HP on hit,-1.0,-1.0,0.0,0.0,0.0,0.0,0.0,0.0,0.0,0.0,1.0,1.0,1.0,1.0,1.0,1.0,1.0,1.0,1.0,1.0,1.0,1.0,1.0,1.0,1.0,1.0,1.0,1.0,1.0,1.0,1.0,1.0,0.0,0.0,0.0,0.0,0.0,0.0,0.0,1.0,1.0,1.0,1.0,1.0,0.0
Bonny Butchering Knife,Restores ⌊MaxHP * 0.01⌋ HP on hit (5 HP),Restores ⌊MaxHP * 0.01⌋ HP on hit (5 HP),Restores ⌊MaxHP * 0.01⌋ HP on hit,-1.0,-1.0,0.0,0.0,0.0,0.0,0.0,0.0,0.0,0.0,1.0,1.0,1.0,1.0,1.0,1.0,1.0,1.0,1.0,1.0,1.0,1.0,1.0,1.0,1.0,1.0,1.0,1.0,1.0,1.0,1.0,1.0,0.0,0.0,0.0,0.0,0.0,0.0,0.0,1.0,1.0,1.0,1.0,1.0,0.0
Flowerstone Gavel,Increases damage by 1.15x to Ancient Draconic enemies and 1.3x to Draconic enemies,,Increases damage by 1.15x to Ancient Draconic enemies and 1.3x to Draconic enemies,-1.0,-1.0,0.0,0.0,0.0,0.0,0.0,0.0,0.0,0.0,1.0,1.0,1.0,1.0,1.0,1.0,1.0,1.0,1.0,1.0,1.0,1.0,1.0,1.0,1.0,1.0,1.0,1.0,1.0,1.0,1.0,1.0,0.0,0.0,0.0,0.0,0.0,0.0,0.0,1.0,1.0,1.0,1.0,1.0,0.0
Bastard's Stars,Increases damage by 1.2x to Void enemies,,Increases damage by 1.2x to Void enemies,-1.0,-1.0,0.0,0.0,0.0,0.0,0.0,0.0,0.0,0.0,1.0,1.0,1.0,1.0,1.0,1.0,1.0,1.0,1.0,1.0,1.0,1.0,1.0,1.0,1.0,1.0,1.0,1.0,1.0,1.0,1.0,1.0,0.0,0.0,0.0,0.0,0.0,0.0,0.0,1.0,1.0,1.0,1.0,1.0,0.0
Celebrant's Skull,Gain 20 runes on hit,,Gain 20 runes on hit,-1.0,-1.0,0.0,0.0,0.0,0.0,0.0,0.0,0.0,0.0,1.0,1.0,1.0,1.0,1.0,1.0,1.0,1.0,1.0,1.0,1.0,1.0,1.0,1.0,1.0,1.0,1.0,1.0,1.0,1.0,1.0,1.0,0.0,0.0,0.0,0.0,0.0,0.0,0.0,1.0,1.0,1.0,1.0,1.0,0.0
Great Stars,Restores ⌊MaxHP * 0.01⌋ HP on hit (5 HP),Restores ⌊MaxHP * 0.01⌋ HP on hit (5 HP),Restores ⌊MaxHP * 0.01⌋ HP on hit,-1.0,-1.0,0.0,0.0,0.0,0.0,0.0,0.0,0.0,0.0,1.0,1.0,1.0,1.0,1.0,1.0,1.0,1.0,1.0,1.0,1.0,1.0,1.0,1.0,1.0,1.0,1.0,1.0,1.0,1.0,1.0,1.0,0.0,0.0,0.0,0.0,0.0,0.0,0.0,1.0,1.0,1.0,1.0,1.0,0.0
Greathorn Hammer,Restores ⌊MaxHP * 0.02⌋ + 20 HP when an enemy dies (30 HP),Restores ⌊MaxHP * 0.02⌋ + 20 HP when an enemy dies (30 HP),Restores ⌊MaxHP * 0.02⌋ + 20 HP when an enemy dies,-1.0,-1.0,0.0,0.0,0.0,0.0,0.0,0.0,0.0,0.0,1.0,1.0,1.0,1.0,1.0,1.0,1.0,1.0,1.0,1.0,1.0,1.0,1.0,1.0,1.0,1.0,1.0,1.0,1.0,1.0,1.0,1.0,0.0,0.0,0.0,0.0,0.0,0.0,0.0,1.0,1.0,1.0,1.0,1.0,0.0
Dragon Greatclaw,Increases damage by 1.15x to Ancient Draconic enemies and 1.3x to Draconic enemies,,Increases damage by 1.15x to Ancient Draconic enemies and 1.3x to Draconic enemies,-1.0,-1.0,0.0,0.0,0.0,0.0,0.0,0.0,0.0,0.0,1.0,1.0,1.0,1.0,1.0,1.0,1.0,1.0,1.0,1.0,1.0,1.0,1.0,1.0,1.0,1.0,1.0,1.0,1.0,1.0,1.0,1.0,0.0,0.0,0.0,0.0,0.0,0.0,0.0,1.0,1.0,1.0,1.0,1.0,0.0
Fallingstar Beast Jaw,Increases damage by 1.2x to Void enemies,,Increases damage by 1.2x to Void enemies,-1.0,-1.0,0.0,0.0,0.0,0.0,0.0,0.0,0.0,0.0,1.0,1.0,1.0,1.0,1.0,1.0,1.0,1.0,1.0,1.0,1.0,1.0,1.0,1.0,1.0,1.0,1.0,1.0,1.0,1.0,1.0,1.0,0.0,0.0,0.0,0.0,0.0,0.0,0.0,1.0,1.0,1.0,1.0,1.0,0.0
Celebrant's Rib-Rake,Gain 10 runes on hit,,Gain 10 runes on hit,-1.0,-1.0,0.0,0.0,0.0,0.0,0.0,0.0,0.0,0.0,1.0,1.0,1.0,1.0,1.0,1.0,1.0,1.0,1.0,1.0,1.0,1.0,1.0,1.0,1.0,1.0,1.0,1.0,1.0,1.0,1.0,1.0,0.0,0.0,0.0,0.0,0.0,0.0,0.0,1.0,1.0,1.0,1.0,1.0,0.0
Cleanrot Spear,Increases immunity by 50,,Increases immunity by 50,-1.0,-1.0,0.0,0.0,0.0,0.0,0.0,0.0,0.0,0.0,1.0,1.0,1.0,1.0,1.0,1.0,1.0,1.0,1.0,1.0,1.0,1.0,1.0,1.0,1.0,1.0,1.0,1.0,1.0,1.0,1.0,1.0,50.0,50.0,0.0,0.0,0.0,0.0,0.0,1.0,1.0,1.0,1.0,1.0,0.0
Bolt of Gransax,Increases damage by 1.1x to Ancient Draconic enemies and 1.2x to Draconic enemies,,Increases damage by 1.1x to Ancient Draconic enemies and 1.2x to Draconic enemies,-1.0,-1.0,0.0,0.0,0.0,0.0,0.0,0.0,0.0,0.0,1.0,1.0,1.0,1.0,1.0,1.0,1.0,1.0,1.0,1.0,1.0,1.0,1.0,1.0,1.0,1.0,1.0,1.0,1.0,1.0,1.0,1.0,0.0,0.0,0.0,0.0,0.0,0.0,0.0,1.0,1.0,1.0,1.0,1.0,0.0
Nightrider Glaive,,,,-1.0,-1.0,0.0,0.0,0.0,0.0,0.0,0.0,0.0,0.0,1.0,1.0,1.0,1.0,1.0,1.0,1.0,1.0,1.0,1.0,1.0,1.0,1.0,1.0,1.0,1.0,1.0,1.0,1.0,1.0,1.0,1.0,0.0,0.0,0.0,0.0,0.0,0.0,0.0,1.0,1.0,1.0,1.0,1.0,0.0
Pest's Glaive,Increases elemental damage negations by 2%,,Increases elemental damage negations by 2%,-1.0,-1.0,0.0,0.0,0.0,0.0,0.0,0.0,0.0,0.0,1.0,1.0,1.0,1.0,1.0,1.0,1.0,1.0,1.0,1.0,1.0,1.0,1.0,0.98,0.98,0.98,0.98,1.0,0.98,0.98,0.98,0.98,0.0,0.0,0.0,0.0,0.0,0.0,0.0,1.0,1.0,1.0,1.0,1.0,0.0
Dragon Halberd,Increases damage by 1.05x to Ancient Draconic enemies and 1.1x to Draconic enemies,,Increases damage by 1.05x to Ancient Draconic enemies and 1.1x to Draconic enemies,-1.0,-1.0,0.0,0.0,0.0,0.0,0.0,0.0,0.0,0.0,1.0,1.0,1.0,1.0,1.0,1.0,1.0,1.0,1.0,1.0,1.0,1.0,1.0,1.0,1.0,1.0,1.0,1.0,1.0,1.0,1.0,1.0,0.0,0.0,0.0,0.0,0.0,0.0,0.0,1.0,1.0,1.0,1.0,1.0,0.0
Grave Scythe,Increases vitality by 35,,Increases vitality by 35,-1.0,-1.0,0.0,0.0,0.0,0.0,0.0,0.0,0.0,0.0,1.0,1.0,1.0,1.0,1.0,1.0,1.0,1.0,1.0,1.0,1.0,1.0,1.0,1.0,1.0,1.0,1.0,1.0,1.0,1.0,1.0,1.0,0.0,0.0,0.0,0.0,0.0,0.0,35.0,1.0,1.0,1.0,1.0,1.0,0.0
Poisoned Hand,Increases damage by 1.075x (1.05x in PvP) for 20 seconds when poison/scarlet rot is triggered within 7m,,Increases damage by 1.075x (1.05x in PvP) for 20 seconds when poison/scarlet rot is triggered within 7m,-1.0,-1.0,0.0,0.0,0.0,0.0,0.0,0.0,0.0,0.0,1.0,1.0,1.0,1.0,1.0,1.0,1.0,1.0,1.0,1.0,1.0,1.0,1.0,1.0,1.0,1.0,1.0,1.0,1.0,1.0,1.0,1.0,0.0,0.0,0.0,0.0,0.0,0.0,0.0,1.0,1.0,1.0,1.0,1.0,0.0
Madding Hand,Increases damage by 1.075x (1.05x in PvP) for 30 seconds when madness is triggered within 7m,,Increases damage by 1.075x (1.05x in PvP) for 30 seconds when madness is triggered within 7m,-1.0,-1.0,0.0,0.0,0.0,0.0,0.0,0.0,0.0,0.0,1.0,1.0,1.0,1.0,1.0,1.0,1.0,1.0,1.0,1.0,1.0,1.0,1.0,1.0,1.0,1.0,1.0,1.0,1.0,1.0,1.0,1.0,0.0,0.0,0.0,0.0,0.0,0.0,0.0,1.0,1.0,1.0,1.0,1.0,0.0
Grafted Dragon,Increases damage by 1.05x to Ancient Draconic enemies and 1.1x to Draconic enemies,,Increases damage by 1.05x to Ancient Draconic enemies and 1.1x to Draconic enemies,-1.0,-1.0,0.0,0.0,0.0,0.0,0.0,0.0,0.0,0.0,1.0,1.0,1.0,1.0,1.0,1.0,1.0,1.0,1.0,1.0,1.0,1.0,1.0,1.0,1.0,1.0,1.0,1.0,1.0,1.0,1.0,1.0,0.0,0.0,0.0,0.0,0.0,0.0,0.0,1.0,1.0,1.0,1.0,1.0,0.0
Raptor Talons,,,,-1.0,-1.0,0.0,0.0,0.0,0.0,0.0,0.0,0.0,0.0,1.0,1.0,1.0,1.0,1.0,1.0,1.0,1.0,1.0,1.0,1.0,1.0,1.0,1.0,1.0,1.0,1.0,1.0,1.0,1.0,1.0,1.0,0.0,0.0,0.0,0.0,0.0,0.0,0.0,1.0,1.0,1.0,1.0,1.0,0.0
Beast Claw,vfx?,,vfx?,-1.0,-1.0,0.0,0.0,0.0,0.0,0.0,0.0,0.0,0.0,1.0,1.0,1.0,1.0,1.0,1.0,1.0,1.0,1.0,1.0,1.0,1.0,1.0,1.0,1.0,1.0,1.0,1.0,1.0,1.0,1.0,1.0,0.0,0.0,0.0,0.0,0.0,0.0,0.0,1.0,1.0,1.0,1.0,1.0,0.0
Red Bear's Claw,vfx?,,vfx?,-1.0,-1.0,0.0,0.0,0.0,0.0,0.0,0.0,0.0,0.0,1.0,1.0,1.0,1.0,1.0,1.0,1.0,1.0,1.0,1.0,1.0,1.0,1.0,1.0,1.0,1.0,1.0,1.0,1.0,1.0,1.0,1.0,0.0,0.0,0.0,0.0,0.0,0.0,0.0,1.0,1.0,1.0,1.0,1.0,0.0
Igon's Greatbow,Increases damage by 1.2x (holy bugged in PvP: 1x) with Igon's Harpoon,,Increases damage by 1.2x (holy bugged in PvP: 1x) with Igon's Harpoon,-1.0,-1.0,0.0,0.0,0.0,0.0,0.0,0.0,0.0,0.0,1.0,1.0,1.0,1.0,1.0,1.0,1.0,1.0,1.0,1.0,1.0,1.0,1.0,1.0,1.0,1.0,1.0,1.0,1.0,1.0,1.0,1.0,0.0,0.0,0.0,0.0,0.0,0.0,0.0,1.0,1.0,1.0,1.0,1.0,0.0
Lion Greatbow,Increases damage by 1.2x (holy bugged in PvP: 1x) with Radahn's Spear,,Increases damage by 1.2x (holy bugged in PvP: 1x) with Radahn's Spear,-1.0,-1.0,0.0,0.0,0.0,0.0,0.0,0.0,0.0,0.0,1.0,1.0,1.0,1.0,1.0,1.0,1.0,1.0,1.0,1.0,1.0,1.0,1.0,1.0,1.0,1.0,1.0,1.0,1.0,1.0,1.0,1.0,0.0,0.0,0.0,0.0,0.0,0.0,0.0,1.0,1.0,1.0,1.0,1.0,0.0
Digger's Staff,Increases damage by 1.2x (holy bugged in PvP: 1x) with stonedigger sorceries,,Increases damage by 1.2x (holy bugged in PvP: 1x) with stonedigger sorceries,-1.0,-1.0,0.0,0.0,0.0,0.0,0.0,0.0,0.0,0.0,1.0,1.0,1.0,1.0,1.0,1.0,1.0,1.0,1.0,1.0,1.0,1.0,1.0,1.0,1.0,1.0,1.0,1.0,1.0,1.0,1.0,1.0,0.0,0.0,0.0,0.0,0.0,0.0,0.0,1.0,1.0,1.0,1.0,1.0,0.0
Azur's Glintstone Staff,"Increases vdex by 40, but increases the FP cost of sorceries by ⌈1.2x⌉",,"Increases vdex by 40, but increases the FP cost of sorceries by ⌈1.2x⌉",-1.0,-1.0,0.0,0.0,0.0,0.0,0.0,0.0,0.0,0.0,1.0,1.0,1.0,1.0,1.0,1.0,1.0,1.0,1.0,1.0,1.0,1.0,1.0,1.0,1.0,1.0,1.0,1.0,1.0,1.0,1.0,1.0,0.0,0.0,0.0,0.0,0.0,0.0,0.0,1.0,1.0,1.0,1.0,1.0,0.0
Lusat's Glintstone Staff,Increases the FP cost of sorceries by ⌈1.5x⌉,,Increases the FP cost of sorceries by ⌈1.5x⌉,-1.0,-1.0,0.0,0.0,0.0,0.0,0.0,0.0,0.0,0.0,1.0,1.0,1.0,1.0,1.0,1.0,1.0,1.0,1.0,1.0,1.0,1.0,1.0,1.0,1.0,1.0,1.0,1.0,1.0,1.0,1.0,1.0,0.0,0.0,0.0,0.0,0.0,0.0,0.0,1.0,1.0,1.0,1.0,1.0,0.0
Carian Glintstone Staff,Increases damage by 1.15x (holy bugged in PvP: 1x) with carian sword sorceries,,Increases damage by 1.15x (holy bugged in PvP: 1x) with carian sword sorceries,-1.0,-1.0,0.0,0.0,0.0,0.0,0.0,0.0,0.0,0.0,1.0,1.0,1.0,1.0,1.0,1.0,1.0,1.0,1.0,1.0,1.0,1.0,1.0,1.0,1.0,1.0,1.0,1.0,1.0,1.0,1.0,1.0,0.0,0.0,0.0,0.0,0.0,0.0,0.0,1.0,1.0,1.0,1.0,1.0,0.0
Carian Glintblade Staff,Increases damage by 1.15x (holy bugged in PvP: 1x) with glintblade sorceries,,Increases damage by 1.15x (holy bugged in PvP: 1x) with glintblade sorceries,-1.0,-1.0,0.0,0.0,0.0,0.0,0.0,0.0,0.0,0.0,1.0,1.0,1.0,1.0,1.0,1.0,1.0,1.0,1.0,1.0,1.0,1.0,1.0,1.0,1.0,1.0,1.0,1.0,1.0,1.0,1.0,1.0,0.0,0.0,0.0,0.0,0.0,0.0,0.0,1.0,1.0,1.0,1.0,1.0,0.0
Carian Regal Scepter,Increases damage by 1.1x (holy bugged in PvP: 1x) with full moon sorceries,,Increases damage by 1.1x (holy bugged in PvP: 1x) with full moon sorceries,-1.0,-1.0,0.0,0.0,0.0,0.0,0.0,0.0,0.0,0.0,1.0,1.0,1.0,1.0,1.0,1.0,1.0,1.0,1.0,1.0,1.0,1.0,1.0,1.0,1.0,1.0,1.0,1.0,1.0,1.0,1.0,1.0,0.0,0.0,0.0,0.0,0.0,0.0,0.0,1.0,1.0,1.0,1.0,1.0,0.0
Staff of Loss,Increases damage by 1.3x (holy bugged in PvP: 1x) with night sorceries,,Increases damage by 1.3x (holy bugged in PvP: 1x) with night sorceries,-1.0,-1.0,0.0,0.0,0.0,0.0,0.0,0.0,0.0,0.0,1.0,1.0,1.0,1.0,1.0,1.0,1.0,1.0,1.0,1.0,1.0,1.0,1.0,1.0,1.0,1.0,1.0,1.0,1.0,1.0,1.0,1.0,0.0,0.0,0.0,0.0,0.0,0.0,0.0,1.0,1.0,1.0,1.0,1.0,0.0
Gelmir Glintstone Staff,Increases damage by 1.15x (holy bugged in PvP: 1x) with lava sorceries,,Increases damage by 1.15x (holy bugged in PvP: 1x) with lava sorceries,-1.0,-1.0,0.0,0.0,0.0,0.0,0.0,0.0,0.0,0.0,1.0,1.0,1.0,1.0,1.0,1.0,1.0,1.0,1.0,1.0,1.0,1.0,1.0,1.0,1.0,1.0,1.0,1.0,1.0,1.0,1.0,1.0,0.0,0.0,0.0,0.0,0.0,0.0,0.0,1.0,1.0,1.0,1.0,1.0,0.0
Crystal Staff,Increases damage by 1.1x (holy bugged in PvP: 1x) with crystalian sorceries,,Increases damage by 1.1x (holy bugged in PvP: 1x) with crystalian sorceries,-1.0,-1.0,0.0,0.0,0.0,0.0,0.0,0.0,0.0,0.0,1.0,1.0,1.0,1.0,1.0,1.0,1.0,1.0,1.0,1.0,1.0,1.0,1.0,1.0,1.0,1.0,1.0,1.0,1.0,1.0,1.0,1.0,0.0,0.0,0.0,0.0,0.0,0.0,0.0,1.0,1.0,1.0,1.0,1.0,0.0
Rotten Crystal Staff,Increases damage by 1.1x (holy bugged in PvP: 1x) with crystalian sorceries,,Increases damage by 1.1x (holy bugged in PvP: 1x) with crystalian sorceries,-1.0,-1.0,0.0,0.0,0.0,0.0,0.0,0.0,0.0,0.0,1.0,1.0,1.0,1.0,1.0,1.0,1.0,1.0,1.0,1.0,1.0,1.0,1.0,1.0,1.0,1.0,1.0,1.0,1.0,1.0,1.0,1.0,0.0,0.0,0.0,0.0,0.0,0.0,0.0,1.0,1.0,1.0,1.0,1.0,0.0
Meteorite Staff,Increases damage by 1.3x (holy bugged in PvP: 1x) with gravity sorceries,,Increases damage by 1.3x (holy bugged in PvP: 1x) with gravity sorceries,-1.0,-1.0,0.0,0.0,0.0,0.0,0.0,0.0,0.0,0.0,1.0,1.0,1.0,1.0,1.0,1.0,1.0,1.0,1.0,1.0,1.0,1.0,1.0,1.0,1.0,1.0,1.0,1.0,1.0,1.0,1.0,1.0,0.0,0.0,0.0,0.0,0.0,0.0,0.0,1.0,1.0,1.0,1.0,1.0,0.0
Staff of the Guilty,Increases damage by 1.2x (holy bugged in PvP: 1x) with thorn / aberrant sorceries,,Increases damage by 1.2x (holy bugged in PvP: 1x) with thorn / aberrant sorceries,-1.0,-1.0,0.0,0.0,0.0,0.0,0.0,0.0,0.0,0.0,1.0,1.0,1.0,1.0,1.0,1.0,1.0,1.0,1.0,1.0,1.0,1.0,1.0,1.0,1.0,1.0,1.0,1.0,1.0,1.0,1.0,1.0,0.0,0.0,0.0,0.0,0.0,0.0,0.0,1.0,1.0,1.0,1.0,1.0,0.0
Prince of Death's Staff,Increases damage by 1.1x (holy bugged in PvP: 1x) with death sorceries,,Increases damage by 1.1x (holy bugged in PvP: 1x) with death sorceries,-1.0,-1.0,0.0,0.0,0.0,0.0,0.0,0.0,0.0,0.0,1.0,1.0,1.0,1.0,1.0,1.0,1.0,1.0,1.0,1.0,1.0,1.0,1.0,1.0,1.0,1.0,1.0,1.0,1.0,1.0,1.0,1.0,0.0,0.0,0.0,0.0,0.0,0.0,0.0,1.0,1.0,1.0,1.0,1.0,0.0
Maternal Staff,Increases damage by 1.15x (holy bugged in PvP: 1x) with finger sorceries,,Increases damage by 1.15x (holy bugged in PvP: 1x) with finger sorceries,-1.0,-1.0,0.0,0.0,0.0,0.0,0.0,0.0,0.0,0.0,1.0,1.0,1.0,1.0,1.0,1.0,1.0,1.0,1.0,1.0,1.0,1.0,1.0,1.0,1.0,1.0,1.0,1.0,1.0,1.0,1.0,1.0,0.0,0.0,0.0,0.0,0.0,0.0,0.0,1.0,1.0,1.0,1.0,1.0,0.0
Golden Order Seal,Increases damage by 1.1x (holy bugged in PvP: 1x) with Golden Order Fundamentalist incantations,,Increases damage by 1.1x (holy bugged in PvP: 1x) with Golden Order Fundamentalist incantations,-1.0,-1.0,0.0,0.0,0.0,0.0,0.0,0.0,0.0,0.0,1.0,1.0,1.0,1.0,1.0,1.0,1.0,1.0,1.0,1.0,1.0,1.0,1.0,1.0,1.0,1.0,1.0,1.0,1.0,1.0,1.0,1.0,0.0,0.0,0.0,0.0,0.0,0.0,0.0,1.0,1.0,1.0,1.0,1.0,0.0
Dryleaf Seal,Increases damage by 1.15x (holy bugged in PvP: 1x) with golden ring of light incantations,,Increases damage by 1.15x (holy bugged in PvP: 1x) with golden ring of light incantations,-1.0,-1.0,0.0,0.0,0.0,0.0,0.0,0.0,0.0,0.0,1.0,1.0,1.0,1.0,1.0,1.0,1.0,1.0,1.0,1.0,1.0,1.0,1.0,1.0,1.0,1.0,1.0,1.0,1.0,1.0,1.0,1.0,0.0,0.0,0.0,0.0,0.0,0.0,0.0,1.0,1.0,1.0,1.0,1.0,0.0
Fire Knight's Seal,Increases damage by 1.15x (holy bugged in PvP: 1x) with Messmer's flame incantations,,Increases damage by 1.15x (holy bugged in PvP: 1x) with Messmer's flame incantations,-1.0,-1.0,0.0,0.0,0.0,0.0,0.0,0.0,0.0,0.0,1.0,1.0,1.0,1.0,1.0,1.0,1.0,1.0,1.0,1.0,1.0,1.0,1.0,1.0,1.0,1.0,1.0,1.0,1.0,1.0,1.0,1.0,0.0,0.0,0.0,0.0,0.0,0.0,0.0,1.0,1.0,1.0,1.0,1.0,0.0
Spiraltree Seal,Increases damage by 1.2x (holy bugged in PvP: 1x) with spiral incantations,,Increases damage by 1.2x (holy bugged in PvP: 1x) with spiral incantations,-1.0,-1.0,0.0,0.0,0.0,0.0,0.0,0.0,0.0,0.0,1.0,1.0,1.0,1.0,1.0,1.0,1.0,1.0,1.0,1.0,1.0,1.0,1.0,1.0,1.0,1.0,1.0,1.0,1.0,1.0,1.0,1.0,0.0,0.0,0.0,0.0,0.0,0.0,0.0,1.0,1.0,1.0,1.0,1.0,0.0
Gravel Stone Seal,Increases damage by 1.15x (holy bugged in PvP: 1x) with Dragon Cult incantations,,Increases damage by 1.15x (holy bugged in PvP: 1x) with Dragon Cult incantations,-1.0,-1.0,0.0,0.0,0.0,0.0,0.0,0.0,0.0,0.0,1.0,1.0,1.0,1.0,1.0,1.0,1.0,1.0,1.0,1.0,1.0,1.0,1.0,1.0,1.0,1.0,1.0,1.0,1.0,1.0,1.0,1.0,0.0,0.0,0.0,0.0,0.0,0.0,0.0,1.0,1.0,1.0,1.0,1.0,0.0
Giant's Seal,Increases damage by 1.2x (holy bugged in PvP: 1x) with Giants' Flame incantations,,Increases damage by 1.2x (holy bugged in PvP: 1x) with Giants' Flame incantations,-1.0,-1.0,0.0,0.0,0.0,0.0,0.0,0.0,0.0,0.0,1.0,1.0,1.0,1.0,1.0,1.0,1.0,1.0,1.0,1.0,1.0,1.0,1.0,1.0,1.0,1.0,1.0,1.0,1.0,1.0,1.0,1.0,0.0,0.0,0.0,0.0,0.0,0.0,0.0,1.0,1.0,1.0,1.0,1.0,0.0
Godslayer's Seal,Increases damage by 1.1x (holy bugged in PvP: 1x) with godslayer incantations,,Increases damage by 1.1x (holy bugged in PvP: 1x) with godslayer incantations,-1.0,-1.0,0.0,0.0,0.0,0.0,0.0,0.0,0.0,0.0,1.0,1.0,1.0,1.0,1.0,1.0,1.0,1.0,1.0,1.0,1.0,1.0,1.0,1.0,1.0,1.0,1.0,1.0,1.0,1.0,1.0,1.0,0.0,0.0,0.0,0.0,0.0,0.0,0.0,1.0,1.0,1.0,1.0,1.0,0.0
Clawmark Seal,Increases damage by 1.1x (holy bugged in PvP: 1x) with bestial incantations,,Increases damage by 1.1x (holy bugged in PvP: 1x) with bestial incantations,-1.0,-1.0,0.0,0.0,0.0,0.0,0.0,0.0,0.0,0.0,1.0,1.0,1.0,1.0,1.0,1.0,1.0,1.0,1.0,1.0,1.0,1.0,1.0,1.0,1.0,1.0,1.0,1.0,1.0,1.0,1.0,1.0,0.0,0.0,0.0,0.0,0.0,0.0,0.0,1.0,1.0,1.0,1.0,1.0,0.0
Frenzied Flame Seal,Increases damage by 1.2x (holy bugged in PvP: 1x) with Frenzied Flame incantations,,Increases damage by 1.2x (holy bugged in PvP: 1x) with Frenzied Flame incantations,-1.0,-1.0,0.0,0.0,0.0,0.0,0.0,0.0,0.0,0.0,1.0,1.0,1.0,1.0,1.0,1.0,1.0,1.0,1.0,1.0,1.0,1.0,1.0,1.0,1.0,1.0,1.0,1.0,1.0,1.0,1.0,1.0,0.0,0.0,0.0,0.0,0.0,0.0,0.0,1.0,1.0,1.0,1.0,1.0,0.0
Dragon Communion Seal,Increases damage by 1.15x (holy bugged in PvP: 1x) with Dragon Communion incantations,,Increases damage by 1.15x (holy bugged in PvP: 1x) with Dragon Communion incantations,-1.0,-1.0,0.0,0.0,0.0,0.0,0.0,0.0,0.0,0.0,1.0,1.0,1.0,1.0,1.0,1.0,1.0,1.0,1.0,1.0,1.0,1.0,1.0,1.0,1.0,1.0,1.0,1.0,1.0,1.0,1.0,1.0,0.0,0.0,0.0,0.0,0.0,0.0,0.0,1.0,1.0,1.0,1.0,1.0,0.0
Radahn's Spear,Increases damage by 1.2x to Void enemies,,Increases damage by 1.2x to Void enemies,-1.0,-1.0,0.0,0.0,0.0,0.0,0.0,0.0,0.0,0.0,1.0,1.0,1.0,1.0,1.0,1.0,1.0,1.0,1.0,1.0,1.0,1.0,1.0,1.0,1.0,1.0,1.0,1.0,1.0,1.0,1.0,1.0,0.0,0.0,0.0,0.0,0.0,0.0,0.0,1.0,1.0,1.0,1.0,1.0,0.0
Igon's Harpoon,Increases damage by 1.15x to Ancient Draconic enemies and 1.3x to Draconic enemies,,Increases damage by 1.15x to Ancient Draconic enemies and 1.3x to Draconic enemies,-1.0,-1.0,0.0,0.0,0.0,0.0,0.0,0.0,0.0,0.0,1.0,1.0,1.0,1.0,1.0,1.0,1.0,1.0,1.0,1.0,1.0,1.0,1.0,1.0,1.0,1.0,1.0,1.0,1.0,1.0,1.0,1.0,0.0,0.0,0.0,0.0,0.0,0.0,0.0,1.0,1.0,1.0,1.0,1.0,0.0
Beast-Repellent Torch,Prevents certain enemies from being aggressive,,Prevents certain enemies from being aggressive,-1.0,-1.0,0.0,0.0,0.0,0.0,0.0,0.0,0.0,0.0,1.0,1.0,1.0,1.0,1.0,1.0,1.0,1.0,1.0,1.0,1.0,1.0,1.0,1.0,1.0,1.0,1.0,1.0,1.0,1.0,1.0,1.0,0.0,0.0,0.0,0.0,0.0,0.0,0.0,1.0,1.0,1.0,1.0,1.0,0.0
Sentry's Torch,Makes invisible enemies visible,,Makes invisible enemies visible,-1.0,-1.0,0.0,0.0,0.0,0.0,0.0,0.0,0.0,0.0,1.0,1.0,1.0,1.0,1.0,1.0,1.0,1.0,1.0,1.0,1.0,1.0,1.0,1.0,1.0,1.0,1.0,1.0,1.0,1.0,1.0,1.0,0.0,0.0,0.0,0.0,0.0,0.0,0.0,1.0,1.0,1.0,1.0,1.0,0.0
Lamenting Visage,,,,-1.0,-1.0,0.0,0.0,0.0,0.0,0.0,0.0,0.0,0.0,1.0,1.0,1.0,1.0,1.0,1.0,1.0,1.0,1.0,1.0,1.0,1.0,1.0,1.0,1.0,1.0,1.0,1.0,1.0,1.0,1.0,1.0,0.0,0.0,0.0,0.0,0.0,0.0,0.0,1.0,1.0,1.0,1.0,1.0,0.0
Pillory Shield,Increases vitality by 50,,Increases vitality by 50,-1.0,-1.0,0.0,0.0,0.0,0.0,0.0,0.0,0.0,0.0,1.0,1.0,1.0,1.0,1.0,1.0,1.0,1.0,1.0,1.0,1.0,1.0,1.0,1.0,1.0,1.0,1.0,1.0,1.0,1.0,1.0,1.0,0.0,0.0,0.0,0.0,0.0,0.0,50.0,1.0,1.0,1.0,1.0,1.0,0.0
Ice Crest Shield,Increases robustness by 40,,Increases robustness by 40,-1.0,-1.0,0.0,0.0,0.0,0.0,0.0,0.0,0.0,0.0,1.0,1.0,1.0,1.0,1.0,1.0,1.0,1.0,1.0,1.0,1.0,1.0,1.0,1.0,1.0,1.0,1.0,1.0,1.0,1.0,1.0,1.0,0.0,0.0,40.0,40.0,0.0,0.0,0.0,1.0,1.0,1.0,1.0,1.0,0.0
Rift Shield,Increases focus by 40,,Increases focus by 40,-1.0,-1.0,0.0,0.0,0.0,0.0,0.0,0.0,0.0,0.0,1.0,1.0,1.0,1.0,1.0,1.0,1.0,1.0,1.0,1.0,1.0,1.0,1.0,1.0,1.0,1.0,1.0,1.0,1.0,1.0,1.0,1.0,0.0,0.0,0.0,0.0,40.0,40.0,0.0,1.0,1.0,1.0,1.0,1.0,0.0
Perfumer's Shield,Increases immunity by 40,,Increases immunity by 40,-1.0,-1.0,0.0,0.0,0.0,0.0,0.0,0.0,0.0,0.0,1.0,1.0,1.0,1.0,1.0,1.0,1.0,1.0,1.0,1.0,1.0,1.0,1.0,1.0,1.0,1.0,1.0,1.0,1.0,1.0,1.0,1.0,40.0,40.0,0.0,0.0,0.0,0.0,0.0,1.0,1.0,1.0,1.0,1.0,0.0
Shield of the Guilty,Increases focus by 40,,Increases focus by 40,-1.0,-1.0,0.0,0.0,0.0,0.0,0.0,0.0,0.0,0.0,1.0,1.0,1.0,1.0,1.0,1.0,1.0,1.0,1.0,1.0,1.0,1.0,1.0,1.0,1.0,1.0,1.0,1.0,1.0,1.0,1.0,1.0,0.0,0.0,0.0,0.0,40.0,40.0,0.0,1.0,1.0,1.0,1.0,1.0,0.0
Spiralhorn Shield,"Increases immunity, robustness, and focus by 50",,"Increases immunity, robustness, and focus by 50",-1.0,-1.0,0.0,0.0,0.0,0.0,0.0,0.0,0.0,0.0,1.0,1.0,1.0,1.0,1.0,1.0,1.0,1.0,1.0,1.0,1.0,1.0,1.0,1.0,1.0,1.0,1.0,1.0,1.0,1.0,1.0,1.0,50.0,50.0,50.0,50.0,50.0,50.0,0.0,1.0,1.0,1.0,1.0,1.0,0.0
Smoldering Shield,Increases robustness by 30,,Increases robustness by 30,-1.0,-1.0,0.0,0.0,0.0,0.0,0.0,0.0,0.0,0.0,1.0,1.0,1.0,1.0,1.0,1.0,1.0,1.0,1.0,1.0,1.0,1.0,1.0,1.0,1.0,1.0,1.0,1.0,1.0,1.0,1.0,1.0,0.0,0.0,30.0,30.0,0.0,0.0,0.0,1.0,1.0,1.0,1.0,1.0,0.0
Coil Shield,Increases immunity by 40,,Increases immunity by 40,-1.0,-1.0,0.0,0.0,0.0,0.0,0.0,0.0,0.0,0.0,1.0,1.0,1.0,1.0,1.0,1.0,1.0,1.0,1.0,1.0,1.0,1.0,1.0,1.0,1.0,1.0,1.0,1.0,1.0,1.0,1.0,1.0,40.0,40.0,0.0,0.0,0.0,0.0,0.0,1.0,1.0,1.0,1.0,1.0,0.0
Shield of Night,,,,-1.0,-1.0,0.0,0.0,0.0,0.0,0.0,0.0,0.0,0.0,1.0,1.0,1.0,1.0,1.0,1.0,1.0,1.0,1.0,1.0,1.0,1.0,1.0,1.0,1.0,1.0,1.0,1.0,1.0,1.0,1.0,1.0,0.0,0.0,0.0,0.0,0.0,0.0,0.0,1.0,1.0,1.0,1.0,1.0,0.0
Twinbird Kite Shield,Increases damage by 1.05x and damage negations by 10% while at less than 20% HP,,Increases damage by 1.05x and damage negations by 10% while at less than 20% HP,20.0,-1.0,0.0,0.0,0.0,0.0,0.0,0.0,0.0,0.0,1.0,1.0,1.0,1.0,1.0,1.0,1.0,1.0,1.0,1.0,1.0,1.0,0.9,0.9,0.9,0.9,0.9,0.9,0.9,0.9,0.9,0.9,0.0,0.0,0.0,0.0,0.0,0.0,0.0,1.0,1.0,1.0,1.0,1.0,0.0
Great Turtle Shell,Increases stamina regeneration by 3/s,,Increases stamina regeneration by 3/s,-1.0,-1.0,0.0,0.0,0.0,0.0,0.0,0.0,0.0,0.0,1.0,1.0,1.0,1.0,1.0,1.0,1.0,1.0,1.0,1.0,1.0,1.0,1.0,1.0,1.0,1.0,1.0,1.0,1.0,1.0,1.0,1.0,0.0,0.0,0.0,0.0,0.0,0.0,0.0,1.0,1.0,1.0,1.0,1.0,0.0
Icon Shield,Regenerates 3 HP/s,,Regenerates 3 HP/s,-1.0,-1.0,0.0,0.0,0.0,0.0,0.0,0.0,0.0,0.0,1.0,1.0,1.0,1.0,1.0,1.0,1.0,1.0,1.0,1.0,1.0,1.0,1.0,1.0,1.0,1.0,1.0,1.0,1.0,1.0,1.0,1.0,0.0,0.0,0.0,0.0,0.0,0.0,0.0,1.0,1.0,1.0,1.0,1.0,0.0
Dragonclaw Shield,Increases damage by 1.15x to Ancient Draconic enemies and 1.3x to Draconic enemies,,Increases damage by 1.15x to Ancient Draconic enemies and 1.3x to Draconic enemies,-1.0,-1.0,0.0,0.0,0.0,0.0,0.0,0.0,0.0,0.0,1.0,1.0,1.0,1.0,1.0,1.0,1.0,1.0,1.0,1.0,1.0,1.0,1.0,1.0,1.0,1.0,1.0,1.0,1.0,1.0,1.0,1.0,0.0,0.0,0.0,0.0,0.0,0.0,0.0,1.0,1.0,1.0,1.0,1.0,0.0
Eclipse Crest Greatshield,"Increases immunity, robustness, and focus by 50",,"Increases immunity, robustness, and focus by 50",-1.0,-1.0,0.0,0.0,0.0,0.0,0.0,0.0,0.0,0.0,1.0,1.0,1.0,1.0,1.0,1.0,1.0,1.0,1.0,1.0,1.0,1.0,1.0,1.0,1.0,1.0,1.0,1.0,1.0,1.0,1.0,1.0,50.0,50.0,50.0,50.0,50.0,50.0,0.0,1.0,1.0,1.0,1.0,1.0,0.0
Ant's Skull Plate,Increases immunity by 60,,Increases immunity by 60,-1.0,-1.0,0.0,0.0,0.0,0.0,0.0,0.0,0.0,0.0,1.0,1.0,1.0,1.0,1.0,1.0,1.0,1.0,1.0,1.0,1.0,1.0,1.0,1.0,1.0,1.0,1.0,1.0,1.0,1.0,1.0,1.0,60.0,60.0,0.0,0.0,0.0,0.0,0.0,1.0,1.0,1.0,1.0,1.0,0.0
,,,,,,,,,,,,,,,,,,,,,,,,,,,,,,,,,,,,,,,,,,,,,,,,
Black Dumpling,Increases damage by 1.1x for 60 seconds when the wearer suffers from madness,,Increases damage by 1.1x for 60 seconds when the wearer suffers from madness,-1.0,-1.0,0.0,0.0,0.0,0.0,0.0,0.0,0.0,0.0,1.0,1.0,1.0,1.0,1.0,1.0,1.0,1.0,1.0,1.0,1.0,1.0,1.0,1.0,1.0,1.0,1.0,1.0,1.0,1.0,1.0,1.0,0.0,0.0,0.0,0.0,0.0,0.0,0.0,1.0,1.0,1.0,1.0,1.0,0.0
Mushroom Crown,Increases damage by 1.1x for 20 seconds when poison/scarlet rot is triggered within 7m,,Increases damage by 1.1x for 20 seconds when poison/scarlet rot is triggered within 7m,-1.0,-1.0,0.0,0.0,0.0,0.0,0.0,0.0,0.0,0.0,1.0,1.0,1.0,1.0,1.0,1.0,1.0,1.0,1.0,1.0,1.0,1.0,1.0,1.0,1.0,1.0,1.0,1.0,1.0,1.0,1.0,1.0,0.0,0.0,0.0,0.0,0.0,0.0,0.0,1.0,1.0,1.0,1.0,1.0,0.0
St. Trina's Blossom,Increases FP by ⌊1.06x⌋,,Increases FP by ⌊1.06x⌋,-1.0,-1.0,0.0,0.0,0.0,0.0,0.0,0.0,0.0,0.0,1.0,1.06,1.0,1.0,1.0,1.0,1.0,1.0,1.0,1.0,1.0,1.0,1.0,1.0,1.0,1.0,1.0,1.0,1.0,1.0,1.0,1.0,0.0,0.0,0.0,0.0,0.0,0.0,0.0,1.0,1.0,1.0,1.0,1.0,0.0
Circlet of Light,"Increases damage by 1.1x (holy bugged in PvP: 1x) with Light of Miquella and increases intelligence, faith, and arcane by 1",,"Increases damage by 1.1x (holy bugged in PvP: 1x) with Light of Miquella and increases intelligence, faith, and arcane by 1",-1.0,-1.0,0.0,0.0,0.0,0.0,0.0,1.0,1.0,1.0,1.0,1.0,1.0,1.0,1.0,1.0,1.0,1.0,1.0,1.0,1.0,1.0,1.0,1.0,1.0,1.0,1.0,1.0,1.0,1.0,1.0,1.0,0.0,0.0,0.0,0.0,0.0,0.0,0.0,1.0,1.0,1.0,1.0,1.0,0.0
Karolos Glintstone Crown,"Increases intelligence by 3, but decreases stamina by ⌊0.91x⌋",,"Increases intelligence by 3, but decreases stamina by ⌊0.91x⌋",-1.0,-1.0,0.0,0.0,0.0,0.0,0.0,3.0,0.0,0.0,1.0,1.0,0.91,1.0,1.0,1.0,1.0,1.0,1.0,1.0,1.0,1.0,1.0,1.0,1.0,1.0,1.0,1.0,1.0,1.0,1.0,1.0,0.0,0.0,0.0,0.0,0.0,0.0,0.0,1.0,1.0,1.0,1.0,1.0,0.0
Olivinus Glintstone Crown,"Increases intelligence by 3, but decreases HP by ⌊0.91x⌋",,"Increases intelligence by 3, but decreases HP by ⌊0.91x⌋",-1.0,-1.0,0.0,0.0,0.0,0.0,0.0,3.0,0.0,0.0,0.91,1.0,1.0,1.0,1.0,1.0,1.0,1.0,1.0,1.0,1.0,1.0,1.0,1.0,1.0,1.0,1.0,1.0,1.0,1.0,1.0,1.0,0.0,0.0,0.0,0.0,0.0,0.0,0.0,1.0,1.0,1.0,1.0,1.0,0.0
Twinsage Glintstone Crown,"Increases intelligence by 6, but decreases HP and stamina by ⌊0.91x⌋",,"Increases intelligence by 6, but decreases HP and stamina by ⌊0.91x⌋",-1.0,-1.0,0.0,0.0,0.0,0.0,0.0,6.0,0.0,0.0,0.91,1.0,0.91,1.0,1.0,1.0,1.0,1.0,1.0,1.0,1.0,1.0,1.0,1.0,1.0,1.0,1.0,1.0,1.0,1.0,1.0,1.0,0.0,0.0,0.0,0.0,0.0,0.0,0.0,1.0,1.0,1.0,1.0,1.0,0.0
Witch's Glintstone Crown,"Increases intelligence and arcane by 3, but decreases stamina by ⌊0.82x⌋",,"Increases intelligence and arcane by 3, but decreases stamina by ⌊0.82x⌋",-1.0,-1.0,0.0,0.0,0.0,0.0,0.0,3.0,0.0,3.0,1.0,1.0,0.82,1.0,1.0,1.0,1.0,1.0,1.0,1.0,1.0,1.0,1.0,1.0,1.0,1.0,1.0,1.0,1.0,1.0,1.0,1.0,0.0,0.0,0.0,0.0,0.0,0.0,0.0,1.0,1.0,1.0,1.0,1.0,0.0
Lazuli Glintstone Crown,"Increases dexterity and intelligence by 3, but decreases HP by ⌊0.82x⌋",,"Increases dexterity and intelligence by 3, but decreases HP by ⌊0.82x⌋",-1.0,-1.0,0.0,0.0,0.0,0.0,3.0,3.0,0.0,0.0,0.82,1.0,1.0,1.0,1.0,1.0,1.0,1.0,1.0,1.0,1.0,1.0,1.0,1.0,1.0,1.0,1.0,1.0,1.0,1.0,1.0,1.0,0.0,0.0,0.0,0.0,0.0,0.0,0.0,1.0,1.0,1.0,1.0,1.0,0.0
Haima Glintstone Crown,"Increases strength and intelligence by 2, but decreases FP by ⌊0.91x⌋",,"Increases strength and intelligence by 2, but decreases FP by ⌊0.91x⌋",-1.0,-1.0,0.0,0.0,0.0,2.0,0.0,2.0,0.0,0.0,1.0,0.91,1.0,1.0,1.0,1.0,1.0,1.0,1.0,1.0,1.0,1.0,1.0,1.0,1.0,1.0,1.0,1.0,1.0,1.0,1.0,1.0,0.0,0.0,0.0,0.0,0.0,0.0,0.0,1.0,1.0,1.0,1.0,1.0,0.0
Hierodas Glintstone Crown,"Increases endurance and intelligence by 2, but decreases FP by ⌊0.91x⌋",,"Increases endurance and intelligence by 2, but decreases FP by ⌊0.91x⌋",-1.0,-1.0,0.0,0.0,2.0,0.0,0.0,2.0,0.0,0.0,1.0,0.91,1.0,1.0,1.0,1.0,1.0,1.0,1.0,1.0,1.0,1.0,1.0,1.0,1.0,1.0,1.0,1.0,1.0,1.0,1.0,1.0,0.0,0.0,0.0,0.0,0.0,0.0,0.0,1.0,1.0,1.0,1.0,1.0,0.0
Spellblade's Pointed Hat,Increases magic damage by 1.02x with weapon skills,,Increases magic damage by 1.02x with weapon skills,-1.0,-1.0,0.0,0.0,0.0,0.0,0.0,0.0,0.0,0.0,1.0,1.0,1.0,1.0,1.0,1.0,1.0,1.0,1.0,1.0,1.0,1.0,1.0,1.0,1.0,1.0,1.0,1.0,1.0,1.0,1.0,1.0,0.0,0.0,0.0,0.0,0.0,0.0,0.0,1.0,1.0,1.0,1.0,1.0,0.0
Alberich's Pointed Hat,Increases damage by 1.06x (holy bugged in PvP: 1x) with thorn / aberrant sorceries,,Increases damage by 1.06x (holy bugged in PvP: 1x) with thorn / aberrant sorceries,-1.0,-1.0,0.0,0.0,0.0,0.0,0.0,0.0,0.0,0.0,1.0,1.0,1.0,1.0,1.0,1.0,1.0,1.0,1.0,1.0,1.0,1.0,1.0,1.0,1.0,1.0,1.0,1.0,1.0,1.0,1.0,1.0,0.0,0.0,0.0,0.0,0.0,0.0,0.0,1.0,1.0,1.0,1.0,1.0,0.0
Alberich's Pointed Hat (Altered),Increases damage by 1.06x (holy bugged in PvP: 1x) with thorn / aberrant sorceries,,Increases damage by 1.06x (holy bugged in PvP: 1x) with thorn / aberrant sorceries,-1.0,-1.0,0.0,0.0,0.0,0.0,0.0,0.0,0.0,0.0,1.0,1.0,1.0,1.0,1.0,1.0,1.0,1.0,1.0,1.0,1.0,1.0,1.0,1.0,1.0,1.0,1.0,1.0,1.0,1.0,1.0,1.0,0.0,0.0,0.0,0.0,0.0,0.0,0.0,1.0,1.0,1.0,1.0,1.0,0.0
Preceptor's Big Hat,"Increases mind by 3, but decreases stamina by ⌊0.91x⌋",,"Increases mind by 3, but decreases stamina by ⌊0.91x⌋",-1.0,-1.0,0.0,3.0,0.0,0.0,0.0,0.0,0.0,0.0,1.0,1.0,0.91,1.0,1.0,1.0,1.0,1.0,1.0,1.0,1.0,1.0,1.0,1.0,1.0,1.0,1.0,1.0,1.0,1.0,1.0,1.0,0.0,0.0,0.0,0.0,0.0,0.0,0.0,1.0,1.0,1.0,1.0,1.0,0.0
Mask of Confidence,Increases arcane by 3,,Increases arcane by 3,-1.0,-1.0,0.0,0.0,0.0,0.0,0.0,0.0,0.0,3.0,1.0,1.0,1.0,1.0,1.0,1.0,1.0,1.0,1.0,1.0,1.0,1.0,1.0,1.0,1.0,1.0,1.0,1.0,1.0,1.0,1.0,1.0,0.0,0.0,0.0,0.0,0.0,0.0,0.0,1.0,1.0,1.0,1.0,1.0,0.0
Azur's Glintstone Crown,"Increases damage by 1.1x with Azur's sorceries & 1.15x with Comet Azur, but increases the FP cost of sorceries by ⌈1.15x⌉",,"Increases damage by 1.1x with Azur's sorceries & 1.15x with Comet Azur, but increases the FP cost of sorceries by ⌈1.15x⌉",-1.0,-1.0,0.0,0.0,0.0,0.0,0.0,0.0,0.0,0.0,1.0,1.0,1.0,1.0,1.0,1.0,1.0,1.0,1.0,1.0,1.0,1.0,1.0,1.0,1.0,1.0,1.0,1.0,1.0,1.0,1.0,1.0,0.0,0.0,0.0,0.0,0.0,0.0,0.0,1.0,1.0,1.0,1.0,1.0,0.0
Lusat's Glintstone Crown,"Increases damage by 1.1x with Lusat's sorceries & 1.15x with Stars of Ruin, but increases the FP cost of sorceries by ⌈1.15x⌉",,"Increases damage by 1.1x with Lusat's sorceries & 1.15x with Stars of Ruin, but increases the FP cost of sorceries by ⌈1.15x⌉",-1.0,-1.0,0.0,0.0,0.0,0.0,0.0,0.0,0.0,0.0,1.0,1.0,1.0,1.0,1.0,1.0,1.0,1.0,1.0,1.0,1.0,1.0,1.0,1.0,1.0,1.0,1.0,1.0,1.0,1.0,1.0,1.0,0.0,0.0,0.0,0.0,0.0,0.0,0.0,1.0,1.0,1.0,1.0,1.0,0.0
Queen's Crescent Crown,Increases intelligence by 3,,Increases intelligence by 3,-1.0,-1.0,0.0,0.0,0.0,0.0,0.0,3.0,0.0,0.0,1.0,1.0,1.0,1.0,1.0,1.0,1.0,1.0,1.0,1.0,1.0,1.0,1.0,1.0,1.0,1.0,1.0,1.0,1.0,1.0,1.0,1.0,0.0,0.0,0.0,0.0,0.0,0.0,0.0,1.0,1.0,1.0,1.0,1.0,0.0
Snow Witch Hat,Increases damage by 1.1x (holy bugged in PvP: 1x) with cold sorceries,,Increases damage by 1.1x (holy bugged in PvP: 1x) with cold sorceries,-1.0,-1.0,0.0,0.0,0.0,0.0,0.0,0.0,0.0,0.0,1.0,1.0,1.0,1.0,1.0,1.0,1.0,1.0,1.0,1.0,1.0,1.0,1.0,1.0,1.0,1.0,1.0,1.0,1.0,1.0,1.0,1.0,0.0,0.0,0.0,0.0,0.0,0.0,0.0,1.0,1.0,1.0,1.0,1.0,0.0
High Priest Hat,Increases intelligence and arcane by 1,,Increases intelligence and arcane by 1,-1.0,-1.0,0.0,0.0,0.0,0.0,0.0,1.0,0.0,1.0,1.0,1.0,1.0,1.0,1.0,1.0,1.0,1.0,1.0,1.0,1.0,1.0,1.0,1.0,1.0,1.0,1.0,1.0,1.0,1.0,1.0,1.0,0.0,0.0,0.0,0.0,0.0,0.0,0.0,1.0,1.0,1.0,1.0,1.0,0.0
Greathood,"Increases intelligence and faith by 2, but decreases HP by ⌊0.91x⌋",,"Increases intelligence and faith by 2, but decreases HP by ⌊0.91x⌋",-1.0,-1.0,0.0,0.0,0.0,0.0,0.0,2.0,2.0,0.0,0.91,1.0,1.0,1.0,1.0,1.0,1.0,1.0,1.0,1.0,1.0,1.0,1.0,1.0,1.0,1.0,1.0,1.0,1.0,1.0,1.0,1.0,0.0,0.0,0.0,0.0,0.0,0.0,0.0,1.0,1.0,1.0,1.0,1.0,0.0
Radiant Gold Mask,Increases damage by 1.1x (holy bugged in PvP: 1x) with Golden Order Fundamentalist incantations,,Increases damage by 1.1x (holy bugged in PvP: 1x) with Golden Order Fundamentalist incantations,-1.0,-1.0,0.0,0.0,0.0,0.0,0.0,0.0,0.0,0.0,1.0,1.0,1.0,1.0,1.0,1.0,1.0,1.0,1.0,1.0,1.0,1.0,1.0,1.0,1.0,1.0,1.0,1.0,1.0,1.0,1.0,1.0,0.0,0.0,0.0,0.0,0.0,0.0,0.0,1.0,1.0,1.0,1.0,1.0,0.0
Ruler's Mask,Increases faith by 1,,Increases faith by 1,-1.0,-1.0,0.0,0.0,0.0,0.0,0.0,0.0,1.0,0.0,1.0,1.0,1.0,1.0,1.0,1.0,1.0,1.0,1.0,1.0,1.0,1.0,1.0,1.0,1.0,1.0,1.0,1.0,1.0,1.0,1.0,1.0,0.0,0.0,0.0,0.0,0.0,0.0,0.0,1.0,1.0,1.0,1.0,1.0,0.0
Consort's Mask,Increases dexterity by 1,,Increases dexterity by 1,-1.0,-1.0,0.0,0.0,0.0,0.0,1.0,0.0,0.0,0.0,1.0,1.0,1.0,1.0,1.0,1.0,1.0,1.0,1.0,1.0,1.0,1.0,1.0,1.0,1.0,1.0,1.0,1.0,1.0,1.0,1.0,1.0,0.0,0.0,0.0,0.0,0.0,0.0,0.0,1.0,1.0,1.0,1.0,1.0,0.0
Marais Mask,Increases arcane by 1,,Increases arcane by 1,-1.0,-1.0,0.0,0.0,0.0,0.0,0.0,0.0,0.0,1.0,1.0,1.0,1.0,1.0,1.0,1.0,1.0,1.0,1.0,1.0,1.0,1.0,1.0,1.0,1.0,1.0,1.0,1.0,1.0,1.0,1.0,1.0,0.0,0.0,0.0,0.0,0.0,0.0,0.0,1.0,1.0,1.0,1.0,1.0,0.0
Shining Horned Headband,Increases damage by 1.2x (holy bugged in PvP: 1x) with Ancestral Infant's Head,,Increases damage by 1.2x (holy bugged in PvP: 1x) with Ancestral Infant's Head,-1.0,-1.0,0.0,0.0,0.0,0.0,0.0,0.0,0.0,0.0,1.0,1.0,1.0,1.0,1.0,1.0,1.0,1.0,1.0,1.0,1.0,1.0,1.0,1.0,1.0,1.0,1.0,1.0,1.0,1.0,1.0,1.0,0.0,0.0,0.0,0.0,0.0,0.0,0.0,1.0,1.0,1.0,1.0,1.0,0.0
Wise Man's Mask,Increases damage by 1.05x (holy bugged in PvP: 1x) with Blood Oath / dynastic skills,,Increases damage by 1.05x (holy bugged in PvP: 1x) with Blood Oath / dynastic skills,-1.0,-1.0,0.0,0.0,0.0,0.0,0.0,0.0,0.0,0.0,1.0,1.0,1.0,1.0,1.0,1.0,1.0,1.0,1.0,1.0,1.0,1.0,1.0,1.0,1.0,1.0,1.0,1.0,1.0,1.0,1.0,1.0,0.0,0.0,0.0,0.0,0.0,0.0,0.0,1.0,1.0,1.0,1.0,1.0,0.0
Crimson Tear Scarab,"Increases Flask of Crimson Tears restoration by ⌊1.1x⌋, but reduces damage negations by -10%",,"Increases Flask of Crimson Tears restoration by ⌊1.1x⌋, but reduces damage negations by -10%",-1.0,-1.0,0.0,0.0,0.0,0.0,0.0,0.0,0.0,0.0,1.0,1.0,1.0,1.0,1.1,1.1,1.1,1.1,1.1,1.1,1.1,1.1,1.0,1.0,1.0,1.0,1.0,1.0,1.0,1.0,1.0,1.0,0.0,0.0,0.0,0.0,0.0,0.0,0.0,1.0,1.0,1.0,1.0,1.0,0.0
Cerulean Tear Scarab,"Increases Flask of Cerulean Tears restoration by ⌊1.1x⌋, but reduces damage negations by -10%",,"Increases Flask of Cerulean Tears restoration by ⌊1.1x⌋, but reduces damage negations by -10%",-1.0,-1.0,0.0,0.0,0.0,0.0,0.0,0.0,0.0,0.0,1.0,1.0,1.0,1.0,1.1,1.1,1.1,1.1,1.1,1.1,1.1,1.1,1.0,1.0,1.0,1.0,1.0,1.0,1.0,1.0,1.0,1.0,0.0,0.0,0.0,0.0,0.0,0.0,0.0,1.0,1.0,1.0,1.0,1.0,0.0
Ash-of-War Scarab,⌈0.85x⌉ FP cost of skills; -10% damage negation,,⌈0.85x⌉ FP cost of skills; -10% damage negation,-1.0,-1.0,0.0,0.0,0.0,0.0,0.0,0.0,0.0,0.0,1.0,1.0,1.0,1.0,1.1,1.1,1.1,1.1,1.1,1.1,1.1,1.1,1.0,1.0,1.0,1.0,1.0,1.0,1.0,1.0,1.0,1.0,0.0,0.0,0.0,0.0,0.0,0.0,0.0,1.0,1.0,1.0,1.0,1.0,0.0
Glintstone Scarab,⌈0.85x⌉ FP cost of sorceries; -10% damage negation,,⌈0.85x⌉ FP cost of sorceries; -10% damage negation,-1.0,-1.0,0.0,0.0,0.0,0.0,0.0,0.0,0.0,0.0,1.0,1.0,1.0,1.0,1.1,1.1,1.1,1.1,1.1,1.1,1.1,1.1,1.0,1.0,1.0,1.0,1.0,1.0,1.0,1.0,1.0,1.0,0.0,0.0,0.0,0.0,0.0,0.0,0.0,1.0,1.0,1.0,1.0,1.0,0.0
Incantation Scarab,⌈0.85x⌉ FP cost of incantations; -10% damage negation,,⌈0.85x⌉ FP cost of incantations; -10% damage negation,-1.0,-1.0,0.0,0.0,0.0,0.0,0.0,0.0,0.0,0.0,1.0,1.0,1.0,1.0,1.1,1.1,1.1,1.1,1.1,1.1,1.1,1.1,1.0,1.0,1.0,1.0,1.0,1.0,1.0,1.0,1.0,1.0,0.0,0.0,0.0,0.0,0.0,0.0,0.0,1.0,1.0,1.0,1.0,1.0,0.0
Imp Head (Cat),Increases intelligence by 2,,Increases intelligence by 2,-1.0,-1.0,0.0,0.0,0.0,0.0,0.0,2.0,0.0,0.0,1.0,1.0,1.0,1.0,1.0,1.0,1.0,1.0,1.0,1.0,1.0,1.0,1.0,1.0,1.0,1.0,1.0,1.0,1.0,1.0,1.0,1.0,0.0,0.0,0.0,0.0,0.0,0.0,0.0,1.0,1.0,1.0,1.0,1.0,0.0
Imp Head (Wolf),Increases endurance by 2,,Increases endurance by 2,-1.0,-1.0,0.0,0.0,2.0,0.0,0.0,0.0,0.0,0.0,1.0,1.0,1.0,1.0,1.0,1.0,1.0,1.0,1.0,1.0,1.0,1.0,1.0,1.0,1.0,1.0,1.0,1.0,1.0,1.0,1.0,1.0,0.0,0.0,0.0,0.0,0.0,0.0,0.0,1.0,1.0,1.0,1.0,1.0,0.0
Imp Head (Fanged),Increases strength by 2,,Increases strength by 2,-1.0,-1.0,0.0,0.0,0.0,2.0,0.0,0.0,0.0,0.0,1.0,1.0,1.0,1.0,1.0,1.0,1.0,1.0,1.0,1.0,1.0,1.0,1.0,1.0,1.0,1.0,1.0,1.0,1.0,1.0,1.0,1.0,0.0,0.0,0.0,0.0,0.0,0.0,0.0,1.0,1.0,1.0,1.0,1.0,0.0
Imp Head (Long-Tongued),Increases dexterity by 2,,Increases dexterity by 2,-1.0,-1.0,0.0,0.0,0.0,0.0,2.0,0.0,0.0,0.0,1.0,1.0,1.0,1.0,1.0,1.0,1.0,1.0,1.0,1.0,1.0,1.0,1.0,1.0,1.0,1.0,1.0,1.0,1.0,1.0,1.0,1.0,0.0,0.0,0.0,0.0,0.0,0.0,0.0,1.0,1.0,1.0,1.0,1.0,0.0
Imp Head (Corpse),Increases faith by 2,,Increases faith by 2,-1.0,-1.0,0.0,0.0,0.0,0.0,0.0,0.0,2.0,0.0,1.0,1.0,1.0,1.0,1.0,1.0,1.0,1.0,1.0,1.0,1.0,1.0,1.0,1.0,1.0,1.0,1.0,1.0,1.0,1.0,1.0,1.0,0.0,0.0,0.0,0.0,0.0,0.0,0.0,1.0,1.0,1.0,1.0,1.0,0.0
Imp Head (Elder),Increases arcane by 2,,Increases arcane by 2,-1.0,-1.0,0.0,0.0,0.0,0.0,0.0,0.0,0.0,2.0,1.0,1.0,1.0,1.0,1.0,1.0,1.0,1.0,1.0,1.0,1.0,1.0,1.0,1.0,1.0,1.0,1.0,1.0,1.0,1.0,1.0,1.0,0.0,0.0,0.0,0.0,0.0,0.0,0.0,1.0,1.0,1.0,1.0,1.0,0.0
Imp Head (Lion),Increases vigor by 2,,Increases vigor by 2,-1.0,-1.0,2.0,0.0,0.0,0.0,0.0,0.0,0.0,0.0,1.0,1.0,1.0,1.0,1.0,1.0,1.0,1.0,1.0,1.0,1.0,1.0,1.0,1.0,1.0,1.0,1.0,1.0,1.0,1.0,1.0,1.0,0.0,0.0,0.0,0.0,0.0,0.0,0.0,1.0,1.0,1.0,1.0,1.0,0.0
Silver Tear Mask,"Increases arcane by 8, but decreases physical attack power by 0.95x",,"Increases arcane by 8, but decreases physical attack power by 0.95x",-1.0,-1.0,0.0,0.0,0.0,0.0,0.0,0.0,0.0,8.0,1.0,1.0,1.0,1.0,1.0,1.0,1.0,1.0,1.0,1.0,1.0,1.0,1.0,1.0,1.0,1.0,1.0,1.0,1.0,1.0,1.0,1.0,0.0,0.0,0.0,0.0,0.0,0.0,0.0,0.95,1.0,1.0,1.0,1.0,0.0
Envoy Crown,Increases damage by 1.15x (holy bugged in PvP: 1x) with bubble skills,,Increases damage by 1.15x (holy bugged in PvP: 1x) with bubble skills,-1.0,-1.0,0.0,0.0,0.0,0.0,0.0,0.0,0.0,0.0,1.0,1.0,1.0,1.0,1.0,1.0,1.0,1.0,1.0,1.0,1.0,1.0,1.0,1.0,1.0,1.0,1.0,1.0,1.0,1.0,1.0,1.0,0.0,0.0,0.0,0.0,0.0,0.0,0.0,1.0,1.0,1.0,1.0,1.0,0.0
Jar,Increases damage by 1.15x (holy bugged in PvP: 1x) with Cracked / Ritual Pot attacks,,Increases damage by 1.15x (holy bugged in PvP: 1x) with Cracked / Ritual Pot attacks,-1.0,-1.0,0.0,0.0,0.0,0.0,0.0,0.0,0.0,0.0,1.0,1.0,1.0,1.0,1.0,1.0,1.0,1.0,1.0,1.0,1.0,1.0,1.0,1.0,1.0,1.0,1.0,1.0,1.0,1.0,1.0,1.0,0.0,0.0,0.0,0.0,0.0,0.0,0.0,1.0,1.0,1.0,1.0,1.0,0.0
Greatjar,Increases damage by 1.17x (holy bugged in PvP: 1x) with Cracked / Ritual Pot attacks and Hefty Cracked Pot attacks,,Increases damage by 1.17x (holy bugged in PvP: 1x) with Cracked / Ritual Pot attacks and Hefty Cracked Pot attacks,-1.0,-1.0,0.0,0.0,0.0,0.0,0.0,0.0,0.0,0.0,1.0,1.0,1.0,1.0,1.0,1.0,1.0,1.0,1.0,1.0,1.0,1.0,1.0,1.0,1.0,1.0,1.0,1.0,1.0,1.0,1.0,1.0,0.0,0.0,0.0,0.0,0.0,0.0,0.0,1.0,1.0,1.0,1.0,1.0,0.0
Albinauric Mask,"Increases arcane by 4, but decreases Flask of Crimson Tears restoration by ⌊0.9x⌋",,"Increases arcane by 4, but decreases Flask of Crimson Tears restoration by ⌊0.9x⌋",-1.0,-1.0,0.0,0.0,0.0,0.0,0.0,0.0,0.0,4.0,1.0,1.0,1.0,1.0,1.0,1.0,1.0,1.0,1.0,1.0,1.0,1.0,1.0,1.0,1.0,1.0,1.0,1.0,1.0,1.0,1.0,1.0,0.0,0.0,0.0,0.0,0.0,0.0,0.0,1.0,1.0,1.0,1.0,1.0,0.0
Crimson Hood,Increases vigor by 1,,Increases vigor by 1,-1.0,-1.0,1.0,0.0,0.0,0.0,0.0,0.0,0.0,0.0,1.0,1.0,1.0,1.0,1.0,1.0,1.0,1.0,1.0,1.0,1.0,1.0,1.0,1.0,1.0,1.0,1.0,1.0,1.0,1.0,1.0,1.0,0.0,0.0,0.0,0.0,0.0,0.0,0.0,1.0,1.0,1.0,1.0,1.0,0.0
Navy Hood,Increases mind by 1,,Increases mind by 1,-1.0,-1.0,0.0,1.0,0.0,0.0,0.0,0.0,0.0,0.0,1.0,1.0,1.0,1.0,1.0,1.0,1.0,1.0,1.0,1.0,1.0,1.0,1.0,1.0,1.0,1.0,1.0,1.0,1.0,1.0,1.0,1.0,0.0,0.0,0.0,0.0,0.0,0.0,0.0,1.0,1.0,1.0,1.0,1.0,0.0
White Mask,Increases damage by 1.1x (1.06x in PvP) for 20 seconds when bleed is triggered within 7m,,Increases damage by 1.1x (1.06x in PvP) for 20 seconds when bleed is triggered within 7m,-1.0,-1.0,0.0,0.0,0.0,0.0,0.0,0.0,0.0,0.0,1.0,1.0,1.0,1.0,1.0,1.0,1.0,1.0,1.0,1.0,1.0,1.0,1.0,1.0,1.0,1.0,1.0,1.0,1.0,1.0,1.0,1.0,0.0,0.0,0.0,0.0,0.0,0.0,0.0,1.0,1.0,1.0,1.0,1.0,0.0
Thiollier's Mask,Increases arcane by 3,,Increases arcane by 3,-1.0,-1.0,0.0,0.0,0.0,0.0,0.0,0.0,0.0,3.0,1.0,1.0,1.0,1.0,1.0,1.0,1.0,1.0,1.0,1.0,1.0,1.0,1.0,1.0,1.0,1.0,1.0,1.0,1.0,1.0,1.0,1.0,0.0,0.0,0.0,0.0,0.0,0.0,0.0,1.0,1.0,1.0,1.0,1.0,0.0
Omensmirk Mask,Increases strength by 2,,Increases strength by 2,-1.0,-1.0,0.0,0.0,0.0,2.0,0.0,0.0,0.0,0.0,1.0,1.0,1.0,1.0,1.0,1.0,1.0,1.0,1.0,1.0,1.0,1.0,1.0,1.0,1.0,1.0,1.0,1.0,1.0,1.0,1.0,1.0,0.0,0.0,0.0,0.0,0.0,0.0,0.0,1.0,1.0,1.0,1.0,1.0,0.0
Gravebird Helm,Increases damage by 1.15x (holy bugged in PvP: 1x) with spectral light sorceries,,Increases damage by 1.15x (holy bugged in PvP: 1x) with spectral light sorceries,-1.0,-1.0,0.0,0.0,0.0,0.0,0.0,0.0,0.0,0.0,1.0,1.0,1.0,1.0,1.0,1.0,1.0,1.0,1.0,1.0,1.0,1.0,1.0,1.0,1.0,1.0,1.0,1.0,1.0,1.0,1.0,1.0,0.0,0.0,0.0,0.0,0.0,0.0,0.0,1.0,1.0,1.0,1.0,1.0,0.0
Dancer's Hood,Increases damage by 1.025x (holy bugged in PvP: 1x) with dancing attacks,,Increases damage by 1.025x (holy bugged in PvP: 1x) with dancing attacks,-1.0,-1.0,0.0,0.0,0.0,0.0,0.0,0.0,0.0,0.0,1.0,1.0,1.0,1.0,1.0,1.0,1.0,1.0,1.0,1.0,1.0,1.0,1.0,1.0,1.0,1.0,1.0,1.0,1.0,1.0,1.0,1.0,0.0,0.0,0.0,0.0,0.0,0.0,0.0,1.0,1.0,1.0,1.0,1.0,0.0
Sacred Crown Helm,Increases faith by 1,,Increases faith by 1,-1.0,-1.0,0.0,0.0,0.0,0.0,0.0,0.0,1.0,0.0,1.0,1.0,1.0,1.0,1.0,1.0,1.0,1.0,1.0,1.0,1.0,1.0,1.0,1.0,1.0,1.0,1.0,1.0,1.0,1.0,1.0,1.0,0.0,0.0,0.0,0.0,0.0,0.0,0.0,1.0,1.0,1.0,1.0,1.0,0.0
Duelist Helm,Increases targetPriority by 0.03,,Increases targetPriority by 0.03,-1.0,-1.0,0.0,0.0,0.0,0.0,0.0,0.0,0.0,0.0,1.0,1.0,1.0,1.0,1.0,1.0,1.0,1.0,1.0,1.0,1.0,1.0,1.0,1.0,1.0,1.0,1.0,1.0,1.0,1.0,1.0,1.0,0.0,0.0,0.0,0.0,0.0,0.0,0.0,1.0,1.0,1.0,1.0,1.0,0.0
Rotten Duelist Helm,Increases targetPriority by 0.03,,Increases targetPriority by 0.03,-1.0,-1.0,0.0,0.0,0.0,0.0,0.0,0.0,0.0,0.0,1.0,1.0,1.0,1.0,1.0,1.0,1.0,1.0,1.0,1.0,1.0,1.0,1.0,1.0,1.0,1.0,1.0,1.0,1.0,1.0,1.0,1.0,0.0,0.0,0.0,0.0,0.0,0.0,0.0,1.0,1.0,1.0,1.0,1.0,0.0
Curseblade Mask,"Increases dexterity by 5, but decreases Flask of Crimson Tears restoration by ⌊0.93x⌋ and focus by -30",,"Increases dexterity by 5, but decreases Flask of Crimson Tears restoration by ⌊0.93x⌋ and focus by -30",-1.0,-1.0,0.0,0.0,0.0,0.0,5.0,0.0,0.0,0.0,1.0,1.0,1.0,1.0,1.0,1.0,1.0,1.0,1.0,1.0,1.0,1.0,1.0,1.0,1.0,1.0,1.0,1.0,1.0,1.0,1.0,1.0,0.0,0.0,0.0,0.0,-30.0,-30.0,0.0,1.0,1.0,1.0,1.0,1.0,0.0
Pelt of Ralva,Increases damage by 1.15x (holy bugged in PvP: 1x) with Bear Communion incantations,,Increases damage by 1.15x (holy bugged in PvP: 1x) with Bear Communion incantations,-1.0,-1.0,0.0,0.0,0.0,0.0,0.0,0.0,0.0,0.0,1.0,1.0,1.0,1.0,1.0,1.0,1.0,1.0,1.0,1.0,1.0,1.0,1.0,1.0,1.0,1.0,1.0,1.0,1.0,1.0,1.0,1.0,0.0,0.0,0.0,0.0,0.0,0.0,0.0,1.0,1.0,1.0,1.0,1.0,0.0
Haligtree Helm,Increases faith by 1,,Increases faith by 1,-1.0,-1.0,0.0,0.0,0.0,0.0,0.0,0.0,1.0,0.0,1.0,1.0,1.0,1.0,1.0,1.0,1.0,1.0,1.0,1.0,1.0,1.0,1.0,1.0,1.0,1.0,1.0,1.0,1.0,1.0,1.0,1.0,0.0,0.0,0.0,0.0,0.0,0.0,0.0,1.0,1.0,1.0,1.0,1.0,0.0
Okina Mask,"Increases dexterity by 3, but decreases focus by -50",,"Increases dexterity by 3, but decreases focus by -50",-1.0,-1.0,0.0,0.0,0.0,0.0,3.0,0.0,0.0,0.0,1.0,1.0,1.0,1.0,1.0,1.0,1.0,1.0,1.0,1.0,1.0,1.0,1.0,1.0,1.0,1.0,1.0,1.0,1.0,1.0,1.0,1.0,0.0,0.0,0.0,0.0,-50.0,-50.0,0.0,1.0,1.0,1.0,1.0,1.0,0.0
Messmer's Helm,Increases damage by 1.03x (holy bugged in PvP: 1x) with Messmer's flame incantations & 1.08x (holy bugged in PvP: 1x) with Fire Knight skills,,Increases damage by 1.03x (holy bugged in PvP: 1x) with Messmer's flame incantations & 1.08x (holy bugged in PvP: 1x) with Fire Knight skills,-1.0,-1.0,0.0,0.0,0.0,0.0,0.0,0.0,0.0,0.0,1.0,1.0,1.0,1.0,1.0,1.0,1.0,1.0,1.0,1.0,1.0,1.0,1.0,1.0,1.0,1.0,1.0,1.0,1.0,1.0,1.0,1.0,0.0,0.0,0.0,0.0,0.0,0.0,0.0,1.0,1.0,1.0,1.0,1.0,0.0
Messmer's Helm (Altered),Increases damage by 1.03x (holy bugged in PvP: 1x) with Messmer's flame incantations & 1.08x (holy bugged in PvP: 1x) with Fire Knight skills,,Increases damage by 1.03x (holy bugged in PvP: 1x) with Messmer's flame incantations & 1.08x (holy bugged in PvP: 1x) with Fire Knight skills,-1.0,-1.0,0.0,0.0,0.0,0.0,0.0,0.0,0.0,0.0,1.0,1.0,1.0,1.0,1.0,1.0,1.0,1.0,1.0,1.0,1.0,1.0,1.0,1.0,1.0,1.0,1.0,1.0,1.0,1.0,1.0,1.0,0.0,0.0,0.0,0.0,0.0,0.0,0.0,1.0,1.0,1.0,1.0,1.0,0.0
Haligtree Knight Helm,Increases faith by 2,,Increases faith by 2,-1.0,-1.0,0.0,0.0,0.0,0.0,0.0,0.0,2.0,0.0,1.0,1.0,1.0,1.0,1.0,1.0,1.0,1.0,1.0,1.0,1.0,1.0,1.0,1.0,1.0,1.0,1.0,1.0,1.0,1.0,1.0,1.0,0.0,0.0,0.0,0.0,0.0,0.0,0.0,1.0,1.0,1.0,1.0,1.0,0.0
Fire Knight Helm,"Increases HP by ⌊1.02x⌋, stamina by ⌊1.05x⌋, and equip load by 1.045x",,"Increases HP by ⌊1.02x⌋, stamina by ⌊1.05x⌋, and equip load by 1.045x",-1.0,-1.0,0.0,0.0,0.0,0.0,0.0,0.0,0.0,0.0,1.02,1.0,1.05,1.045,1.0,1.0,1.0,1.0,1.0,1.0,1.0,1.0,1.0,1.0,1.0,1.0,1.0,1.0,1.0,1.0,1.0,1.0,0.0,0.0,0.0,0.0,0.0,0.0,0.0,1.0,1.0,1.0,1.0,1.0,0.0
Winged Serpent Helm,Increases damage by 1.1x (holy bugged in PvP: 1x) with Fire Knight skills,,Increases damage by 1.1x (holy bugged in PvP: 1x) with Fire Knight skills,-1.0,-1.0,0.0,0.0,0.0,0.0,0.0,0.0,0.0,0.0,1.0,1.0,1.0,1.0,1.0,1.0,1.0,1.0,1.0,1.0,1.0,1.0,1.0,1.0,1.0,1.0,1.0,1.0,1.0,1.0,1.0,1.0,0.0,0.0,0.0,0.0,0.0,0.0,0.0,1.0,1.0,1.0,1.0,1.0,0.0
Death Mask Helm,Decreases the FP cost of spirit ashes by ⌈0.85x⌉,,Decreases the FP cost of spirit ashes by ⌈0.85x⌉,-1.0,-1.0,0.0,0.0,0.0,0.0,0.0,0.0,0.0,0.0,1.0,1.0,1.0,1.0,1.0,1.0,1.0,1.0,1.0,1.0,1.0,1.0,1.0,1.0,1.0,1.0,1.0,1.0,1.0,1.0,1.0,1.0,0.0,0.0,0.0,0.0,0.0,0.0,0.0,1.0,1.0,1.0,1.0,1.0,0.0
Salza's Hood,Increases intelligence by 2,,Increases intelligence by 2,-1.0,-1.0,0.0,0.0,0.0,0.0,0.0,2.0,0.0,0.0,1.0,1.0,1.0,1.0,1.0,1.0,1.0,1.0,1.0,1.0,1.0,1.0,1.0,1.0,1.0,1.0,1.0,1.0,1.0,1.0,1.0,1.0,0.0,0.0,0.0,0.0,0.0,0.0,0.0,1.0,1.0,1.0,1.0,1.0,0.0
Death Knight Helm,Increases damage by 1.02x (holy bugged in PvP: 1x) with Dragon Cult incantations and Dragon Cult skills,,Increases damage by 1.02x (holy bugged in PvP: 1x) with Dragon Cult incantations and Dragon Cult skills,-1.0,-1.0,0.0,0.0,0.0,0.0,0.0,0.0,0.0,0.0,1.0,1.0,1.0,1.0,1.0,1.0,1.0,1.0,1.0,1.0,1.0,1.0,1.0,1.0,1.0,1.0,1.0,1.0,1.0,1.0,1.0,1.0,0.0,0.0,0.0,0.0,0.0,0.0,0.0,1.0,1.0,1.0,1.0,1.0,0.0
Horned Warrior Helm,"Increases strength by 5, but decreases Flask of Crimson Tears restoration by ⌊0.93x⌋ and focus by -30",,"Increases strength by 5, but decreases Flask of Crimson Tears restoration by ⌊0.93x⌋ and focus by -30",-1.0,-1.0,0.0,0.0,0.0,5.0,0.0,0.0,0.0,0.0,1.0,1.0,1.0,1.0,1.0,1.0,1.0,1.0,1.0,1.0,1.0,1.0,1.0,1.0,1.0,1.0,1.0,1.0,1.0,1.0,1.0,1.0,0.0,0.0,0.0,0.0,-30.0,-30.0,0.0,1.0,1.0,1.0,1.0,1.0,0.0
Divine Beast Helm,"Increases damage by 1.04x (holy bugged in PvP: 1x) with storm attacks and increases strength and dexterity by 3, but decreases Flask of Crimson Tears restoration by ⌊0.91x⌋ and focus by -45",,"Increases damage by 1.04x (holy bugged in PvP: 1x) with storm attacks and increases strength and dexterity by 3, but decreases Flask of Crimson Tears restoration by ⌊0.91x⌋ and focus by -45",-1.0,-1.0,0.0,0.0,0.0,3.0,3.0,0.0,0.0,0.0,1.0,1.0,1.0,1.0,1.0,1.0,1.0,1.0,1.0,1.0,1.0,1.0,1.0,1.0,1.0,1.0,1.0,1.0,1.0,1.0,1.0,1.0,0.0,0.0,0.0,0.0,-45.0,-45.0,0.0,1.0,1.0,1.0,1.0,1.0,0.0
Divine Bird Helm,"Increases damage by 1.1x (holy bugged in PvP: 1x) with divine bird feathers incantations and increases strength by 3 and dexterity by 4, but decreases Flask of Crimson Tears restoration by ⌊0.91x⌋ and focus by -45",,"Increases damage by 1.1x (holy bugged in PvP: 1x) with divine bird feathers incantations and increases strength by 3 and dexterity by 4, but decreases Flask of Crimson Tears restoration by ⌊0.91x⌋ and focus by -45",-1.0,-1.0,0.0,0.0,0.0,3.0,4.0,0.0,0.0,0.0,1.0,1.0,1.0,1.0,1.0,1.0,1.0,1.0,1.0,1.0,1.0,1.0,1.0,1.0,1.0,1.0,1.0,1.0,1.0,1.0,1.0,1.0,0.0,0.0,0.0,0.0,-45.0,-45.0,0.0,1.0,1.0,1.0,1.0,1.0,0.0
Briar Helm,Adds 18 physical attack power to rolling,,Adds 18 physical attack power to rolling,-1.0,-1.0,0.0,0.0,0.0,0.0,0.0,0.0,0.0,0.0,1.0,1.0,1.0,1.0,1.0,1.0,1.0,1.0,1.0,1.0,1.0,1.0,1.0,1.0,1.0,1.0,1.0,1.0,1.0,1.0,1.0,1.0,0.0,0.0,0.0,0.0,0.0,0.0,0.0,1.0,1.0,1.0,1.0,1.0,0.0
Rakshasa Helm,"Increases damage by 1.02x, but decreases damage negations by -2%",,"Increases damage by 1.02x, but decreases damage negations by -2%",-1.0,-1.0,0.0,0.0,0.0,0.0,0.0,0.0,0.0,0.0,1.0,1.0,1.0,1.0,1.02,1.02,1.02,1.02,1.02,1.02,1.02,1.02,1.0,1.0,1.0,1.0,1.0,1.0,1.0,1.0,1.0,1.0,0.0,0.0,0.0,0.0,0.0,0.0,0.0,1.0,1.0,1.0,1.0,1.0,0.0
Royal Remains Helm,Regenerates 2 HP/s while at less than 18% HP,,Regenerates 2 HP/s while at less than 18% HP,18.0,-1.0,0.0,0.0,0.0,0.0,0.0,0.0,0.0,0.0,1.0,1.0,1.0,1.0,1.0,1.0,1.0,1.0,1.0,1.0,1.0,1.0,1.0,1.0,1.0,1.0,1.0,1.0,1.0,1.0,1.0,1.0,0.0,0.0,0.0,0.0,0.0,0.0,0.0,1.0,1.0,1.0,1.0,1.0,0.0
Crucible Axe Helm,Increases damage by 1.04x (holy bugged in PvP: 1x) with Aspects of the Crucible incantations,,Increases damage by 1.04x (holy bugged in PvP: 1x) with Aspects of the Crucible incantations,-1.0,-1.0,0.0,0.0,0.0,0.0,0.0,0.0,0.0,0.0,1.0,1.0,1.0,1.0,1.0,1.0,1.0,1.0,1.0,1.0,1.0,1.0,1.0,1.0,1.0,1.0,1.0,1.0,1.0,1.0,1.0,1.0,0.0,0.0,0.0,0.0,0.0,0.0,0.0,1.0,1.0,1.0,1.0,1.0,0.0
Crucible Tree Helm,Increases damage by 1.04x (holy bugged in PvP: 1x) with Aspects of the Crucible incantations,,Increases damage by 1.04x (holy bugged in PvP: 1x) with Aspects of the Crucible incantations,-1.0,-1.0,0.0,0.0,0.0,0.0,0.0,0.0,0.0,0.0,1.0,1.0,1.0,1.0,1.0,1.0,1.0,1.0,1.0,1.0,1.0,1.0,1.0,1.0,1.0,1.0,1.0,1.0,1.0,1.0,1.0,1.0,0.0,0.0,0.0,0.0,0.0,0.0,0.0,1.0,1.0,1.0,1.0,1.0,0.0
Crucible Hammer-Helm,Increases damage by 1.04x (holy bugged in PvP: 1x) with Aspects of the Crucible incantations,,Increases damage by 1.04x (holy bugged in PvP: 1x) with Aspects of the Crucible incantations,-1.0,-1.0,0.0,0.0,0.0,0.0,0.0,0.0,0.0,0.0,1.0,1.0,1.0,1.0,1.0,1.0,1.0,1.0,1.0,1.0,1.0,1.0,1.0,1.0,1.0,1.0,1.0,1.0,1.0,1.0,1.0,1.0,0.0,0.0,0.0,0.0,0.0,0.0,0.0,1.0,1.0,1.0,1.0,1.0,0.0
Omen Helm,Increases damage by 1.05x (holy bugged in PvP: 1x) with Shriek of Milos and (Regal) Omen Bairn,,Increases damage by 1.05x (holy bugged in PvP: 1x) with Shriek of Milos and (Regal) Omen Bairn,-1.0,-1.0,0.0,0.0,0.0,0.0,0.0,0.0,0.0,0.0,1.0,1.0,1.0,1.0,1.0,1.0,1.0,1.0,1.0,1.0,1.0,1.0,1.0,1.0,1.0,1.0,1.0,1.0,1.0,1.0,1.0,1.0,0.0,0.0,0.0,0.0,0.0,0.0,0.0,1.0,1.0,1.0,1.0,1.0,0.0
Pumpkin Helm,Nullifies headshot bonus damage and prevents headshot stagger animation,,Nullifies headshot bonus damage and prevents headshot stagger animation,-1.0,-1.0,0.0,0.0,0.0,0.0,0.0,0.0,0.0,0.0,1.0,1.0,1.0,1.0,1.0,1.0,1.0,1.0,1.0,1.0,1.0,1.0,1.0,1.0,1.0,1.0,1.0,1.0,1.0,1.0,1.0,1.0,0.0,0.0,0.0,0.0,0.0,0.0,0.0,1.0,1.0,1.0,1.0,1.0,0.0
Divine Beast Head,"Increases damage by 1.05x (holy bugged in PvP: 1x) with storm attacks and increases strength and dexterity by 4, but decreases Flask of Crimson Tears restoration by ⌊0.89x⌋ and focus by -60",,"Increases damage by 1.05x (holy bugged in PvP: 1x) with storm attacks and increases strength and dexterity by 4, but decreases Flask of Crimson Tears restoration by ⌊0.89x⌋ and focus by -60",-1.0,-1.0,0.0,0.0,0.0,4.0,4.0,0.0,0.0,0.0,1.0,1.0,1.0,1.0,1.0,1.0,1.0,1.0,1.0,1.0,1.0,1.0,1.0,1.0,1.0,1.0,1.0,1.0,1.0,1.0,1.0,1.0,0.0,0.0,0.0,0.0,-60.0,-60.0,0.0,1.0,1.0,1.0,1.0,1.0,0.0
Commoner's Simple Garb,Increases faith by 1,,Increases faith by 1,-1.0,-1.0,0.0,0.0,0.0,0.0,0.0,0.0,1.0,0.0,1.0,1.0,1.0,1.0,1.0,1.0,1.0,1.0,1.0,1.0,1.0,1.0,1.0,1.0,1.0,1.0,1.0,1.0,1.0,1.0,1.0,1.0,0.0,0.0,0.0,0.0,0.0,0.0,0.0,1.0,1.0,1.0,1.0,1.0,0.0
Commoner's Simple Garb (Altered),Increases faith by 1,,Increases faith by 1,-1.0,-1.0,0.0,0.0,0.0,0.0,0.0,0.0,1.0,0.0,1.0,1.0,1.0,1.0,1.0,1.0,1.0,1.0,1.0,1.0,1.0,1.0,1.0,1.0,1.0,1.0,1.0,1.0,1.0,1.0,1.0,1.0,0.0,0.0,0.0,0.0,0.0,0.0,0.0,1.0,1.0,1.0,1.0,1.0,0.0
Commoner's Garb,Increases faith by 1,,Increases faith by 1,-1.0,-1.0,0.0,0.0,0.0,0.0,0.0,0.0,1.0,0.0,1.0,1.0,1.0,1.0,1.0,1.0,1.0,1.0,1.0,1.0,1.0,1.0,1.0,1.0,1.0,1.0,1.0,1.0,1.0,1.0,1.0,1.0,0.0,0.0,0.0,0.0,0.0,0.0,0.0,1.0,1.0,1.0,1.0,1.0,0.0
Commoner's Garb (Altered),Increases faith by 1,,Increases faith by 1,-1.0,-1.0,0.0,0.0,0.0,0.0,0.0,0.0,1.0,0.0,1.0,1.0,1.0,1.0,1.0,1.0,1.0,1.0,1.0,1.0,1.0,1.0,1.0,1.0,1.0,1.0,1.0,1.0,1.0,1.0,1.0,1.0,0.0,0.0,0.0,0.0,0.0,0.0,0.0,1.0,1.0,1.0,1.0,1.0,0.0
Guardian Garb (Full Bloom),Increases Flask of Crimson Tears restoration by ⌊1.1x⌋,,Increases Flask of Crimson Tears restoration by ⌊1.1x⌋,-1.0,-1.0,0.0,0.0,0.0,0.0,0.0,0.0,0.0,0.0,1.0,1.0,1.0,1.0,1.0,1.0,1.0,1.0,1.0,1.0,1.0,1.0,1.0,1.0,1.0,1.0,1.0,1.0,1.0,1.0,1.0,1.0,0.0,0.0,0.0,0.0,0.0,0.0,0.0,1.0,1.0,1.0,1.0,1.0,0.0
Braided Cord Robe,Increases damage by 1.15x (holy bugged in PvP: 1x) with watchful / vengeful spirits,,Increases damage by 1.15x (holy bugged in PvP: 1x) with watchful / vengeful spirits,-1.0,-1.0,0.0,0.0,0.0,0.0,0.0,0.0,0.0,0.0,1.0,1.0,1.0,1.0,1.0,1.0,1.0,1.0,1.0,1.0,1.0,1.0,1.0,1.0,1.0,1.0,1.0,1.0,1.0,1.0,1.0,1.0,0.0,0.0,0.0,0.0,0.0,0.0,0.0,1.0,1.0,1.0,1.0,1.0,0.0
Spellblade's Traveling Attire,Increases magic damage by 1.02x with weapon skills,,Increases magic damage by 1.02x with weapon skills,-1.0,-1.0,0.0,0.0,0.0,0.0,0.0,0.0,0.0,0.0,1.0,1.0,1.0,1.0,1.0,1.0,1.0,1.0,1.0,1.0,1.0,1.0,1.0,1.0,1.0,1.0,1.0,1.0,1.0,1.0,1.0,1.0,0.0,0.0,0.0,0.0,0.0,0.0,0.0,1.0,1.0,1.0,1.0,1.0,0.0
Spellblade's Traveling Attire (Altered),Increases magic damage by 1.02x with weapon skills,,Increases magic damage by 1.02x with weapon skills,-1.0,-1.0,0.0,0.0,0.0,0.0,0.0,0.0,0.0,0.0,1.0,1.0,1.0,1.0,1.0,1.0,1.0,1.0,1.0,1.0,1.0,1.0,1.0,1.0,1.0,1.0,1.0,1.0,1.0,1.0,1.0,1.0,0.0,0.0,0.0,0.0,0.0,0.0,0.0,1.0,1.0,1.0,1.0,1.0,0.0
Alberich's Robe,Increases damage by 1.06x (holy bugged in PvP: 1x) with thorn / aberrant sorceries,,Increases damage by 1.06x (holy bugged in PvP: 1x) with thorn / aberrant sorceries,-1.0,-1.0,0.0,0.0,0.0,0.0,0.0,0.0,0.0,0.0,1.0,1.0,1.0,1.0,1.0,1.0,1.0,1.0,1.0,1.0,1.0,1.0,1.0,1.0,1.0,1.0,1.0,1.0,1.0,1.0,1.0,1.0,0.0,0.0,0.0,0.0,0.0,0.0,0.0,1.0,1.0,1.0,1.0,1.0,0.0
Finger Robe,Increases damage by 1.08x (holy bugged in PvP: 1x) with finger sorceries,,Increases damage by 1.08x (holy bugged in PvP: 1x) with finger sorceries,-1.0,-1.0,0.0,0.0,0.0,0.0,0.0,0.0,0.0,0.0,1.0,1.0,1.0,1.0,1.0,1.0,1.0,1.0,1.0,1.0,1.0,1.0,1.0,1.0,1.0,1.0,1.0,1.0,1.0,1.0,1.0,1.0,0.0,0.0,0.0,0.0,0.0,0.0,0.0,1.0,1.0,1.0,1.0,1.0,0.0
Deathbed Dress,Regenerates 2 HP/s to allies within 7m,,Regenerates 2 HP/s to allies within 7m,-1.0,-1.0,0.0,0.0,0.0,0.0,0.0,0.0,0.0,0.0,1.0,1.0,1.0,1.0,1.0,1.0,1.0,1.0,1.0,1.0,1.0,1.0,1.0,1.0,1.0,1.0,1.0,1.0,1.0,1.0,1.0,1.0,0.0,0.0,0.0,0.0,0.0,0.0,0.0,1.0,1.0,1.0,1.0,1.0,0.0
Godskin Noble Robe,Increases damage by 1.2x (holy bugged in PvP: 1x) with Noble Presence,,Increases damage by 1.2x (holy bugged in PvP: 1x) with Noble Presence,-1.0,-1.0,0.0,0.0,0.0,0.0,0.0,0.0,0.0,0.0,1.0,1.0,1.0,1.0,1.0,1.0,1.0,1.0,1.0,1.0,1.0,1.0,1.0,1.0,1.0,1.0,1.0,1.0,1.0,1.0,1.0,1.0,0.0,0.0,0.0,0.0,0.0,0.0,0.0,1.0,1.0,1.0,1.0,1.0,0.0
Ansbach's Attire,Increases damage by 1.03x (holy bugged in PvP: 1x) with Blood Oath / dynastic skills,,Increases damage by 1.03x (holy bugged in PvP: 1x) with Blood Oath / dynastic skills,-1.0,-1.0,0.0,0.0,0.0,0.0,0.0,0.0,0.0,0.0,1.0,1.0,1.0,1.0,1.0,1.0,1.0,1.0,1.0,1.0,1.0,1.0,1.0,1.0,1.0,1.0,1.0,1.0,1.0,1.0,1.0,1.0,0.0,0.0,0.0,0.0,0.0,0.0,0.0,1.0,1.0,1.0,1.0,1.0,0.0
Ansbach's Attire (Altered),Increases damage by 1.03x (holy bugged in PvP: 1x) with Blood Oath / dynastic skills,,Increases damage by 1.03x (holy bugged in PvP: 1x) with Blood Oath / dynastic skills,-1.0,-1.0,0.0,0.0,0.0,0.0,0.0,0.0,0.0,0.0,1.0,1.0,1.0,1.0,1.0,1.0,1.0,1.0,1.0,1.0,1.0,1.0,1.0,1.0,1.0,1.0,1.0,1.0,1.0,1.0,1.0,1.0,0.0,0.0,0.0,0.0,0.0,0.0,0.0,1.0,1.0,1.0,1.0,1.0,0.0
Thiollier's Garb,Increases arcane by 2,,Increases arcane by 2,-1.0,-1.0,0.0,0.0,0.0,0.0,0.0,0.0,0.0,2.0,1.0,1.0,1.0,1.0,1.0,1.0,1.0,1.0,1.0,1.0,1.0,1.0,1.0,1.0,1.0,1.0,1.0,1.0,1.0,1.0,1.0,1.0,0.0,0.0,0.0,0.0,0.0,0.0,0.0,1.0,1.0,1.0,1.0,1.0,0.0
Raptor's Black Feathers,Increases damage by 1.1x (1.05x in PvP)  with jump attacks,,Increases damage by 1.1x (1.05x in PvP)  with jump attacks,-1.0,-1.0,0.0,0.0,0.0,0.0,0.0,0.0,0.0,0.0,1.0,1.0,1.0,1.0,1.0,1.0,1.0,1.0,1.0,1.0,1.0,1.0,1.0,1.0,1.0,1.0,1.0,1.0,1.0,1.0,1.0,1.0,0.0,0.0,0.0,0.0,0.0,0.0,0.0,1.0,1.0,1.0,1.0,1.0,0.0
Gravebird's Blackquill Armor,Increases damage by 1.1x (1.05x in PvP)  with jump attacks,,Increases damage by 1.1x (1.05x in PvP)  with jump attacks,-1.0,-1.0,0.0,0.0,0.0,0.0,0.0,0.0,0.0,0.0,1.0,1.0,1.0,1.0,1.0,1.0,1.0,1.0,1.0,1.0,1.0,1.0,1.0,1.0,1.0,1.0,1.0,1.0,1.0,1.0,1.0,1.0,0.0,0.0,0.0,0.0,0.0,0.0,0.0,1.0,1.0,1.0,1.0,1.0,0.0
Dancer's Dress,Increases damage by 1.025x (holy bugged in PvP: 1x) with dancing attacks,,Increases damage by 1.025x (holy bugged in PvP: 1x) with dancing attacks,-1.0,-1.0,0.0,0.0,0.0,0.0,0.0,0.0,0.0,0.0,1.0,1.0,1.0,1.0,1.0,1.0,1.0,1.0,1.0,1.0,1.0,1.0,1.0,1.0,1.0,1.0,1.0,1.0,1.0,1.0,1.0,1.0,0.0,0.0,0.0,0.0,0.0,0.0,0.0,1.0,1.0,1.0,1.0,1.0,0.0
Dancer's Dress (Altered),Increases damage by 1.025x (holy bugged in PvP: 1x) with dancing attacks,,Increases damage by 1.025x (holy bugged in PvP: 1x) with dancing attacks,-1.0,-1.0,0.0,0.0,0.0,0.0,0.0,0.0,0.0,0.0,1.0,1.0,1.0,1.0,1.0,1.0,1.0,1.0,1.0,1.0,1.0,1.0,1.0,1.0,1.0,1.0,1.0,1.0,1.0,1.0,1.0,1.0,0.0,0.0,0.0,0.0,0.0,0.0,0.0,1.0,1.0,1.0,1.0,1.0,0.0
Gravekeeper Cloak (Altered),Increases targetPriority by 0.04,,Increases targetPriority by 0.04,-1.0,-1.0,0.0,0.0,0.0,0.0,0.0,0.0,0.0,0.0,1.0,1.0,1.0,1.0,1.0,1.0,1.0,1.0,1.0,1.0,1.0,1.0,1.0,1.0,1.0,1.0,1.0,1.0,1.0,1.0,1.0,1.0,0.0,0.0,0.0,0.0,0.0,0.0,0.0,1.0,1.0,1.0,1.0,1.0,0.0
Rotten Gravekeeper Cloak (Altered),Increases targetPriority by 0.04,,Increases targetPriority by 0.04,-1.0,-1.0,0.0,0.0,0.0,0.0,0.0,0.0,0.0,0.0,1.0,1.0,1.0,1.0,1.0,1.0,1.0,1.0,1.0,1.0,1.0,1.0,1.0,1.0,1.0,1.0,1.0,1.0,1.0,1.0,1.0,1.0,0.0,0.0,0.0,0.0,0.0,0.0,0.0,1.0,1.0,1.0,1.0,1.0,0.0
Black Knife Armor,Makes user silent,,Makes user silent,-1.0,-1.0,0.0,0.0,0.0,0.0,0.0,0.0,0.0,0.0,1.0,1.0,1.0,1.0,1.0,1.0,1.0,1.0,1.0,1.0,1.0,1.0,1.0,1.0,1.0,1.0,1.0,1.0,1.0,1.0,1.0,1.0,0.0,0.0,0.0,0.0,0.0,0.0,0.0,1.0,1.0,1.0,1.0,1.0,0.0
Fire Knight Armor,Increases damage by 1.05x (holy bugged in PvP: 1x) with Messmer's flame incantations,,Increases damage by 1.05x (holy bugged in PvP: 1x) with Messmer's flame incantations,-1.0,-1.0,0.0,0.0,0.0,0.0,0.0,0.0,0.0,0.0,1.0,1.0,1.0,1.0,1.0,1.0,1.0,1.0,1.0,1.0,1.0,1.0,1.0,1.0,1.0,1.0,1.0,1.0,1.0,1.0,1.0,1.0,0.0,0.0,0.0,0.0,0.0,0.0,0.0,1.0,1.0,1.0,1.0,1.0,0.0
Death Knight Armor,Increases damage by 1.02x (holy bugged in PvP: 1x) with Dragon Cult incantations and Dragon Cult skills,,Increases damage by 1.02x (holy bugged in PvP: 1x) with Dragon Cult incantations and Dragon Cult skills,-1.0,-1.0,0.0,0.0,0.0,0.0,0.0,0.0,0.0,0.0,1.0,1.0,1.0,1.0,1.0,1.0,1.0,1.0,1.0,1.0,1.0,1.0,1.0,1.0,1.0,1.0,1.0,1.0,1.0,1.0,1.0,1.0,0.0,0.0,0.0,0.0,0.0,0.0,0.0,1.0,1.0,1.0,1.0,1.0,0.0
Leda's Armor,Increases damage by 1.1x (1.05x in PvP) with rolling / backstep attacks and dashing attacks,,Increases damage by 1.1x (1.05x in PvP) with rolling / backstep attacks and dashing attacks,-1.0,-1.0,0.0,0.0,0.0,0.0,0.0,0.0,0.0,0.0,1.0,1.0,1.0,1.0,1.0,1.0,1.0,1.0,1.0,1.0,1.0,1.0,1.0,1.0,1.0,1.0,1.0,1.0,1.0,1.0,1.0,1.0,0.0,0.0,0.0,0.0,0.0,0.0,0.0,1.0,1.0,1.0,1.0,1.0,0.0
Briar Armor,Adds 25 physical attack power to rolling,,Adds 25 physical attack power to rolling,-1.0,-1.0,0.0,0.0,0.0,0.0,0.0,0.0,0.0,0.0,1.0,1.0,1.0,1.0,1.0,1.0,1.0,1.0,1.0,1.0,1.0,1.0,1.0,1.0,1.0,1.0,1.0,1.0,1.0,1.0,1.0,1.0,0.0,0.0,0.0,0.0,0.0,0.0,0.0,1.0,1.0,1.0,1.0,1.0,0.0
Briar Armor (Altered),Adds 25 physical attack power to rolling,,Adds 25 physical attack power to rolling,-1.0,-1.0,0.0,0.0,0.0,0.0,0.0,0.0,0.0,0.0,1.0,1.0,1.0,1.0,1.0,1.0,1.0,1.0,1.0,1.0,1.0,1.0,1.0,1.0,1.0,1.0,1.0,1.0,1.0,1.0,1.0,1.0,0.0,0.0,0.0,0.0,0.0,0.0,0.0,1.0,1.0,1.0,1.0,1.0,0.0
Rakshasa Armor,"Increases damage by 1.02x, but decreases damage negations by -2%",,"Increases damage by 1.02x, but decreases damage negations by -2%",-1.0,-1.0,0.0,0.0,0.0,0.0,0.0,0.0,0.0,0.0,1.0,1.0,1.0,1.0,1.02,1.02,1.02,1.02,1.02,1.02,1.02,1.02,1.0,1.0,1.0,1.0,1.0,1.0,1.0,1.0,1.0,1.0,0.0,0.0,0.0,0.0,0.0,0.0,0.0,1.0,1.0,1.0,1.0,1.0,0.0
Royal Remains Armor,Regenerates 2 HP/s while at less than 18% HP,,Regenerates 2 HP/s while at less than 18% HP,18.0,-1.0,0.0,0.0,0.0,0.0,0.0,0.0,0.0,0.0,1.0,1.0,1.0,1.0,1.0,1.0,1.0,1.0,1.0,1.0,1.0,1.0,1.0,1.0,1.0,1.0,1.0,1.0,1.0,1.0,1.0,1.0,0.0,0.0,0.0,0.0,0.0,0.0,0.0,1.0,1.0,1.0,1.0,1.0,0.0
Crucible Axe Armor,Increases damage by 1.04x (holy bugged in PvP: 1x) with Aspects of the Crucible incantations,,Increases damage by 1.04x (holy bugged in PvP: 1x) with Aspects of the Crucible incantations,-1.0,-1.0,0.0,0.0,0.0,0.0,0.0,0.0,0.0,0.0,1.0,1.0,1.0,1.0,1.0,1.0,1.0,1.0,1.0,1.0,1.0,1.0,1.0,1.0,1.0,1.0,1.0,1.0,1.0,1.0,1.0,1.0,0.0,0.0,0.0,0.0,0.0,0.0,0.0,1.0,1.0,1.0,1.0,1.0,0.0
Crucible Axe Armor (Altered),Increases damage by 1.04x (holy bugged in PvP: 1x) with Aspects of the Crucible incantations,,Increases damage by 1.04x (holy bugged in PvP: 1x) with Aspects of the Crucible incantations,-1.0,-1.0,0.0,0.0,0.0,0.0,0.0,0.0,0.0,0.0,1.0,1.0,1.0,1.0,1.0,1.0,1.0,1.0,1.0,1.0,1.0,1.0,1.0,1.0,1.0,1.0,1.0,1.0,1.0,1.0,1.0,1.0,0.0,0.0,0.0,0.0,0.0,0.0,0.0,1.0,1.0,1.0,1.0,1.0,0.0
Crucible Tree Armor,Increases damage by 1.04x (holy bugged in PvP: 1x) with Aspects of the Crucible incantations,,Increases damage by 1.04x (holy bugged in PvP: 1x) with Aspects of the Crucible incantations,-1.0,-1.0,0.0,0.0,0.0,0.0,0.0,0.0,0.0,0.0,1.0,1.0,1.0,1.0,1.0,1.0,1.0,1.0,1.0,1.0,1.0,1.0,1.0,1.0,1.0,1.0,1.0,1.0,1.0,1.0,1.0,1.0,0.0,0.0,0.0,0.0,0.0,0.0,0.0,1.0,1.0,1.0,1.0,1.0,0.0
Crucible Tree Armor (Altered),Increases damage by 1.04x (holy bugged in PvP: 1x) with Aspects of the Crucible incantations,,Increases damage by 1.04x (holy bugged in PvP: 1x) with Aspects of the Crucible incantations,-1.0,-1.0,0.0,0.0,0.0,0.0,0.0,0.0,0.0,0.0,1.0,1.0,1.0,1.0,1.0,1.0,1.0,1.0,1.0,1.0,1.0,1.0,1.0,1.0,1.0,1.0,1.0,1.0,1.0,1.0,1.0,1.0,0.0,0.0,0.0,0.0,0.0,0.0,0.0,1.0,1.0,1.0,1.0,1.0,0.0
Omen Armor,Increases damage by 1.05x (holy bugged in PvP: 1x) with Shriek of Milos and (Regal) Omen Bairn,,Increases damage by 1.05x (holy bugged in PvP: 1x) with Shriek of Milos and (Regal) Omen Bairn,-1.0,-1.0,0.0,0.0,0.0,0.0,0.0,0.0,0.0,0.0,1.0,1.0,1.0,1.0,1.0,1.0,1.0,1.0,1.0,1.0,1.0,1.0,1.0,1.0,1.0,1.0,1.0,1.0,1.0,1.0,1.0,1.0,0.0,0.0,0.0,0.0,0.0,0.0,0.0,1.0,1.0,1.0,1.0,1.0,0.0
Spellblade's Gloves,Increases magic damage by 1.02x with weapon skills,,Increases magic damage by 1.02x with weapon skills,-1.0,-1.0,0.0,0.0,0.0,0.0,0.0,0.0,0.0,0.0,1.0,1.0,1.0,1.0,1.0,1.0,1.0,1.0,1.0,1.0,1.0,1.0,1.0,1.0,1.0,1.0,1.0,1.0,1.0,1.0,1.0,1.0,0.0,0.0,0.0,0.0,0.0,0.0,0.0,1.0,1.0,1.0,1.0,1.0,0.0
Alberich's Bracers,Increases damage by 1.06x (holy bugged in PvP: 1x) with thorn / aberrant sorceries,,Increases damage by 1.06x (holy bugged in PvP: 1x) with thorn / aberrant sorceries,-1.0,-1.0,0.0,0.0,0.0,0.0,0.0,0.0,0.0,0.0,1.0,1.0,1.0,1.0,1.0,1.0,1.0,1.0,1.0,1.0,1.0,1.0,1.0,1.0,1.0,1.0,1.0,1.0,1.0,1.0,1.0,1.0,0.0,0.0,0.0,0.0,0.0,0.0,0.0,1.0,1.0,1.0,1.0,1.0,0.0
Ansbach's Manchettes,Increases damage by 1.03x (holy bugged in PvP: 1x) with Blood Oath / dynastic skills,,Increases damage by 1.03x (holy bugged in PvP: 1x) with Blood Oath / dynastic skills,-1.0,-1.0,0.0,0.0,0.0,0.0,0.0,0.0,0.0,0.0,1.0,1.0,1.0,1.0,1.0,1.0,1.0,1.0,1.0,1.0,1.0,1.0,1.0,1.0,1.0,1.0,1.0,1.0,1.0,1.0,1.0,1.0,0.0,0.0,0.0,0.0,0.0,0.0,0.0,1.0,1.0,1.0,1.0,1.0,0.0
Dancer's Bracer,Increases damage by 1.025x (holy bugged in PvP: 1x) with dancing attacks,,Increases damage by 1.025x (holy bugged in PvP: 1x) with dancing attacks,-1.0,-1.0,0.0,0.0,0.0,0.0,0.0,0.0,0.0,0.0,1.0,1.0,1.0,1.0,1.0,1.0,1.0,1.0,1.0,1.0,1.0,1.0,1.0,1.0,1.0,1.0,1.0,1.0,1.0,1.0,1.0,1.0,0.0,0.0,0.0,0.0,0.0,0.0,0.0,1.0,1.0,1.0,1.0,1.0,0.0
Death Knight Gauntlets,Increases damage by 1.02x (holy bugged in PvP: 1x) with Dragon Cult incantations and Dragon Cult skills,,Increases damage by 1.02x (holy bugged in PvP: 1x) with Dragon Cult incantations and Dragon Cult skills,-1.0,-1.0,0.0,0.0,0.0,0.0,0.0,0.0,0.0,0.0,1.0,1.0,1.0,1.0,1.0,1.0,1.0,1.0,1.0,1.0,1.0,1.0,1.0,1.0,1.0,1.0,1.0,1.0,1.0,1.0,1.0,1.0,0.0,0.0,0.0,0.0,0.0,0.0,0.0,1.0,1.0,1.0,1.0,1.0,0.0
Briar Gauntlets,Adds 18 physical attack power to rolling,,Adds 18 physical attack power to rolling,-1.0,-1.0,0.0,0.0,0.0,0.0,0.0,0.0,0.0,0.0,1.0,1.0,1.0,1.0,1.0,1.0,1.0,1.0,1.0,1.0,1.0,1.0,1.0,1.0,1.0,1.0,1.0,1.0,1.0,1.0,1.0,1.0,0.0,0.0,0.0,0.0,0.0,0.0,0.0,1.0,1.0,1.0,1.0,1.0,0.0
Rakshasa Gauntlets,"Increases damage by 1.02x, but decreases damage negations by -2%",,"Increases damage by 1.02x, but decreases damage negations by -2%",-1.0,-1.0,0.0,0.0,0.0,0.0,0.0,0.0,0.0,0.0,1.0,1.0,1.0,1.0,1.02,1.02,1.02,1.02,1.02,1.02,1.02,1.02,1.0,1.0,1.0,1.0,1.0,1.0,1.0,1.0,1.0,1.0,0.0,0.0,0.0,0.0,0.0,0.0,0.0,1.0,1.0,1.0,1.0,1.0,0.0
Royal Remains Gauntlets,Regenerates 2 HP/s while at less than 18% HP,,Regenerates 2 HP/s while at less than 18% HP,18.0,-1.0,0.0,0.0,0.0,0.0,0.0,0.0,0.0,0.0,1.0,1.0,1.0,1.0,1.0,1.0,1.0,1.0,1.0,1.0,1.0,1.0,1.0,1.0,1.0,1.0,1.0,1.0,1.0,1.0,1.0,1.0,0.0,0.0,0.0,0.0,0.0,0.0,0.0,1.0,1.0,1.0,1.0,1.0,0.0
Crucible Gauntlets,Increases damage by 1.04x (holy bugged in PvP: 1x) with Aspects of the Crucible incantations,,Increases damage by 1.04x (holy bugged in PvP: 1x) with Aspects of the Crucible incantations,-1.0,-1.0,0.0,0.0,0.0,0.0,0.0,0.0,0.0,0.0,1.0,1.0,1.0,1.0,1.0,1.0,1.0,1.0,1.0,1.0,1.0,1.0,1.0,1.0,1.0,1.0,1.0,1.0,1.0,1.0,1.0,1.0,0.0,0.0,0.0,0.0,0.0,0.0,0.0,1.0,1.0,1.0,1.0,1.0,0.0
Omen Gauntlets,Increases damage by 1.05x (holy bugged in PvP: 1x) with Shriek of Milos and (Regal) Omen Bairn,,Increases damage by 1.05x (holy bugged in PvP: 1x) with Shriek of Milos and (Regal) Omen Bairn,-1.0,-1.0,0.0,0.0,0.0,0.0,0.0,0.0,0.0,0.0,1.0,1.0,1.0,1.0,1.0,1.0,1.0,1.0,1.0,1.0,1.0,1.0,1.0,1.0,1.0,1.0,1.0,1.0,1.0,1.0,1.0,1.0,0.0,0.0,0.0,0.0,0.0,0.0,0.0,1.0,1.0,1.0,1.0,1.0,0.0
Spellblade's Trousers,Increases magic damage by 1.02x with weapon skills,,Increases magic damage by 1.02x with weapon skills,-1.0,-1.0,0.0,0.0,0.0,0.0,0.0,0.0,0.0,0.0,1.0,1.0,1.0,1.0,1.0,1.0,1.0,1.0,1.0,1.0,1.0,1.0,1.0,1.0,1.0,1.0,1.0,1.0,1.0,1.0,1.0,1.0,0.0,0.0,0.0,0.0,0.0,0.0,0.0,1.0,1.0,1.0,1.0,1.0,0.0
Ansbach's Boots,Increases damage by 1.03x (holy bugged in PvP: 1x) with Blood Oath / dynastic skills,,Increases damage by 1.03x (holy bugged in PvP: 1x) with Blood Oath / dynastic skills,-1.0,-1.0,0.0,0.0,0.0,0.0,0.0,0.0,0.0,0.0,1.0,1.0,1.0,1.0,1.0,1.0,1.0,1.0,1.0,1.0,1.0,1.0,1.0,1.0,1.0,1.0,1.0,1.0,1.0,1.0,1.0,1.0,0.0,0.0,0.0,0.0,0.0,0.0,0.0,1.0,1.0,1.0,1.0,1.0,0.0
Dancer's Trousers,Increases damage by 1.025x (holy bugged in PvP: 1x) with dancing attacks,,Increases damage by 1.025x (holy bugged in PvP: 1x) with dancing attacks,-1.0,-1.0,0.0,0.0,0.0,0.0,0.0,0.0,0.0,0.0,1.0,1.0,1.0,1.0,1.0,1.0,1.0,1.0,1.0,1.0,1.0,1.0,1.0,1.0,1.0,1.0,1.0,1.0,1.0,1.0,1.0,1.0,0.0,0.0,0.0,0.0,0.0,0.0,0.0,1.0,1.0,1.0,1.0,1.0,0.0
Duelist Greaves,Increases targetPriority by 0.03,,Increases targetPriority by 0.03,-1.0,-1.0,0.0,0.0,0.0,0.0,0.0,0.0,0.0,0.0,1.0,1.0,1.0,1.0,1.0,1.0,1.0,1.0,1.0,1.0,1.0,1.0,1.0,1.0,1.0,1.0,1.0,1.0,1.0,1.0,1.0,1.0,0.0,0.0,0.0,0.0,0.0,0.0,0.0,1.0,1.0,1.0,1.0,1.0,0.0
Rotten Duelist Greaves,Increases targetPriority by 0.03,,Increases targetPriority by 0.03,-1.0,-1.0,0.0,0.0,0.0,0.0,0.0,0.0,0.0,0.0,1.0,1.0,1.0,1.0,1.0,1.0,1.0,1.0,1.0,1.0,1.0,1.0,1.0,1.0,1.0,1.0,1.0,1.0,1.0,1.0,1.0,1.0,0.0,0.0,0.0,0.0,0.0,0.0,0.0,1.0,1.0,1.0,1.0,1.0,0.0
Death Knight Greaves,Increases damage by 1.02x (holy bugged in PvP: 1x) with Dragon Cult incantations and Dragon Cult skills,,Increases damage by 1.02x (holy bugged in PvP: 1x) with Dragon Cult incantations and Dragon Cult skills,-1.0,-1.0,0.0,0.0,0.0,0.0,0.0,0.0,0.0,0.0,1.0,1.0,1.0,1.0,1.0,1.0,1.0,1.0,1.0,1.0,1.0,1.0,1.0,1.0,1.0,1.0,1.0,1.0,1.0,1.0,1.0,1.0,0.0,0.0,0.0,0.0,0.0,0.0,0.0,1.0,1.0,1.0,1.0,1.0,0.0
Divine Bird Warrior Greaves,Increases damage by 1.05x (holy bugged in PvP: 1x) with kicking / stomping skills,,Increases damage by 1.05x (holy bugged in PvP: 1x) with kicking / stomping skills,-1.0,-1.0,0.0,0.0,0.0,0.0,0.0,0.0,0.0,0.0,1.0,1.0,1.0,1.0,1.0,1.0,1.0,1.0,1.0,1.0,1.0,1.0,1.0,1.0,1.0,1.0,1.0,1.0,1.0,1.0,1.0,1.0,0.0,0.0,0.0,0.0,0.0,0.0,0.0,1.0,1.0,1.0,1.0,1.0,0.0
Briar Greaves,Adds 18 physical attack power to rolling,,Adds 18 physical attack power to rolling,-1.0,-1.0,0.0,0.0,0.0,0.0,0.0,0.0,0.0,0.0,1.0,1.0,1.0,1.0,1.0,1.0,1.0,1.0,1.0,1.0,1.0,1.0,1.0,1.0,1.0,1.0,1.0,1.0,1.0,1.0,1.0,1.0,0.0,0.0,0.0,0.0,0.0,0.0,0.0,1.0,1.0,1.0,1.0,1.0,0.0
Rakshasa Greaves,"Increases damage by 1.02x, but decreases damage negations by -2%",,"Increases damage by 1.02x, but decreases damage negations by -2%",-1.0,-1.0,0.0,0.0,0.0,0.0,0.0,0.0,0.0,0.0,1.0,1.0,1.0,1.0,1.02,1.02,1.02,1.02,1.02,1.02,1.02,1.02,1.0,1.0,1.0,1.0,1.0,1.0,1.0,1.0,1.0,1.0,0.0,0.0,0.0,0.0,0.0,0.0,0.0,1.0,1.0,1.0,1.0,1.0,0.0
Royal Remains Greaves,Regenerates 2 HP/s while at less than 18% HP,,Regenerates 2 HP/s while at less than 18% HP,18.0,-1.0,0.0,0.0,0.0,0.0,0.0,0.0,0.0,0.0,1.0,1.0,1.0,1.0,1.0,1.0,1.0,1.0,1.0,1.0,1.0,1.0,1.0,1.0,1.0,1.0,1.0,1.0,1.0,1.0,1.0,1.0,0.0,0.0,0.0,0.0,0.0,0.0,0.0,1.0,1.0,1.0,1.0,1.0,0.0
Crucible Greaves,Increases damage by 1.04x (holy bugged in PvP: 1x) with Aspects of the Crucible incantations,,Increases damage by 1.04x (holy bugged in PvP: 1x) with Aspects of the Crucible incantations,-1.0,-1.0,0.0,0.0,0.0,0.0,0.0,0.0,0.0,0.0,1.0,1.0,1.0,1.0,1.0,1.0,1.0,1.0,1.0,1.0,1.0,1.0,1.0,1.0,1.0,1.0,1.0,1.0,1.0,1.0,1.0,1.0,0.0,0.0,0.0,0.0,0.0,0.0,0.0,1.0,1.0,1.0,1.0,1.0,0.0
Omen Greaves,Increases damage by 1.05x (holy bugged in PvP: 1x) with Shriek of Milos and (Regal) Omen Bairn,,Increases damage by 1.05x (holy bugged in PvP: 1x) with Shriek of Milos and (Regal) Omen Bairn,-1.0,-1.0,0.0,0.0,0.0,0.0,0.0,0.0,0.0,0.0,1.0,1.0,1.0,1.0,1.0,1.0,1.0,1.0,1.0,1.0,1.0,1.0,1.0,1.0,1.0,1.0,1.0,1.0,1.0,1.0,1.0,1.0,0.0,0.0,0.0,0.0,0.0,0.0,0.0,1.0,1.0,1.0,1.0,1.0,0.0
,,,,,,,,,,,,,,,,,,,,,,,,,,,,,,,,,,,,,,,,,,,,,,,,
Crimson Amber Medallion,Increases HP by ⌊1.06x⌋,,Increases HP by ⌊1.06x⌋,-1.0,-1.0,0.0,0.0,0.0,0.0,0.0,0.0,0.0,0.0,1.06,1.0,1.0,1.0,1.0,1.0,1.0,1.0,1.0,1.0,1.0,1.0,1.0,1.0,1.0,1.0,1.0,1.0,1.0,1.0,1.0,1.0,0.0,0.0,0.0,0.0,0.0,0.0,0.0,1.0,1.0,1.0,1.0,1.0,0.0
Crimson Amber Medallion +1,Increases HP by ⌊1.07x⌋,,Increases HP by ⌊1.07x⌋,-1.0,-1.0,0.0,0.0,0.0,0.0,0.0,0.0,0.0,0.0,1.07,1.0,1.0,1.0,1.0,1.0,1.0,1.0,1.0,1.0,1.0,1.0,1.0,1.0,1.0,1.0,1.0,1.0,1.0,1.0,1.0,1.0,0.0,0.0,0.0,0.0,0.0,0.0,0.0,1.0,1.0,1.0,1.0,1.0,0.0
Crimson Amber Medallion +2,Increases HP by ⌊1.08x⌋,,Increases HP by ⌊1.08x⌋,-1.0,-1.0,0.0,0.0,0.0,0.0,0.0,0.0,0.0,0.0,1.08,1.0,1.0,1.0,1.0,1.0,1.0,1.0,1.0,1.0,1.0,1.0,1.0,1.0,1.0,1.0,1.0,1.0,1.0,1.0,1.0,1.0,0.0,0.0,0.0,0.0,0.0,0.0,0.0,1.0,1.0,1.0,1.0,1.0,0.0
Crimson Amber Medallion +3,Increases HP by ⌊1.1x⌋,,Increases HP by ⌊1.1x⌋,-1.0,-1.0,0.0,0.0,0.0,0.0,0.0,0.0,0.0,0.0,1.1,1.0,1.0,1.0,1.0,1.0,1.0,1.0,1.0,1.0,1.0,1.0,1.0,1.0,1.0,1.0,1.0,1.0,1.0,1.0,1.0,1.0,0.0,0.0,0.0,0.0,0.0,0.0,0.0,1.0,1.0,1.0,1.0,1.0,0.0
Crimson Seed Talisman,Increases Flask of Crimson Tears restoration by ⌊1.2x⌋,,Increases Flask of Crimson Tears restoration by ⌊1.2x⌋,-1.0,-1.0,0.0,0.0,0.0,0.0,0.0,0.0,0.0,0.0,1.0,1.0,1.0,1.0,1.0,1.0,1.0,1.0,1.0,1.0,1.0,1.0,1.0,1.0,1.0,1.0,1.0,1.0,1.0,1.0,1.0,1.0,0.0,0.0,0.0,0.0,0.0,0.0,0.0,1.0,1.0,1.0,1.0,1.0,0.0
Crimson Seed Talisman +1,Increases Flask of Crimson Tears restoration by ⌊1.3x⌋,,Increases Flask of Crimson Tears restoration by ⌊1.3x⌋,-1.0,-1.0,0.0,0.0,0.0,0.0,0.0,0.0,0.0,0.0,1.0,1.0,1.0,1.0,1.0,1.0,1.0,1.0,1.0,1.0,1.0,1.0,1.0,1.0,1.0,1.0,1.0,1.0,1.0,1.0,1.0,1.0,0.0,0.0,0.0,0.0,0.0,0.0,0.0,1.0,1.0,1.0,1.0,1.0,0.0
Blessed Dew Talisman,Regenerates 2 HP/s,,Regenerates 2 HP/s,-1.0,-1.0,0.0,0.0,0.0,0.0,0.0,0.0,0.0,0.0,1.0,1.0,1.0,1.0,1.0,1.0,1.0,1.0,1.0,1.0,1.0,1.0,1.0,1.0,1.0,1.0,1.0,1.0,1.0,1.0,1.0,1.0,0.0,0.0,0.0,0.0,0.0,0.0,0.0,1.0,1.0,1.0,1.0,1.0,0.0
Cerulean Amber Medallion,Increases FP by ⌊1.07x⌋,,Increases FP by ⌊1.07x⌋,-1.0,-1.0,0.0,0.0,0.0,0.0,0.0,0.0,0.0,0.0,1.0,1.07,1.0,1.0,1.0,1.0,1.0,1.0,1.0,1.0,1.0,1.0,1.0,1.0,1.0,1.0,1.0,1.0,1.0,1.0,1.0,1.0,0.0,0.0,0.0,0.0,0.0,0.0,0.0,1.0,1.0,1.0,1.0,1.0,0.0
Cerulean Amber Medallion +1,Increases FP by ⌊1.09x⌋,,Increases FP by ⌊1.09x⌋,-1.0,-1.0,0.0,0.0,0.0,0.0,0.0,0.0,0.0,0.0,1.0,1.09,1.0,1.0,1.0,1.0,1.0,1.0,1.0,1.0,1.0,1.0,1.0,1.0,1.0,1.0,1.0,1.0,1.0,1.0,1.0,1.0,0.0,0.0,0.0,0.0,0.0,0.0,0.0,1.0,1.0,1.0,1.0,1.0,0.0
Cerulean Amber Medallion +2,Increases FP by ⌊1.11x⌋,,Increases FP by ⌊1.11x⌋,-1.0,-1.0,0.0,0.0,0.0,0.0,0.0,0.0,0.0,0.0,1.0,1.11,1.0,1.0,1.0,1.0,1.0,1.0,1.0,1.0,1.0,1.0,1.0,1.0,1.0,1.0,1.0,1.0,1.0,1.0,1.0,1.0,0.0,0.0,0.0,0.0,0.0,0.0,0.0,1.0,1.0,1.0,1.0,1.0,0.0
Cerulean Amber Medallion +3,Increases FP by ⌊1.13x⌋,,Increases FP by ⌊1.13x⌋,-1.0,-1.0,0.0,0.0,0.0,0.0,0.0,0.0,0.0,0.0,1.0,1.13,1.0,1.0,1.0,1.0,1.0,1.0,1.0,1.0,1.0,1.0,1.0,1.0,1.0,1.0,1.0,1.0,1.0,1.0,1.0,1.0,0.0,0.0,0.0,0.0,0.0,0.0,0.0,1.0,1.0,1.0,1.0,1.0,0.0
Cerulean Seed Talisman,Increases Flask of Cerulean Tears restoration by ⌊1.2x⌋,,Increases Flask of Cerulean Tears restoration by ⌊1.2x⌋,-1.0,-1.0,0.0,0.0,0.0,0.0,0.0,0.0,0.0,0.0,1.0,1.0,1.0,1.0,1.0,1.0,1.0,1.0,1.0,1.0,1.0,1.0,1.0,1.0,1.0,1.0,1.0,1.0,1.0,1.0,1.0,1.0,0.0,0.0,0.0,0.0,0.0,0.0,0.0,1.0,1.0,1.0,1.0,1.0,0.0
Cerulean Seed Talisman +1,Increases Flask of Cerulean Tears restoration by ⌊1.3x⌋,,Increases Flask of Cerulean Tears restoration by ⌊1.3x⌋,-1.0,-1.0,0.0,0.0,0.0,0.0,0.0,0.0,0.0,0.0,1.0,1.0,1.0,1.0,1.0,1.0,1.0,1.0,1.0,1.0,1.0,1.0,1.0,1.0,1.0,1.0,1.0,1.0,1.0,1.0,1.0,1.0,0.0,0.0,0.0,0.0,0.0,0.0,0.0,1.0,1.0,1.0,1.0,1.0,0.0
Blessed Blue Dew Talisman,Regenerates 1 FP every 2 seconds,,Regenerates 1 FP every 2 seconds,-1.0,-1.0,0.0,0.0,0.0,0.0,0.0,0.0,0.0,0.0,1.0,1.0,1.0,1.0,1.0,1.0,1.0,1.0,1.0,1.0,1.0,1.0,1.0,1.0,1.0,1.0,1.0,1.0,1.0,1.0,1.0,1.0,0.0,0.0,0.0,0.0,0.0,0.0,0.0,1.0,1.0,1.0,1.0,1.0,0.0
Talisman of Lord's Bestowal,Decreases incoming poise damage by 0.65x while drinking a Flask of Tears,,Decreases incoming poise damage by 0.65x while drinking a Flask of Tears,-1.0,-1.0,0.0,0.0,0.0,0.0,0.0,0.0,0.0,0.0,1.0,1.0,1.0,1.0,1.0,1.0,1.0,1.0,1.0,1.0,1.0,1.0,1.0,1.0,1.0,1.0,1.0,1.0,1.0,1.0,1.0,1.0,0.0,0.0,0.0,0.0,0.0,0.0,0.0,1.0,1.0,1.0,1.0,1.0,0.0
Viridian Amber Medallion,Increases stamina by ⌊1.11x⌋,,Increases stamina by ⌊1.11x⌋,-1.0,-1.0,0.0,0.0,0.0,0.0,0.0,0.0,0.0,0.0,1.0,1.0,1.11,1.0,1.0,1.0,1.0,1.0,1.0,1.0,1.0,1.0,1.0,1.0,1.0,1.0,1.0,1.0,1.0,1.0,1.0,1.0,0.0,0.0,0.0,0.0,0.0,0.0,0.0,1.0,1.0,1.0,1.0,1.0,0.0
Viridian Amber Medallion +1,Increases stamina by ⌊1.13x⌋,,Increases stamina by ⌊1.13x⌋,-1.0,-1.0,0.0,0.0,0.0,0.0,0.0,0.0,0.0,0.0,1.0,1.0,1.13,1.0,1.0,1.0,1.0,1.0,1.0,1.0,1.0,1.0,1.0,1.0,1.0,1.0,1.0,1.0,1.0,1.0,1.0,1.0,0.0,0.0,0.0,0.0,0.0,0.0,0.0,1.0,1.0,1.0,1.0,1.0,0.0
Viridian Amber Medallion +2,Increases stamina by ⌊1.15x⌋,,Increases stamina by ⌊1.15x⌋,-1.0,-1.0,0.0,0.0,0.0,0.0,0.0,0.0,0.0,0.0,1.0,1.0,1.15,1.0,1.0,1.0,1.0,1.0,1.0,1.0,1.0,1.0,1.0,1.0,1.0,1.0,1.0,1.0,1.0,1.0,1.0,1.0,0.0,0.0,0.0,0.0,0.0,0.0,0.0,1.0,1.0,1.0,1.0,1.0,0.0
Viridian Amber Medallion +3,Increases stamina by ⌊1.17x⌋,,Increases stamina by ⌊1.17x⌋,-1.0,-1.0,0.0,0.0,0.0,0.0,0.0,0.0,0.0,0.0,1.0,1.0,1.17,1.0,1.0,1.0,1.0,1.0,1.0,1.0,1.0,1.0,1.0,1.0,1.0,1.0,1.0,1.0,1.0,1.0,1.0,1.0,0.0,0.0,0.0,0.0,0.0,0.0,0.0,1.0,1.0,1.0,1.0,1.0,0.0
Green Turtle Talisman,Increases stamina regeneration by 8/s,,Increases stamina regeneration by 8/s,-1.0,-1.0,0.0,0.0,0.0,0.0,0.0,0.0,0.0,0.0,1.0,1.0,1.0,1.0,1.0,1.0,1.0,1.0,1.0,1.0,1.0,1.0,1.0,1.0,1.0,1.0,1.0,1.0,1.0,1.0,1.0,1.0,0.0,0.0,0.0,0.0,0.0,0.0,0.0,1.0,1.0,1.0,1.0,1.0,0.0
Two-Headed Turtle Talisman,Increases stamina regeneration by 10/s,,Increases stamina regeneration by 10/s,-1.0,-1.0,0.0,0.0,0.0,0.0,0.0,0.0,0.0,0.0,1.0,1.0,1.0,1.0,1.0,1.0,1.0,1.0,1.0,1.0,1.0,1.0,1.0,1.0,1.0,1.0,1.0,1.0,1.0,1.0,1.0,1.0,0.0,0.0,0.0,0.0,0.0,0.0,0.0,1.0,1.0,1.0,1.0,1.0,0.0
Arsenal Charm,Increases equip load by 1.15x,,Increases equip load by 1.15x,-1.0,-1.0,0.0,0.0,0.0,0.0,0.0,0.0,0.0,0.0,1.0,1.0,1.0,1.15,1.0,1.0,1.0,1.0,1.0,1.0,1.0,1.0,1.0,1.0,1.0,1.0,1.0,1.0,1.0,1.0,1.0,1.0,0.0,0.0,0.0,0.0,0.0,0.0,0.0,1.0,1.0,1.0,1.0,1.0,0.0
Arsenal Charm +1,Increases equip load by 1.17x,,Increases equip load by 1.17x,-1.0,-1.0,0.0,0.0,0.0,0.0,0.0,0.0,0.0,0.0,1.0,1.0,1.0,1.17,1.0,1.0,1.0,1.0,1.0,1.0,1.0,1.0,1.0,1.0,1.0,1.0,1.0,1.0,1.0,1.0,1.0,1.0,0.0,0.0,0.0,0.0,0.0,0.0,0.0,1.0,1.0,1.0,1.0,1.0,0.0
Great-Jar's Arsenal,Increases equip load by 1.19x,,Increases equip load by 1.19x,-1.0,-1.0,0.0,0.0,0.0,0.0,0.0,0.0,0.0,0.0,1.0,1.0,1.0,1.19,1.0,1.0,1.0,1.0,1.0,1.0,1.0,1.0,1.0,1.0,1.0,1.0,1.0,1.0,1.0,1.0,1.0,1.0,0.0,0.0,0.0,0.0,0.0,0.0,0.0,1.0,1.0,1.0,1.0,1.0,0.0
Erdtree's Favor,"Increases HP by ⌊1.03x⌋, stamina by ⌊1.07x⌋, and equip load by 1.05x",,"Increases HP by ⌊1.03x⌋, stamina by ⌊1.07x⌋, and equip load by 1.05x",-1.0,-1.0,0.0,0.0,0.0,0.0,0.0,0.0,0.0,0.0,1.03,1.0,1.07,1.05,1.0,1.0,1.0,1.0,1.0,1.0,1.0,1.0,1.0,1.0,1.0,1.0,1.0,1.0,1.0,1.0,1.0,1.0,0.0,0.0,0.0,0.0,0.0,0.0,0.0,1.0,1.0,1.0,1.0,1.0,0.0
Erdtree's Favor +1,"Increases HP by ⌊1.035x⌋, stamina by ⌊1.085x⌋, and equip load by 1.065x",,"Increases HP by ⌊1.035x⌋, stamina by ⌊1.085x⌋, and equip load by 1.065x",-1.0,-1.0,0.0,0.0,0.0,0.0,0.0,0.0,0.0,0.0,1.035,1.0,1.085,1.065,1.0,1.0,1.0,1.0,1.0,1.0,1.0,1.0,1.0,1.0,1.0,1.0,1.0,1.0,1.0,1.0,1.0,1.0,0.0,0.0,0.0,0.0,0.0,0.0,0.0,1.0,1.0,1.0,1.0,1.0,0.0
Erdtree's Favor +2,"Increases HP by ⌊1.04x⌋, stamina by ⌊1.1x⌋, and equip load by 1.08x",,"Increases HP by ⌊1.04x⌋, stamina by ⌊1.1x⌋, and equip load by 1.08x",-1.0,-1.0,0.0,0.0,0.0,0.0,0.0,0.0,0.0,0.0,1.04,1.0,1.1,1.08,1.0,1.0,1.0,1.0,1.0,1.0,1.0,1.0,1.0,1.0,1.0,1.0,1.0,1.0,1.0,1.0,1.0,1.0,0.0,0.0,0.0,0.0,0.0,0.0,0.0,1.0,1.0,1.0,1.0,1.0,0.0
Radagon's Scarseal,"Increases vigor, endurance, strength, and dexterity by 3, but decreases damage negations by -10%",,"Increases vigor, endurance, strength, and dexterity by 3, but decreases damage negations by -10%",-1.0,-1.0,3.0,0.0,3.0,3.0,3.0,0.0,0.0,0.0,1.0,1.0,1.0,1.0,1.1,1.1,1.1,1.1,1.1,1.1,1.1,1.1,1.0,1.0,1.0,1.0,1.0,1.0,1.0,1.0,1.0,1.0,0.0,0.0,0.0,0.0,0.0,0.0,0.0,1.0,1.0,1.0,1.0,1.0,0.0
Radagon's Soreseal,"Increases vigor, endurance, strength, and dexterity by 5, but decreases damage negations by -15%",,"Increases vigor, endurance, strength, and dexterity by 5, but decreases damage negations by -15%",-1.0,-1.0,5.0,0.0,5.0,5.0,5.0,0.0,0.0,0.0,1.0,1.0,1.0,1.0,1.15,1.15,1.15,1.15,1.15,1.15,1.15,1.15,1.0,1.0,1.0,1.0,1.0,1.0,1.0,1.0,1.0,1.0,0.0,0.0,0.0,0.0,0.0,0.0,0.0,1.0,1.0,1.0,1.0,1.0,0.0
Marika's Scarseal,"Increases mind, intelligence, faith, and arcane by 3, but decreases damage negations by -10%",,"Increases mind, intelligence, faith, and arcane by 3, but decreases damage negations by -10%",-1.0,-1.0,0.0,3.0,0.0,0.0,0.0,3.0,3.0,3.0,1.0,1.0,1.0,1.0,1.1,1.1,1.1,1.1,1.1,1.1,1.1,1.1,1.0,1.0,1.0,1.0,1.0,1.0,1.0,1.0,1.0,1.0,0.0,0.0,0.0,0.0,0.0,0.0,0.0,1.0,1.0,1.0,1.0,1.0,0.0
Marika's Soreseal,"Increases mind, intelligence, faith, and arcane by 5, but decreases damage negations by -15%",,"Increases mind, intelligence, faith, and arcane by 5, but decreases damage negations by -15%",-1.0,-1.0,0.0,5.0,0.0,0.0,0.0,5.0,5.0,5.0,1.0,1.0,1.0,1.0,1.15,1.15,1.15,1.15,1.15,1.15,1.15,1.15,1.0,1.0,1.0,1.0,1.0,1.0,1.0,1.0,1.0,1.0,0.0,0.0,0.0,0.0,0.0,0.0,0.0,1.0,1.0,1.0,1.0,1.0,0.0
Starscourge Heirloom,Increases strength by 5,,Increases strength by 5,-1.0,-1.0,0.0,0.0,0.0,5.0,0.0,0.0,0.0,0.0,1.0,1.0,1.0,1.0,1.0,1.0,1.0,1.0,1.0,1.0,1.0,1.0,1.0,1.0,1.0,1.0,1.0,1.0,1.0,1.0,1.0,1.0,0.0,0.0,0.0,0.0,0.0,0.0,0.0,1.0,1.0,1.0,1.0,1.0,0.0
Prosthesis-Wearer Heirloom,Increases dexterity by 5,,Increases dexterity by 5,-1.0,-1.0,0.0,0.0,0.0,0.0,5.0,0.0,0.0,0.0,1.0,1.0,1.0,1.0,1.0,1.0,1.0,1.0,1.0,1.0,1.0,1.0,1.0,1.0,1.0,1.0,1.0,1.0,1.0,1.0,1.0,1.0,0.0,0.0,0.0,0.0,0.0,0.0,0.0,1.0,1.0,1.0,1.0,1.0,0.0
Stargazer Heirloom,Increases intelligence by 5,,Increases intelligence by 5,-1.0,-1.0,0.0,0.0,0.0,0.0,0.0,5.0,0.0,0.0,1.0,1.0,1.0,1.0,1.0,1.0,1.0,1.0,1.0,1.0,1.0,1.0,1.0,1.0,1.0,1.0,1.0,1.0,1.0,1.0,1.0,1.0,0.0,0.0,0.0,0.0,0.0,0.0,0.0,1.0,1.0,1.0,1.0,1.0,0.0
Two Fingers Heirloom,Increases faith by 5,,Increases faith by 5,-1.0,-1.0,0.0,0.0,0.0,0.0,0.0,0.0,5.0,0.0,1.0,1.0,1.0,1.0,1.0,1.0,1.0,1.0,1.0,1.0,1.0,1.0,1.0,1.0,1.0,1.0,1.0,1.0,1.0,1.0,1.0,1.0,0.0,0.0,0.0,0.0,0.0,0.0,0.0,1.0,1.0,1.0,1.0,1.0,0.0
Outer God Heirloom,Increases arcane by 5,,Increases arcane by 5,-1.0,-1.0,0.0,0.0,0.0,0.0,0.0,0.0,0.0,5.0,1.0,1.0,1.0,1.0,1.0,1.0,1.0,1.0,1.0,1.0,1.0,1.0,1.0,1.0,1.0,1.0,1.0,1.0,1.0,1.0,1.0,1.0,0.0,0.0,0.0,0.0,0.0,0.0,0.0,1.0,1.0,1.0,1.0,1.0,0.0
Dragoncrest Shield Talisman,Increases physical damage negations by 10% (2% in PvP),,Increases physical damage negations by 10% (2% in PvP),-1.0,-1.0,0.0,0.0,0.0,0.0,0.0,0.0,0.0,0.0,1.0,1.0,1.0,1.0,1.0,1.0,1.0,1.0,1.0,1.0,1.0,1.0,0.9,1.0,1.0,1.0,1.0,0.98,1.0,1.0,1.0,1.0,0.0,0.0,0.0,0.0,0.0,0.0,0.0,1.0,1.0,1.0,1.0,1.0,0.0
Dragoncrest Shield Talisman +1,Increases physical damage negations by 13% (3% in PvP),,Increases physical damage negations by 13% (3% in PvP),-1.0,-1.0,0.0,0.0,0.0,0.0,0.0,0.0,0.0,0.0,1.0,1.0,1.0,1.0,1.0,1.0,1.0,1.0,1.0,1.0,1.0,1.0,0.87,1.0,1.0,1.0,1.0,0.97,1.0,1.0,1.0,1.0,0.0,0.0,0.0,0.0,0.0,0.0,0.0,1.0,1.0,1.0,1.0,1.0,0.0
Dragoncrest Shield Talisman +2,Increases physical damage negations by 17% (4% in PvP),,Increases physical damage negations by 17% (4% in PvP),-1.0,-1.0,0.0,0.0,0.0,0.0,0.0,0.0,0.0,0.0,1.0,1.0,1.0,1.0,1.0,1.0,1.0,1.0,1.0,1.0,1.0,1.0,0.83,1.0,1.0,1.0,1.0,0.96,1.0,1.0,1.0,1.0,0.0,0.0,0.0,0.0,0.0,0.0,0.0,1.0,1.0,1.0,1.0,1.0,0.0
Dragoncrest Greatshield Talisman,Increases physical damage negations by 20% (5% in PvP),,Increases physical damage negations by 20% (5% in PvP),-1.0,-1.0,0.0,0.0,0.0,0.0,0.0,0.0,0.0,0.0,1.0,1.0,1.0,1.0,1.0,1.0,1.0,1.0,1.0,1.0,1.0,1.0,0.8,1.0,1.0,1.0,1.0,0.95,1.0,1.0,1.0,1.0,0.0,0.0,0.0,0.0,0.0,0.0,0.0,1.0,1.0,1.0,1.0,1.0,0.0
Spelldrake Talisman,Increases magic damage negation by 13% (4% in PvP),,Increases magic damage negation by 13% (4% in PvP),-1.0,-1.0,0.0,0.0,0.0,0.0,0.0,0.0,0.0,0.0,1.0,1.0,1.0,1.0,1.0,1.0,1.0,1.0,1.0,1.0,1.0,1.0,1.0,0.87,1.0,1.0,1.0,1.0,0.96,1.0,1.0,1.0,0.0,0.0,0.0,0.0,0.0,0.0,0.0,1.0,1.0,1.0,1.0,1.0,0.0
Spelldrake Talisman +1,Increases magic damage negation by 17% (5% in PvP),,Increases magic damage negation by 17% (5% in PvP),-1.0,-1.0,0.0,0.0,0.0,0.0,0.0,0.0,0.0,0.0,1.0,1.0,1.0,1.0,1.0,1.0,1.0,1.0,1.0,1.0,1.0,1.0,1.0,0.83,1.0,1.0,1.0,1.0,0.95,1.0,1.0,1.0,0.0,0.0,0.0,0.0,0.0,0.0,0.0,1.0,1.0,1.0,1.0,1.0,0.0
Spelldrake Talisman +2,Increases magic damage negation by 20% (6% in PvP),,Increases magic damage negation by 20% (6% in PvP),-1.0,-1.0,0.0,0.0,0.0,0.0,0.0,0.0,0.0,0.0,1.0,1.0,1.0,1.0,1.0,1.0,1.0,1.0,1.0,1.0,1.0,1.0,1.0,0.8,1.0,1.0,1.0,1.0,0.94,1.0,1.0,1.0,0.0,0.0,0.0,0.0,0.0,0.0,0.0,1.0,1.0,1.0,1.0,1.0,0.0
Spelldrake Talisman +3,Increases magic damage negation by 22% (7% in PvP),,Increases magic damage negation by 22% (7% in PvP),-1.0,-1.0,0.0,0.0,0.0,0.0,0.0,0.0,0.0,0.0,1.0,1.0,1.0,1.0,1.0,1.0,1.0,1.0,1.0,1.0,1.0,1.0,1.0,0.78,1.0,1.0,1.0,1.0,0.93,1.0,1.0,1.0,0.0,0.0,0.0,0.0,0.0,0.0,0.0,1.0,1.0,1.0,1.0,1.0,0.0
Flamedrake Talisman,Increases fire damage negation by 13% (4% in PvP),,Increases fire damage negation by 13% (4% in PvP),-1.0,-1.0,0.0,0.0,0.0,0.0,0.0,0.0,0.0,0.0,1.0,1.0,1.0,1.0,1.0,1.0,1.0,1.0,1.0,1.0,1.0,1.0,1.0,1.0,0.87,1.0,1.0,1.0,1.0,0.96,1.0,1.0,0.0,0.0,0.0,0.0,0.0,0.0,0.0,1.0,1.0,1.0,1.0,1.0,0.0
Flamedrake Talisman +1,Increases fire damage negation by 17% (5% in PvP),,Increases fire damage negation by 17% (5% in PvP),-1.0,-1.0,0.0,0.0,0.0,0.0,0.0,0.0,0.0,0.0,1.0,1.0,1.0,1.0,1.0,1.0,1.0,1.0,1.0,1.0,1.0,1.0,1.0,1.0,0.83,1.0,1.0,1.0,1.0,0.95,1.0,1.0,0.0,0.0,0.0,0.0,0.0,0.0,0.0,1.0,1.0,1.0,1.0,1.0,0.0
Flamedrake Talisman +2,Increases fire damage negation by 20% (6% in PvP),,Increases fire damage negation by 20% (6% in PvP),-1.0,-1.0,0.0,0.0,0.0,0.0,0.0,0.0,0.0,0.0,1.0,1.0,1.0,1.0,1.0,1.0,1.0,1.0,1.0,1.0,1.0,1.0,1.0,1.0,0.8,1.0,1.0,1.0,1.0,0.94,1.0,1.0,0.0,0.0,0.0,0.0,0.0,0.0,0.0,1.0,1.0,1.0,1.0,1.0,0.0
Flamedrake Talisman +3,Increases fire damage negation by 22% (7% in PvP),,Increases fire damage negation by 22% (7% in PvP),-1.0,-1.0,0.0,0.0,0.0,0.0,0.0,0.0,0.0,0.0,1.0,1.0,1.0,1.0,1.0,1.0,1.0,1.0,1.0,1.0,1.0,1.0,1.0,1.0,0.78,1.0,1.0,1.0,1.0,0.93,1.0,1.0,0.0,0.0,0.0,0.0,0.0,0.0,0.0,1.0,1.0,1.0,1.0,1.0,0.0
Boltdrake Talisman,Increases lightning damage negation by 13% (4% in PvP),,Increases lightning damage negation by 13% (4% in PvP),-1.0,-1.0,0.0,0.0,0.0,0.0,0.0,0.0,0.0,0.0,1.0,1.0,1.0,1.0,1.0,1.0,1.0,1.0,1.0,1.0,1.0,1.0,1.0,1.0,1.0,0.87,1.0,1.0,1.0,1.0,0.96,1.0,0.0,0.0,0.0,0.0,0.0,0.0,0.0,1.0,1.0,1.0,1.0,1.0,0.0
Boltdrake Talisman +1,Increases lightning damage negation by 17% (5% in PvP),,Increases lightning damage negation by 17% (5% in PvP),-1.0,-1.0,0.0,0.0,0.0,0.0,0.0,0.0,0.0,0.0,1.0,1.0,1.0,1.0,1.0,1.0,1.0,1.0,1.0,1.0,1.0,1.0,1.0,1.0,1.0,0.83,1.0,1.0,1.0,1.0,0.95,1.0,0.0,0.0,0.0,0.0,0.0,0.0,0.0,1.0,1.0,1.0,1.0,1.0,0.0
Boltdrake Talisman +2,Increases lightning damage negation by 20% (6% in PvP),,Increases lightning damage negation by 20% (6% in PvP),-1.0,-1.0,0.0,0.0,0.0,0.0,0.0,0.0,0.0,0.0,1.0,1.0,1.0,1.0,1.0,1.0,1.0,1.0,1.0,1.0,1.0,1.0,1.0,1.0,1.0,0.8,1.0,1.0,1.0,1.0,0.94,1.0,0.0,0.0,0.0,0.0,0.0,0.0,0.0,1.0,1.0,1.0,1.0,1.0,0.0
Boltdrake Talisman +3,Increases lightning damage negation by 22% (7% in PvP),,Increases lightning damage negation by 22% (7% in PvP),-1.0,-1.0,0.0,0.0,0.0,0.0,0.0,0.0,0.0,0.0,1.0,1.0,1.0,1.0,1.0,1.0,1.0,1.0,1.0,1.0,1.0,1.0,1.0,1.0,1.0,0.78,1.0,1.0,1.0,1.0,0.93,1.0,0.0,0.0,0.0,0.0,0.0,0.0,0.0,1.0,1.0,1.0,1.0,1.0,0.0
Haligdrake Talisman,Increases holy damage negation by 13% (4% in PvP),,Increases holy damage negation by 13% (4% in PvP),-1.0,-1.0,0.0,0.0,0.0,0.0,0.0,0.0,0.0,0.0,1.0,1.0,1.0,1.0,1.0,1.0,1.0,1.0,1.0,1.0,1.0,1.0,1.0,1.0,1.0,1.0,0.87,1.0,1.0,1.0,1.0,0.96,0.0,0.0,0.0,0.0,0.0,0.0,0.0,1.0,1.0,1.0,1.0,1.0,0.0
Haligdrake Talisman +1,Increases holy damage negation by 17% (5% in PvP),,Increases holy damage negation by 17% (5% in PvP),-1.0,-1.0,0.0,0.0,0.0,0.0,0.0,0.0,0.0,0.0,1.0,1.0,1.0,1.0,1.0,1.0,1.0,1.0,1.0,1.0,1.0,1.0,1.0,1.0,1.0,1.0,0.83,1.0,1.0,1.0,1.0,0.95,0.0,0.0,0.0,0.0,0.0,0.0,0.0,1.0,1.0,1.0,1.0,1.0,0.0
Haligdrake Talisman +2,Increases holy damage negation by 20% (6% in PvP),,Increases holy damage negation by 20% (6% in PvP),-1.0,-1.0,0.0,0.0,0.0,0.0,0.0,0.0,0.0,0.0,1.0,1.0,1.0,1.0,1.0,1.0,1.0,1.0,1.0,1.0,1.0,1.0,1.0,1.0,1.0,1.0,0.8,1.0,1.0,1.0,1.0,0.94,0.0,0.0,0.0,0.0,0.0,0.0,0.0,1.0,1.0,1.0,1.0,1.0,0.0
Golden Braid,Increases holy damage negation by 22% (7% in PvP),,Increases holy damage negation by 22% (7% in PvP),-1.0,-1.0,0.0,0.0,0.0,0.0,0.0,0.0,0.0,0.0,1.0,1.0,1.0,1.0,1.0,1.0,1.0,1.0,1.0,1.0,1.0,1.0,1.0,1.0,1.0,1.0,0.78,1.0,1.0,1.0,1.0,0.93,0.0,0.0,0.0,0.0,0.0,0.0,0.0,1.0,1.0,1.0,1.0,1.0,0.0
Pearldrake Talisman,Increases elemental damage negations by 5% (2% in PvP),,Increases elemental damage negations by 5% (2% in PvP),-1.0,-1.0,0.0,0.0,0.0,0.0,0.0,0.0,0.0,0.0,1.0,1.0,1.0,1.0,1.0,1.0,1.0,1.0,1.0,1.0,1.0,1.0,1.0,0.95,0.95,0.95,0.95,1.0,0.98,0.98,0.98,0.98,0.0,0.0,0.0,0.0,0.0,0.0,0.0,1.0,1.0,1.0,1.0,1.0,0.0
Pearldrake Talisman +1,Increases elemental damage negations by 7% (3% in PvP),,Increases elemental damage negations by 7% (3% in PvP),-1.0,-1.0,0.0,0.0,0.0,0.0,0.0,0.0,0.0,0.0,1.0,1.0,1.0,1.0,1.0,1.0,1.0,1.0,1.0,1.0,1.0,1.0,1.0,0.93,0.93,0.93,0.93,1.0,0.97,0.97,0.97,0.97,0.0,0.0,0.0,0.0,0.0,0.0,0.0,1.0,1.0,1.0,1.0,1.0,0.0
Pearldrake Talisman +2,Increases elemental damage negations by 9% (4% in PvP),,Increases elemental damage negations by 9% (4% in PvP),-1.0,-1.0,0.0,0.0,0.0,0.0,0.0,0.0,0.0,0.0,1.0,1.0,1.0,1.0,1.0,1.0,1.0,1.0,1.0,1.0,1.0,1.0,1.0,0.91,0.91,0.91,0.91,1.0,0.96,0.96,0.96,0.96,0.0,0.0,0.0,0.0,0.0,0.0,0.0,1.0,1.0,1.0,1.0,1.0,0.0
Pearldrake Talisman +3,Increases elemental damage negations by 11% (5% in PvP),,Increases elemental damage negations by 11% (5% in PvP),-1.0,-1.0,0.0,0.0,0.0,0.0,0.0,0.0,0.0,0.0,1.0,1.0,1.0,1.0,1.0,1.0,1.0,1.0,1.0,1.0,1.0,1.0,1.0,0.89,0.89,0.89,0.89,1.0,0.95,0.95,0.95,0.95,0.0,0.0,0.0,0.0,0.0,0.0,0.0,1.0,1.0,1.0,1.0,1.0,0.0
Immunizing Horn Charm,Increases immunity by 90,,Increases immunity by 90,-1.0,-1.0,0.0,0.0,0.0,0.0,0.0,0.0,0.0,0.0,1.0,1.0,1.0,1.0,1.0,1.0,1.0,1.0,1.0,1.0,1.0,1.0,1.0,1.0,1.0,1.0,1.0,1.0,1.0,1.0,1.0,1.0,90.0,90.0,0.0,0.0,0.0,0.0,0.0,1.0,1.0,1.0,1.0,1.0,0.0
Immunizing Horn Charm +1,Increases immunity by 140,,Increases immunity by 140,-1.0,-1.0,0.0,0.0,0.0,0.0,0.0,0.0,0.0,0.0,1.0,1.0,1.0,1.0,1.0,1.0,1.0,1.0,1.0,1.0,1.0,1.0,1.0,1.0,1.0,1.0,1.0,1.0,1.0,1.0,1.0,1.0,140.0,140.0,0.0,0.0,0.0,0.0,0.0,1.0,1.0,1.0,1.0,1.0,0.0
Immunizing Horn Charm +2,Increases immunity by 180,,Increases immunity by 180,-1.0,-1.0,0.0,0.0,0.0,0.0,0.0,0.0,0.0,0.0,1.0,1.0,1.0,1.0,1.0,1.0,1.0,1.0,1.0,1.0,1.0,1.0,1.0,1.0,1.0,1.0,1.0,1.0,1.0,1.0,1.0,1.0,180.0,180.0,0.0,0.0,0.0,0.0,0.0,1.0,1.0,1.0,1.0,1.0,0.0
Stalwart Horn Charm,Increases robustness by 90,,Increases robustness by 90,-1.0,-1.0,0.0,0.0,0.0,0.0,0.0,0.0,0.0,0.0,1.0,1.0,1.0,1.0,1.0,1.0,1.0,1.0,1.0,1.0,1.0,1.0,1.0,1.0,1.0,1.0,1.0,1.0,1.0,1.0,1.0,1.0,0.0,0.0,90.0,90.0,0.0,0.0,0.0,1.0,1.0,1.0,1.0,1.0,0.0
Stalwart Horn Charm +1,Increases robustness by 140,,Increases robustness by 140,-1.0,-1.0,0.0,0.0,0.0,0.0,0.0,0.0,0.0,0.0,1.0,1.0,1.0,1.0,1.0,1.0,1.0,1.0,1.0,1.0,1.0,1.0,1.0,1.0,1.0,1.0,1.0,1.0,1.0,1.0,1.0,1.0,0.0,0.0,140.0,140.0,0.0,0.0,0.0,1.0,1.0,1.0,1.0,1.0,0.0
Stalwart Horn Charm +2,Increases robustness by 180,,Increases robustness by 180,-1.0,-1.0,0.0,0.0,0.0,0.0,0.0,0.0,0.0,0.0,1.0,1.0,1.0,1.0,1.0,1.0,1.0,1.0,1.0,1.0,1.0,1.0,1.0,1.0,1.0,1.0,1.0,1.0,1.0,1.0,1.0,1.0,0.0,0.0,180.0,180.0,0.0,0.0,0.0,1.0,1.0,1.0,1.0,1.0,0.0
Clarifying Horn Charm,Increases focus by 140,,Increases focus by 140,-1.0,-1.0,0.0,0.0,0.0,0.0,0.0,0.0,0.0,0.0,1.0,1.0,1.0,1.0,1.0,1.0,1.0,1.0,1.0,1.0,1.0,1.0,1.0,1.0,1.0,1.0,1.0,1.0,1.0,1.0,1.0,1.0,0.0,0.0,0.0,0.0,140.0,140.0,0.0,1.0,1.0,1.0,1.0,1.0,0.0
Clarifying Horn Charm +1,Increases focus by 190,,Increases focus by 190,-1.0,-1.0,0.0,0.0,0.0,0.0,0.0,0.0,0.0,0.0,1.0,1.0,1.0,1.0,1.0,1.0,1.0,1.0,1.0,1.0,1.0,1.0,1.0,1.0,1.0,1.0,1.0,1.0,1.0,1.0,1.0,1.0,0.0,0.0,0.0,0.0,190.0,190.0,0.0,1.0,1.0,1.0,1.0,1.0,0.0
Clarifying Horn Charm +2,Increases focus by 230,,Increases focus by 230,-1.0,-1.0,0.0,0.0,0.0,0.0,0.0,0.0,0.0,0.0,1.0,1.0,1.0,1.0,1.0,1.0,1.0,1.0,1.0,1.0,1.0,1.0,1.0,1.0,1.0,1.0,1.0,1.0,1.0,1.0,1.0,1.0,0.0,0.0,0.0,0.0,230.0,230.0,0.0,1.0,1.0,1.0,1.0,1.0,0.0
Mottled Necklace,"Increases immunity, robustness, and focus by 40",,"Increases immunity, robustness, and focus by 40",-1.0,-1.0,0.0,0.0,0.0,0.0,0.0,0.0,0.0,0.0,1.0,1.0,1.0,1.0,1.0,1.0,1.0,1.0,1.0,1.0,1.0,1.0,1.0,1.0,1.0,1.0,1.0,1.0,1.0,1.0,1.0,1.0,40.0,40.0,40.0,40.0,40.0,40.0,0.0,1.0,1.0,1.0,1.0,1.0,0.0
Mottled Necklace +1,"Increases immunity, robustness, and focus by 60",,"Increases immunity, robustness, and focus by 60",-1.0,-1.0,0.0,0.0,0.0,0.0,0.0,0.0,0.0,0.0,1.0,1.0,1.0,1.0,1.0,1.0,1.0,1.0,1.0,1.0,1.0,1.0,1.0,1.0,1.0,1.0,1.0,1.0,1.0,1.0,1.0,1.0,60.0,60.0,60.0,60.0,60.0,60.0,0.0,1.0,1.0,1.0,1.0,1.0,0.0
Mottled Necklace +2,"Increases immunity, robustness, and focus by 100",,"Increases immunity, robustness, and focus by 100",-1.0,-1.0,0.0,0.0,0.0,0.0,0.0,0.0,0.0,0.0,1.0,1.0,1.0,1.0,1.0,1.0,1.0,1.0,1.0,1.0,1.0,1.0,1.0,1.0,1.0,1.0,1.0,1.0,1.0,1.0,1.0,1.0,100.0,100.0,100.0,100.0,100.0,100.0,0.0,1.0,1.0,1.0,1.0,1.0,0.0
Prince of Death's Pustule,Increases vitality by 90,,Increases vitality by 90,-1.0,-1.0,0.0,0.0,0.0,0.0,0.0,0.0,0.0,0.0,1.0,1.0,1.0,1.0,1.0,1.0,1.0,1.0,1.0,1.0,1.0,1.0,1.0,1.0,1.0,1.0,1.0,1.0,1.0,1.0,1.0,1.0,0.0,0.0,0.0,0.0,0.0,0.0,90.0,1.0,1.0,1.0,1.0,1.0,0.0
Prince of Death's Cyst,Increases vitality by 140,,Increases vitality by 140,-1.0,-1.0,0.0,0.0,0.0,0.0,0.0,0.0,0.0,0.0,1.0,1.0,1.0,1.0,1.0,1.0,1.0,1.0,1.0,1.0,1.0,1.0,1.0,1.0,1.0,1.0,1.0,1.0,1.0,1.0,1.0,1.0,0.0,0.0,0.0,0.0,0.0,0.0,140.0,1.0,1.0,1.0,1.0,1.0,0.0
Ailment Talisman,"Increases immunity, robustness, or focus by 350 for 120, 45, or 30 seconds respectively after being afflicted with a status effect",,"Increases immunity, robustness, or focus by 350 for 120, 45, or 30 seconds respectively after being afflicted with a status effect",-1.0,-1.0,0.0,0.0,0.0,0.0,0.0,0.0,0.0,0.0,1.0,1.0,1.0,1.0,1.0,1.0,1.0,1.0,1.0,1.0,1.0,1.0,1.0,1.0,1.0,1.0,1.0,1.0,1.0,1.0,1.0,1.0,0.0,0.0,0.0,0.0,0.0,0.0,0.0,1.0,1.0,1.0,1.0,1.0,0.0
Dagger Talisman,Increases critical damage by 1.17x (holy bugged in PvP: 1x); effect is bugged so the practical multiplier is 1.16,Increases critical damage by 1.17x (holy bugged in PvP: 1x); effect is bugged so the practical multiplier is 1.16,Increases critical damage by 1.17x (holy bugged in PvP: 1x),-1.0,-1.0,0.0,0.0,0.0,0.0,0.0,0.0,0.0,0.0,1.0,1.0,1.0,1.0,1.0,1.0,1.0,1.0,1.0,1.0,1.0,1.0,1.0,1.0,1.0,1.0,1.0,1.0,1.0,1.0,1.0,1.0,0.0,0.0,0.0,0.0,0.0,0.0,0.0,1.0,1.0,1.0,1.0,1.0,0.0
Curved Sword Talisman,Increases damage by 1.2x (holy bugged in PvP: 1x) with guard counters,,Increases damage by 1.2x (holy bugged in PvP: 1x) with guard counters,-1.0,-1.0,0.0,0.0,0.0,0.0,0.0,0.0,0.0,0.0,1.0,1.0,1.0,1.0,1.0,1.0,1.0,1.0,1.0,1.0,1.0,1.0,1.0,1.0,1.0,1.0,1.0,1.0,1.0,1.0,1.0,1.0,0.0,0.0,0.0,0.0,0.0,0.0,0.0,1.0,1.0,1.0,1.0,1.0,0.0
Twinblade Talisman,Increases damage by 1.45x  with the final light attack in a chain,,Increases damage by 1.45x  with the final light attack in a chain,-1.0,-1.0,0.0,0.0,0.0,0.0,0.0,0.0,0.0,0.0,1.0,1.0,1.0,1.0,1.0,1.0,1.0,1.0,1.0,1.0,1.0,1.0,1.0,1.0,1.0,1.0,1.0,1.0,1.0,1.0,1.0,1.0,0.0,0.0,0.0,0.0,0.0,0.0,0.0,1.0,1.0,1.0,1.0,1.0,0.0
Axe Talisman,Increases damage by 1.1x (holy bugged in PvP: 1x) with charged R2s,,Increases damage by 1.1x (holy bugged in PvP: 1x) with charged R2s,-1.0,-1.0,0.0,0.0,0.0,0.0,0.0,0.0,0.0,0.0,1.0,1.0,1.0,1.0,1.0,1.0,1.0,1.0,1.0,1.0,1.0,1.0,1.0,1.0,1.0,1.0,1.0,1.0,1.0,1.0,1.0,1.0,0.0,0.0,0.0,0.0,0.0,0.0,0.0,1.0,1.0,1.0,1.0,1.0,0.0
Hammer Talisman,Increases stamina damage by 1.4x,,Increases stamina damage by 1.4x,-1.0,-1.0,0.0,0.0,0.0,0.0,0.0,0.0,0.0,0.0,1.0,1.0,1.0,1.0,1.0,1.0,1.0,1.0,1.0,1.0,1.0,1.0,1.0,1.0,1.0,1.0,1.0,1.0,1.0,1.0,1.0,1.0,0.0,0.0,0.0,0.0,0.0,0.0,0.0,1.0,1.0,1.0,1.0,1.0,0.0
Spear Talisman,Increases counter hit damage by 1.15x,,Increases counter hit damage by 1.15x,-1.0,-1.0,0.0,0.0,0.0,0.0,0.0,0.0,0.0,0.0,1.0,1.0,1.0,1.0,1.0,1.0,1.0,1.0,1.0,1.0,1.0,1.0,1.0,1.0,1.0,1.0,1.0,1.0,1.0,1.0,1.0,1.0,0.0,0.0,0.0,0.0,0.0,0.0,0.0,1.0,1.0,1.0,1.0,1.0,0.0
Lance Talisman,Increases damage by 1.15x (holy bugged in PvP: 1x) with horseback attacks,,Increases damage by 1.15x (holy bugged in PvP: 1x) with horseback attacks,-1.0,-1.0,0.0,0.0,0.0,0.0,0.0,0.0,0.0,0.0,1.0,1.0,1.0,1.0,1.0,1.0,1.0,1.0,1.0,1.0,1.0,1.0,1.0,1.0,1.0,1.0,1.0,1.0,1.0,1.0,1.0,1.0,0.0,0.0,0.0,0.0,0.0,0.0,0.0,1.0,1.0,1.0,1.0,1.0,0.0
Claw Talisman,Increases damage by 1.15x (1.075x in PvP)  with jump attacks,,Increases damage by 1.15x (1.075x in PvP)  with jump attacks,-1.0,-1.0,0.0,0.0,0.0,0.0,0.0,0.0,0.0,0.0,1.0,1.0,1.0,1.0,1.0,1.0,1.0,1.0,1.0,1.0,1.0,1.0,1.0,1.0,1.0,1.0,1.0,1.0,1.0,1.0,1.0,1.0,0.0,0.0,0.0,0.0,0.0,0.0,0.0,1.0,1.0,1.0,1.0,1.0,0.0
Two-Handed Sword Talisman,Increases damage by 1.15x (1.1x in PvP)  with 2h attacks,,Increases damage by 1.15x (1.1x in PvP)  with 2h attacks,-1.0,-1.0,0.0,0.0,0.0,0.0,0.0,0.0,0.0,0.0,1.0,1.0,1.0,1.0,1.0,1.0,1.0,1.0,1.0,1.0,1.0,1.0,1.0,1.0,1.0,1.0,1.0,1.0,1.0,1.0,1.0,1.0,0.0,0.0,0.0,0.0,0.0,0.0,0.0,1.0,1.0,1.0,1.0,1.0,0.0
Greatshield Talisman,Decreases incoming stamina damage by 0.8x,,Decreases incoming stamina damage by 0.8x,-1.0,-1.0,0.0,0.0,0.0,0.0,0.0,0.0,0.0,0.0,1.0,1.0,1.0,1.0,1.0,1.0,1.0,1.0,1.0,1.0,1.0,1.0,1.0,1.0,1.0,1.0,1.0,1.0,1.0,1.0,1.0,1.0,0.0,0.0,0.0,0.0,0.0,0.0,0.0,1.0,1.0,1.0,1.0,1.0,0.0
Pearl Shield Talisman,Increases elemental damage negations by 20% while guarding,,Increases elemental damage negations by 20% while guarding,-1.0,-1.0,0.0,0.0,0.0,0.0,0.0,0.0,0.0,0.0,1.0,1.0,1.0,1.0,1.0,1.0,1.0,1.0,1.0,1.0,1.0,1.0,1.0,1.0,1.0,1.0,1.0,1.0,1.0,1.0,1.0,1.0,0.0,0.0,0.0,0.0,0.0,0.0,0.0,1.0,1.0,1.0,1.0,1.0,0.0
Retaliatory Crossed-Tree,Increases damage by 1.17x (1.12x in PvP)  with rolling / backstep attacks,,Increases damage by 1.17x (1.12x in PvP)  with rolling / backstep attacks,-1.0,-1.0,0.0,0.0,0.0,0.0,0.0,0.0,0.0,0.0,1.0,1.0,1.0,1.0,1.0,1.0,1.0,1.0,1.0,1.0,1.0,1.0,1.0,1.0,1.0,1.0,1.0,1.0,1.0,1.0,1.0,1.0,0.0,0.0,0.0,0.0,0.0,0.0,0.0,1.0,1.0,1.0,1.0,1.0,0.0
Lacerating Crossed-Tree,Increases damage by 1.15x (1.075x in PvP)  with dashing attacks,,Increases damage by 1.15x (1.075x in PvP)  with dashing attacks,-1.0,-1.0,0.0,0.0,0.0,0.0,0.0,0.0,0.0,0.0,1.0,1.0,1.0,1.0,1.0,1.0,1.0,1.0,1.0,1.0,1.0,1.0,1.0,1.0,1.0,1.0,1.0,1.0,1.0,1.0,1.0,1.0,0.0,0.0,0.0,0.0,0.0,0.0,0.0,1.0,1.0,1.0,1.0,1.0,0.0
Arrow's Sting Talisman,Increases damage by 1.1x (holy bugged in PvP: 1x) with arrow / bolt attacks,,Increases damage by 1.1x (holy bugged in PvP: 1x) with arrow / bolt attacks,-1.0,-1.0,0.0,0.0,0.0,0.0,0.0,0.0,0.0,0.0,1.0,1.0,1.0,1.0,1.0,1.0,1.0,1.0,1.0,1.0,1.0,1.0,1.0,1.0,1.0,1.0,1.0,1.0,1.0,1.0,1.0,1.0,0.0,0.0,0.0,0.0,0.0,0.0,0.0,1.0,1.0,1.0,1.0,1.0,0.0
Arrow's Reach Talisman,Increases bowDistRate by 65,,Increases bowDistRate by 65,-1.0,-1.0,0.0,0.0,0.0,0.0,0.0,0.0,0.0,0.0,1.0,1.0,1.0,1.0,1.0,1.0,1.0,1.0,1.0,1.0,1.0,1.0,1.0,1.0,1.0,1.0,1.0,1.0,1.0,1.0,1.0,1.0,0.0,0.0,0.0,0.0,0.0,0.0,0.0,1.0,1.0,1.0,1.0,1.0,0.0
Arrow's Soaring Sting Talisman,Increases damage by 1.08x (holy bugged in PvP: 1x) with arrow / bolt attacks and bowDistRate by 50,,Increases damage by 1.08x (holy bugged in PvP: 1x) with arrow / bolt attacks and bowDistRate by 50,-1.0,-1.0,0.0,0.0,0.0,0.0,0.0,0.0,0.0,0.0,1.0,1.0,1.0,1.0,1.0,1.0,1.0,1.0,1.0,1.0,1.0,1.0,1.0,1.0,1.0,1.0,1.0,1.0,1.0,1.0,1.0,1.0,0.0,0.0,0.0,0.0,0.0,0.0,0.0,1.0,1.0,1.0,1.0,1.0,0.0
Sharpshot Talisman,Increases damage by 1.12x (1.08x in PvP) with aimed arrow / bolt  attacks (crosshair aiming),,Increases damage by 1.12x (1.08x in PvP) with aimed arrow / bolt  attacks (crosshair aiming),-1.0,-1.0,0.0,0.0,0.0,0.0,0.0,0.0,0.0,0.0,1.0,1.0,1.0,1.0,1.0,1.0,1.0,1.0,1.0,1.0,1.0,1.0,1.0,1.0,1.0,1.0,1.0,1.0,1.0,1.0,1.0,1.0,0.0,0.0,0.0,0.0,0.0,0.0,0.0,1.0,1.0,1.0,1.0,1.0,0.0
Graven-School Talisman,Increases sorcery damage by 1.04x (holy bugged in PvP: 1x),,Increases sorcery damage by 1.04x (holy bugged in PvP: 1x),-1.0,-1.0,0.0,0.0,0.0,0.0,0.0,0.0,0.0,0.0,1.0,1.0,1.0,1.0,1.0,1.0,1.0,1.0,1.0,1.0,1.0,1.0,1.0,1.0,1.0,1.0,1.0,1.0,1.0,1.0,1.0,1.0,0.0,0.0,0.0,0.0,0.0,0.0,0.0,1.0,1.0,1.0,1.0,1.0,0.0
Graven-Mass Talisman,Increases sorcery damage by 1.08x (holy bugged in PvP: 1x),,Increases sorcery damage by 1.08x (holy bugged in PvP: 1x),-1.0,-1.0,0.0,0.0,0.0,0.0,0.0,0.0,0.0,0.0,1.0,1.0,1.0,1.0,1.0,1.0,1.0,1.0,1.0,1.0,1.0,1.0,1.0,1.0,1.0,1.0,1.0,1.0,1.0,1.0,1.0,1.0,0.0,0.0,0.0,0.0,0.0,0.0,0.0,1.0,1.0,1.0,1.0,1.0,0.0
Faithful's Canvas Talisman,Increases incantation damage by 1.04x (holy bugged in PvP: 1x),,Increases incantation damage by 1.04x (holy bugged in PvP: 1x),-1.0,-1.0,0.0,0.0,0.0,0.0,0.0,0.0,0.0,0.0,1.0,1.0,1.0,1.0,1.0,1.0,1.0,1.0,1.0,1.0,1.0,1.0,1.0,1.0,1.0,1.0,1.0,1.0,1.0,1.0,1.0,1.0,0.0,0.0,0.0,0.0,0.0,0.0,0.0,1.0,1.0,1.0,1.0,1.0,0.0
Flock's Canvas Talisman,Increases incantation damage by 1.08x (holy bugged in PvP: 1x),,Increases incantation damage by 1.08x (holy bugged in PvP: 1x),-1.0,-1.0,0.0,0.0,0.0,0.0,0.0,0.0,0.0,0.0,1.0,1.0,1.0,1.0,1.0,1.0,1.0,1.0,1.0,1.0,1.0,1.0,1.0,1.0,1.0,1.0,1.0,1.0,1.0,1.0,1.0,1.0,0.0,0.0,0.0,0.0,0.0,0.0,0.0,1.0,1.0,1.0,1.0,1.0,0.0
Primal Glintstone Blade,"Decreases the FP cost of spells by ⌈0.75x⌉, but decreases HP by ⌊0.85x⌋",,"Decreases the FP cost of spells by ⌈0.75x⌉, but decreases HP by ⌊0.85x⌋",-1.0,-1.0,0.0,0.0,0.0,0.0,0.0,0.0,0.0,0.0,0.85,1.0,1.0,1.0,1.0,1.0,1.0,1.0,1.0,1.0,1.0,1.0,1.0,1.0,1.0,1.0,1.0,1.0,1.0,1.0,1.0,1.0,0.0,0.0,0.0,0.0,0.0,0.0,0.0,1.0,1.0,1.0,1.0,1.0,0.0
Moon of Nokstella,Increases memory slots by 2,,Increases memory slots by 2,-1.0,-1.0,0.0,0.0,0.0,0.0,0.0,0.0,0.0,0.0,1.0,1.0,1.0,1.0,1.0,1.0,1.0,1.0,1.0,1.0,1.0,1.0,1.0,1.0,1.0,1.0,1.0,1.0,1.0,1.0,1.0,1.0,0.0,0.0,0.0,0.0,0.0,0.0,0.0,1.0,1.0,1.0,1.0,1.0,0.0
Old Lord's Talisman,Increases the duration of spell buffs by 1.3x,,Increases the duration of spell buffs by 1.3x,-1.0,-1.0,0.0,0.0,0.0,0.0,0.0,0.0,0.0,0.0,1.0,1.0,1.0,1.0,1.0,1.0,1.0,1.0,1.0,1.0,1.0,1.0,1.0,1.0,1.0,1.0,1.0,1.0,1.0,1.0,1.0,1.0,0.0,0.0,0.0,0.0,0.0,0.0,0.0,1.0,1.0,1.0,1.0,1.0,0.0
Radagon Icon,Increases virtual dexterity by 30,,Increases virtual dexterity by 30,-1.0,-1.0,0.0,0.0,0.0,0.0,0.0,0.0,0.0,0.0,1.0,1.0,1.0,1.0,1.0,1.0,1.0,1.0,1.0,1.0,1.0,1.0,1.0,1.0,1.0,1.0,1.0,1.0,1.0,1.0,1.0,1.0,0.0,0.0,0.0,0.0,0.0,0.0,0.0,1.0,1.0,1.0,1.0,1.0,0.0
Beloved Stardust,"Increases virtual dexterity by 99, but decreases damage negations by -30%",,"Increases virtual dexterity by 99, but decreases damage negations by -30%",-1.0,-1.0,0.0,0.0,0.0,0.0,0.0,0.0,0.0,0.0,1.0,1.0,1.0,1.0,1.3,1.3,1.3,1.3,1.3,1.3,1.3,1.3,1.0,1.0,1.0,1.0,1.0,1.0,1.0,1.0,1.0,1.0,0.0,0.0,0.0,0.0,0.0,0.0,0.0,1.0,1.0,1.0,1.0,1.0,0.0
Roar Medallion,Increases damage by 1.15x (holy bugged in PvP: 1x) with roar attacks and Shriek of Milos & 1.1x (1.05x in PvP) with breath attacks,,Increases damage by 1.15x (holy bugged in PvP: 1x) with roar attacks and Shriek of Milos & 1.1x (1.05x in PvP) with breath attacks,-1.0,-1.0,0.0,0.0,0.0,0.0,0.0,0.0,0.0,0.0,1.0,1.0,1.0,1.0,1.0,1.0,1.0,1.0,1.0,1.0,1.0,1.0,1.0,1.0,1.0,1.0,1.0,1.0,1.0,1.0,1.0,1.0,0.0,0.0,0.0,0.0,0.0,0.0,0.0,1.0,1.0,1.0,1.0,1.0,0.0
Companion Jar,Increases damage by 1.2x (holy bugged in PvP: 1x) with Cracked / Ritual Pot attacks & 1.1x (holy bugged in PvP: 1x) with Hefty Cracked Pot attacks,,Increases damage by 1.2x (holy bugged in PvP: 1x) with Cracked / Ritual Pot attacks & 1.1x (holy bugged in PvP: 1x) with Hefty Cracked Pot attacks,-1.0,-1.0,0.0,0.0,0.0,0.0,0.0,0.0,0.0,0.0,1.0,1.0,1.0,1.0,1.0,1.0,1.0,1.0,1.0,1.0,1.0,1.0,1.0,1.0,1.0,1.0,1.0,1.0,1.0,1.0,1.0,1.0,0.0,0.0,0.0,0.0,0.0,0.0,0.0,1.0,1.0,1.0,1.0,1.0,0.0
Perfumer's Talisman,Increases damage by 1.2x (holy bugged in PvP: 1x) with Perfume Bottle attacks,,Increases damage by 1.2x (holy bugged in PvP: 1x) with Perfume Bottle attacks,-1.0,-1.0,0.0,0.0,0.0,0.0,0.0,0.0,0.0,0.0,1.0,1.0,1.0,1.0,1.0,1.0,1.0,1.0,1.0,1.0,1.0,1.0,1.0,1.0,1.0,1.0,1.0,1.0,1.0,1.0,1.0,1.0,0.0,0.0,0.0,0.0,0.0,0.0,0.0,1.0,1.0,1.0,1.0,1.0,0.0
Carian Filigreed Crest,Decreases the FP cost of weapon skills by ⌈0.75x⌉,,Decreases the FP cost of weapon skills by ⌈0.75x⌉,-1.0,-1.0,0.0,0.0,0.0,0.0,0.0,0.0,0.0,0.0,1.0,1.0,1.0,1.0,1.0,1.0,1.0,1.0,1.0,1.0,1.0,1.0,1.0,1.0,1.0,1.0,1.0,1.0,1.0,1.0,1.0,1.0,0.0,0.0,0.0,0.0,0.0,0.0,0.0,1.0,1.0,1.0,1.0,1.0,0.0
Warrior Jar Shard,Increases damage by 1.1x (holy bugged in PvP: 1x) with weapon skills,,Increases damage by 1.1x (holy bugged in PvP: 1x) with weapon skills,-1.0,-1.0,0.0,0.0,0.0,0.0,0.0,0.0,0.0,0.0,1.0,1.0,1.0,1.0,1.0,1.0,1.0,1.0,1.0,1.0,1.0,1.0,1.0,1.0,1.0,1.0,1.0,1.0,1.0,1.0,1.0,1.0,0.0,0.0,0.0,0.0,0.0,0.0,0.0,1.0,1.0,1.0,1.0,1.0,0.0
Shard of Alexander,Increases damage by 1.15x (holy bugged in PvP: 1x) with weapon skills,,Increases damage by 1.15x (holy bugged in PvP: 1x) with weapon skills,-1.0,-1.0,0.0,0.0,0.0,0.0,0.0,0.0,0.0,0.0,1.0,1.0,1.0,1.0,1.0,1.0,1.0,1.0,1.0,1.0,1.0,1.0,1.0,1.0,1.0,1.0,1.0,1.0,1.0,1.0,1.0,1.0,0.0,0.0,0.0,0.0,0.0,0.0,0.0,1.0,1.0,1.0,1.0,1.0,0.0
Godfrey Icon,Increases damage by 1.15x (holy bugged in PvP: 1x) with charged spells and charged weapon skills,,Increases damage by 1.15x (holy bugged in PvP: 1x) with charged spells and charged weapon skills,-1.0,-1.0,0.0,0.0,0.0,0.0,0.0,0.0,0.0,0.0,1.0,1.0,1.0,1.0,1.0,1.0,1.0,1.0,1.0,1.0,1.0,1.0,1.0,1.0,1.0,1.0,1.0,1.0,1.0,1.0,1.0,1.0,0.0,0.0,0.0,0.0,0.0,0.0,0.0,1.0,1.0,1.0,1.0,1.0,0.0
Rellana's Cameo,Increases damage by 1.45x when stance is held for ? seconds,,Increases damage by 1.45x when stance is held for ? seconds,-1.0,-1.0,0.0,0.0,0.0,0.0,0.0,0.0,0.0,0.0,1.0,1.0,1.0,1.0,1.0,1.0,1.0,1.0,1.0,1.0,1.0,1.0,1.0,1.0,1.0,1.0,1.0,1.0,1.0,1.0,1.0,1.0,0.0,0.0,0.0,0.0,0.0,0.0,0.0,1.0,1.0,1.0,1.0,1.0,0.0
Shattered Stone Talisman,Increases damage by 1.1x (1.05x in PvP)  with kicking / stomping skills,,Increases damage by 1.1x (1.05x in PvP)  with kicking / stomping skills,-1.0,-1.0,0.0,0.0,0.0,0.0,0.0,0.0,0.0,0.0,1.0,1.0,1.0,1.0,1.0,1.0,1.0,1.0,1.0,1.0,1.0,1.0,1.0,1.0,1.0,1.0,1.0,1.0,1.0,1.0,1.0,1.0,0.0,0.0,0.0,0.0,0.0,0.0,0.0,1.0,1.0,1.0,1.0,1.0,0.0
Smithing Talisman,Increases damage by 1.1x (1.05x in PvP)  with weapon-throwing attacks,,Increases damage by 1.1x (1.05x in PvP)  with weapon-throwing attacks,-1.0,-1.0,0.0,0.0,0.0,0.0,0.0,0.0,0.0,0.0,1.0,1.0,1.0,1.0,1.0,1.0,1.0,1.0,1.0,1.0,1.0,1.0,1.0,1.0,1.0,1.0,1.0,1.0,1.0,1.0,1.0,1.0,0.0,0.0,0.0,0.0,0.0,0.0,0.0,1.0,1.0,1.0,1.0,1.0,0.0
Enraged Divine Beast,Increases damage by 1.1x  with storm attacks,,Increases damage by 1.1x  with storm attacks,-1.0,-1.0,0.0,0.0,0.0,0.0,0.0,0.0,0.0,0.0,1.0,1.0,1.0,1.0,1.0,1.0,1.0,1.0,1.0,1.0,1.0,1.0,1.0,1.0,1.0,1.0,1.0,1.0,1.0,1.0,1.0,1.0,0.0,0.0,0.0,0.0,0.0,0.0,0.0,1.0,1.0,1.0,1.0,1.0,0.0
Talisman of the Dread,Increases damage by 1.15x (1.1x in PvP)  with magma attacks,,Increases damage by 1.15x (1.1x in PvP)  with magma attacks,-1.0,-1.0,0.0,0.0,0.0,0.0,0.0,0.0,0.0,0.0,1.0,1.0,1.0,1.0,1.0,1.0,1.0,1.0,1.0,1.0,1.0,1.0,1.0,1.0,1.0,1.0,1.0,1.0,1.0,1.0,1.0,1.0,0.0,0.0,0.0,0.0,0.0,0.0,0.0,1.0,1.0,1.0,1.0,1.0,0.0
Bull-Goat's Talisman,Decreases incoming poise damage by 0.75x,,Decreases incoming poise damage by 0.75x,-1.0,-1.0,0.0,0.0,0.0,0.0,0.0,0.0,0.0,0.0,1.0,1.0,1.0,1.0,1.0,1.0,1.0,1.0,1.0,1.0,1.0,1.0,1.0,1.0,1.0,1.0,1.0,1.0,1.0,1.0,1.0,1.0,0.0,0.0,0.0,0.0,0.0,0.0,0.0,1.0,1.0,1.0,1.0,1.0,0.0
Blue Dancer Charm,Increases physical attack power by 1.15x; effectiveness reduced with equipped weight,Increases physical attack power by 1.15x; effectiveness reduced with equipped weight,Increases physical attack power by 1.15x; effectiveness reduced with equipped weight,-1.0,-1.0,0.0,0.0,0.0,0.0,0.0,0.0,0.0,0.0,1.0,1.0,1.0,1.0,1.0,1.0,1.0,1.0,1.0,1.0,1.0,1.0,1.0,1.0,1.0,1.0,1.0,1.0,1.0,1.0,1.0,1.0,0.0,0.0,0.0,0.0,0.0,0.0,0.0,1.15,1.0,1.0,1.0,1.0,0.0
Verdigris Discus,Increases damage negations by 10% (7.5% in PvP) when Heavy Load and 20% (15% in PvP) when Overloaded,,Increases damage negations by 10% (7.5% in PvP) when Heavy Load and 20% (15% in PvP) when Overloaded,-1.0,-1.0,0.0,0.0,0.0,0.0,0.0,0.0,0.0,0.0,1.0,1.0,1.0,1.0,1.0,1.0,1.0,1.0,1.0,1.0,1.0,1.0,1.0,1.0,1.0,1.0,1.0,1.0,1.0,1.0,1.0,1.0,0.0,0.0,0.0,0.0,0.0,0.0,0.0,1.0,1.0,1.0,1.0,1.0,0.0
Magic Scorpion Charm,"Increases magic damage by 1.12x (1.08x in PvP), but decreases physical damage negations by -10% (-15% in PvP)",,"Increases magic damage by 1.12x (1.08x in PvP), but decreases physical damage negations by -10% (-15% in PvP)",-1.0,-1.0,0.0,0.0,0.0,0.0,0.0,0.0,0.0,0.0,1.0,1.0,1.0,1.0,1.0,1.0,1.0,1.0,1.0,1.0,1.0,1.0,1.1,1.0,1.0,1.0,1.0,1.15,1.0,1.0,1.0,1.0,0.0,0.0,0.0,0.0,0.0,0.0,0.0,1.0,1.0,1.0,1.0,1.0,0.0
Fire Scorpion Charm,"Increases fire damage by 1.12x (1.08x in PvP), but decreases physical damage negations by -10% (-15% in PvP)",,"Increases fire damage by 1.12x (1.08x in PvP), but decreases physical damage negations by -10% (-15% in PvP)",-1.0,-1.0,0.0,0.0,0.0,0.0,0.0,0.0,0.0,0.0,1.0,1.0,1.0,1.0,1.0,1.0,1.0,1.0,1.0,1.0,1.0,1.0,1.1,1.0,1.0,1.0,1.0,1.15,1.0,1.0,1.0,1.0,0.0,0.0,0.0,0.0,0.0,0.0,0.0,1.0,1.0,1.0,1.0,1.0,0.0
Lightning Scorpion Charm,"Increases lightning damage by 1.12x (1.08x in PvP), but decreases physical damage negations by -10% (-15% in PvP)",,"Increases lightning damage by 1.12x (1.08x in PvP), but decreases physical damage negations by -10% (-15% in PvP)",-1.0,-1.0,0.0,0.0,0.0,0.0,0.0,0.0,0.0,0.0,1.0,1.0,1.0,1.0,1.0,1.0,1.0,1.0,1.0,1.0,1.0,1.0,1.1,1.0,1.0,1.0,1.0,1.15,1.0,1.0,1.0,1.0,0.0,0.0,0.0,0.0,0.0,0.0,0.0,1.0,1.0,1.0,1.0,1.0,0.0
Sacred Scorpion Charm,"Increases holy damage by 1.12x (1.08x in PvP), but decreases physical damage negations by -10% (-15% in PvP)",,"Increases holy damage by 1.12x (1.08x in PvP), but decreases physical damage negations by -10% (-15% in PvP)",-1.0,-1.0,0.0,0.0,0.0,0.0,0.0,0.0,0.0,0.0,1.0,1.0,1.0,1.0,1.0,1.0,1.0,1.0,1.0,1.0,1.0,1.0,1.1,1.0,1.0,1.0,1.0,1.15,1.0,1.0,1.0,1.0,0.0,0.0,0.0,0.0,0.0,0.0,0.0,1.0,1.0,1.0,1.0,1.0,0.0
Crucible Scale Talisman,Increases damage negations by 30% for critical attacks,,Increases damage negations by 30% for critical attacks,-1.0,-1.0,0.0,0.0,0.0,0.0,0.0,0.0,0.0,0.0,1.0,1.0,1.0,1.0,0.7,0.7,0.7,0.7,0.7,0.7,0.7,0.7,1.0,1.0,1.0,1.0,1.0,1.0,1.0,1.0,1.0,1.0,0.0,0.0,0.0,0.0,0.0,0.0,0.0,1.0,1.0,1.0,1.0,1.0,0.0
Crucible Feather Talisman,"Adds 3 iframes (30 fps) to roll, but decreases damage negations by -30% (iframe bonus does not stack with Windy Crystal Tear)",,"Adds 3 iframes (30 fps) to roll, but decreases damage negations by -30% (iframe bonus does not stack with Windy Crystal Tear)",-1.0,-1.0,0.0,0.0,0.0,0.0,0.0,0.0,0.0,0.0,1.0,1.0,1.0,1.0,1.3,1.3,1.3,1.3,1.3,1.3,1.3,1.3,1.0,1.0,1.0,1.0,1.0,1.0,1.0,1.0,1.0,1.0,0.0,0.0,0.0,0.0,0.0,0.0,0.0,1.0,1.0,1.0,1.0,1.0,0.0
Crucible Knot Talisman,Nullifies headshot bonus damage and prevents headshot stagger animation,,Nullifies headshot bonus damage and prevents headshot stagger animation,-1.0,-1.0,0.0,0.0,0.0,0.0,0.0,0.0,0.0,0.0,1.0,1.0,1.0,1.0,1.0,1.0,1.0,1.0,1.0,1.0,1.0,1.0,1.0,1.0,1.0,1.0,1.0,1.0,1.0,1.0,1.0,1.0,0.0,0.0,0.0,0.0,0.0,0.0,0.0,1.0,1.0,1.0,1.0,1.0,0.0
Fine Crucible Feather Talisman,"Adds 12 iframes (30 fps) to backstep (11 iframes to guarding backsteps; 8 and 7 respectively for PvP), but decreases damage negations by -15%",,"Adds 12 iframes (30 fps) to backstep (11 iframes to guarding backsteps; 8 and 7 respectively for PvP), but decreases damage negations by -15%",-1.0,-1.0,0.0,0.0,0.0,0.0,0.0,0.0,0.0,0.0,1.0,1.0,1.0,1.0,1.15,1.15,1.15,1.15,1.15,1.15,1.15,1.15,1.0,1.0,1.0,1.0,1.0,1.0,1.0,1.0,1.0,1.0,0.0,0.0,0.0,0.0,0.0,0.0,0.0,1.0,1.0,1.0,1.0,1.0,0.0
Talisman of All Crucibles,"Provides all positive effects of the other 4 Crucible Talismans, but decreases damage negations by -45%",,"Provides all positive effects of the other 4 Crucible Talismans, but decreases damage negations by -45%",-1.0,-1.0,0.0,0.0,0.0,0.0,0.0,0.0,0.0,0.0,1.0,1.0,1.0,1.0,1.45,1.45,1.45,1.45,1.45,1.45,1.45,1.45,1.0,1.0,1.0,1.0,1.0,1.0,1.0,1.0,1.0,1.0,0.0,0.0,0.0,0.0,0.0,0.0,0.0,1.0,1.0,1.0,1.0,1.0,0.0
Red-Feathered Branchsword,Increases damage by 1.2x while at less than 20% HP,,Increases damage by 1.2x while at less than 20% HP,20.0,-1.0,0.0,0.0,0.0,0.0,0.0,0.0,0.0,0.0,1.0,1.0,1.0,1.0,1.0,1.0,1.0,1.0,1.0,1.0,1.0,1.0,1.0,1.0,1.0,1.0,1.0,1.0,1.0,1.0,1.0,1.0,0.0,0.0,0.0,0.0,0.0,0.0,0.0,1.0,1.0,1.0,1.0,1.0,0.0
Blue-Feathered Branchsword,Increases damage negations by 50% while at less than 20% HP,,Increases damage negations by 50% while at less than 20% HP,20.0,-1.0,0.0,0.0,0.0,0.0,0.0,0.0,0.0,0.0,1.0,1.0,1.0,1.0,1.0,1.0,1.0,1.0,1.0,1.0,1.0,1.0,0.5,0.5,0.5,0.5,0.5,0.5,0.5,0.5,0.5,0.5,0.0,0.0,0.0,0.0,0.0,0.0,0.0,1.0,1.0,1.0,1.0,1.0,0.0
Ritual Sword Talisman,Increases damage by 1.1x while at full HP,,Increases damage by 1.1x while at full HP,-1.0,100.0,0.0,0.0,0.0,0.0,0.0,0.0,0.0,0.0,1.0,1.0,1.0,1.0,1.0,1.0,1.0,1.0,1.0,1.0,1.0,1.0,1.0,1.0,1.0,1.0,1.0,1.0,1.0,1.0,1.0,1.0,0.0,0.0,0.0,0.0,0.0,0.0,0.0,1.0,1.0,1.0,1.0,1.0,0.0
Ritual Shield Talisman,Increases damage negations by 30% while at full HP,,Increases damage negations by 30% while at full HP,-1.0,100.0,0.0,0.0,0.0,0.0,0.0,0.0,0.0,0.0,1.0,1.0,1.0,1.0,1.0,1.0,1.0,1.0,1.0,1.0,1.0,1.0,0.7,0.7,0.7,0.7,0.7,0.7,0.7,0.7,0.7,0.7,0.0,0.0,0.0,0.0,0.0,0.0,0.0,1.0,1.0,1.0,1.0,1.0,0.0
Assassin's Crimson Dagger,Restores ⌊MaxHP * 0.1⌋ + 85 HP while performing a critical attack (90 HP),Restores ⌊MaxHP * 0.1⌋ + 85 HP while performing a critical attack (90 HP),Restores ⌊MaxHP * 0.1⌋ + 85 HP while performing a critical attack,-1.0,-1.0,0.0,0.0,0.0,0.0,0.0,0.0,0.0,0.0,1.0,1.0,1.0,1.0,1.0,1.0,1.0,1.0,1.0,1.0,1.0,1.0,1.0,1.0,1.0,1.0,1.0,1.0,1.0,1.0,1.0,1.0,0.0,0.0,0.0,0.0,0.0,0.0,0.0,1.0,1.0,1.0,1.0,1.0,0.0
Assassin's Cerulean Dagger,Restores 15 FP while performing a critical attack,Restores 15 FP while performing a critical attack,Restores 15 FP while performing a critical attack,-1.0,-1.0,0.0,0.0,0.0,0.0,0.0,0.0,0.0,0.0,1.0,1.0,1.0,1.0,1.0,1.0,1.0,1.0,1.0,1.0,1.0,1.0,1.0,1.0,1.0,1.0,1.0,1.0,1.0,1.0,1.0,1.0,0.0,0.0,0.0,0.0,0.0,0.0,0.0,1.0,1.0,1.0,1.0,1.0,0.0
Winged Sword Insignia,Increases damage by 1.03x /1.05x /1.1x /1.1x with continuous attacks,Increases damage by 1.03x /1.05x /1.1x /1.1x with continuous attacks,Increases damage by 1.03x /1.05x /1.1x /1.1x with continuous attacks,-1.0,-1.0,0.0,0.0,0.0,0.0,0.0,0.0,0.0,0.0,1.0,1.0,1.0,1.0,1.0,1.0,1.0,1.0,1.0,1.0,1.0,1.0,1.0,1.0,1.0,1.0,1.0,1.0,1.0,1.0,1.0,1.0,0.0,0.0,0.0,0.0,0.0,0.0,0.0,1.0,1.0,1.0,1.0,1.0,0.0
Rotten Winged Sword Insignia,Increases damage by 1.06x /1.08x /1.13x /1.13x with continuous attacks,Increases damage by 1.06x /1.08x /1.13x /1.13x with continuous attacks,Increases damage by 1.06x /1.08x /1.13x /1.13x with continuous attacks,-1.0,-1.0,0.0,0.0,0.0,0.0,0.0,0.0,0.0,0.0,1.0,1.0,1.0,1.0,1.0,1.0,1.0,1.0,1.0,1.0,1.0,1.0,1.0,1.0,1.0,1.0,1.0,1.0,1.0,1.0,1.0,1.0,0.0,0.0,0.0,0.0,0.0,0.0,0.0,1.0,1.0,1.0,1.0,1.0,0.0
Millicent's Prosthesis,Increases damage by 1.04x /1.06x /1.11x /1.11x with continuous attacks and increases dexterity by 5,Increases damage by 1.04x /1.06x /1.11x /1.11x with continuous attacks and increases dexterity by 5,Increases damage by 1.04x /1.06x /1.11x /1.11x with continuous attacks and increases dexterity by 5,-1.0,-1.0,0.0,0.0,0.0,0.0,5.0,0.0,0.0,0.0,1.0,1.0,1.0,1.0,1.0,1.0,1.0,1.0,1.0,1.0,1.0,1.0,1.0,1.0,1.0,1.0,1.0,1.0,1.0,1.0,1.0,1.0,0.0,0.0,0.0,0.0,0.0,0.0,0.0,1.0,1.0,1.0,1.0,1.0,0.0
Godskin Swaddling Cloth,Restores ⌊MaxHP * 0.03⌋ + 30 HP with continuous attacks (45 HP),Restores ⌊MaxHP * 0.03⌋ + 30 HP with continuous attacks (45 HP),Restores ⌊MaxHP * 0.03⌋ + 30 HP with continuous attacks,-1.0,-1.0,0.0,0.0,0.0,0.0,0.0,0.0,0.0,0.0,1.0,1.0,1.0,1.0,1.0,1.0,1.0,1.0,1.0,1.0,1.0,1.0,1.0,1.0,1.0,1.0,1.0,1.0,1.0,1.0,1.0,1.0,0.0,0.0,0.0,0.0,0.0,0.0,0.0,1.0,1.0,1.0,1.0,1.0,0.0
Kindred of Rot's Exultation,Increases damage by 1.2x for 20 seconds when poison/scarlet rot is triggered within 7m,,Increases damage by 1.2x for 20 seconds when poison/scarlet rot is triggered within 7m,-1.0,-1.0,0.0,0.0,0.0,0.0,0.0,0.0,0.0,0.0,1.0,1.0,1.0,1.0,1.0,1.0,1.0,1.0,1.0,1.0,1.0,1.0,1.0,1.0,1.0,1.0,1.0,1.0,1.0,1.0,1.0,1.0,0.0,0.0,0.0,0.0,0.0,0.0,0.0,1.0,1.0,1.0,1.0,1.0,0.0
Lord of Blood's Exultation,Increases damage by 1.2x (1.12x in PvP) for 20 seconds when bleed is triggered within 7m,,Increases damage by 1.2x (1.12x in PvP) for 20 seconds when bleed is triggered within 7m,-1.0,-1.0,0.0,0.0,0.0,0.0,0.0,0.0,0.0,0.0,1.0,1.0,1.0,1.0,1.0,1.0,1.0,1.0,1.0,1.0,1.0,1.0,1.0,1.0,1.0,1.0,1.0,1.0,1.0,1.0,1.0,1.0,0.0,0.0,0.0,0.0,0.0,0.0,0.0,1.0,1.0,1.0,1.0,1.0,0.0
Aged One's Exultation,Increases damage by 1.2x (1.12x in PvP) for 30 seconds when madness is triggered within 7m,,Increases damage by 1.2x (1.12x in PvP) for 30 seconds when madness is triggered within 7m,-1.0,-1.0,0.0,0.0,0.0,0.0,0.0,0.0,0.0,0.0,1.0,1.0,1.0,1.0,1.0,1.0,1.0,1.0,1.0,1.0,1.0,1.0,1.0,1.0,1.0,1.0,1.0,1.0,1.0,1.0,1.0,1.0,0.0,0.0,0.0,0.0,0.0,0.0,0.0,1.0,1.0,1.0,1.0,1.0,0.0
St. Trina's Smile,Increases damage by 1.2x (1.12x in PvP) for 30 seconds when sleep is triggered within 7m,,Increases damage by 1.2x (1.12x in PvP) for 30 seconds when sleep is triggered within 7m,-1.0,-1.0,0.0,0.0,0.0,0.0,0.0,0.0,0.0,0.0,1.0,1.0,1.0,1.0,1.0,1.0,1.0,1.0,1.0,1.0,1.0,1.0,1.0,1.0,1.0,1.0,1.0,1.0,1.0,1.0,1.0,1.0,0.0,0.0,0.0,0.0,0.0,0.0,0.0,1.0,1.0,1.0,1.0,1.0,0.0
Blade of Mercy,Increases damage by 1.2x (1.12x in PvP) for 20 seconds after performing a critical attack,,Increases damage by 1.2x (1.12x in PvP) for 20 seconds after performing a critical attack,-1.0,-1.0,0.0,0.0,0.0,0.0,0.0,0.0,0.0,0.0,1.0,1.0,1.0,1.0,1.0,1.0,1.0,1.0,1.0,1.0,1.0,1.0,1.0,1.0,1.0,1.0,1.0,1.0,1.0,1.0,1.0,1.0,0.0,0.0,0.0,0.0,0.0,0.0,0.0,1.0,1.0,1.0,1.0,1.0,0.0
Taker's Cameo,Restores ⌊MaxHP * 0.03⌋ + 30 HP when an enemy dies (38 HP),Restores ⌊MaxHP * 0.03⌋ + 30 HP when an enemy dies (38 HP),Restores ⌊MaxHP * 0.03⌋ + 30 HP when an enemy dies,-1.0,-1.0,0.0,0.0,0.0,0.0,0.0,0.0,0.0,0.0,1.0,1.0,1.0,1.0,1.0,1.0,1.0,1.0,1.0,1.0,1.0,1.0,1.0,1.0,1.0,1.0,1.0,1.0,1.0,1.0,1.0,1.0,0.0,0.0,0.0,0.0,0.0,0.0,0.0,1.0,1.0,1.0,1.0,1.0,0.0
Ancestral Spirit's Horn,Restores 3 FP when an enemy dies,,Restores 3 FP when an enemy dies,-1.0,-1.0,0.0,0.0,0.0,0.0,0.0,0.0,0.0,0.0,1.0,1.0,1.0,1.0,1.0,1.0,1.0,1.0,1.0,1.0,1.0,1.0,1.0,1.0,1.0,1.0,1.0,1.0,1.0,1.0,1.0,1.0,0.0,0.0,0.0,0.0,0.0,0.0,0.0,1.0,1.0,1.0,1.0,1.0,0.0
Crusade Insignia,Deal 1.15x (1.1x in PvP) damage for 20 seconds after an enemy dies,,Deal 1.15x (1.1x in PvP) damage for 20 seconds after an enemy dies,-1.0,-1.0,0.0,0.0,0.0,0.0,0.0,0.0,0.0,0.0,1.0,1.0,1.0,1.0,1.0,1.0,1.0,1.0,1.0,1.0,1.0,1.0,1.0,1.0,1.0,1.0,1.0,1.0,1.0,1.0,1.0,1.0,0.0,0.0,0.0,0.0,0.0,0.0,0.0,1.0,1.0,1.0,1.0,1.0,0.0
Dried Bouquet,Increases damage by 1.2x for 30 seconds after spirit ash death,,Increases damage by 1.2x for 30 seconds after spirit ash death,-1.0,-1.0,0.0,0.0,0.0,0.0,0.0,0.0,0.0,0.0,1.0,1.0,1.0,1.0,1.0,1.0,1.0,1.0,1.0,1.0,1.0,1.0,1.0,1.0,1.0,1.0,1.0,1.0,1.0,1.0,1.0,1.0,0.0,0.0,0.0,0.0,0.0,0.0,0.0,1.0,1.0,1.0,1.0,1.0,0.0
Gold Scarab,Increases runes gained by 1.2x runes,,Increases runes gained by 1.2x runes,-1.0,-1.0,0.0,0.0,0.0,0.0,0.0,0.0,0.0,0.0,1.0,1.0,1.0,1.0,1.0,1.0,1.0,1.0,1.0,1.0,1.0,1.0,1.0,1.0,1.0,1.0,1.0,1.0,1.0,1.0,1.0,1.0,0.0,0.0,0.0,0.0,0.0,0.0,0.0,1.0,1.0,1.0,1.0,1.0,0.0
Silver Scarab,Increases discovery by 75,,Increases discovery by 75,-1.0,-1.0,0.0,0.0,0.0,0.0,0.0,0.0,0.0,0.0,1.0,1.0,1.0,1.0,1.0,1.0,1.0,1.0,1.0,1.0,1.0,1.0,1.0,1.0,1.0,1.0,1.0,1.0,1.0,1.0,1.0,1.0,0.0,0.0,0.0,0.0,0.0,0.0,0.0,1.0,1.0,1.0,1.0,1.0,0.75
Crepus's Vial,Makes user silent,,Makes user silent,-1.0,-1.0,0.0,0.0,0.0,0.0,0.0,0.0,0.0,0.0,1.0,1.0,1.0,1.0,1.0,1.0,1.0,1.0,1.0,1.0,1.0,1.0,1.0,1.0,1.0,1.0,1.0,1.0,1.0,1.0,1.0,1.0,0.0,0.0,0.0,0.0,0.0,0.0,0.0,1.0,1.0,1.0,1.0,1.0,0.0
Concealing Veil,Makes user invisible to other players while crouched with enough distance,,Makes user invisible to other players while crouched with enough distance,-1.0,-1.0,0.0,0.0,0.0,0.0,0.0,0.0,0.0,0.0,1.0,1.0,1.0,1.0,1.0,1.0,1.0,1.0,1.0,1.0,1.0,1.0,1.0,1.0,1.0,1.0,1.0,1.0,1.0,1.0,1.0,1.0,0.0,0.0,0.0,0.0,0.0,0.0,0.0,1.0,1.0,1.0,1.0,1.0,0.0
Longtail Cat Talisman,Protects from non-lethal fall damage,,Protects from non-lethal fall damage,-1.0,-1.0,0.0,0.0,0.0,0.0,0.0,0.0,0.0,0.0,1.0,1.0,1.0,1.0,1.0,1.0,1.0,1.0,1.0,1.0,1.0,1.0,1.0,1.0,1.0,1.0,1.0,1.0,1.0,1.0,1.0,1.0,0.0,0.0,0.0,0.0,0.0,0.0,0.0,1.0,1.0,1.0,1.0,1.0,0.0
Furled Finger's Trick-Mirror,Makes character appear as Host of Fingers,,Makes character appear as Host of Fingers,-1.0,-1.0,0.0,0.0,0.0,0.0,0.0,0.0,0.0,0.0,1.0,1.0,1.0,1.0,1.0,1.0,1.0,1.0,1.0,1.0,1.0,1.0,1.0,1.0,1.0,1.0,1.0,1.0,1.0,1.0,1.0,1.0,0.0,0.0,0.0,0.0,0.0,0.0,0.0,1.0,1.0,1.0,1.0,1.0,0.0
Host's Trick-Mirror,Makes character appear as gold phantom,,Makes character appear as gold phantom,-1.0,-1.0,0.0,0.0,0.0,0.0,0.0,0.0,0.0,0.0,1.0,1.0,1.0,1.0,1.0,1.0,1.0,1.0,1.0,1.0,1.0,1.0,1.0,1.0,1.0,1.0,1.0,1.0,1.0,1.0,1.0,1.0,0.0,0.0,0.0,0.0,0.0,0.0,0.0,1.0,1.0,1.0,1.0,1.0,0.0
Shabriri's Woe,Increases targetPriority by 0.1,,Increases targetPriority by 0.1,-1.0,-1.0,0.0,0.0,0.0,0.0,0.0,0.0,0.0,0.0,1.0,1.0,1.0,1.0,1.0,1.0,1.0,1.0,1.0,1.0,1.0,1.0,1.0,1.0,1.0,1.0,1.0,1.0,1.0,1.0,1.0,1.0,0.0,0.0,0.0,0.0,0.0,0.0,0.0,1.0,1.0,1.0,1.0,1.0,0.0
Daedicar's Woe,Decreases damage negations by -100%,,Decreases damage negations by -100%,-1.0,-1.0,0.0,0.0,0.0,0.0,0.0,0.0,0.0,0.0,1.0,1.0,1.0,1.0,2.0,2.0,2.0,2.0,2.0,2.0,2.0,2.0,1.0,1.0,1.0,1.0,1.0,1.0,1.0,1.0,1.0,1.0,0.0,0.0,0.0,0.0,0.0,0.0,0.0,1.0,1.0,1.0,1.0,1.0,0.0
Sacrificial Twig,"Prevents rune loss on death, but the talisman is lost instead",,"Prevents rune loss on death, but the talisman is lost instead",-1.0,-1.0,0.0,0.0,0.0,0.0,0.0,0.0,0.0,0.0,1.0,1.0,1.0,1.0,1.0,1.0,1.0,1.0,1.0,1.0,1.0,1.0,1.0,1.0,1.0,1.0,1.0,1.0,1.0,1.0,1.0,1.0,0.0,0.0,0.0,0.0,0.0,0.0,0.0,1.0,1.0,1.0,1.0,1.0,0.0
,,,,,,,,,,,,,,,,,,,,,,,,,,,,,,,,,,,,,,,,,,,,,,,,
Godrick's Great Rune,Increases all attributes by 5,,Increases all attributes by 5,-1.0,-1.0,5.0,5.0,5.0,5.0,5.0,5.0,5.0,5.0,1.0,1.0,1.0,1.0,1.0,1.0,1.0,1.0,1.0,1.0,1.0,1.0,1.0,1.0,1.0,1.0,1.0,1.0,1.0,1.0,1.0,1.0,0.0,0.0,0.0,0.0,0.0,0.0,0.0,1.0,1.0,1.0,1.0,1.0,0.0
Rykard's Great Rune,Restores ⌊MaxHP * 0.07⌋ + 80 HP when an enemy dies (116 HP),Restores ⌊MaxHP * 0.07⌋ + 80 HP when an enemy dies (116 HP),Restores ⌊MaxHP * 0.07⌋ + 80 HP when an enemy dies,-1.0,-1.0,0.0,0.0,0.0,0.0,0.0,0.0,0.0,0.0,1.0,1.0,1.0,1.0,1.0,1.0,1.0,1.0,1.0,1.0,1.0,1.0,1.0,1.0,1.0,1.0,1.0,1.0,1.0,1.0,1.0,1.0,0.0,0.0,0.0,0.0,0.0,0.0,0.0,1.0,1.0,1.0,1.0,1.0,0.0
Radahn's Great Rune,"Increases HP, FP, and stamina, by ⌊1.15x⌋",,"Increases HP, FP, and stamina, by ⌊1.15x⌋",-1.0,-1.0,0.0,0.0,0.0,0.0,0.0,0.0,0.0,0.0,1.15,1.15,1.15,1.0,1.0,1.0,1.0,1.0,1.0,1.0,1.0,1.0,1.0,1.0,1.0,1.0,1.0,1.0,1.0,1.0,1.0,1.0,0.0,0.0,0.0,0.0,0.0,0.0,0.0,1.0,1.0,1.0,1.0,1.0,0.0
Morgott's Great Rune,Increases HP by ⌊1.25x⌋,,Increases HP by ⌊1.25x⌋,-1.0,-1.0,0.0,0.0,0.0,0.0,0.0,0.0,0.0,0.0,1.25,1.0,1.0,1.0,1.0,1.0,1.0,1.0,1.0,1.0,1.0,1.0,1.0,1.0,1.0,1.0,1.0,1.0,1.0,1.0,1.0,1.0,0.0,0.0,0.0,0.0,0.0,0.0,0.0,1.0,1.0,1.0,1.0,1.0,0.0
Mohg's Great Rune,Spirit ashes restore ⌊MaxHP * 0.05⌋ + 60 when an enemy dies and get increased damage by 1.3x for 40 seconds when bleed is triggered within 7m,,Spirit ashes restore ⌊MaxHP * 0.05⌋ + 60 when an enemy dies and get increased damage by 1.3x for 40 seconds when bleed is triggered within 7m,-1.0,-1.0,0.0,0.0,0.0,0.0,0.0,0.0,0.0,0.0,1.0,1.0,1.0,1.0,1.0,1.0,1.0,1.0,1.0,1.0,1.0,1.0,1.0,1.0,1.0,1.0,1.0,1.0,1.0,1.0,1.0,1.0,0.0,0.0,0.0,0.0,0.0,0.0,0.0,1.0,1.0,1.0,1.0,1.0,0.0
Malenia's Great Rune,"Attacks recover HP after damage is recieved, but decreases Flask of Crimson Tears restoration by ⌊0.85x⌋",,"Attacks recover HP after damage is recieved, but decreases Flask of Crimson Tears restoration by ⌊0.85x⌋",-1.0,-1.0,0.0,0.0,0.0,0.0,0.0,0.0,0.0,0.0,1.0,1.0,1.0,1.0,1.0,1.0,1.0,1.0,1.0,1.0,1.0,1.0,1.0,1.0,1.0,1.0,1.0,1.0,1.0,1.0,1.0,1.0,0.0,0.0,0.0,0.0,0.0,0.0,0.0,1.0,1.0,1.0,1.0,1.0,0.0
,,,,,,,,,,,,,,,,,,,,,,,,,,,,,,,,,,,,,,,,,,,,,,,,
Crimson Crystal Tear 1,Restores ⌊MaxHP * 0.5⌋ HP (261 HP),Restores ⌊MaxHP * 0.5⌋ HP (261 HP),Restores ⌊MaxHP * 0.5⌋ HP,-1.0,-1.0,0.0,0.0,0.0,0.0,0.0,0.0,0.0,0.0,1.0,1.0,1.0,1.0,1.0,1.0,1.0,1.0,1.0,1.0,1.0,1.0,1.0,1.0,1.0,1.0,1.0,1.0,1.0,1.0,1.0,1.0,0.0,0.0,0.0,0.0,0.0,0.0,0.0,1.0,1.0,1.0,1.0,1.0,0.0
Crimson Crystal Tear 2,Restores ⌊MaxHP * 0.5⌋ HP (261 HP),Restores ⌊MaxHP * 0.5⌋ HP (261 HP),Restores ⌊MaxHP * 0.5⌋ HP,-1.0,-1.0,0.0,0.0,0.0,0.0,0.0,0.0,0.0,0.0,1.0,1.0,1.0,1.0,1.0,1.0,1.0,1.0,1.0,1.0,1.0,1.0,1.0,1.0,1.0,1.0,1.0,1.0,1.0,1.0,1.0,1.0,0.0,0.0,0.0,0.0,0.0,0.0,0.0,1.0,1.0,1.0,1.0,1.0,0.0
Crimsonspill Crystal Tear,Increases HP by ⌊1.1x⌋ for 180 seconds,,Increases HP by ⌊1.1x⌋ for 180 seconds,-1.0,-1.0,0.0,0.0,0.0,0.0,0.0,0.0,0.0,0.0,1.1,1.0,1.0,1.0,1.0,1.0,1.0,1.0,1.0,1.0,1.0,1.0,1.0,1.0,1.0,1.0,1.0,1.0,1.0,1.0,1.0,1.0,0.0,0.0,0.0,0.0,0.0,0.0,0.0,1.0,1.0,1.0,1.0,1.0,0.0
Crimsonburst Crystal Tear,Regenerates 7 HP/s for 180 seconds (1260 total),,Regenerates 7 HP/s for 180 seconds (1260 total),-1.0,-1.0,0.0,0.0,0.0,0.0,0.0,0.0,0.0,0.0,1.0,1.0,1.0,1.0,1.0,1.0,1.0,1.0,1.0,1.0,1.0,1.0,1.0,1.0,1.0,1.0,1.0,1.0,1.0,1.0,1.0,1.0,0.0,0.0,0.0,0.0,0.0,0.0,0.0,1.0,1.0,1.0,1.0,1.0,0.0
Crimsonburst Dried Tear,Regenerates 7 HP/s for 180 seconds to allies within 7m (1260 HP total),,Regenerates 7 HP/s for 180 seconds to allies within 7m (1260 HP total),-1.0,-1.0,0.0,0.0,0.0,0.0,0.0,0.0,0.0,0.0,1.0,1.0,1.0,1.0,1.0,1.0,1.0,1.0,1.0,1.0,1.0,1.0,1.0,1.0,1.0,1.0,1.0,1.0,1.0,1.0,1.0,1.0,0.0,0.0,0.0,0.0,0.0,0.0,0.0,1.0,1.0,1.0,1.0,1.0,0.0
Cerulean Crystal Tear 1,Restores ⌊MaxFP * 0.5⌋ FP (39 FP),Restores ⌊MaxFP * 0.5⌋ FP (39 FP),Restores ⌊MaxFP * 0.5⌋ FP,-1.0,-1.0,0.0,0.0,0.0,0.0,0.0,0.0,0.0,0.0,1.0,1.0,1.0,1.0,1.0,1.0,1.0,1.0,1.0,1.0,1.0,1.0,1.0,1.0,1.0,1.0,1.0,1.0,1.0,1.0,1.0,1.0,0.0,0.0,0.0,0.0,0.0,0.0,0.0,1.0,1.0,1.0,1.0,1.0,0.0
Cerulean Crystal Tear 2,Restores ⌊MaxFP * 0.5⌋ FP (39 FP),Restores ⌊MaxFP * 0.5⌋ FP (39 FP),Restores ⌊MaxFP * 0.5⌋ FP,-1.0,-1.0,0.0,0.0,0.0,0.0,0.0,0.0,0.0,0.0,1.0,1.0,1.0,1.0,1.0,1.0,1.0,1.0,1.0,1.0,1.0,1.0,1.0,1.0,1.0,1.0,1.0,1.0,1.0,1.0,1.0,1.0,0.0,0.0,0.0,0.0,0.0,0.0,0.0,1.0,1.0,1.0,1.0,1.0,0.0
Greenspill Crystal Tear,Increases stamina by ⌊1.15x⌋ for 180 seconds,,Increases stamina by ⌊1.15x⌋ for 180 seconds,-1.0,-1.0,0.0,0.0,0.0,0.0,0.0,0.0,0.0,0.0,1.0,1.0,1.15,1.0,1.0,1.0,1.0,1.0,1.0,1.0,1.0,1.0,1.0,1.0,1.0,1.0,1.0,1.0,1.0,1.0,1.0,1.0,0.0,0.0,0.0,0.0,0.0,0.0,0.0,1.0,1.0,1.0,1.0,1.0,0.0
Greenburst Crystal Tear,Increases stamina regeneration by 15/s for 180 seconds,,Increases stamina regeneration by 15/s for 180 seconds,-1.0,-1.0,0.0,0.0,0.0,0.0,0.0,0.0,0.0,0.0,1.0,1.0,1.0,1.0,1.0,1.0,1.0,1.0,1.0,1.0,1.0,1.0,1.0,1.0,1.0,1.0,1.0,1.0,1.0,1.0,1.0,1.0,0.0,0.0,0.0,0.0,0.0,0.0,0.0,1.0,1.0,1.0,1.0,1.0,0.0
Strength-knot Crystal Tear,Increases strength by 10 for 180 seconds,,Increases strength by 10 for 180 seconds,-1.0,-1.0,0.0,0.0,0.0,10.0,0.0,0.0,0.0,0.0,1.0,1.0,1.0,1.0,1.0,1.0,1.0,1.0,1.0,1.0,1.0,1.0,1.0,1.0,1.0,1.0,1.0,1.0,1.0,1.0,1.0,1.0,0.0,0.0,0.0,0.0,0.0,0.0,0.0,1.0,1.0,1.0,1.0,1.0,0.0
Dexterity-knot Crystal Tear,Increases dexterity by 10 for 180 seconds,,Increases dexterity by 10 for 180 seconds,-1.0,-1.0,0.0,0.0,0.0,0.0,10.0,0.0,0.0,0.0,1.0,1.0,1.0,1.0,1.0,1.0,1.0,1.0,1.0,1.0,1.0,1.0,1.0,1.0,1.0,1.0,1.0,1.0,1.0,1.0,1.0,1.0,0.0,0.0,0.0,0.0,0.0,0.0,0.0,1.0,1.0,1.0,1.0,1.0,0.0
Intelligence-knot Crystal Tear,Increases intelligence by 10 for 180 seconds,,Increases intelligence by 10 for 180 seconds,-1.0,-1.0,0.0,0.0,0.0,0.0,0.0,10.0,0.0,0.0,1.0,1.0,1.0,1.0,1.0,1.0,1.0,1.0,1.0,1.0,1.0,1.0,1.0,1.0,1.0,1.0,1.0,1.0,1.0,1.0,1.0,1.0,0.0,0.0,0.0,0.0,0.0,0.0,0.0,1.0,1.0,1.0,1.0,1.0,0.0
Faith-knot Crystal Tear,Increases faith by 10 for 180 seconds,,Increases faith by 10 for 180 seconds,-1.0,-1.0,0.0,0.0,0.0,0.0,0.0,0.0,10.0,0.0,1.0,1.0,1.0,1.0,1.0,1.0,1.0,1.0,1.0,1.0,1.0,1.0,1.0,1.0,1.0,1.0,1.0,1.0,1.0,1.0,1.0,1.0,0.0,0.0,0.0,0.0,0.0,0.0,0.0,1.0,1.0,1.0,1.0,1.0,0.0
Opaline Hardtear,Increases damage negations by 15% (10% in PvP) for 180 seconds,,Increases damage negations by 15% (10% in PvP) for 180 seconds,-1.0,-1.0,0.0,0.0,0.0,0.0,0.0,0.0,0.0,0.0,1.0,1.0,1.0,1.0,1.0,1.0,1.0,1.0,1.0,1.0,1.0,1.0,0.85,0.85,0.85,0.85,0.85,0.9,0.9,0.9,0.9,0.9,0.0,0.0,0.0,0.0,0.0,0.0,0.0,1.0,1.0,1.0,1.0,1.0,0.0
Speckled Hardtear,"Increases all resistances by 90 for 180 seconds, removes all buildup, and cures all status effects",,"Increases all resistances by 90 for 180 seconds, removes all buildup, and cures all status effects",-1.0,-1.0,0.0,0.0,0.0,0.0,0.0,0.0,0.0,0.0,1.0,1.0,1.0,1.0,1.0,1.0,1.0,1.0,1.0,1.0,1.0,1.0,1.0,1.0,1.0,1.0,1.0,1.0,1.0,1.0,1.0,1.0,90.0,90.0,90.0,90.0,90.0,90.0,90.0,1.0,1.0,1.0,1.0,1.0,0.0
Leaden Hardtear,"Prevents stagger from dmgLevel 1, 2, 3, 5, and 8 for 10 seconds",,"Prevents stagger from dmgLevel 1, 2, 3, 5, and 8 for 10 seconds",-1.0,-1.0,0.0,0.0,0.0,0.0,0.0,0.0,0.0,0.0,1.0,1.0,1.0,1.0,1.0,1.0,1.0,1.0,1.0,1.0,1.0,1.0,1.0,1.0,1.0,1.0,1.0,1.0,1.0,1.0,1.0,1.0,0.0,0.0,0.0,0.0,0.0,0.0,0.0,1.0,1.0,1.0,1.0,1.0,0.0
Deflecting Hardtear,"tl;dr: boosts guard stats for a short time after input, boosts guard counter efficacy if an attack is blocked in that time (here's a link to full explanation)","tl;dr: boosts guard stats for a short time after input, boosts guard counter efficacy if an attack is blocked in that time (here's a link to full explanation)","For 300 seconds: guarding will increase physical guard negation by 100%, elemental guard negations by 75%, status guard negations by 75%, and decrease incoming stamina damage by 65% for 6 frames (30 fps); spamming block will reduce deflect frames to 3, 2, then 0.
If an attack is blocked within those 6 frames: guard counters will recieve a buff that has multiple tiers. Subsequent deflects while the buff is still active will increase the current tier and some attacks being deflected can gain multiple tiers at a time.
- Tier 1: increases damage by 1.2x (1.15x in PvP), stamina damage by 1.2x, and poise damage by 1.15x for 5 seconds
- Tier 2: increases damage by 1.4x (1.28x in PvP), stamina damage by 1.4x, and poise damage by 1.23x for 5 seconds
- Tier 3: increases damage by 1.6x (1.36x in PvP), stamina damage by 1.6x, and poise damage by 1.31x for 5 seconds
- Tier 4: increases damage by 1.8x (1.45x in PvP), stamina damage by 1.8x, and poise damage by 1.39x for 5 seconds",-1.0,-1.0,0.0,0.0,0.0,0.0,0.0,0.0,0.0,0.0,1.0,1.0,1.0,1.0,1.0,1.0,1.0,1.0,1.0,1.0,1.0,1.0,1.0,1.0,1.0,1.0,1.0,1.0,1.0,1.0,1.0,1.0,0.0,0.0,0.0,0.0,0.0,0.0,0.0,1.0,1.0,1.0,1.0,1.0,0.0
Magic-Shrouding Cracked Tear,Increases magic damage by 1.2x (1.125x in PvP) for 180 seconds,,Increases magic damage by 1.2x (1.125x in PvP) for 180 seconds,-1.0,-1.0,0.0,0.0,0.0,0.0,0.0,0.0,0.0,0.0,1.0,1.0,1.0,1.0,1.0,1.0,1.0,1.0,1.0,1.0,1.0,1.0,1.0,1.0,1.0,1.0,1.0,1.0,1.0,1.0,1.0,1.0,0.0,0.0,0.0,0.0,0.0,0.0,0.0,1.0,1.0,1.0,1.0,1.0,0.0
Flame-Shrouding Cracked Tear,Increases fire damage by 1.2x (1.125x in PvP) for 180 seconds,,Increases fire damage by 1.2x (1.125x in PvP) for 180 seconds,-1.0,-1.0,0.0,0.0,0.0,0.0,0.0,0.0,0.0,0.0,1.0,1.0,1.0,1.0,1.0,1.0,1.0,1.0,1.0,1.0,1.0,1.0,1.0,1.0,1.0,1.0,1.0,1.0,1.0,1.0,1.0,1.0,0.0,0.0,0.0,0.0,0.0,0.0,0.0,1.0,1.0,1.0,1.0,1.0,0.0
Lightning-Shrouding Cracked Tear,Increases lightning damage by 1.2x (1.125x in PvP) for 180 seconds,,Increases lightning damage by 1.2x (1.125x in PvP) for 180 seconds,-1.0,-1.0,0.0,0.0,0.0,0.0,0.0,0.0,0.0,0.0,1.0,1.0,1.0,1.0,1.0,1.0,1.0,1.0,1.0,1.0,1.0,1.0,1.0,1.0,1.0,1.0,1.0,1.0,1.0,1.0,1.0,1.0,0.0,0.0,0.0,0.0,0.0,0.0,0.0,1.0,1.0,1.0,1.0,1.0,0.0
Holy-Shrouding Cracked Tear,Increases holy damage by 1.2x (1.125x in PvP) for 180 seconds,,Increases holy damage by 1.2x (1.125x in PvP) for 180 seconds,-1.0,-1.0,0.0,0.0,0.0,0.0,0.0,0.0,0.0,0.0,1.0,1.0,1.0,1.0,1.0,1.0,1.0,1.0,1.0,1.0,1.0,1.0,1.0,1.0,1.0,1.0,1.0,1.0,1.0,1.0,1.0,1.0,0.0,0.0,0.0,0.0,0.0,0.0,0.0,1.0,1.0,1.0,1.0,1.0,0.0
Stonebarb Cracked Tear,Increases poise and stamina damage by 1.3x for 30 seconds,,Increases poise and stamina damage by 1.3x for 30 seconds,-1.0,-1.0,0.0,0.0,0.0,0.0,0.0,0.0,0.0,0.0,1.0,1.0,1.0,1.0,1.0,1.0,1.0,1.0,1.0,1.0,1.0,1.0,1.0,1.0,1.0,1.0,1.0,1.0,1.0,1.0,1.0,1.0,0.0,0.0,0.0,0.0,0.0,0.0,0.0,1.0,1.0,1.0,1.0,1.0,0.0
Spiked Cracked Tear,Increases damage by 1.15x (holy bugged in PvP: 1x) with charged R2s for 180 seconds,,Increases damage by 1.15x (holy bugged in PvP: 1x) with charged R2s for 180 seconds,-1.0,-1.0,0.0,0.0,0.0,0.0,0.0,0.0,0.0,0.0,1.0,1.0,1.0,1.0,1.0,1.0,1.0,1.0,1.0,1.0,1.0,1.0,1.0,1.0,1.0,1.0,1.0,1.0,1.0,1.0,1.0,1.0,0.0,0.0,0.0,0.0,0.0,0.0,0.0,1.0,1.0,1.0,1.0,1.0,0.0
Thorny Cracked Tear,Increases damage by 1.09x /1.13x /1.2x /1.2x with continuous attacks  for 180 seconds,Increases damage by 1.09x /1.13x /1.2x /1.2x with continuous attacks  for 180 seconds,Increases damage by 1.09x /1.13x /1.2x /1.2x with continuous attacks  for 180 seconds,-1.0,-1.0,0.0,0.0,0.0,0.0,0.0,0.0,0.0,0.0,1.0,1.0,1.0,1.0,1.0,1.0,1.0,1.0,1.0,1.0,1.0,1.0,1.0,1.0,1.0,1.0,1.0,1.0,1.0,1.0,1.0,1.0,0.0,0.0,0.0,0.0,0.0,0.0,0.0,1.0,1.0,1.0,1.0,1.0,0.0
Crimson-Sapping Cracked Tear,Restores ⌊MaxHP * 0.008⌋ HP every hit for 45 seconds (4 HP),Restores ⌊MaxHP * 0.008⌋ HP every hit for 45 seconds (4 HP),Restores ⌊MaxHP * 0.008⌋ HP every hit for 45 seconds,-1.0,-1.0,0.0,0.0,0.0,0.0,0.0,0.0,0.0,0.0,1.0,1.0,1.0,1.0,1.0,1.0,1.0,1.0,1.0,1.0,1.0,1.0,1.0,1.0,1.0,1.0,1.0,1.0,1.0,1.0,1.0,1.0,0.0,0.0,0.0,0.0,0.0,0.0,0.0,1.0,1.0,1.0,1.0,1.0,0.0
Cerulean-Sapping Cracked Tear,Restores 5 FP every hit for 45 seconds,,Restores 5 FP every hit for 45 seconds,-1.0,-1.0,0.0,0.0,0.0,0.0,0.0,0.0,0.0,0.0,1.0,1.0,1.0,1.0,1.0,1.0,1.0,1.0,1.0,1.0,1.0,1.0,1.0,1.0,1.0,1.0,1.0,1.0,1.0,1.0,1.0,1.0,0.0,0.0,0.0,0.0,0.0,0.0,0.0,1.0,1.0,1.0,1.0,1.0,0.0
Bloodsucking Cracked Tear,"Increases damage by 1.2x (1.125x in PvP) for 180 seconds, but drains ⌊MaxHP * 0.002⌋ + 20 HP/s for the duration (21 HP/s)","Increases damage by 1.2x (1.125x in PvP) for 180 seconds, but drains ⌊MaxHP * 0.002⌋ + 20 HP/s for the duration (21 HP/s)","Increases damage by 1.2x (1.125x in PvP) for 180 seconds, but drains ⌊MaxHP * 0.002⌋ + 20 HP/s for the duration",-1.0,-1.0,0.0,0.0,0.0,0.0,0.0,0.0,0.0,0.0,1.0,1.0,1.0,1.0,1.0,1.0,1.0,1.0,1.0,1.0,1.0,1.0,1.0,1.0,1.0,1.0,1.0,1.0,1.0,1.0,1.0,1.0,0.0,0.0,0.0,0.0,0.0,0.0,0.0,1.0,1.0,1.0,1.0,1.0,0.0
Twiggy Cracked Tear,Prevents rune loss on death for 180 seconds,,Prevents rune loss on death for 180 seconds,-1.0,-1.0,0.0,0.0,0.0,0.0,0.0,0.0,0.0,0.0,1.0,1.0,1.0,1.0,1.0,1.0,1.0,1.0,1.0,1.0,1.0,1.0,1.0,1.0,1.0,1.0,1.0,1.0,1.0,1.0,1.0,1.0,0.0,0.0,0.0,0.0,0.0,0.0,0.0,1.0,1.0,1.0,1.0,1.0,0.0
Winged Crystal Tear,Increases equip load by 4.5x for 180 seconds,,Increases equip load by 4.5x for 180 seconds,-1.0,-1.0,0.0,0.0,0.0,0.0,0.0,0.0,0.0,0.0,1.0,1.0,1.0,4.5,1.0,1.0,1.0,1.0,1.0,1.0,1.0,1.0,1.0,1.0,1.0,1.0,1.0,1.0,1.0,1.0,1.0,1.0,0.0,0.0,0.0,0.0,0.0,0.0,0.0,1.0,1.0,1.0,1.0,1.0,0.0
Windy Crystal Tear,"Adds 3 iframes (30 fps) to roll, but decreases damage negations by -15% for 180 (iframe bonus does not stack with Crucible Feather Talisman)",,"Adds 3 iframes (30 fps) to roll, but decreases damage negations by -15% for 180 (iframe bonus does not stack with Crucible Feather Talisman)",-1.0,-1.0,0.0,0.0,0.0,0.0,0.0,0.0,0.0,0.0,1.0,1.0,1.0,1.0,1.15,1.15,1.15,1.15,1.15,1.15,1.15,1.15,1.0,1.0,1.0,1.0,1.0,1.0,1.0,1.0,1.0,1.0,0.0,0.0,0.0,0.0,0.0,0.0,0.0,1.0,1.0,1.0,1.0,1.0,0.0
Glovewort Crystal Tear,Increases spirit ash damage by 1.075x for 180 seconds,,Increases spirit ash damage by 1.075x for 180 seconds,-1.0,-1.0,0.0,0.0,0.0,0.0,0.0,0.0,0.0,0.0,1.0,1.0,1.0,1.0,1.0,1.0,1.0,1.0,1.0,1.0,1.0,1.0,1.0,1.0,1.0,1.0,1.0,1.0,1.0,1.0,1.0,1.0,0.0,0.0,0.0,0.0,0.0,0.0,0.0,1.0,1.0,1.0,1.0,1.0,0.0
Crimson Bubbletear,Restores ⌊MaxHP * 0.3⌋ HP when less than 20% MaxHP for 180 seconds; the effect is removed when triggered (156 HP),Restores ⌊MaxHP * 0.3⌋ HP when less than 20% MaxHP for 180 seconds; the effect is removed when triggered (156 HP),Restores ⌊MaxHP * 0.3⌋ HP when less than 20% MaxHP for 180 seconds; the effect is removed when triggered,-1.0,20.0,0.0,0.0,0.0,0.0,0.0,0.0,0.0,0.0,1.0,1.0,1.0,1.0,1.0,1.0,1.0,1.0,1.0,1.0,1.0,1.0,1.0,1.0,1.0,1.0,1.0,1.0,1.0,1.0,1.0,1.0,0.0,0.0,0.0,0.0,0.0,0.0,0.0,1.0,1.0,1.0,1.0,1.0,0.0
Crimsonwhorl Bubbletear,Restores ⌊MaxHP * 0.05⌋ HP when hit for 15 seconds (26 HP),Restores ⌊MaxHP * 0.05⌋ HP when hit for 15 seconds (26 HP),Restores ⌊MaxHP * 0.05⌋ HP when hit for 15 seconds,-1.0,-1.0,0.0,0.0,0.0,0.0,0.0,0.0,0.0,0.0,1.0,1.0,1.0,1.0,1.0,1.0,1.0,1.0,1.0,1.0,1.0,1.0,1.0,1.0,1.0,1.0,1.0,1.0,1.0,1.0,1.0,1.0,0.0,0.0,0.0,0.0,0.0,0.0,0.0,1.0,1.0,1.0,1.0,1.0,0.0
Opaline Bubbletear,Increases damage negations by 90% for 180 seconds; the effect is removed when hit,,Increases damage negations by 90% for 180 seconds; the effect is removed when hit,-1.0,-1.0,0.0,0.0,0.0,0.0,0.0,0.0,0.0,0.0,1.0,1.0,1.0,1.0,0.1,0.1,0.1,0.1,0.1,0.1,0.1,0.1,1.0,1.0,1.0,1.0,1.0,1.0,1.0,1.0,1.0,1.0,0.0,0.0,0.0,0.0,0.0,0.0,0.0,1.0,1.0,1.0,1.0,1.0,0.0
Cerulean Hidden Tear,Disables FP consumption for 10 seconds,,Disables FP consumption for 10 seconds,-1.0,-1.0,0.0,0.0,0.0,0.0,0.0,0.0,0.0,0.0,1.0,1.0,1.0,1.0,1.0,1.0,1.0,1.0,1.0,1.0,1.0,1.0,1.0,1.0,1.0,1.0,1.0,1.0,1.0,1.0,1.0,1.0,0.0,0.0,0.0,0.0,0.0,0.0,0.0,1.0,1.0,1.0,1.0,1.0,0.0
Viridian Hidden Tear,Disables stamina consumption for 15 seconds,,Disables stamina consumption for 15 seconds,-1.0,-1.0,0.0,0.0,0.0,0.0,0.0,0.0,0.0,0.0,1.0,1.0,1.0,1.0,1.0,1.0,1.0,1.0,1.0,1.0,1.0,1.0,1.0,1.0,1.0,1.0,1.0,1.0,1.0,1.0,1.0,1.0,0.0,0.0,0.0,0.0,0.0,0.0,0.0,1.0,1.0,1.0,1.0,1.0,0.0
Purifying Crystal Tear,"Prevents blood loss during Mohg, Lord of Blood's phase 2 transition",,"Prevents blood loss during Mohg, Lord of Blood's phase 2 transition",-1.0,-1.0,0.0,0.0,0.0,0.0,0.0,0.0,0.0,0.0,1.0,1.0,1.0,1.0,1.0,1.0,1.0,1.0,1.0,1.0,1.0,1.0,1.0,1.0,1.0,1.0,1.0,1.0,1.0,1.0,1.0,1.0,0.0,0.0,0.0,0.0,0.0,0.0,0.0,1.0,1.0,1.0,1.0,1.0,0.0
Ruptured Crystal Tear 1,"Explode after 2.7 seconds; 800 holy attack power, 135 stamina damage, 10 poise damage, and 300 self-damage",,"Explode after 2.7 seconds; 800 holy attack power, 135 stamina damage, 10 poise damage, and 300 self-damage",-1.0,-1.0,0.0,0.0,0.0,0.0,0.0,0.0,0.0,0.0,1.0,1.0,1.0,1.0,1.0,1.0,1.0,1.0,1.0,1.0,1.0,1.0,1.0,1.0,1.0,1.0,1.0,1.0,1.0,1.0,1.0,1.0,0.0,0.0,0.0,0.0,0.0,0.0,0.0,1.0,1.0,1.0,1.0,1.0,0.0
Ruptured Crystal Tear 2,"Explode after 2.9 seconds; 800 holy attack power, 135 stamina damage, 10 poise damage, and 300 self-damage",,"Explode after 2.9 seconds; 800 holy attack power, 135 stamina damage, 10 poise damage, and 300 self-damage",-1.0,-1.0,0.0,0.0,0.0,0.0,0.0,0.0,0.0,0.0,1.0,1.0,1.0,1.0,1.0,1.0,1.0,1.0,1.0,1.0,1.0,1.0,1.0,1.0,1.0,1.0,1.0,1.0,1.0,1.0,1.0,1.0,0.0,0.0,0.0,0.0,0.0,0.0,0.0,1.0,1.0,1.0,1.0,1.0,0.0
Oil-Soaked Tear,User and enemies within 1m have oil applied to them that decreases fire damage negation by -20%,,User and enemies within 1m have oil applied to them that decreases fire damage negation by -20%,-1.0,-1.0,0.0,0.0,0.0,0.0,0.0,0.0,0.0,0.0,1.0,1.0,1.0,1.0,1.0,1.0,1.0,1.0,1.0,1.0,1.0,1.0,1.0,1.0,1.0,1.0,1.0,1.0,1.0,1.0,1.0,1.0,0.0,0.0,0.0,0.0,0.0,0.0,0.0,1.0,1.0,1.0,1.0,1.0,0.0
,,,,,,,,,,,,,,,,,,,,,,,,,,,,,,,,,,,,,,,,,,,,,,,,
Starlight Shards,Regenerates 2 FP/s for 60 seconds,,Regenerates 2 FP/s for 60 seconds,-1.0,-1.0,0.0,0.0,0.0,0.0,0.0,0.0,0.0,0.0,1.0,1.0,1.0,1.0,1.0,1.0,1.0,1.0,1.0,1.0,1.0,1.0,1.0,1.0,1.0,1.0,1.0,1.0,1.0,1.0,1.0,1.0,0.0,0.0,0.0,0.0,0.0,0.0,0.0,1.0,1.0,1.0,1.0,1.0,0.0
Lulling Branch,Regenerates 5 FP and applies 20 sleep buildup every 2 seconds for 60 seconds; sleep triggered by this does not drain FP,,Regenerates 5 FP and applies 20 sleep buildup every 2 seconds for 60 seconds; sleep triggered by this does not drain FP,-1.0,-1.0,0.0,0.0,0.0,0.0,0.0,0.0,0.0,0.0,1.0,1.0,1.0,1.0,1.0,1.0,1.0,1.0,1.0,1.0,1.0,1.0,1.0,1.0,1.0,1.0,1.0,1.0,1.0,1.0,1.0,1.0,0.0,0.0,0.0,0.0,0.0,0.0,0.0,1.0,1.0,1.0,1.0,1.0,0.0
Blessing of Marika,"Restores HP to full, cures all status effects, and removes all status effect buildup",,"Restores HP to full, cures all status effects, and removes all status effect buildup",-1.0,-1.0,0.0,0.0,0.0,0.0,0.0,0.0,0.0,0.0,1.0,1.0,1.0,1.0,1.0,1.0,1.0,1.0,1.0,1.0,1.0,1.0,1.0,1.0,1.0,1.0,1.0,1.0,1.0,1.0,1.0,1.0,0.0,0.0,0.0,0.0,0.0,0.0,0.0,1.0,1.0,1.0,1.0,1.0,0.0
Neutralizing Boluses,Cures poison and removes buildup,,Cures poison and removes buildup,-1.0,-1.0,0.0,0.0,0.0,0.0,0.0,0.0,0.0,0.0,1.0,1.0,1.0,1.0,1.0,1.0,1.0,1.0,1.0,1.0,1.0,1.0,1.0,1.0,1.0,1.0,1.0,1.0,1.0,1.0,1.0,1.0,0.0,0.0,0.0,0.0,0.0,0.0,0.0,1.0,1.0,1.0,1.0,1.0,0.0
Preserving Boluses,Cures scarlet rot and removes buildup,,Cures scarlet rot and removes buildup,-1.0,-1.0,0.0,0.0,0.0,0.0,0.0,0.0,0.0,0.0,1.0,1.0,1.0,1.0,1.0,1.0,1.0,1.0,1.0,1.0,1.0,1.0,1.0,1.0,1.0,1.0,1.0,1.0,1.0,1.0,1.0,1.0,0.0,0.0,0.0,0.0,0.0,0.0,0.0,1.0,1.0,1.0,1.0,1.0,0.0
Stanching Boluses,Removes bleed buildup,,Removes bleed buildup,-1.0,-1.0,0.0,0.0,0.0,0.0,0.0,0.0,0.0,0.0,1.0,1.0,1.0,1.0,1.0,1.0,1.0,1.0,1.0,1.0,1.0,1.0,1.0,1.0,1.0,1.0,1.0,1.0,1.0,1.0,1.0,1.0,0.0,0.0,0.0,0.0,0.0,0.0,0.0,1.0,1.0,1.0,1.0,1.0,0.0
Thawfrost Boluses,Cures frost and removes buildup,,Cures frost and removes buildup,-1.0,-1.0,0.0,0.0,0.0,0.0,0.0,0.0,0.0,0.0,1.0,1.0,1.0,1.0,1.0,1.0,1.0,1.0,1.0,1.0,1.0,1.0,1.0,1.0,1.0,1.0,1.0,1.0,1.0,1.0,1.0,1.0,0.0,0.0,0.0,0.0,0.0,0.0,0.0,1.0,1.0,1.0,1.0,1.0,0.0
Stimulating Boluses,Removes sleep buildup,,Removes sleep buildup,-1.0,-1.0,0.0,0.0,0.0,0.0,0.0,0.0,0.0,0.0,1.0,1.0,1.0,1.0,1.0,1.0,1.0,1.0,1.0,1.0,1.0,1.0,1.0,1.0,1.0,1.0,1.0,1.0,1.0,1.0,1.0,1.0,0.0,0.0,0.0,0.0,0.0,0.0,0.0,1.0,1.0,1.0,1.0,1.0,0.0
Clarifying Boluses,Removes madness buildup,,Removes madness buildup,-1.0,-1.0,0.0,0.0,0.0,0.0,0.0,0.0,0.0,0.0,1.0,1.0,1.0,1.0,1.0,1.0,1.0,1.0,1.0,1.0,1.0,1.0,1.0,1.0,1.0,1.0,1.0,1.0,1.0,1.0,1.0,1.0,0.0,0.0,0.0,0.0,0.0,0.0,0.0,1.0,1.0,1.0,1.0,1.0,0.0
Rejuvenating Boluses,Removes deathblight buildup,,Removes deathblight buildup,-1.0,-1.0,0.0,0.0,0.0,0.0,0.0,0.0,0.0,0.0,1.0,1.0,1.0,1.0,1.0,1.0,1.0,1.0,1.0,1.0,1.0,1.0,1.0,1.0,1.0,1.0,1.0,1.0,1.0,1.0,1.0,1.0,0.0,0.0,0.0,0.0,0.0,0.0,0.0,1.0,1.0,1.0,1.0,1.0,0.0
Spellproof Dried Liver,Increases magic damage negation by 15% (10% in PvP) for 120 seconds,,Increases magic damage negation by 15% (10% in PvP) for 120 seconds,-1.0,-1.0,0.0,0.0,0.0,0.0,0.0,0.0,0.0,0.0,1.0,1.0,1.0,1.0,1.0,1.0,1.0,1.0,1.0,1.0,1.0,1.0,1.0,0.85,1.0,1.0,1.0,1.0,0.9,1.0,1.0,1.0,0.0,0.0,0.0,0.0,0.0,0.0,0.0,1.0,1.0,1.0,1.0,1.0,0.0
Spellproof Pickled Liver,Increases magic damage negation by 25% (12% in PvP) for 120 seconds,,Increases magic damage negation by 25% (12% in PvP) for 120 seconds,-1.0,-1.0,0.0,0.0,0.0,0.0,0.0,0.0,0.0,0.0,1.0,1.0,1.0,1.0,1.0,1.0,1.0,1.0,1.0,1.0,1.0,1.0,1.0,0.75,1.0,1.0,1.0,1.0,0.88,1.0,1.0,1.0,0.0,0.0,0.0,0.0,0.0,0.0,0.0,1.0,1.0,1.0,1.0,1.0,0.0
Fireproof Dried Liver,Increases fire damage negation by 15% (10% in PvP) for 120 seconds,,Increases fire damage negation by 15% (10% in PvP) for 120 seconds,-1.0,-1.0,0.0,0.0,0.0,0.0,0.0,0.0,0.0,0.0,1.0,1.0,1.0,1.0,1.0,1.0,1.0,1.0,1.0,1.0,1.0,1.0,1.0,1.0,0.85,1.0,1.0,1.0,1.0,0.9,1.0,1.0,0.0,0.0,0.0,0.0,0.0,0.0,0.0,1.0,1.0,1.0,1.0,1.0,0.0
Fireproof Pickled Liver,Increases fire damage negation by 25% (12% in PvP) for 120 seconds,,Increases fire damage negation by 25% (12% in PvP) for 120 seconds,-1.0,-1.0,0.0,0.0,0.0,0.0,0.0,0.0,0.0,0.0,1.0,1.0,1.0,1.0,1.0,1.0,1.0,1.0,1.0,1.0,1.0,1.0,1.0,1.0,0.75,1.0,1.0,1.0,1.0,0.88,1.0,1.0,0.0,0.0,0.0,0.0,0.0,0.0,0.0,1.0,1.0,1.0,1.0,1.0,0.0
Lightningproof Dried Liver,Increases lightning damage negation by 15% (10% in PvP) for 120 seconds,,Increases lightning damage negation by 15% (10% in PvP) for 120 seconds,-1.0,-1.0,0.0,0.0,0.0,0.0,0.0,0.0,0.0,0.0,1.0,1.0,1.0,1.0,1.0,1.0,1.0,1.0,1.0,1.0,1.0,1.0,1.0,1.0,1.0,0.85,1.0,1.0,1.0,1.0,0.9,1.0,0.0,0.0,0.0,0.0,0.0,0.0,0.0,1.0,1.0,1.0,1.0,1.0,0.0
Lightningproof Pickled Liver,Increases lightning damage negation by 25% (12% in PvP) for 120 seconds,,Increases lightning damage negation by 25% (12% in PvP) for 120 seconds,-1.0,-1.0,0.0,0.0,0.0,0.0,0.0,0.0,0.0,0.0,1.0,1.0,1.0,1.0,1.0,1.0,1.0,1.0,1.0,1.0,1.0,1.0,1.0,1.0,1.0,0.75,1.0,1.0,1.0,1.0,0.88,1.0,0.0,0.0,0.0,0.0,0.0,0.0,0.0,1.0,1.0,1.0,1.0,1.0,0.0
Holyproof Dried Liver,Increases holy damage negation by 35% (10% in PvP) for 120 seconds,,Increases holy damage negation by 35% (10% in PvP) for 120 seconds,-1.0,-1.0,0.0,0.0,0.0,0.0,0.0,0.0,0.0,0.0,1.0,1.0,1.0,1.0,1.0,1.0,1.0,1.0,1.0,1.0,1.0,1.0,1.0,1.0,1.0,1.0,0.65,1.0,1.0,1.0,1.0,0.9,0.0,0.0,0.0,0.0,0.0,0.0,0.0,1.0,1.0,1.0,1.0,1.0,0.0
Holyproof Pickled Liver,Increases holy damage negation by 25% (12% in PvP) for 120 seconds,,Increases holy damage negation by 25% (12% in PvP) for 120 seconds,-1.0,-1.0,0.0,0.0,0.0,0.0,0.0,0.0,0.0,0.0,1.0,1.0,1.0,1.0,1.0,1.0,1.0,1.0,1.0,1.0,1.0,1.0,1.0,1.0,1.0,1.0,0.75,1.0,1.0,1.0,1.0,0.88,0.0,0.0,0.0,0.0,0.0,0.0,0.0,1.0,1.0,1.0,1.0,1.0,0.0
Opaline Pickled Liver,Increases elemental damage negations by 18% (6% in PvP) for 120 seconds,,Increases elemental damage negations by 18% (6% in PvP) for 120 seconds,-1.0,-1.0,0.0,0.0,0.0,0.0,0.0,0.0,0.0,0.0,1.0,1.0,1.0,1.0,1.0,1.0,1.0,1.0,1.0,1.0,1.0,1.0,1.0,0.82,0.82,0.82,0.82,1.0,0.94,0.94,0.94,0.94,0.0,0.0,0.0,0.0,0.0,0.0,0.0,1.0,1.0,1.0,1.0,1.0,0.0
Immunizing Cured Meat,Increases immunity by 100 for 60 seconds,,Increases immunity by 100 for 60 seconds,-1.0,-1.0,0.0,0.0,0.0,0.0,0.0,0.0,0.0,0.0,1.0,1.0,1.0,1.0,1.0,1.0,1.0,1.0,1.0,1.0,1.0,1.0,1.0,1.0,1.0,1.0,1.0,1.0,1.0,1.0,1.0,1.0,100.0,100.0,0.0,0.0,0.0,0.0,0.0,1.0,1.0,1.0,1.0,1.0,0.0
Invigorating Cured Meat,Increases robustness by 100 for 60 seconds,,Increases robustness by 100 for 60 seconds,-1.0,-1.0,0.0,0.0,0.0,0.0,0.0,0.0,0.0,0.0,1.0,1.0,1.0,1.0,1.0,1.0,1.0,1.0,1.0,1.0,1.0,1.0,1.0,1.0,1.0,1.0,1.0,1.0,1.0,1.0,1.0,1.0,0.0,0.0,100.0,100.0,0.0,0.0,0.0,1.0,1.0,1.0,1.0,1.0,0.0
Clarifying Cured Meat,Increases focus by 100 for 60 seconds,,Increases focus by 100 for 60 seconds,-1.0,-1.0,0.0,0.0,0.0,0.0,0.0,0.0,0.0,0.0,1.0,1.0,1.0,1.0,1.0,1.0,1.0,1.0,1.0,1.0,1.0,1.0,1.0,1.0,1.0,1.0,1.0,1.0,1.0,1.0,1.0,1.0,0.0,0.0,0.0,0.0,100.0,100.0,0.0,1.0,1.0,1.0,1.0,1.0,0.0
Dappled Cured Meat,"Increases immunity, robustness, and focus by 100 for 60 seconds",,"Increases immunity, robustness, and focus by 100 for 60 seconds",-1.0,-1.0,0.0,0.0,0.0,0.0,0.0,0.0,0.0,0.0,1.0,1.0,1.0,1.0,1.0,1.0,1.0,1.0,1.0,1.0,1.0,1.0,1.0,1.0,1.0,1.0,1.0,1.0,1.0,1.0,1.0,1.0,100.0,100.0,100.0,100.0,100.0,100.0,0.0,1.0,1.0,1.0,1.0,1.0,0.0
Immunizing White Cured Meat,Increases immunity by 75 for 120 seconds,,Increases immunity by 75 for 120 seconds,-1.0,-1.0,0.0,0.0,0.0,0.0,0.0,0.0,0.0,0.0,1.0,1.0,1.0,1.0,1.0,1.0,1.0,1.0,1.0,1.0,1.0,1.0,1.0,1.0,1.0,1.0,1.0,1.0,1.0,1.0,1.0,1.0,75.0,75.0,0.0,0.0,0.0,0.0,0.0,1.0,1.0,1.0,1.0,1.0,0.0
Invigorating White Cured Meat,Increases robustness by 75 for 120 seconds,,Increases robustness by 75 for 120 seconds,-1.0,-1.0,0.0,0.0,0.0,0.0,0.0,0.0,0.0,0.0,1.0,1.0,1.0,1.0,1.0,1.0,1.0,1.0,1.0,1.0,1.0,1.0,1.0,1.0,1.0,1.0,1.0,1.0,1.0,1.0,1.0,1.0,0.0,0.0,75.0,75.0,0.0,0.0,0.0,1.0,1.0,1.0,1.0,1.0,0.0
Clarifying White Cured Meat,Increases focus by 75 for 120 seconds,,Increases focus by 75 for 120 seconds,-1.0,-1.0,0.0,0.0,0.0,0.0,0.0,0.0,0.0,0.0,1.0,1.0,1.0,1.0,1.0,1.0,1.0,1.0,1.0,1.0,1.0,1.0,1.0,1.0,1.0,1.0,1.0,1.0,1.0,1.0,1.0,1.0,0.0,0.0,0.0,0.0,75.0,75.0,0.0,1.0,1.0,1.0,1.0,1.0,0.0
Dappled White Cured Meat,"Increases immunity, robustness, and focus by 75 for 120 seconds",,"Increases immunity, robustness, and focus by 75 for 120 seconds",-1.0,-1.0,0.0,0.0,0.0,0.0,0.0,0.0,0.0,0.0,1.0,1.0,1.0,1.0,1.0,1.0,1.0,1.0,1.0,1.0,1.0,1.0,1.0,1.0,1.0,1.0,1.0,1.0,1.0,1.0,1.0,1.0,75.0,75.0,75.0,75.0,75.0,75.0,0.0,1.0,1.0,1.0,1.0,1.0,0.0
Pickled Turtle Neck,Increases stamina regeneration by 10/s for 60 seconds,,Increases stamina regeneration by 10/s for 60 seconds,-1.0,-1.0,0.0,0.0,0.0,0.0,0.0,0.0,0.0,0.0,1.0,1.0,1.0,1.0,1.0,1.0,1.0,1.0,1.0,1.0,1.0,1.0,1.0,1.0,1.0,1.0,1.0,1.0,1.0,1.0,1.0,1.0,0.0,0.0,0.0,0.0,0.0,0.0,0.0,1.0,1.0,1.0,1.0,1.0,0.0
Well-Pickled Turtle Neck,Increases stamina regeneration by 13/s for 60 seconds,,Increases stamina regeneration by 13/s for 60 seconds,-1.0,-1.0,0.0,0.0,0.0,0.0,0.0,0.0,0.0,0.0,1.0,1.0,1.0,1.0,1.0,1.0,1.0,1.0,1.0,1.0,1.0,1.0,1.0,1.0,1.0,1.0,1.0,1.0,1.0,1.0,1.0,1.0,0.0,0.0,0.0,0.0,0.0,0.0,0.0,1.0,1.0,1.0,1.0,1.0,0.0
Exalted Flesh,Increases physical damage by 1.2x (1.15x in PvP) for 30 seconds,,Increases physical damage by 1.2x (1.15x in PvP) for 30 seconds,-1.0,-1.0,0.0,0.0,0.0,0.0,0.0,0.0,0.0,0.0,1.0,1.0,1.0,1.0,1.0,1.0,1.0,1.0,1.0,1.0,1.0,1.0,1.0,1.0,1.0,1.0,1.0,1.0,1.0,1.0,1.0,1.0,0.0,0.0,0.0,0.0,0.0,0.0,0.0,1.0,1.0,1.0,1.0,1.0,0.0
Dragon Communion Flesh,"Increases vigor, endurance, strength, and dexterity by 6, but drains 3 HP/s for 90 seconds",,"Increases vigor, endurance, strength, and dexterity by 6, but drains 3 HP/s for 90 seconds",-1.0,-1.0,6.0,0.0,6.0,6.0,6.0,0.0,0.0,0.0,1.0,1.0,1.0,1.0,1.0,1.0,1.0,1.0,1.0,1.0,1.0,1.0,1.0,1.0,1.0,1.0,1.0,1.0,1.0,1.0,1.0,1.0,0.0,0.0,0.0,0.0,0.0,0.0,0.0,1.0,1.0,1.0,1.0,1.0,0.0
Dragonscale Flesh,"Increases vigor, endurance, strength, and dexterity by 8, but drains 4 HP/s for 90 seconds",,"Increases vigor, endurance, strength, and dexterity by 8, but drains 4 HP/s for 90 seconds",-1.0,-1.0,8.0,0.0,8.0,8.0,8.0,0.0,0.0,0.0,1.0,1.0,1.0,1.0,1.0,1.0,1.0,1.0,1.0,1.0,1.0,1.0,1.0,1.0,1.0,1.0,1.0,1.0,1.0,1.0,1.0,1.0,0.0,0.0,0.0,0.0,0.0,0.0,0.0,1.0,1.0,1.0,1.0,1.0,0.0
Fingerprint Nostrum,"Increases mind, intelligence, faith, and arcane by 6, but drains 3 HP/s for 90 seconds",,"Increases mind, intelligence, faith, and arcane by 6, but drains 3 HP/s for 90 seconds",-1.0,-1.0,0.0,6.0,0.0,0.0,0.0,6.0,6.0,6.0,1.0,1.0,1.0,1.0,1.0,1.0,1.0,1.0,1.0,1.0,1.0,1.0,1.0,1.0,1.0,1.0,1.0,1.0,1.0,1.0,1.0,1.0,0.0,0.0,0.0,0.0,0.0,0.0,0.0,1.0,1.0,1.0,1.0,1.0,0.0
Silver-Pickled Fowl Foot,Increases discovery by 50 for 180 seconds,,Increases discovery by 50 for 180 seconds,-1.0,-1.0,0.0,0.0,0.0,0.0,0.0,0.0,0.0,0.0,1.0,1.0,1.0,1.0,1.0,1.0,1.0,1.0,1.0,1.0,1.0,1.0,1.0,1.0,1.0,1.0,1.0,1.0,1.0,1.0,1.0,1.0,0.0,0.0,0.0,0.0,0.0,0.0,0.0,1.0,1.0,1.0,1.0,1.0,0.5
Gold-Pickled Fowl Foot,Increases runes gained by 1.3x runes for 180 seconds,,Increases runes gained by 1.3x runes for 180 seconds,-1.0,-1.0,0.0,0.0,0.0,0.0,0.0,0.0,0.0,0.0,1.0,1.0,1.0,1.0,1.0,1.0,1.0,1.0,1.0,1.0,1.0,1.0,1.0,1.0,1.0,1.0,1.0,1.0,1.0,1.0,1.0,1.0,0.0,0.0,0.0,0.0,0.0,0.0,0.0,1.0,1.0,1.0,1.0,1.0,0.0
Silver Horn Tender,Increases discovery by 60 for 180 seconds,,Increases discovery by 60 for 180 seconds,-1.0,-1.0,0.0,0.0,0.0,0.0,0.0,0.0,0.0,0.0,1.0,1.0,1.0,1.0,1.0,1.0,1.0,1.0,1.0,1.0,1.0,1.0,1.0,1.0,1.0,1.0,1.0,1.0,1.0,1.0,1.0,1.0,0.0,0.0,0.0,0.0,0.0,0.0,0.0,1.0,1.0,1.0,1.0,1.0,0.6
Golden Horn Tender,Increases runes gained by 1.4x runes for 180 seconds,,Increases runes gained by 1.4x runes for 180 seconds,-1.0,-1.0,0.0,0.0,0.0,0.0,0.0,0.0,0.0,0.0,1.0,1.0,1.0,1.0,1.0,1.0,1.0,1.0,1.0,1.0,1.0,1.0,1.0,1.0,1.0,1.0,1.0,1.0,1.0,1.0,1.0,1.0,0.0,0.0,0.0,0.0,0.0,0.0,0.0,1.0,1.0,1.0,1.0,1.0,0.0
Boiled Prawn,Increases physical damage negations by 15% (10% in PvP) for 60 seconds,,Increases physical damage negations by 15% (10% in PvP) for 60 seconds,-1.0,-1.0,0.0,0.0,0.0,0.0,0.0,0.0,0.0,0.0,1.0,1.0,1.0,1.0,1.0,1.0,1.0,1.0,1.0,1.0,1.0,1.0,0.85,1.0,1.0,1.0,1.0,0.9,1.0,1.0,1.0,1.0,0.0,0.0,0.0,0.0,0.0,0.0,0.0,1.0,1.0,1.0,1.0,1.0,0.0
Boiled Crab,Increases physical damage negations by 20% (15% in PvP) for 60 seconds,,Increases physical damage negations by 20% (15% in PvP) for 60 seconds,-1.0,-1.0,0.0,0.0,0.0,0.0,0.0,0.0,0.0,0.0,1.0,1.0,1.0,1.0,1.0,1.0,1.0,1.0,1.0,1.0,1.0,1.0,0.8,1.0,1.0,1.0,1.0,0.85,1.0,1.0,1.0,1.0,0.0,0.0,0.0,0.0,0.0,0.0,0.0,1.0,1.0,1.0,1.0,1.0,0.0
Scorpion Stew,Increases physical damage negations by 10% (8% in PvP) and regenerates 8 HP/s for 60 seconds,,Increases physical damage negations by 10% (8% in PvP) and regenerates 8 HP/s for 60 seconds,-1.0,-1.0,0.0,0.0,0.0,0.0,0.0,0.0,0.0,0.0,1.0,1.0,1.0,1.0,1.0,1.0,1.0,1.0,1.0,1.0,1.0,1.0,0.9,1.0,1.0,1.0,1.0,0.92,1.0,1.0,1.0,1.0,0.0,0.0,0.0,0.0,0.0,0.0,0.0,1.0,1.0,1.0,1.0,1.0,0.0
Gourmet Scorpion Stew,Increases physical damage negations by 10% (8% in PvP) and regenerates 12 HP/s for 60 seconds,,Increases physical damage negations by 10% (8% in PvP) and regenerates 12 HP/s for 60 seconds,-1.0,-1.0,0.0,0.0,0.0,0.0,0.0,0.0,0.0,0.0,1.0,1.0,1.0,1.0,1.0,1.0,1.0,1.0,1.0,1.0,1.0,1.0,0.9,1.0,1.0,1.0,1.0,0.92,1.0,1.0,1.0,1.0,0.0,0.0,0.0,0.0,0.0,0.0,0.0,1.0,1.0,1.0,1.0,1.0,0.0
Raw Meat Dumpling,"Restores ⌊MaxHP * 0.5⌋ HP, but poisons the user",,"Restores ⌊MaxHP * 0.5⌋ HP, but poisons the user",-1.0,-1.0,0.0,0.0,0.0,0.0,0.0,0.0,0.0,0.0,1.0,1.0,1.0,1.0,1.0,1.0,1.0,1.0,1.0,1.0,1.0,1.0,1.0,1.0,1.0,1.0,1.0,1.0,1.0,1.0,1.0,1.0,0.0,0.0,0.0,0.0,0.0,0.0,0.0,1.0,1.0,1.0,1.0,1.0,0.0
Sacred Bloody Flesh,Increases damage by 1.07x and arcane by 10 for for 30 seconds; increases damage further by 1.18x when bleed is triggered within 7m,,Increases damage by 1.07x and arcane by 10 for for 30 seconds; increases damage further by 1.18x when bleed is triggered within 7m,-1.0,-1.0,0.0,0.0,0.0,0.0,0.0,0.0,0.0,10.0,1.0,1.0,1.0,1.0,1.0,1.0,1.0,1.0,1.0,1.0,1.0,1.0,1.0,1.0,1.0,1.0,1.0,1.0,1.0,1.0,1.0,1.0,0.0,0.0,0.0,0.0,0.0,0.0,0.0,1.0,1.0,1.0,1.0,1.0,0.0
Scriptstone,,,,-1.0,-1.0,0.0,0.0,0.0,0.0,0.0,0.0,0.0,0.0,1.0,1.0,1.0,1.0,1.0,1.0,1.0,1.0,1.0,1.0,1.0,1.0,1.0,1.0,1.0,1.0,1.0,1.0,1.0,1.0,1.0,1.0,0.0,0.0,0.0,0.0,0.0,0.0,0.0,1.0,1.0,1.0,1.0,1.0,0.0
Warming Stone,Regenerates 25 HP/s while within 3m; lasts for 30 seconds,,Regenerates 25 HP/s while within 3m; lasts for 30 seconds,-1.0,-1.0,0.0,0.0,0.0,0.0,0.0,0.0,0.0,0.0,1.0,1.0,1.0,1.0,1.0,1.0,1.0,1.0,1.0,1.0,1.0,1.0,1.0,1.0,1.0,1.0,1.0,1.0,1.0,1.0,1.0,1.0,0.0,0.0,0.0,0.0,0.0,0.0,0.0,1.0,1.0,1.0,1.0,1.0,0.0
Sunwarmth Stone,Regenerates 30 HP/s while within 3m; lasts for 30 seconds,,Regenerates 30 HP/s while within 3m; lasts for 30 seconds,-1.0,-1.0,0.0,0.0,0.0,0.0,0.0,0.0,0.0,0.0,1.0,1.0,1.0,1.0,1.0,1.0,1.0,1.0,1.0,1.0,1.0,1.0,1.0,1.0,1.0,1.0,1.0,1.0,1.0,1.0,1.0,1.0,0.0,0.0,0.0,0.0,0.0,0.0,0.0,1.0,1.0,1.0,1.0,1.0,0.0
Frenzyflame Stone,"Regenerates 35 HP/s while within 3m, but applies 15 madness buildup per second to those not aligned with the frenzy flame; lasts for 30 seconds",,"Regenerates 35 HP/s while within 3m, but applies 15 madness buildup per second to those not aligned with the frenzy flame; lasts for 30 seconds",-1.0,-1.0,0.0,0.0,0.0,0.0,0.0,0.0,0.0,0.0,1.0,1.0,1.0,1.0,1.0,1.0,1.0,1.0,1.0,1.0,1.0,1.0,1.0,1.0,1.0,1.0,1.0,1.0,1.0,1.0,1.0,1.0,0.0,0.0,0.0,0.0,0.0,0.0,0.0,1.0,1.0,1.0,1.0,1.0,0.0
Bewitching Branch,Allies the target for 180 seconds,,Allies the target for 180 seconds,-1.0,-1.0,0.0,0.0,0.0,0.0,0.0,0.0,0.0,0.0,1.0,1.0,1.0,1.0,1.0,1.0,1.0,1.0,1.0,1.0,1.0,1.0,1.0,1.0,1.0,1.0,1.0,1.0,1.0,1.0,1.0,1.0,0.0,0.0,0.0,0.0,0.0,0.0,0.0,1.0,1.0,1.0,1.0,1.0,0.0
Charming Branch,Allies the target and surrounding targets within 5.3m for 180 seconds,,Allies the target and surrounding targets within 5.3m for 180 seconds,-1.0,-1.0,0.0,0.0,0.0,0.0,0.0,0.0,0.0,0.0,1.0,1.0,1.0,1.0,1.0,1.0,1.0,1.0,1.0,1.0,1.0,1.0,1.0,1.0,1.0,1.0,1.0,1.0,1.0,1.0,1.0,1.0,0.0,0.0,0.0,0.0,0.0,0.0,0.0,1.0,1.0,1.0,1.0,1.0,0.0
Golden Vow,Increases damage by 1.127x (1.05x in PvP) and damage negations by 8.8% (3.3% in PvP) for 45 seconds,,Increases damage by 1.127x (1.05x in PvP) and damage negations by 8.8% (3.3% in PvP) for 45 seconds,-1.0,-1.0,0.0,0.0,0.0,0.0,0.0,0.0,0.0,0.0,1.0,1.0,1.0,1.0,1.0,1.0,1.0,1.0,1.0,1.0,1.0,1.0,0.912,0.912,0.912,0.912,0.912,0.967,0.967,0.967,0.967,0.967,0.0,0.0,0.0,0.0,0.0,0.0,0.0,1.0,1.0,1.0,1.0,1.0,0.0
Baldachin's Blessing,"Increases physical damage negations by 35% (10% in PvP), decreases incoming poise damage by 0.66x, and prevents stagger from dmgLevel 0, 1, and 8 for 15 seconds",,"Increases physical damage negations by 35% (10% in PvP), decreases incoming poise damage by 0.66x, and prevents stagger from dmgLevel 0, 1, and 8 for 15 seconds",-1.0,-1.0,0.0,0.0,0.0,0.0,0.0,0.0,0.0,0.0,1.0,1.0,1.0,1.0,1.0,1.0,1.0,1.0,1.0,1.0,1.0,1.0,0.65,1.0,1.0,1.0,1.0,0.9,1.0,1.0,1.0,1.0,0.0,0.0,0.0,0.0,0.0,0.0,0.0,1.0,1.0,1.0,1.0,1.0,0.0
Radiant Baldachin's Blessing,"Increases physical damage negations by 35% (10% in PvP), decreases incoming poise damage by 0.55x, and prevents stagger from dmgLevel 0, 1, and 8 for 70 seconds",,"Increases physical damage negations by 35% (10% in PvP), decreases incoming poise damage by 0.55x, and prevents stagger from dmgLevel 0, 1, and 8 for 70 seconds",-1.0,-1.0,0.0,0.0,0.0,0.0,0.0,0.0,0.0,0.0,1.0,1.0,1.0,1.0,1.0,1.0,1.0,1.0,1.0,1.0,1.0,1.0,0.65,1.0,1.0,1.0,1.0,0.9,1.0,1.0,1.0,1.0,0.0,0.0,0.0,0.0,0.0,0.0,0.0,1.0,1.0,1.0,1.0,1.0,0.0
Ancient Dragon's Blessing,Increases damage negations by 10% (5% in PvP) and increases guard damage negations by 20% for 70 seconds,,Increases damage negations by 10% (5% in PvP) and increases guard damage negations by 20% for 70 seconds,-1.0,-1.0,0.0,0.0,0.0,0.0,0.0,0.0,0.0,0.0,1.0,1.0,1.0,1.0,1.0,1.0,1.0,1.0,1.0,1.0,1.0,1.0,1.0,1.0,1.0,1.0,1.0,1.0,1.0,1.0,1.0,1.0,0.0,0.0,0.0,0.0,0.0,0.0,0.0,1.0,1.0,1.0,1.0,1.0,0.0
Fire Grease,Adds 85 fire attack power to weapon for 60 seconds,,Adds 85 fire attack power to weapon for 60 seconds,-1.0,-1.0,0.0,0.0,0.0,0.0,0.0,0.0,0.0,0.0,1.0,1.0,1.0,1.0,1.0,1.0,1.0,1.0,1.0,1.0,1.0,1.0,1.0,1.0,1.0,1.0,1.0,1.0,1.0,1.0,1.0,1.0,0.0,0.0,0.0,0.0,0.0,0.0,0.0,1.0,1.0,1.0,1.0,1.0,0.0
Messmerfire Grease,Adds 120 fire attack power to weapon for 60 seconds,,Adds 120 fire attack power to weapon for 60 seconds,-1.0,-1.0,0.0,0.0,0.0,0.0,0.0,0.0,0.0,0.0,1.0,1.0,1.0,1.0,1.0,1.0,1.0,1.0,1.0,1.0,1.0,1.0,1.0,1.0,1.0,1.0,1.0,1.0,1.0,1.0,1.0,1.0,0.0,0.0,0.0,0.0,0.0,0.0,0.0,1.0,1.0,1.0,1.0,1.0,0.0
Magic Grease,Adds 85 magic attack power to weapon for 60 seconds,,Adds 85 magic attack power to weapon for 60 seconds,-1.0,-1.0,0.0,0.0,0.0,0.0,0.0,0.0,0.0,0.0,1.0,1.0,1.0,1.0,1.0,1.0,1.0,1.0,1.0,1.0,1.0,1.0,1.0,1.0,1.0,1.0,1.0,1.0,1.0,1.0,1.0,1.0,0.0,0.0,0.0,0.0,0.0,0.0,0.0,1.0,1.0,1.0,1.0,1.0,0.0
Royal Magic Grease,Adds 120 magic attack power to weapon for 60 seconds,,Adds 120 magic attack power to weapon for 60 seconds,-1.0,-1.0,0.0,0.0,0.0,0.0,0.0,0.0,0.0,0.0,1.0,1.0,1.0,1.0,1.0,1.0,1.0,1.0,1.0,1.0,1.0,1.0,1.0,1.0,1.0,1.0,1.0,1.0,1.0,1.0,1.0,1.0,0.0,0.0,0.0,0.0,0.0,0.0,0.0,1.0,1.0,1.0,1.0,1.0,0.0
Lightning Grease,Adds 85 lightning attack power to weapon for 60 seconds,,Adds 85 lightning attack power to weapon for 60 seconds,-1.0,-1.0,0.0,0.0,0.0,0.0,0.0,0.0,0.0,0.0,1.0,1.0,1.0,1.0,1.0,1.0,1.0,1.0,1.0,1.0,1.0,1.0,1.0,1.0,1.0,1.0,1.0,1.0,1.0,1.0,1.0,1.0,0.0,0.0,0.0,0.0,0.0,0.0,0.0,1.0,1.0,1.0,1.0,1.0,0.0
Dragonbolt Grease,Adds 120 lightning attack power to weapon for 60 seconds,,Adds 120 lightning attack power to weapon for 60 seconds,-1.0,-1.0,0.0,0.0,0.0,0.0,0.0,0.0,0.0,0.0,1.0,1.0,1.0,1.0,1.0,1.0,1.0,1.0,1.0,1.0,1.0,1.0,1.0,1.0,1.0,1.0,1.0,1.0,1.0,1.0,1.0,1.0,0.0,0.0,0.0,0.0,0.0,0.0,0.0,1.0,1.0,1.0,1.0,1.0,0.0
Holy Grease,Adds 85 holy attack power to weapon for 60 seconds,,Adds 85 holy attack power to weapon for 60 seconds,-1.0,-1.0,0.0,0.0,0.0,0.0,0.0,0.0,0.0,0.0,1.0,1.0,1.0,1.0,1.0,1.0,1.0,1.0,1.0,1.0,1.0,1.0,1.0,1.0,1.0,1.0,1.0,1.0,1.0,1.0,1.0,1.0,0.0,0.0,0.0,0.0,0.0,0.0,0.0,1.0,1.0,1.0,1.0,1.0,0.0
Golden Grease,Adds 120 holy attack power to weapon for 60 seconds,,Adds 120 holy attack power to weapon for 60 seconds,-1.0,-1.0,0.0,0.0,0.0,0.0,0.0,0.0,0.0,0.0,1.0,1.0,1.0,1.0,1.0,1.0,1.0,1.0,1.0,1.0,1.0,1.0,1.0,1.0,1.0,1.0,1.0,1.0,1.0,1.0,1.0,1.0,0.0,0.0,0.0,0.0,0.0,0.0,0.0,1.0,1.0,1.0,1.0,1.0,0.0
Festive Grease,Adds 100 holy attack power to weapon and gives 25 runes on hit for 60 seconds,,Adds 100 holy attack power to weapon and gives 25 runes on hit for 60 seconds,-1.0,-1.0,0.0,0.0,0.0,0.0,0.0,0.0,0.0,0.0,1.0,1.0,1.0,1.0,1.0,1.0,1.0,1.0,1.0,1.0,1.0,1.0,1.0,1.0,1.0,1.0,1.0,1.0,1.0,1.0,1.0,1.0,0.0,0.0,0.0,0.0,0.0,0.0,0.0,1.0,1.0,1.0,1.0,1.0,0.0
Poison Grease,Adds 63 poison buildup to weapon for 60 seconds,,Adds 63 poison buildup to weapon for 60 seconds,-1.0,-1.0,0.0,0.0,0.0,0.0,0.0,0.0,0.0,0.0,1.0,1.0,1.0,1.0,1.0,1.0,1.0,1.0,1.0,1.0,1.0,1.0,1.0,1.0,1.0,1.0,1.0,1.0,1.0,1.0,1.0,1.0,0.0,0.0,0.0,0.0,0.0,0.0,0.0,1.0,1.0,1.0,1.0,1.0,0.0
Rot Grease,Adds 63 scarlet rot buildup to weapon for 60 seconds,,Adds 63 scarlet rot buildup to weapon for 60 seconds,-1.0,-1.0,0.0,0.0,0.0,0.0,0.0,0.0,0.0,0.0,1.0,1.0,1.0,1.0,1.0,1.0,1.0,1.0,1.0,1.0,1.0,1.0,1.0,1.0,1.0,1.0,1.0,1.0,1.0,1.0,1.0,1.0,0.0,0.0,0.0,0.0,0.0,0.0,0.0,1.0,1.0,1.0,1.0,1.0,0.0
Blood Grease,Adds 30 bleed buildup to weapon for 60 seconds,,Adds 30 bleed buildup to weapon for 60 seconds,-1.0,-1.0,0.0,0.0,0.0,0.0,0.0,0.0,0.0,0.0,1.0,1.0,1.0,1.0,1.0,1.0,1.0,1.0,1.0,1.0,1.0,1.0,1.0,1.0,1.0,1.0,1.0,1.0,1.0,1.0,1.0,1.0,0.0,0.0,0.0,0.0,0.0,0.0,0.0,1.0,1.0,1.0,1.0,1.0,0.0
Freezing Grease,Adds 63 frost buildup to weapon for 60 seconds,,Adds 63 frost buildup to weapon for 60 seconds,-1.0,-1.0,0.0,0.0,0.0,0.0,0.0,0.0,0.0,0.0,1.0,1.0,1.0,1.0,1.2,1.2,1.2,1.2,1.2,1.2,1.2,1.2,1.0,1.0,1.0,1.0,1.0,1.0,1.0,1.0,1.0,1.0,0.0,0.0,0.0,0.0,0.0,0.0,0.0,1.0,1.0,1.0,1.0,1.0,0.0
Soporific Grease,Adds 33 sleep buildup to weapon for 60 seconds,,Adds 33 sleep buildup to weapon for 60 seconds,-1.0,-1.0,0.0,0.0,0.0,0.0,0.0,0.0,0.0,0.0,1.0,1.0,1.0,1.0,1.0,1.0,1.0,1.0,1.0,1.0,1.0,1.0,1.0,1.0,1.0,1.0,1.0,1.0,1.0,1.0,1.0,1.0,0.0,0.0,0.0,0.0,0.0,0.0,0.0,1.0,1.0,1.0,1.0,1.0,0.0
Eternal Sleep Grease,Adds 28 eternal sleep buildup to weapon for 60 seconds,,Adds 28 eternal sleep buildup to weapon for 60 seconds,-1.0,-1.0,0.0,0.0,0.0,0.0,0.0,0.0,0.0,0.0,1.0,1.0,1.0,1.0,1.0,1.0,1.0,1.0,1.0,1.0,1.0,1.0,1.0,1.0,1.0,1.0,1.0,1.0,1.0,1.0,1.0,1.0,0.0,0.0,0.0,0.0,0.0,0.0,0.0,1.0,1.0,1.0,1.0,1.0,0.0
Dragonwound Grease,Increases damage by 1.2x to Ancient Draconic enemies and 1.3x to Draconic enemies for 60 seconds,,Increases damage by 1.2x to Ancient Draconic enemies and 1.3x to Draconic enemies for 60 seconds,-1.0,-1.0,0.0,0.0,0.0,0.0,0.0,0.0,0.0,0.0,1.0,1.0,1.0,1.0,1.0,1.0,1.0,1.0,1.0,1.0,1.0,1.0,1.0,1.0,1.0,1.0,1.0,1.0,1.0,1.0,1.0,1.0,0.0,0.0,0.0,0.0,0.0,0.0,0.0,1.0,1.0,1.0,1.0,1.0,0.0
Dragon Communion Grease,Increases damage by 1.28x to Ancient Draconic enemies and 1.38x to Draconic enemies for 60 seconds,,Increases damage by 1.28x to Ancient Draconic enemies and 1.38x to Draconic enemies for 60 seconds,-1.0,-1.0,0.0,0.0,0.0,0.0,0.0,0.0,0.0,0.0,1.0,1.0,1.0,1.0,1.0,1.0,1.0,1.0,1.0,1.0,1.0,1.0,1.0,1.0,1.0,1.0,1.0,1.0,1.0,1.0,1.0,1.0,0.0,0.0,0.0,0.0,0.0,0.0,0.0,1.0,1.0,1.0,1.0,1.0,0.0
Shield Grease,Increases guard damage negations by 20% and decreases incoming stamina damage by 0.65x for 60 seconds,,Increases guard damage negations by 20% and decreases incoming stamina damage by 0.65x for 60 seconds,-1.0,-1.0,0.0,0.0,0.0,0.0,0.0,0.0,0.0,0.0,1.0,1.0,1.0,1.0,0.8,0.8,0.8,0.8,0.8,0.8,0.8,0.8,1.0,1.0,1.0,1.0,1.0,1.0,1.0,1.0,1.0,1.0,0.0,0.0,0.0,0.0,0.0,0.0,0.0,1.0,1.0,1.0,1.0,1.0,0.0
Drawstring Fire Grease,Adds 110 fire attack power to weapon for 11 seconds,,Adds 110 fire attack power to weapon for 11 seconds,-1.0,-1.0,0.0,0.0,0.0,0.0,0.0,0.0,0.0,0.0,1.0,1.0,1.0,1.0,1.0,1.0,1.0,1.0,1.0,1.0,1.0,1.0,1.0,1.0,1.0,1.0,1.0,1.0,1.0,1.0,1.0,1.0,0.0,0.0,0.0,0.0,0.0,0.0,0.0,1.0,1.0,1.0,1.0,1.0,0.0
Drawstring Messmerfire Grease,Adds 135 fire attack power to weapon for 25 seconds,,Adds 135 fire attack power to weapon for 25 seconds,-1.0,-1.0,0.0,0.0,0.0,0.0,0.0,0.0,0.0,0.0,1.0,1.0,1.0,1.0,1.0,1.0,1.0,1.0,1.0,1.0,1.0,1.0,1.0,1.0,1.0,1.0,1.0,1.0,1.0,1.0,1.0,1.0,0.0,0.0,0.0,0.0,0.0,0.0,0.0,1.0,1.0,1.0,1.0,1.0,0.0
Drawstring Magic Grease,Adds 110 magic attack power to weapon for 11 seconds,,Adds 110 magic attack power to weapon for 11 seconds,-1.0,-1.0,0.0,0.0,0.0,0.0,0.0,0.0,0.0,0.0,1.0,1.0,1.0,1.0,1.0,1.0,1.0,1.0,1.0,1.0,1.0,1.0,1.0,1.0,1.0,1.0,1.0,1.0,1.0,1.0,1.0,1.0,0.0,0.0,0.0,0.0,0.0,0.0,0.0,1.0,1.0,1.0,1.0,1.0,0.0
Drawstring Royal Magic Grease,Adds 135 magic attack power to weapon for 25 seconds,,Adds 135 magic attack power to weapon for 25 seconds,-1.0,-1.0,0.0,0.0,0.0,0.0,0.0,0.0,0.0,0.0,1.0,1.0,1.0,1.0,1.0,1.0,1.0,1.0,1.0,1.0,1.0,1.0,1.0,1.0,1.0,1.0,1.0,1.0,1.0,1.0,1.0,1.0,0.0,0.0,0.0,0.0,0.0,0.0,0.0,1.0,1.0,1.0,1.0,1.0,0.0
Drawstring Lightning Grease,Adds 110 lightning attack power to weapon for 11 seconds,,Adds 110 lightning attack power to weapon for 11 seconds,-1.0,-1.0,0.0,0.0,0.0,0.0,0.0,0.0,0.0,0.0,1.0,1.0,1.0,1.0,1.0,1.0,1.0,1.0,1.0,1.0,1.0,1.0,1.0,1.0,1.0,1.0,1.0,1.0,1.0,1.0,1.0,1.0,0.0,0.0,0.0,0.0,0.0,0.0,0.0,1.0,1.0,1.0,1.0,1.0,0.0
Drawstring Dragonbolt Grease,Adds 135 lightning attack power to weapon for 25 seconds,,Adds 135 lightning attack power to weapon for 25 seconds,-1.0,-1.0,0.0,0.0,0.0,0.0,0.0,0.0,0.0,0.0,1.0,1.0,1.0,1.0,1.0,1.0,1.0,1.0,1.0,1.0,1.0,1.0,1.0,1.0,1.0,1.0,1.0,1.0,1.0,1.0,1.0,1.0,0.0,0.0,0.0,0.0,0.0,0.0,0.0,1.0,1.0,1.0,1.0,1.0,0.0
Drawstring Holy Grease,Adds 110 holy attack power to weapon for 11 seconds,,Adds 110 holy attack power to weapon for 11 seconds,-1.0,-1.0,0.0,0.0,0.0,0.0,0.0,0.0,0.0,0.0,1.0,1.0,1.0,1.0,1.0,1.0,1.0,1.0,1.0,1.0,1.0,1.0,1.0,1.0,1.0,1.0,1.0,1.0,1.0,1.0,1.0,1.0,0.0,0.0,0.0,0.0,0.0,0.0,0.0,1.0,1.0,1.0,1.0,1.0,0.0
Drawstring Golden Grease,Adds 135 holy attack power to weapon for 25 seconds,,Adds 135 holy attack power to weapon for 25 seconds,-1.0,-1.0,0.0,0.0,0.0,0.0,0.0,0.0,0.0,0.0,1.0,1.0,1.0,1.0,1.0,1.0,1.0,1.0,1.0,1.0,1.0,1.0,1.0,1.0,1.0,1.0,1.0,1.0,1.0,1.0,1.0,1.0,0.0,0.0,0.0,0.0,0.0,0.0,0.0,1.0,1.0,1.0,1.0,1.0,0.0
Drawstring Poison Grease,Adds 80 poison buildup to weapon for 15 seconds,,Adds 80 poison buildup to weapon for 15 seconds,-1.0,-1.0,0.0,0.0,0.0,0.0,0.0,0.0,0.0,0.0,1.0,1.0,1.0,1.0,1.0,1.0,1.0,1.0,1.0,1.0,1.0,1.0,1.0,1.0,1.0,1.0,1.0,1.0,1.0,1.0,1.0,1.0,0.0,0.0,0.0,0.0,0.0,0.0,0.0,1.0,1.0,1.0,1.0,1.0,0.0
Drawstring Rot Grease,Adds 80 scarlet rot buildup to weapon for 11 seconds,,Adds 80 scarlet rot buildup to weapon for 11 seconds,-1.0,-1.0,0.0,0.0,0.0,0.0,0.0,0.0,0.0,0.0,1.0,1.0,1.0,1.0,1.0,1.0,1.0,1.0,1.0,1.0,1.0,1.0,1.0,1.0,1.0,1.0,1.0,1.0,1.0,1.0,1.0,1.0,0.0,0.0,0.0,0.0,0.0,0.0,0.0,1.0,1.0,1.0,1.0,1.0,0.0
Drawstring Blood Grease,Adds 38 bleed buildup to weapon for 15 seconds,,Adds 38 bleed buildup to weapon for 15 seconds,-1.0,-1.0,0.0,0.0,0.0,0.0,0.0,0.0,0.0,0.0,1.0,1.0,1.0,1.0,1.0,1.0,1.0,1.0,1.0,1.0,1.0,1.0,1.0,1.0,1.0,1.0,1.0,1.0,1.0,1.0,1.0,1.0,0.0,0.0,0.0,0.0,0.0,0.0,0.0,1.0,1.0,1.0,1.0,1.0,0.0
Drawstring Soporific Grease,Adds 42 sleep buildup to weapon for 15 seconds,,Adds 42 sleep buildup to weapon for 15 seconds,-1.0,-1.0,0.0,0.0,0.0,0.0,0.0,0.0,0.0,0.0,1.0,1.0,1.0,1.0,1.0,1.0,1.0,1.0,1.0,1.0,1.0,1.0,1.0,1.0,1.0,1.0,1.0,1.0,1.0,1.0,1.0,1.0,0.0,0.0,0.0,0.0,0.0,0.0,0.0,1.0,1.0,1.0,1.0,1.0,0.0
Drawstring Eternal Sleep Grease,Adds 37 eternal sleep buildup to weapon for 25 seconds,,Adds 37 eternal sleep buildup to weapon for 25 seconds,-1.0,-1.0,0.0,0.0,0.0,0.0,0.0,0.0,0.0,0.0,1.0,1.0,1.0,1.0,1.0,1.0,1.0,1.0,1.0,1.0,1.0,1.0,1.0,1.0,1.0,1.0,1.0,1.0,1.0,1.0,1.0,1.0,0.0,0.0,0.0,0.0,0.0,0.0,0.0,1.0,1.0,1.0,1.0,1.0,0.0
Rowa Raisin,Restores ⌊MaxHP * 0.15⌋ + 300 HP to Torrent,,Restores ⌊MaxHP * 0.15⌋ + 300 HP to Torrent,-1.0,-1.0,0.0,0.0,0.0,0.0,0.0,0.0,0.0,0.0,1.0,1.0,1.0,1.0,1.0,1.0,1.0,1.0,1.0,1.0,1.0,1.0,1.0,1.0,1.0,1.0,1.0,1.0,1.0,1.0,1.0,1.0,0.0,0.0,0.0,0.0,0.0,0.0,0.0,1.0,1.0,1.0,1.0,1.0,0.0
Sweet Raisin,Restores ⌊MaxHP * 0.23⌋ + 450 HP to Torrent,,Restores ⌊MaxHP * 0.23⌋ + 450 HP to Torrent,-1.0,-1.0,0.0,0.0,0.0,0.0,0.0,0.0,0.0,0.0,1.0,1.0,1.0,1.0,1.0,1.0,1.0,1.0,1.0,1.0,1.0,1.0,1.0,1.0,1.0,1.0,1.0,1.0,1.0,1.0,1.0,1.0,0.0,0.0,0.0,0.0,0.0,0.0,0.0,1.0,1.0,1.0,1.0,1.0,0.0
Frozen Raisin,Restores ⌊MaxHP * 0.3⌋ + 600 HP to Torrent,,Restores ⌊MaxHP * 0.3⌋ + 600 HP to Torrent,-1.0,-1.0,0.0,0.0,0.0,0.0,0.0,0.0,0.0,0.0,1.0,1.0,1.0,1.0,1.0,1.0,1.0,1.0,1.0,1.0,1.0,1.0,1.0,1.0,1.0,1.0,1.0,1.0,1.0,1.0,1.0,1.0,0.0,0.0,0.0,0.0,0.0,0.0,0.0,1.0,1.0,1.0,1.0,1.0,0.0
Spirit Raisin,While sprinting on Torrent enemies will be pushed back,,While sprinting on Torrent enemies will be pushed back,-1.0,-1.0,0.0,0.0,0.0,0.0,0.0,0.0,0.0,0.0,1.0,1.0,1.0,1.0,1.0,1.0,1.0,1.0,1.0,1.0,1.0,1.0,1.0,1.0,1.0,1.0,1.0,1.0,1.0,1.0,1.0,1.0,0.0,0.0,0.0,0.0,0.0,0.0,0.0,1.0,1.0,1.0,1.0,1.0,0.0
Soft Cotton,Makes user silent protects from non-lethal fall damage for 20 seconds,,Makes user silent protects from non-lethal fall damage for 20 seconds,-1.0,-1.0,0.0,0.0,0.0,0.0,0.0,0.0,0.0,0.0,1.0,1.0,1.0,1.0,1.0,1.0,1.0,1.0,1.0,1.0,1.0,1.0,1.0,1.0,1.0,1.0,1.0,1.0,1.0,1.0,1.0,1.0,0.0,0.0,0.0,0.0,0.0,0.0,0.0,1.0,1.0,1.0,1.0,1.0,0.0
Soap,Removes blood vfx and reduces poison buildup by -100,,Removes blood vfx and reduces poison buildup by -100,-1.0,-1.0,0.0,0.0,0.0,0.0,0.0,0.0,0.0,0.0,1.0,1.0,1.0,1.0,1.0,1.0,1.0,1.0,1.0,1.0,1.0,1.0,1.0,1.0,1.0,1.0,1.0,1.0,1.0,1.0,1.0,1.0,0.0,0.0,0.0,0.0,0.0,0.0,0.0,1.0,1.0,1.0,1.0,1.0,0.0
Rock Heart (Form Change),Increases damage negations by 10% and increases all resistances by 50,,Increases damage negations by 10% and increases all resistances by 50,-1.0,-1.0,0.0,0.0,0.0,0.0,0.0,0.0,0.0,0.0,1.0,1.0,1.0,1.0,0.9,0.9,0.9,0.9,0.9,0.9,0.9,0.9,1.0,1.0,1.0,1.0,1.0,1.0,1.0,1.0,1.0,1.0,50.0,50.0,50.0,50.0,50.0,50.0,50.0,1.0,1.0,1.0,1.0,1.0,0.0
Rock Heart (Buff),Increases damage by 1.2x (holy bugged in PvP: 1x) with Dragon Communion incantations for 60 seconds,,Increases damage by 1.2x (holy bugged in PvP: 1x) with Dragon Communion incantations for 60 seconds,-1.0,-1.0,0.0,0.0,0.0,0.0,0.0,0.0,0.0,0.0,1.0,1.0,1.0,1.0,1.0,1.0,1.0,1.0,1.0,1.0,1.0,1.0,1.0,1.0,1.0,1.0,1.0,1.0,1.0,1.0,1.0,1.0,0.0,0.0,0.0,0.0,0.0,0.0,0.0,1.0,1.0,1.0,1.0,1.0,0.0
Priestess Heart (Form Change),Increases damage negations by 7% and increases all resistances by 70,,Increases damage negations by 7% and increases all resistances by 70,-1.0,-1.0,0.0,0.0,0.0,0.0,0.0,0.0,0.0,0.0,1.0,1.0,1.0,1.0,0.93,0.93,0.93,0.93,0.93,0.93,0.93,0.93,1.0,1.0,1.0,1.0,1.0,1.0,1.0,1.0,1.0,1.0,70.0,70.0,70.0,70.0,70.0,70.0,70.0,1.0,1.0,1.0,1.0,1.0,0.0
Priestess Heart (Buff),Increases damage by 1.2x (holy bugged in PvP: 1x) with Dragon Cult incantations for 60 seconds,,Increases damage by 1.2x (holy bugged in PvP: 1x) with Dragon Cult incantations for 60 seconds,-1.0,-1.0,0.0,0.0,0.0,0.0,0.0,0.0,0.0,0.0,1.0,1.0,1.0,1.0,1.0,1.0,1.0,1.0,1.0,1.0,1.0,1.0,1.0,1.0,1.0,1.0,1.0,1.0,1.0,1.0,1.0,1.0,0.0,0.0,0.0,0.0,0.0,0.0,0.0,1.0,1.0,1.0,1.0,1.0,0.0
Lamenter's Mask (Form Change),"Increases damage negations by 5% (holy by 20%), increases immunity/robustness/vitality by 30, and increases arcane by 8, but decreases Flask of Crimson Tears restoration by ⌊0.91x⌋ and decreases focus by -50",,"Increases damage negations by 5% (holy by 20%), increases immunity/robustness/vitality by 30, and increases arcane by 8, but decreases Flask of Crimson Tears restoration by ⌊0.91x⌋ and decreases focus by -50",-1.0,-1.0,0.0,0.0,0.0,0.0,0.0,0.0,0.0,8.0,1.0,1.0,1.0,1.0,0.95,0.95,0.95,0.95,0.95,0.95,0.95,0.8,1.0,1.0,1.0,1.0,1.0,1.0,1.0,1.0,1.0,1.0,30.0,30.0,30.0,30.0,-50.0,-50.0,30.0,1.0,1.0,1.0,1.0,1.0,0.0
,,,,,,,,,,,,,,,,,,,,,,,,,,,,,,,,,,,,,,,,,,,,,,,,
Rain,,,,-1.0,-1.0,0.0,0.0,0.0,0.0,0.0,0.0,0.0,0.0,1.0,1.0,1.0,1.0,1.0,1.0,1.0,1.0,1.0,0.9,1.1,1.0,1.0,1.0,1.0,1.0,1.0,1.0,1.0,1.0,1.0,1.0,0.0,0.0,0.0,0.0,0.0,0.0,0.0,1.0,1.0,1.0,1.0,1.0,0.0
Wet,,,,-1.0,-1.0,0.0,0.0,0.0,0.0,0.0,0.0,0.0,0.0,1.0,1.0,1.0,1.0,1.0,1.0,1.0,1.0,1.0,0.9,1.1,1.0,1.0,1.0,1.0,1.0,1.0,1.0,1.0,1.0,1.0,1.0,0.0,0.0,0.0,0.0,0.0,0.0,0.0,1.0,1.0,1.0,1.0,1.0,0.0
