ID,Name,sortId,resistSleep,resistMadness,toughnessCorrectRate,weight,residentSpEffectId,residentSpEffectId2,residentSpEffectId3,resistPoison,resistDisease,resistBlood,resistCurse,protectorCategory,neutralDamageCutRate,slashDamageCutRate,blowDamageCutRate,thrustDamageCutRate,magicDamageCutRate,fireDamageCutRate,thunderDamageCutRate,darkDamageCutRate,resistFreeze
,,(ソートID - ソートID(プログラム内で強化レベルを加味しているので s32 では７桁が限界)),(睡眠耐性 - 睡眠状態異常へのかかりにくさ),(発狂耐性 - 発狂状態異常へのかかりにくさ),(強靭度 補正倍率 - 強靭度の基本値を補正する倍率です),(重量[kg] - 重量[kg].),(常駐特殊効果ID1 - 常駐特殊効果ID1),(常駐特殊効果ID2 - 常駐特殊効果ID2),(常駐特殊効果ID3 - 常駐特殊効果ID3),(毒耐性 - 毒状態異常へのかかりにくさ),(疫病耐性 - 疫病状態異常へのかかりにくさ),(出血耐性 - 出血状態異常へのかかりにくさ),(呪耐性 - 呪い状態異常へのかかりにくさ),(防具カテゴリ - 防具のカテゴリ.),(無属性ダメージ倍率 - 無属性ダメージ倍率),(斬撃ダメージ倍率 - 斬撃ダメージ倍率),(打撃ダメージ倍率 - 打撃ダメージ倍率),(刺突ダメージ倍率 - 刺突ダメージ倍率),(魔法ダメージ倍率 - 魔法ダメージ倍率),(火炎ダメージ倍率 - 火炎ダメージ倍率),(電撃ダメージ倍率 - 電撃ダメージ倍率),(闇ダメージ倍率 - 闇ダメージ倍率),(冷気耐性 - 冷気状態異常へのかかりにくさ)
1000.0,Type 1,99999.0,0.0,0.0,0.0,0.0,-1.0,-1.0,-1.0,0.0,0.0,0.0,0.0,4.0,1.0,1.0,1.0,1.0,1.0,1.0,1.0,1.0,0.0
1100.0,Type 2,99999.0,0.0,0.0,0.0,0.0,-1.0,-1.0,-1.0,0.0,0.0,0.0,0.0,4.0,1.0,1.0,1.0,1.0,1.0,1.0,1.0,1.0,0.0
1200.0,Type 3,99999.0,0.0,0.0,0.0,0.0,-1.0,-1.0,-1.0,0.0,0.0,0.0,0.0,4.0,1.0,1.0,1.0,1.0,1.0,1.0,1.0,1.0,0.0
1300.0,Type 4,99999.0,0.0,0.0,0.0,0.0,-1.0,-1.0,-1.0,0.0,0.0,0.0,0.0,4.0,1.0,1.0,1.0,1.0,1.0,1.0,1.0,1.0,0.0
1400.0,Type 5,99999.0,0.0,0.0,0.0,0.0,-1.0,-1.0,-1.0,0.0,0.0,0.0,0.0,4.0,1.0,1.0,1.0,1.0,1.0,1.0,1.0,1.0,0.0
1500.0,Type 6,99999.0,0.0,0.0,0.0,0.0,-1.0,-1.0,-1.0,0.0,0.0,0.0,0.0,4.0,1.0,1.0,1.0,1.0,1.0,1.0,1.0,1.0,0.0
1600.0,Type 7,99999.0,0.0,0.0,0.0,0.0,-1.0,-1.0,-1.0,0.0,0.0,0.0,0.0,4.0,1.0,1.0,1.0,1.0,1.0,1.0,1.0,1.0,0.0
1700.0,Type 8,99999.0,0.0,0.0,0.0,0.0,-1.0,-1.0,-1.0,0.0,0.0,0.0,0.0,4.0,1.0,1.0,1.0,1.0,1.0,1.0,1.0,1.0,0.0
1800.0,Type 9,99999.0,0.0,0.0,0.0,0.0,-1.0,-1.0,-1.0,0.0,0.0,0.0,0.0,4.0,1.0,1.0,1.0,1.0,1.0,1.0,1.0,1.0,0.0
1900.0,Type 10,99999.0,0.0,0.0,0.0,0.0,-1.0,-1.0,-1.0,0.0,0.0,0.0,0.0,4.0,1.0,1.0,1.0,1.0,1.0,1.0,1.0,1.0,0.0
2000.0,Type 11,99999.0,0.0,0.0,0.0,0.0,-1.0,-1.0,-1.0,0.0,0.0,0.0,0.0,4.0,1.0,1.0,1.0,1.0,1.0,1.0,1.0,1.0,0.0
2100.0,Type 12,99999.0,0.0,0.0,0.0,0.0,-1.0,-1.0,-1.0,0.0,0.0,0.0,0.0,4.0,1.0,1.0,1.0,1.0,1.0,1.0,1.0,1.0,0.0
2200.0,Type 13,99999.0,0.0,0.0,0.0,0.0,-1.0,-1.0,-1.0,0.0,0.0,0.0,0.0,4.0,1.0,1.0,1.0,1.0,1.0,1.0,1.0,1.0,0.0
2300.0,Type 14,99999.0,0.0,0.0,0.0,0.0,-1.0,-1.0,-1.0,0.0,0.0,0.0,0.0,4.0,1.0,1.0,1.0,1.0,1.0,1.0,1.0,1.0,0.0
2400.0,Type 15,99999.0,0.0,0.0,0.0,0.0,-1.0,-1.0,-1.0,0.0,0.0,0.0,0.0,4.0,1.0,1.0,1.0,1.0,1.0,1.0,1.0,1.0,0.0
2500.0,Type 16,99999.0,0.0,0.0,0.0,0.0,-1.0,-1.0,-1.0,0.0,0.0,0.0,0.0,4.0,1.0,1.0,1.0,1.0,1.0,1.0,1.0,1.0,0.0
2600.0,Type 17,99999.0,0.0,0.0,0.0,0.0,-1.0,-1.0,-1.0,0.0,0.0,0.0,0.0,4.0,1.0,1.0,1.0,1.0,1.0,1.0,1.0,1.0,0.0
2700.0,Type 18,99999.0,0.0,0.0,0.0,0.0,-1.0,-1.0,-1.0,0.0,0.0,0.0,0.0,4.0,1.0,1.0,1.0,1.0,1.0,1.0,1.0,1.0,0.0
2800.0,Type 19,99999.0,0.0,0.0,0.0,0.0,-1.0,-1.0,-1.0,0.0,0.0,0.0,0.0,4.0,1.0,1.0,1.0,1.0,1.0,1.0,1.0,1.0,0.0
2900.0,Type 20,99999.0,0.0,0.0,0.0,0.0,-1.0,-1.0,-1.0,0.0,0.0,0.0,0.0,4.0,1.0,1.0,1.0,1.0,1.0,1.0,1.0,1.0,0.0
3000.0,Type 1,99999.0,0.0,0.0,0.0,0.0,-1.0,-1.0,-1.0,0.0,0.0,0.0,0.0,4.0,1.0,1.0,1.0,1.0,1.0,1.0,1.0,1.0,0.0
3100.0,Type 2,99999.0,0.0,0.0,0.0,0.0,-1.0,-1.0,-1.0,0.0,0.0,0.0,0.0,4.0,1.0,1.0,1.0,1.0,1.0,1.0,1.0,1.0,0.0
3200.0,Type 3,99999.0,0.0,0.0,0.0,0.0,-1.0,-1.0,-1.0,0.0,0.0,0.0,0.0,4.0,1.0,1.0,1.0,1.0,1.0,1.0,1.0,1.0,0.0
3300.0,Type 4,99999.0,0.0,0.0,0.0,0.0,-1.0,-1.0,-1.0,0.0,0.0,0.0,0.0,4.0,1.0,1.0,1.0,1.0,1.0,1.0,1.0,1.0,0.0
3400.0,Type 5,99999.0,0.0,0.0,0.0,0.0,-1.0,-1.0,-1.0,0.0,0.0,0.0,0.0,4.0,1.0,1.0,1.0,1.0,1.0,1.0,1.0,1.0,0.0
3500.0,Type 6,99999.0,0.0,0.0,0.0,0.0,-1.0,-1.0,-1.0,0.0,0.0,0.0,0.0,4.0,1.0,1.0,1.0,1.0,1.0,1.0,1.0,1.0,0.0
3600.0,Type 7,99999.0,0.0,0.0,0.0,0.0,-1.0,-1.0,-1.0,0.0,0.0,0.0,0.0,4.0,1.0,1.0,1.0,1.0,1.0,1.0,1.0,1.0,0.0
3700.0,Type 8,99999.0,0.0,0.0,0.0,0.0,-1.0,-1.0,-1.0,0.0,0.0,0.0,0.0,4.0,1.0,1.0,1.0,1.0,1.0,1.0,1.0,1.0,0.0
3800.0,Type 9,99999.0,0.0,0.0,0.0,0.0,-1.0,-1.0,-1.0,0.0,0.0,0.0,0.0,4.0,1.0,1.0,1.0,1.0,1.0,1.0,1.0,1.0,0.0
3900.0,Type 10,99999.0,0.0,0.0,0.0,0.0,-1.0,-1.0,-1.0,0.0,0.0,0.0,0.0,4.0,1.0,1.0,1.0,1.0,1.0,1.0,1.0,1.0,0.0
4000.0,Type 11,99999.0,0.0,0.0,0.0,0.0,-1.0,-1.0,-1.0,0.0,0.0,0.0,0.0,4.0,1.0,1.0,1.0,1.0,1.0,1.0,1.0,1.0,0.0
4100.0,Type 12,99999.0,0.0,0.0,0.0,0.0,-1.0,-1.0,-1.0,0.0,0.0,0.0,0.0,4.0,1.0,1.0,1.0,1.0,1.0,1.0,1.0,1.0,0.0
4200.0,Type 13,99999.0,0.0,0.0,0.0,0.0,-1.0,-1.0,-1.0,0.0,0.0,0.0,0.0,4.0,1.0,1.0,1.0,1.0,1.0,1.0,1.0,1.0,0.0
4300.0,Type 14,99999.0,0.0,0.0,0.0,0.0,-1.0,-1.0,-1.0,0.0,0.0,0.0,0.0,4.0,1.0,1.0,1.0,1.0,1.0,1.0,1.0,1.0,0.0
4400.0,Type 15,99999.0,0.0,0.0,0.0,0.0,-1.0,-1.0,-1.0,0.0,0.0,0.0,0.0,4.0,1.0,1.0,1.0,1.0,1.0,1.0,1.0,1.0,0.0
4500.0,Type 16,99999.0,0.0,0.0,0.0,0.0,-1.0,-1.0,-1.0,0.0,0.0,0.0,0.0,4.0,1.0,1.0,1.0,1.0,1.0,1.0,1.0,1.0,0.0
4600.0,Type 17,99999.0,0.0,0.0,0.0,0.0,-1.0,-1.0,-1.0,0.0,0.0,0.0,0.0,4.0,1.0,1.0,1.0,1.0,1.0,1.0,1.0,1.0,0.0
4700.0,Type 18,99999.0,0.0,0.0,0.0,0.0,-1.0,-1.0,-1.0,0.0,0.0,0.0,0.0,4.0,1.0,1.0,1.0,1.0,1.0,1.0,1.0,1.0,0.0
4800.0,Type 19,99999.0,0.0,0.0,0.0,0.0,-1.0,-1.0,-1.0,0.0,0.0,0.0,0.0,4.0,1.0,1.0,1.0,1.0,1.0,1.0,1.0,1.0,0.0
4900.0,Type 20,99999.0,0.0,0.0,0.0,0.0,-1.0,-1.0,-1.0,0.0,0.0,0.0,0.0,4.0,1.0,1.0,1.0,1.0,1.0,1.0,1.0,1.0,0.0
5000.0,Travel Hairstyle,99999.0,0.0,0.0,0.0,0.0,-1.0,-1.0,-1.0,0.0,0.0,0.0,0.0,4.0,1.0,1.0,1.0,1.0,1.0,1.0,1.0,1.0,0.0
10000.0,Head,99999.0,0.0,0.0,0.0,0.0,-1.0,-1.0,-1.0,0.0,0.0,0.0,0.0,0.0,1.0,1.0,1.0,1.0,1.0,1.0,1.0,1.0,0.0
10100.0,Body,99999.0,0.0,0.0,0.0,0.0,-1.0,-1.0,-1.0,0.0,0.0,0.0,0.0,1.0,1.0,1.0,1.0,1.0,1.0,1.0,1.0,1.0,0.0
10200.0,Arms,99999.0,0.0,0.0,0.0,0.0,-1.0,-1.0,-1.0,0.0,0.0,0.0,0.0,2.0,1.0,1.0,1.0,1.0,1.0,1.0,1.0,1.0,0.0
10300.0,Legs,99999.0,0.0,0.0,0.0,0.0,-1.0,-1.0,-1.0,0.0,0.0,0.0,0.0,3.0,1.0,1.0,1.0,1.0,1.0,1.0,1.0,1.0,0.0
40000.0,Iron Helmet,506010.0,8.0,8.0,0.006,3.8,-1.0,-1.0,-1.0,12.0,12.0,18.0,8.0,0.0,0.956,0.96,0.969,0.958,0.975,0.969,0.977,0.969,18.0
40100.0,Scale Armor,606000.0,11.0,11.0,0.018,8.8,-1.0,-1.0,-1.0,25.0,25.0,46.0,21.0,1.0,0.881,0.876,0.898,0.891,0.929,0.891,0.933,0.92,46.0
40200.0,Iron Gauntlets,705010.0,6.0,6.0,0.004,2.9,-1.0,-1.0,-1.0,8.0,8.0,15.0,4.0,2.0,0.972,0.971,0.977,0.971,0.979,0.977,0.985,0.981,15.0
40300.0,Leather Trousers,803000.0,11.0,11.0,0.011,5.5,-1.0,-1.0,-1.0,16.0,16.0,29.0,7.0,3.0,0.935,0.932,0.946,0.932,0.95,0.946,0.966,0.955,29.0
50000.0,Kaiden Helm,506080.0,9.0,9.0,0.007,4.0,-1.0,-1.0,-1.0,12.0,12.0,22.0,9.0,0.0,0.956,0.956,0.966,0.956,0.969,0.966,0.972,0.969,22.0
50100.0,Kaiden Armor,606020.0,11.0,11.0,0.018,8.8,-1.0,-1.0,-1.0,25.0,25.0,55.0,11.0,1.0,0.881,0.881,0.912,0.881,0.92,0.912,0.929,0.92,55.0
50200.0,Kaiden Gauntlets,705090.0,6.0,6.0,0.004,2.9,-1.0,-1.0,-1.0,8.0,8.0,15.0,6.0,2.0,0.971,0.971,0.979,0.971,0.981,0.979,0.983,0.981,15.0
50300.0,Kaiden Trousers,805080.0,7.0,7.0,0.01,5.1,-1.0,-1.0,-1.0,15.0,15.0,26.0,7.0,3.0,0.935,0.935,0.955,0.935,0.96,0.955,0.962,0.96,26.0
60000.0,Drake Knight Helm,508040.0,9.0,9.0,0.006,4.0,-1.0,-1.0,-1.0,11.0,11.0,20.0,9.0,0.0,0.96,0.958,0.966,0.96,0.964,0.96,0.969,0.964,20.0
60100.0,Drake Knight Armor,608060.0,21.0,21.0,0.019,9.2,-1.0,-1.0,-1.0,25.0,25.0,46.0,21.0,1.0,0.886,0.881,0.905,0.886,0.898,0.886,0.912,0.898,46.0
60200.0,Drake Knight Gauntlets,707030.0,7.0,7.0,0.004,3.1,-1.0,-1.0,-1.0,8.0,8.0,15.0,7.0,2.0,0.972,0.971,0.977,0.972,0.975,0.972,0.979,0.975,15.0
60300.0,Drake Knight Greaves,807030.0,13.0,13.0,0.011,5.7,-1.0,-1.0,-1.0,16.0,16.0,29.0,13.0,3.0,0.935,0.932,0.946,0.935,0.942,0.935,0.95,0.942,29.0
61000.0,Drake Knight Helm (Altered),508050.0,7.0,7.0,0.006,3.6,-1.0,-1.0,-1.0,9.0,9.0,16.0,7.0,0.0,0.964,0.962,0.971,0.964,0.968,0.964,0.974,0.968,16.0
61100.0,Drake Knight Armor (Altered),608070.0,10.0,10.0,0.016,8.3,-1.0,-1.0,-1.0,21.0,21.0,34.0,10.0,1.0,0.888,0.888,0.914,0.893,0.92,0.905,0.933,0.92,34.0
80000.0,Scaled Helm,509050.0,16.0,16.0,0.011,6.8,-1.0,-1.0,-1.0,24.0,24.0,35.0,16.0,0.0,0.942,0.939,0.95,0.942,0.952,0.95,0.954,0.952,35.0
80100.0,Scaled Armor,609060.0,38.0,38.0,0.033,16.0,-1.0,-1.0,-1.0,57.0,57.0,83.0,38.0,1.0,0.84,0.832,0.861,0.84,0.865,0.859,0.87,0.865,83.0
80200.0,Scaled Gauntlets,708030.0,13.0,13.0,0.007,5.3,-1.0,-1.0,-1.0,19.0,19.0,28.0,13.0,2.0,0.96,0.958,0.966,0.96,0.967,0.965,0.968,0.967,28.0
80300.0,Scaled Greaves,808030.0,24.0,24.0,0.02,9.9,-1.0,-1.0,-1.0,35.0,35.0,51.0,24.0,3.0,0.908,0.904,0.92,0.908,0.923,0.919,0.926,0.923,51.0
81100.0,Scaled Armor (Altered),609070.0,29.0,29.0,0.03,15.0,-1.0,-1.0,-1.0,45.0,45.0,64.0,29.0,1.0,0.847,0.84,0.866,0.847,0.872,0.867,0.876,0.872,64.0
90000.0,Perfumer Hood,502000.0,27.0,27.0,0.003,1.7,-1.0,-1.0,-1.0,26.0,26.0,8.0,29.0,0.0,0.986,0.982,0.979,0.986,0.954,0.958,0.956,0.954,8.0
90100.0,Perfumer Robe,602000.0,71.0,71.0,0.01,5.1,-1.0,-1.0,-1.0,63.0,63.0,21.0,76.0,1.0,0.947,0.939,0.933,0.947,0.87,0.876,0.874,0.87,21.0
90200.0,Perfumer Gloves,702000.0,21.0,21.0,0.002,1.4,-1.0,-1.0,-1.0,20.0,20.0,6.0,22.0,2.0,0.99,0.987,0.985,0.99,0.968,0.971,0.969,0.968,6.0
90300.0,Perfumer Sarong,802000.0,39.0,39.0,0.004,2.5,-1.0,-1.0,-1.0,37.0,37.0,11.0,41.0,3.0,0.977,0.97,0.966,0.977,0.927,0.932,0.929,0.927,11.0
91100.0,Perfumer Robe (Altered),602010.0,63.0,57.0,0.008,4.1,-1.0,-1.0,-1.0,54.0,54.0,18.0,67.0,1.0,0.958,0.947,0.939,0.958,0.872,0.881,0.876,0.872,18.0
100000.0,Traveler's Hat,502010.0,29.0,29.0,0.003,1.7,-1.0,-1.0,-1.0,23.0,23.0,9.0,27.0,0.0,0.982,0.986,0.982,0.991,0.954,0.954,0.956,0.954,9.0
100100.0,Perfumer's Traveling Garb,602020.0,76.0,76.0,0.01,5.1,-1.0,-1.0,-1.0,57.0,57.0,23.0,71.0,1.0,0.939,0.947,0.939,0.958,0.87,0.87,0.874,0.87,23.0
100200.0,Traveler's Gloves,702010.0,22.0,22.0,0.002,1.4,-1.0,-1.0,-1.0,18.0,18.0,7.0,21.0,2.0,0.987,0.99,0.987,0.994,0.968,0.968,0.969,0.968,7.0
100300.0,Traveler's Slops,802010.0,41.0,41.0,0.005,2.5,-1.0,-1.0,-1.0,34.0,34.0,13.0,39.0,3.0,0.97,0.977,0.97,0.985,0.927,0.927,0.929,0.927,13.0
101100.0,Perfumer's Traveling Garb (Altered),602030.0,67.0,67.0,0.008,4.1,-1.0,-1.0,-1.0,55.0,55.0,21.0,63.0,1.0,0.947,0.958,0.947,0.973,0.872,0.872,0.876,0.872,21.0
120000.0,Alberich's Pointed Hat,501100.0,29.0,29.0,0.002,1.7,6012000.0,-1.0,-1.0,16.0,16.0,10.0,31.0,0.0,0.982,0.982,0.986,0.982,0.954,0.958,0.956,0.954,10.0
120100.0,Alberich's Robe,601100.0,67.0,67.0,0.007,4.1,6012010.0,-1.0,-1.0,38.0,38.0,23.0,71.0,1.0,0.947,0.947,0.958,0.947,0.872,0.881,0.876,0.872,23.0
120200.0,Alberich's Bracers,701050.0,22.0,22.0,0.001,1.4,6012020.0,-1.0,-1.0,13.0,13.0,8.0,24.0,2.0,0.987,0.987,0.99,0.987,0.968,0.971,0.969,0.968,8.0
120300.0,Alberich's Trousers,801050.0,41.0,41.0,0.005,2.5,-1.0,-1.0,-1.0,26.0,26.0,14.0,44.0,3.0,0.97,0.97,0.977,0.97,0.927,0.932,0.928,0.927,14.0
121000.0,Alberich's Pointed Hat (Altered),501110.0,23.0,23.0,0.001,1.0,6012000.0,-1.0,-1.0,12.0,12.0,7.0,24.0,0.0,0.991,0.991,0.998,0.991,0.956,0.962,0.96,0.956,7.0
121100.0,Alberich's Robe (Altered),601110.0,57.0,57.0,0.005,3.2,-1.0,-1.0,-1.0,32.0,32.0,19.0,61.0,1.0,0.958,0.958,0.973,0.958,0.874,0.886,0.881,0.874,19.0
130000.0,Spellblade's Pointed Hat,501090.0,25.0,25.0,0.002,1.5,6013000.0,-1.0,-1.0,15.0,15.0,8.0,27.0,0.0,0.987,0.987,0.992,0.987,0.955,0.961,0.959,0.955,8.0
130100.0,Spellblade's Traveling Attire,601080.0,59.0,59.0,0.007,3.3,6013010.0,-1.0,-1.0,35.0,35.0,17.0,63.0,1.0,0.959,0.959,0.974,0.959,0.873,0.887,0.882,0.873,17.0
130200.0,Spellblade's Gloves,701040.0,19.0,19.0,0.001,1.2,6013020.0,-1.0,-1.0,11.0,11.0,6.0,20.0,2.0,0.991,0.991,0.995,0.991,0.969,0.973,0.972,0.969,6.0
130300.0,Spellblade's Trousers,801040.0,38.0,38.0,0.005,2.6,6013030.0,-1.0,-1.0,25.0,25.0,13.0,41.0,3.0,0.971,0.971,0.978,0.971,0.927,0.933,0.93,0.927,13.0
131100.0,Spellblade's Traveling Attire (Altered),601090.0,54.0,54.0,0.005,2.5,6013110.0,-1.0,-1.0,32.0,32.0,10.0,57.0,1.0,0.974,0.974,0.995,0.974,0.874,0.891,0.886,0.874,10.0
140000.0,Bull-Goat Helm,510020.0,20.0,20.0,0.015,11.3,-1.0,-1.0,-1.0,31.0,31.0,35.0,23.0,0.0,0.925,0.933,0.926,0.933,0.953,0.952,0.947,0.954,35.0
140100.0,Bull-Goat Armor,610020.0,46.0,46.0,0.047,26.5,-1.0,-1.0,-1.0,71.0,71.0,83.0,55.0,1.0,0.796,0.817,0.798,0.817,0.867,0.865,0.851,0.872,83.0
140200.0,Bull-Goat Gauntlets,709010.0,15.0,15.0,0.01,8.8,-1.0,-1.0,-1.0,24.0,24.0,28.0,18.0,2.0,0.948,0.954,0.948,0.954,0.967,0.967,0.963,0.968,28.0
140300.0,Bull-Goat Greaves,809010.0,29.0,29.0,0.028,16.4,-1.0,-1.0,-1.0,44.0,44.0,51.0,34.0,3.0,0.881,0.894,0.882,0.894,0.924,0.923,0.915,0.927,51.0
150000.0,Iron Kasa,506110.0,24.0,24.0,0.006,3.8,-1.0,-1.0,-1.0,30.0,30.0,23.0,24.0,0.0,0.964,0.958,0.964,0.964,0.96,0.958,0.956,0.96,23.0
150100.0,Ronin's Armor,606060.0,52.0,52.0,0.016,8.5,-1.0,-1.0,-1.0,66.0,66.0,48.0,57.0,1.0,0.895,0.888,0.895,0.895,0.881,0.876,0.866,0.881,48.0
150200.0,Ronin's Gauntlets,705120.0,20.0,20.0,0.004,3.1,-1.0,-1.0,-1.0,25.0,25.0,19.0,21.0,2.0,0.973,0.972,0.973,0.973,0.971,0.969,0.968,0.971,19.0
150300.0,Ronin's Greaves,805110.0,36.0,36.0,0.011,5.7,-1.0,-1.0,-1.0,46.0,46.0,35.0,38.0,3.0,0.938,0.935,0.938,0.938,0.932,0.929,0.927,0.932,35.0
151100.0,Ronin's Armor (Altered),606070.0,42.0,42.0,0.015,7.6,-1.0,-1.0,-1.0,54.0,54.0,38.0,45.0,1.0,0.912,0.905,0.912,0.912,0.898,0.891,0.881,0.898,38.0
160000.0,Guilty Hood,500110.0,27.0,27.0,0.002,1.4,-1.0,-1.0,-1.0,15.0,15.0,9.0,31.0,0.0,0.991,0.982,0.986,0.998,0.956,0.96,0.955,0.954,9.0
160100.0,Cloth Garb,600000.0,60.0,60.0,0.005,3.2,-1.0,-1.0,-1.0,42.0,42.0,23.0,60.0,1.0,0.947,0.973,0.958,0.958,0.872,0.876,0.881,0.876,23.0
160300.0,Cloth Trousers,800000.0,37.0,37.0,0.003,2.0,-1.0,-1.0,-1.0,26.0,26.0,14.0,37.0,3.0,0.97,0.985,0.977,0.977,0.927,0.929,0.932,0.929,14.0
170000.0,Black Wolf Mask,503180.0,11.0,11.0,0.009,5.9,-1.0,-1.0,-1.0,16.0,16.0,33.0,11.0,0.0,0.948,0.948,0.954,0.945,0.96,0.955,0.964,0.958,33.0
170100.0,Blaidd's Armor,608080.0,25.0,25.0,0.028,13.7,-1.0,-1.0,-1.0,38.0,38.0,76.0,25.0,1.0,0.854,0.854,0.871,0.847,0.886,0.874,0.898,0.881,76.0
170200.0,Blaidd's Gauntlets,707040.0,8.0,8.0,0.006,4.6,-1.0,-1.0,-1.0,13.0,13.0,21.0,8.0,2.0,0.964,0.964,0.968,0.962,0.972,0.968,0.973,0.971,21.0
170300.0,Blaidd's Greaves,807040.0,16.0,16.0,0.017,8.5,-1.0,-1.0,-1.0,24.0,24.0,39.0,16.0,3.0,0.916,0.916,0.927,0.912,0.935,0.927,0.938,0.932,39.0
171100.0,Blaidd's Armor (Altered),608090.0,22.0,22.0,0.027,12.5,-1.0,-1.0,-1.0,32.0,32.0,57.0,21.0,1.0,0.86,0.86,0.876,0.854,0.891,0.876,0.905,0.886,57.0
180000.0,Black Knife Hood,506200.0,9.0,9.0,0.006,3.8,-1.0,-1.0,-1.0,11.0,11.0,18.0,9.0,0.0,0.962,0.958,0.964,0.958,0.972,0.969,0.979,0.962,18.0
180100.0,Black Knife Armor,606150.0,23.0,23.0,0.019,9.2,6018010.0,-1.0,-1.0,28.0,28.0,46.0,23.0,1.0,0.886,0.876,0.891,0.876,0.912,0.905,0.933,0.886,46.0
180200.0,Black Knife Gauntlets,705180.0,8.0,8.0,0.004,3.1,-1.0,-1.0,-1.0,9.0,9.0,15.0,8.0,2.0,0.972,0.969,0.973,0.969,0.979,0.977,0.984,0.972,15.0
180300.0,Black Knife Greaves,805170.0,14.0,14.0,0.011,5.7,-1.0,-1.0,-1.0,17.0,17.0,29.0,14.0,3.0,0.935,0.929,0.938,0.929,0.95,0.946,0.962,0.935,29.0
181100.0,Black Knife Armor (Altered),606160.0,21.0,21.0,0.019,9.0,-1.0,-1.0,-1.0,25.0,25.0,42.0,21.0,1.0,0.887,0.877,0.892,0.877,0.913,0.906,0.934,0.887,42.0
190000.0,Exile Hood,506070.0,9.0,9.0,0.006,4.0,-1.0,-1.0,-1.0,12.0,12.0,23.0,8.0,0.0,0.956,0.954,0.966,0.956,0.972,0.962,0.977,0.966,23.0
190100.0,Exile Armor,606010.0,21.0,21.0,0.019,9.2,-1.0,-1.0,-1.0,28.0,28.0,55.0,18.0,1.0,0.876,0.871,0.905,0.876,0.92,0.891,0.933,0.905,55.0
190200.0,Exile Gauntlets,705080.0,6.0,6.0,0.004,2.9,-1.0,-1.0,-1.0,8.0,8.0,17.0,4.0,2.0,0.971,0.969,0.979,0.971,0.983,0.975,0.985,0.979,17.0
190300.0,Exile Greaves,805070.0,13.0,13.0,0.011,5.7,-1.0,-1.0,-1.0,17.0,17.0,34.0,11.0,3.0,0.929,0.926,0.946,0.929,0.955,0.938,0.962,0.946,34.0
200000.0,Banished Knight Helm,509000.0,16.0,16.0,0.011,7.5,-1.0,-1.0,-1.0,26.0,26.0,35.0,18.0,0.0,0.932,0.93,0.946,0.937,0.952,0.952,0.954,0.953,35.0
200100.0,Banished Knight Armor,609000.0,38.0,38.0,0.034,17.5,-1.0,-1.0,-1.0,60.0,60.0,83.0,42.0,1.0,0.813,0.808,0.85,0.825,0.865,0.865,0.87,0.867,83.0
200200.0,Banished Knight Gauntlets,708000.0,13.0,13.0,0.007,5.8,-1.0,-1.0,-1.0,20.0,20.0,28.0,14.0,2.0,0.953,0.951,0.963,0.956,0.967,0.967,0.968,0.967,28.0
200300.0,Banished Knight Greaves,808000.0,24.0,24.0,0.02,10.8,-1.0,-1.0,-1.0,37.0,37.0,51.0,26.0,3.0,0.892,0.889,0.914,0.899,0.923,0.923,0.926,0.924,51.0
201000.0,Banished Knight Helm (Altered),509010.0,13.0,13.0,0.011,7.1,-1.0,-1.0,-1.0,21.0,21.0,30.0,14.0,0.0,0.933,0.932,0.948,0.939,0.953,0.953,0.954,0.954,30.0
201100.0,Banished Knight Armor (Altered),609010.0,32.0,32.0,0.033,16.5,-1.0,-1.0,-1.0,52.0,52.0,69.0,34.0,1.0,0.817,0.813,0.856,0.832,0.867,0.867,0.872,0.87,69.0
202100.0,,999999.0,38.0,38.0,0.034,17.5,-1.0,-1.0,-1.0,60.0,60.0,83.0,42.0,1.0,0.813,0.808,0.85,0.825,0.865,0.865,0.87,0.867,83.0
210000.0,Briar Helm,508060.0,10.0,10.0,0.009,5.1,6021000.0,-1.0,-1.0,15.0,15.0,31.0,10.0,0.0,0.954,0.952,0.96,0.956,0.962,0.956,0.969,0.962,31.0
210100.0,Briar Armor,608100.0,24.0,24.0,0.021,11.8,6021010.0,-1.0,-1.0,35.0,35.0,71.0,24.0,1.0,0.871,0.865,0.886,0.876,0.891,0.876,0.912,0.891,71.0
210200.0,Briar Gauntlets,707050.0,8.0,8.0,0.005,3.9,6021020.0,-1.0,-1.0,12.0,12.0,24.0,8.0,2.0,0.968,0.967,0.972,0.969,0.973,0.969,0.979,0.973,24.0
210300.0,Briar Greaves,807050.0,15.0,15.0,0.012,7.3,6021030.0,-1.0,-1.0,22.0,22.0,44.0,15.0,3.0,0.926,0.923,0.935,0.929,0.938,0.929,0.95,0.938,44.0
211100.0,Briar Armor (Altered),608110.0,21.0,21.0,0.019,10.7,6021110.0,-1.0,-1.0,29.0,29.0,61.0,21.0,1.0,0.876,0.876,0.891,0.881,0.898,0.886,0.929,0.905,61.0
220000.0,Page Hood,500050.0,29.0,29.0,0.002,1.4,-1.0,-1.0,-1.0,15.0,15.0,8.0,29.0,0.0,0.982,0.991,0.986,0.991,0.956,0.958,0.955,0.955,8.0
220100.0,Page Garb,600100.0,83.0,83.0,0.01,5.1,-1.0,-1.0,-1.0,42.0,42.0,23.0,83.0,1.0,0.933,0.947,0.939,0.947,0.872,0.874,0.87,0.87,23.0
220300.0,Page Trousers,800050.0,44.0,44.0,0.005,2.5,-1.0,-1.0,-1.0,24.0,24.0,13.0,44.0,3.0,0.966,0.977,0.97,0.977,0.928,0.929,0.927,0.927,13.0
221100.0,Page Garb (Altered),600110.0,64.0,64.0,0.008,4.5,-1.0,-1.0,-1.0,34.0,34.0,19.0,64.0,1.0,0.937,0.956,0.945,0.956,0.872,0.874,0.87,0.87,19.0
230000.0,Night's Cavalry Helm,509020.0,10.0,10.0,0.008,5.5,-1.0,-1.0,-1.0,16.0,16.0,24.0,10.0,0.0,0.95,0.95,0.954,0.952,0.962,0.955,0.962,0.955,24.0
230100.0,Night's Cavalry Armor,609020.0,24.0,24.0,0.025,12.8,-1.0,-1.0,-1.0,38.0,38.0,57.0,24.0,1.0,0.86,0.86,0.871,0.865,0.891,0.874,0.891,0.874,57.0
230200.0,Night's Cavalry Gauntlets,708010.0,8.0,8.0,0.005,4.3,-1.0,-1.0,-1.0,13.0,13.0,19.0,8.0,2.0,0.965,0.965,0.968,0.967,0.973,0.969,0.973,0.969,19.0
230300.0,Night's Cavalry Greaves,808010.0,15.0,15.0,0.015,7.9,-1.0,-1.0,-1.0,24.0,24.0,35.0,15.0,3.0,0.92,0.92,0.927,0.923,0.938,0.928,0.938,0.928,35.0
231000.0,Night's Cavalry Helm (Altered),509030.0,9.0,9.0,0.008,5.1,-1.0,-1.0,-1.0,13.0,13.0,21.0,9.0,0.0,0.952,0.952,0.956,0.956,0.964,0.956,0.964,0.956,21.0
231100.0,Night's Cavalry Armor (Altered),609030.0,21.0,21.0,0.024,11.8,-1.0,-1.0,-1.0,32.0,32.0,50.0,21.0,1.0,0.865,0.865,0.876,0.876,0.898,0.876,0.898,0.876,50.0
240000.0,Blue Silver Mail Hood,506160.0,5.0,5.0,0.006,3.8,-1.0,-1.0,-1.0,10.0,10.0,24.0,5.0,0.0,0.958,0.956,0.969,0.962,0.964,0.966,0.975,0.975,24.0
240100.0,Blue Silver Mail Armor,606100.0,18.0,18.0,0.019,9.2,-1.0,-1.0,-1.0,25.0,25.0,60.0,18.0,1.0,0.876,0.871,0.905,0.886,0.891,0.898,0.92,0.92,60.0
240200.0,Blue Silver Bracelets,705140.0,4.0,4.0,0.003,2.1,-1.0,-1.0,-1.0,4.0,4.0,14.0,4.0,2.0,0.977,0.975,0.985,0.981,0.981,0.984,0.99,0.99,14.0
240300.0,Blue Silver Mail Skirt,805130.0,7.0,7.0,0.01,5.5,-1.0,-1.0,-1.0,15.0,15.0,35.0,7.0,3.0,0.932,0.929,0.95,0.938,0.942,0.946,0.96,0.96,35.0
241100.0,Blue Silver Mail Armor (Altered),606110.0,10.0,10.0,0.017,8.5,-1.0,-1.0,-1.0,21.0,21.0,52.0,10.0,1.0,0.879,0.874,0.91,0.889,0.896,0.903,0.927,0.927,52.0
250000.0,Nomadic Merchant's Chapeau,504040.0,31.0,31.0,0.004,3.0,-1.0,-1.0,-1.0,24.0,24.0,14.0,20.0,0.0,0.972,0.975,0.969,0.977,0.966,0.966,0.966,0.969,14.0
250100.0,Nomadic Merchant's Finery,603050.0,71.0,71.0,0.013,7.2,-1.0,-1.0,-1.0,57.0,57.0,32.0,46.0,1.0,0.92,0.929,0.912,0.933,0.905,0.905,0.905,0.912,32.0
250300.0,Nomadic Merchant's Trousers,803050.0,44.0,44.0,0.008,4.4,-1.0,-1.0,-1.0,35.0,35.0,20.0,29.0,3.0,0.955,0.96,0.95,0.962,0.946,0.946,0.946,0.95,20.0
251100.0,Nomadic Merchant's Finery (Altered),603060.0,61.0,61.0,0.012,6.1,-1.0,-1.0,-1.0,50.0,50.0,25.0,38.0,1.0,0.93,0.934,0.921,0.94,0.913,0.913,0.913,0.921,25.0
260000.0,Malformed Dragon Helm,509080.0,16.0,16.0,0.01,6.8,-1.0,-1.0,-1.0,24.0,24.0,33.0,16.0,0.0,0.939,0.937,0.946,0.939,0.954,0.954,0.951,0.954,33.0
260100.0,Malformed Dragon Armor,609120.0,38.0,38.0,0.031,16.0,-1.0,-1.0,-1.0,57.0,57.0,76.0,38.0,1.0,0.832,0.825,0.85,0.832,0.87,0.87,0.862,0.87,76.0
260200.0,Malformed Dragon Gauntlets,708060.0,13.0,13.0,0.007,5.3,-1.0,-1.0,-1.0,19.0,19.0,25.0,13.0,2.0,0.958,0.956,0.963,0.958,0.968,0.968,0.966,0.968,25.0
260300.0,Malformed Dragon Greaves,808060.0,24.0,24.0,0.019,9.9,-1.0,-1.0,-1.0,35.0,35.0,47.0,24.0,3.0,0.904,0.899,0.914,0.904,0.926,0.926,0.921,0.926,47.0
270000.0,Tree Sentinel Helm,509070.0,18.0,18.0,0.012,8.1,-1.0,-1.0,-1.0,29.0,29.0,39.0,20.0,0.0,0.932,0.932,0.946,0.937,0.954,0.938,0.955,0.95,39.0
270100.0,Tree Sentinel Armor,609100.0,42.0,42.0,0.039,18.9,-1.0,-1.0,-1.0,67.0,67.0,90.0,46.0,1.0,0.813,0.813,0.85,0.825,0.87,0.829,0.874,0.859,90.0
270200.0,Tree Sentinel Gauntlets,708050.0,14.0,14.0,0.008,6.3,-1.0,-1.0,-1.0,22.0,22.0,30.0,15.0,2.0,0.953,0.953,0.963,0.956,0.968,0.957,0.969,0.965,30.0
270300.0,Tree Sentinel Greaves,808050.0,26.0,26.0,0.023,11.7,-1.0,-1.0,-1.0,41.0,41.0,56.0,29.0,3.0,0.892,0.892,0.914,0.899,0.926,0.901,0.928,0.919,56.0
271100.0,Tree Sentinel Armor (Altered),609110.0,34.0,34.0,0.035,18.1,-1.0,-1.0,-1.0,57.0,57.0,75.0,38.0,1.0,0.815,0.815,0.852,0.827,0.874,0.836,0.876,0.86,75.0
280000.0,Royal Knight Helm,508100.0,15.0,15.0,0.009,6.6,-1.0,-1.0,-1.0,22.0,22.0,29.0,15.0,0.0,0.942,0.937,0.948,0.939,0.95,0.953,0.956,0.954,29.0
280100.0,Royal Knight Armor,608170.0,35.0,35.0,0.024,15.5,-1.0,-1.0,-1.0,50.0,50.0,67.0,35.0,1.0,0.84,0.825,0.856,0.832,0.859,0.867,0.876,0.87,67.0
280200.0,Royal Knight Gauntlets,707090.0,12.0,12.0,0.006,5.2,-1.0,-1.0,-1.0,17.0,17.0,22.0,12.0,2.0,0.96,0.956,0.964,0.958,0.965,0.967,0.969,0.968,22.0
280300.0,Royal Knight Greaves,807090.0,22.0,22.0,0.014,9.6,-1.0,-1.0,-1.0,31.0,31.0,41.0,22.0,3.0,0.908,0.899,0.917,0.904,0.919,0.924,0.929,0.926,41.0
281100.0,Royal Knight Armor (Altered),608180.0,32.0,32.0,0.028,15.0,-1.0,-1.0,-1.0,45.0,45.0,61.0,32.0,1.0,0.842,0.827,0.858,0.834,0.861,0.869,0.878,0.872,61.0
290000.0,Nox Monk Hood,505090.0,18.0,18.0,0.004,3.0,-1.0,-1.0,-1.0,24.0,24.0,15.0,18.0,0.0,0.972,0.972,0.969,0.975,0.96,0.962,0.962,0.969,15.0
290100.0,Nox Monk Armor,604120.0,50.0,50.0,0.016,8.1,-1.0,-1.0,-1.0,63.0,63.0,42.0,50.0,1.0,0.907,0.907,0.9,0.914,0.878,0.883,0.883,0.9,42.0
290200.0,Nox Bracelets,704030.0,15.0,15.0,0.003,2.6,-1.0,-1.0,-1.0,20.0,20.0,13.0,15.0,2.0,0.979,0.979,0.977,0.981,0.971,0.972,0.972,0.977,13.0
290300.0,Nox Greaves,804040.0,31.0,31.0,0.01,5.1,-1.0,-1.0,-1.0,39.0,39.0,26.0,31.0,3.0,0.946,0.946,0.942,0.95,0.929,0.932,0.932,0.942,26.0
291000.0,Nox Monk Hood (Altered),505100.0,14.0,14.0,0.003,2.7,-1.0,-1.0,-1.0,21.0,21.0,12.0,14.0,0.0,0.975,0.975,0.972,0.977,0.962,0.964,0.964,0.972,12.0
291100.0,Nox Monk Armor (Altered),604130.0,42.0,42.0,0.015,7.4,-1.0,-1.0,-1.0,54.0,54.0,34.0,42.0,1.0,0.914,0.914,0.907,0.922,0.883,0.888,0.888,0.907,34.0
292000.0,Nox Swordstress Crown,505110.0,22.0,22.0,0.005,3.3,-1.0,-1.0,-1.0,24.0,24.0,15.0,22.0,0.0,0.972,0.972,0.966,0.969,0.956,0.964,0.958,0.962,15.0
292100.0,Nox Swordstress Armor,604140.0,55.0,55.0,0.017,8.3,-1.0,-1.0,-1.0,60.0,60.0,38.0,55.0,1.0,0.912,0.912,0.898,0.905,0.874,0.891,0.876,0.886,38.0
293000.0,Night Maiden Twin Crown,505130.0,22.0,22.0,0.005,3.3,-1.0,-1.0,-1.0,26.0,26.0,15.0,22.0,0.0,0.975,0.975,0.969,0.966,0.958,0.962,0.96,0.958,15.0
293100.0,Night Maiden Armor,604160.0,55.0,55.0,0.016,8.3,-1.0,-1.0,-1.0,63.0,63.0,38.0,55.0,1.0,0.92,0.92,0.905,0.898,0.876,0.886,0.881,0.876,38.0
294000.0,Nox Swordstress Crown (Altered),505120.0,17.0,17.0,0.002,2.7,-1.0,-1.0,-1.0,21.0,21.0,11.0,17.0,0.0,0.977,0.977,0.972,0.975,0.96,0.969,0.962,0.966,11.0
294100.0,Nox Swordstress Armor (Altered),604150.0,49.0,49.0,0.016,7.5,-1.0,-1.0,-1.0,56.0,56.0,34.0,49.0,1.0,0.92,0.92,0.905,0.912,0.876,0.898,0.881,0.891,34.0
300000.0,Great Horned Headband,502060.0,27.0,27.0,0.004,3.3,-1.0,-1.0,-1.0,33.0,33.0,23.0,22.0,0.0,0.972,0.972,0.969,0.972,0.969,0.966,0.962,0.966,23.0
300100.0,Fur Raiment,602110.0,55.0,55.0,0.008,5.1,-1.0,-1.0,-1.0,63.0,63.0,42.0,38.0,1.0,0.939,0.939,0.933,0.939,0.933,0.929,0.912,0.929,42.0
300300.0,Fur Leggings,802040.0,34.0,34.0,0.005,3.1,-1.0,-1.0,-1.0,39.0,39.0,26.0,24.0,3.0,0.966,0.966,0.962,0.966,0.962,0.96,0.95,0.96,26.0
301000.0,Shining Horned Headband,502070.0,27.0,27.0,0.004,3.3,6030100.0,-1.0,-1.0,33.0,33.0,23.0,20.0,0.0,0.975,0.975,0.972,0.964,0.964,0.966,0.964,0.969,23.0
301100.0,Shaman Furs,602120.0,55.0,55.0,0.01,5.1,-1.0,-1.0,-1.0,63.0,63.0,42.0,35.0,1.0,0.947,0.947,0.939,0.92,0.92,0.929,0.92,0.933,42.0
301300.0,Shaman Leggings,802050.0,34.0,34.0,0.004,3.1,-1.0,-1.0,-1.0,39.0,39.0,26.0,22.0,3.0,0.97,0.97,0.966,0.955,0.955,0.96,0.955,0.962,26.0
310000.0,Duelist Helm,505070.0,11.0,11.0,0.01,6.2,6031000.0,-1.0,-1.0,24.0,24.0,24.0,12.0,0.0,0.942,0.939,0.948,0.939,0.96,0.955,0.964,0.958,24.0
310100.0,Gravekeeper Cloak,604080.0,42.0,42.0,0.012,6.3,0.0,-1.0,-1.0,63.0,63.0,25.0,42.0,1.0,0.929,0.929,0.912,0.929,0.92,0.905,0.898,0.912,25.0
310300.0,Duelist Greaves,804020.0,15.0,15.0,0.014,7.3,6031030.0,-1.0,-1.0,29.0,29.0,31.0,15.0,3.0,0.92,0.92,0.929,0.926,0.942,0.932,0.946,0.938,31.0
311100.0,Gravekeeper Cloak (Altered),604090.0,34.0,34.0,0.008,5.1,6031110.0,-1.0,-1.0,54.0,54.0,22.0,34.0,1.0,0.933,0.933,0.92,0.933,0.929,0.912,0.905,0.92,22.0
320000.0,Sanguine Noble Hood,502100.0,29.0,29.0,0.002,1.4,-1.0,-1.0,-1.0,18.0,18.0,5.0,27.0,0.0,0.986,0.991,0.991,0.991,0.954,0.962,0.955,0.954,5.0
320100.0,Sanguine Noble Robe,602160.0,83.0,83.0,0.01,5.1,-1.0,-1.0,-1.0,50.0,50.0,21.0,76.0,1.0,0.939,0.947,0.947,0.947,0.867,0.881,0.87,0.865,21.0
320300.0,Sanguine Noble Waistcloth,802080.0,44.0,44.0,0.005,2.5,-1.0,-1.0,-1.0,29.0,29.0,11.0,41.0,3.0,0.97,0.977,0.977,0.977,0.926,0.935,0.927,0.924,11.0
330000.0,Guardian Mask,500070.0,26.0,26.0,0.005,3.8,-1.0,-1.0,-1.0,33.0,33.0,22.0,24.0,0.0,0.962,0.964,0.964,0.966,0.958,0.96,0.958,0.958,22.0
330100.0,Guardian Garb (Full Bloom),600150.0,57.0,57.0,0.015,8.8,6033010.0,-1.0,-1.0,71.0,71.0,46.0,55.0,1.0,0.898,0.905,0.898,0.905,0.881,1.023,0.881,0.886,46.0
330200.0,Guardian Bracers,700010.0,20.0,20.0,0.003,2.9,-1.0,-1.0,-1.0,25.0,25.0,17.0,19.0,2.0,0.973,0.975,0.975,0.977,0.971,0.972,0.971,0.971,17.0
330300.0,Guardian Greaves,800060.0,37.0,37.0,0.009,5.5,-1.0,-1.0,-1.0,47.0,47.0,31.0,35.0,3.0,0.938,0.942,0.942,0.946,0.932,0.935,0.932,0.932,31.0
331100.0,Guardian Garb,600140.0,50.0,50.0,0.015,7.7,-1.0,-1.0,-1.0,61.0,61.0,38.0,42.0,1.0,0.905,0.912,0.905,0.92,0.891,0.898,0.891,0.891,38.0
340000.0,Cleanrot Helm,507110.0,12.0,12.0,0.009,6.4,-1.0,-1.0,-1.0,27.0,27.0,29.0,14.0,0.0,0.948,0.942,0.952,0.937,0.955,0.954,0.96,0.952,29.0
340100.0,Cleanrot Armor,607210.0,28.0,28.0,0.027,15.0,-1.0,-1.0,-1.0,63.0,63.0,67.0,32.0,1.0,0.854,0.84,0.866,0.825,0.874,0.872,0.886,0.865,67.0
340200.0,Cleanrot Gauntlets,706110.0,9.0,9.0,0.006,5.0,-1.0,-1.0,-1.0,21.0,21.0,22.0,11.0,2.0,0.964,0.96,0.967,0.956,0.969,0.968,0.972,0.967,22.0
340300.0,Cleanrot Greaves,806110.0,17.0,17.0,0.016,9.3,-1.0,-1.0,-1.0,39.0,39.0,41.0,20.0,3.0,0.916,0.908,0.924,0.899,0.928,0.927,0.935,0.923,41.0
341000.0,Cleanrot Helm (Altered),507120.0,9.0,9.0,0.007,5.5,-1.0,-1.0,-1.0,21.0,21.0,21.0,10.0,0.0,0.954,0.95,0.958,0.945,0.96,0.958,0.966,0.954,21.0
341100.0,Cleanrot Armor (Altered),607220.0,22.0,22.0,0.024,13.7,-1.0,-1.0,-1.0,52.0,52.0,54.0,22.0,1.0,0.865,0.854,0.876,0.84,0.881,0.876,0.898,0.87,54.0
350000.0,Fire Monk Hood,506170.0,9.0,9.0,0.006,4.0,-1.0,-1.0,-1.0,11.0,11.0,20.0,9.0,0.0,0.954,0.958,0.962,0.96,0.969,0.955,0.975,0.975,20.0
350100.0,Fire Monk Armor,606120.0,24.0,24.0,0.022,11.8,-1.0,-1.0,-1.0,32.0,32.0,55.0,24.0,1.0,0.86,0.865,0.876,0.876,0.891,0.867,0.905,0.905,55.0
350200.0,Fire Monk Gauntlets,705150.0,8.0,8.0,0.005,3.9,-1.0,-1.0,-1.0,11.0,11.0,18.0,8.0,2.0,0.965,0.967,0.969,0.969,0.973,0.967,0.977,0.977,18.0
350300.0,Fire Monk Greaves,805140.0,15.0,15.0,0.013,7.3,-1.0,-1.0,-1.0,20.0,20.0,34.0,15.0,3.0,0.92,0.923,0.929,0.929,0.938,0.924,0.946,0.946,34.0
351000.0,Blackflame Monk Hood,506180.0,5.0,5.0,0.007,4.0,-1.0,-1.0,-1.0,11.0,11.0,20.0,11.0,0.0,0.956,0.954,0.966,0.958,0.972,0.956,0.979,0.972,20.0
351100.0,Blackflame Monk Armor,606130.0,21.0,21.0,0.024,11.8,-1.0,-1.0,-1.0,32.0,32.0,55.0,32.0,1.0,0.865,0.854,0.886,0.871,0.898,0.87,0.92,0.898,55.0
351200.0,Blackflame Monk Gauntlets,705160.0,7.0,7.0,0.005,3.9,-1.0,-1.0,-1.0,11.0,11.0,18.0,11.0,2.0,0.967,0.964,0.972,0.968,0.975,0.968,0.981,0.975,18.0
351300.0,Blackflame Monk Greaves,805150.0,13.0,13.0,0.014,7.3,-1.0,-1.0,-1.0,20.0,20.0,34.0,20.0,3.0,0.923,0.916,0.935,0.926,0.942,0.926,0.955,0.942,34.0
360000.0,Fire Prelate Helm,510040.0,39.0,39.0,0.014,10.6,-1.0,-1.0,-1.0,29.0,29.0,27.0,22.0,0.0,0.93,0.933,0.939,0.933,0.952,0.928,0.954,0.953,27.0
360100.0,Fire Prelate Armor,610040.0,90.0,90.0,0.045,24.7,-1.0,-1.0,-1.0,67.0,67.0,63.0,50.0,1.0,0.808,0.817,0.83,0.817,0.865,0.802,0.87,0.867,63.0
360200.0,Fire Prelate Gauntlets,709030.0,30.0,30.0,0.01,8.2,-1.0,-1.0,-1.0,22.0,22.0,21.0,17.0,2.0,0.951,0.954,0.957,0.954,0.967,0.95,0.968,0.967,21.0
360300.0,Fire Prelate Greaves,809030.0,56.0,56.0,0.027,15.3,-1.0,-1.0,-1.0,41.0,41.0,39.0,31.0,3.0,0.889,0.894,0.902,0.894,0.923,0.885,0.926,0.924,39.0
361100.0,Fire Prelate Armor (Altered),610050.0,75.0,75.0,0.043,23.6,-1.0,-1.0,-1.0,57.0,57.0,54.0,42.0,1.0,0.813,0.825,0.837,0.825,0.867,0.817,0.872,0.87,54.0
370000.0,Aristocrat Headband,500020.0,25.0,25.0,0.002,1.2,-1.0,-1.0,-1.0,15.0,15.0,10.0,22.0,0.0,0.981,0.981,0.981,0.984,0.96,0.964,0.962,0.96,10.0
370100.0,Aristocrat Garb,600060.0,36.0,36.0,0.012,4.9,-1.0,-1.0,-1.0,47.0,47.0,33.0,30.0,1.0,0.922,0.922,0.914,0.922,0.935,0.931,0.922,0.935,33.0
370300.0,Aristocrat Boots,800030.0,23.0,23.0,0.007,2.9,-1.0,-1.0,-1.0,29.0,29.0,21.0,19.0,3.0,0.957,0.957,0.952,0.957,0.964,0.962,0.957,0.964,21.0
371100.0,Aristocrat Garb (Altered),600070.0,32.0,32.0,0.01,4.1,-1.0,-1.0,-1.0,42.0,42.0,29.0,25.0,1.0,0.929,0.929,0.92,0.929,0.939,0.933,0.929,0.939,29.0
380000.0,Aristocrat Hat,500030.0,18.0,18.0,0.004,3.0,-1.0,-1.0,-1.0,22.0,22.0,14.0,20.0,0.0,0.969,0.972,0.969,0.969,0.962,0.96,0.962,0.969,14.0
380100.0,Aristocrat Coat,600080.0,42.0,42.0,0.013,7.1,-1.0,-1.0,-1.0,50.0,50.0,32.0,46.0,1.0,0.912,0.92,0.912,0.912,0.891,0.886,0.891,0.912,32.0
390000.0,Old Aristocrat Cowl,500040.0,15.0,15.0,0.003,2.2,-1.0,-1.0,-1.0,18.0,18.0,11.0,16.0,0.0,0.975,0.977,0.975,0.975,0.966,0.964,0.966,0.975,11.0
390100.0,Old Aristocrat Gown,600090.0,35.0,35.0,0.01,5.1,-1.0,-1.0,-1.0,42.0,42.0,25.0,38.0,1.0,0.929,0.933,0.929,0.929,0.905,0.898,0.905,0.929,25.0
390300.0,Old Aristocrat Shoes,800040.0,17.0,17.0,0.002,2.0,-1.0,-1.0,-1.0,22.0,22.0,15.0,20.0,3.0,0.966,0.97,0.966,0.966,0.955,0.95,0.955,0.966,15.0
420000.0,Vulgar Militia Helm,505060.0,23.0,23.0,0.006,3.6,-1.0,-1.0,-1.0,31.0,31.0,16.0,23.0,0.0,0.966,0.964,0.962,0.969,0.962,0.962,0.96,0.962,16.0
420100.0,Vulgar Militia Armor,604070.0,50.0,50.0,0.016,7.7,-1.0,-1.0,-1.0,67.0,67.0,35.0,50.0,1.0,0.912,0.905,0.898,0.92,0.898,0.898,0.891,0.898,35.0
420200.0,Vulgar Militia Gauntlets,704020.0,14.0,14.0,0.003,2.1,-1.0,-1.0,-1.0,20.0,20.0,9.0,14.0,2.0,0.983,0.981,0.979,0.984,0.979,0.979,0.977,0.979,9.0
420300.0,Vulgar Militia Greaves,804010.0,34.0,34.0,0.01,5.1,-1.0,-1.0,-1.0,44.0,44.0,24.0,34.0,3.0,0.946,0.942,0.938,0.95,0.938,0.938,0.935,0.938,24.0
430000.0,Sage Hood,501220.0,31.0,31.0,0.003,2.2,-1.0,-1.0,-1.0,16.0,16.0,10.0,33.0,0.0,0.977,0.979,0.979,0.986,0.952,0.955,0.954,0.952,10.0
430100.0,Sage Robe,601290.0,71.0,71.0,0.008,5.1,-1.0,-1.0,-1.0,38.0,38.0,23.0,76.0,1.0,0.933,0.939,0.939,0.958,0.865,0.874,0.87,0.865,23.0
430300.0,Sage Trousers,801130.0,39.0,39.0,0.004,2.5,-1.0,-1.0,-1.0,22.0,22.0,13.0,41.0,3.0,0.966,0.97,0.97,0.985,0.924,0.929,0.927,0.924,13.0
440000.0,Pumpkin Helm,510050.0,44.0,44.0,0.011,12.3,6044000.0,-1.0,-1.0,27.0,27.0,42.0,18.0,0.0,0.93,0.933,0.941,0.933,0.954,0.953,0.948,0.955,42.0
460000.0,Elden Lord Crown,506220.0,0.0,0.0,0.005,3.6,-1.0,-1.0,-1.0,11.0,11.0,20.0,5.0,0.0,0.962,0.964,0.966,0.96,0.975,0.964,0.979,0.977,20.0
460100.0,Elden Lord Armor,606190.0,18.0,18.0,0.019,9.2,-1.0,-1.0,-1.0,32.0,32.0,55.0,21.0,1.0,0.881,0.886,0.891,0.876,0.912,0.886,0.929,0.92,55.0
460200.0,Elden Lord Bracers,705200.0,6.0,6.0,0.004,3.1,-1.0,-1.0,-1.0,11.0,11.0,18.0,7.0,2.0,0.971,0.972,0.973,0.969,0.979,0.972,0.983,0.981,18.0
460300.0,Elden Lord Greaves,805190.0,7.0,7.0,0.01,5.5,-1.0,-1.0,-1.0,16.0,16.0,31.0,11.0,3.0,0.935,0.938,0.942,0.932,0.955,0.938,0.962,0.96,31.0
461100.0,Elden Lord Armor (Altered),606200.0,10.0,10.0,0.017,8.4,-1.0,-1.0,-1.0,22.0,22.0,45.0,16.0,1.0,0.889,0.894,0.901,0.884,0.923,0.894,0.936,0.932,45.0
470000.0,Radahn's Redmane Helm,509110.0,18.0,18.0,0.011,7.5,-1.0,-1.0,-1.0,26.0,26.0,42.0,16.0,0.0,0.932,0.933,0.946,0.937,0.952,0.95,0.955,0.952,42.0
470100.0,Radahn's Lion Armor,609170.0,42.0,42.0,0.034,17.5,-1.0,-1.0,-1.0,60.0,60.0,99.0,38.0,1.0,0.813,0.817,0.85,0.825,0.865,0.859,0.874,0.865,99.0
470200.0,Radahn's Gauntlets,708080.0,14.0,14.0,0.007,5.8,-1.0,-1.0,-1.0,20.0,20.0,33.0,13.0,2.0,0.953,0.954,0.963,0.956,0.967,0.965,0.969,0.967,33.0
470300.0,Radahn's Greaves,808080.0,26.0,26.0,0.02,10.8,-1.0,-1.0,-1.0,37.0,37.0,61.0,24.0,3.0,0.892,0.894,0.914,0.899,0.923,0.919,0.928,0.923,61.0
471100.0,Radahn's Lion Armor (Altered),609180.0,34.0,34.0,0.033,16.4,-1.0,-1.0,-1.0,52.0,52.0,82.0,32.0,1.0,0.815,0.823,0.854,0.83,0.867,0.86,0.876,0.867,82.0
480100.0,Lord of Blood's Robe,602170.0,55.0,55.0,0.017,8.1,-1.0,-1.0,-1.0,63.0,63.0,23.0,55.0,1.0,0.907,0.914,0.9,0.914,0.9,0.878,0.878,0.867,23.0
481100.0,Lord of Blood's Robe (Altered),602180.0,47.0,47.0,0.016,7.3,-1.0,-1.0,-1.0,57.0,57.0,19.0,47.0,1.0,0.911,0.919,0.904,0.919,0.904,0.88,0.88,0.866,19.0
510000.0,Queen's Crescent Crown,501160.0,31.0,31.0,0.003,2.2,6051000.0,-1.0,-1.0,18.0,18.0,11.0,35.0,0.0,0.979,0.982,0.982,0.986,0.951,0.955,0.954,0.953,11.0
510100.0,Queen's Robe,601160.0,71.0,71.0,0.008,5.1,-1.0,-1.0,-1.0,42.0,42.0,25.0,83.0,1.0,0.939,0.947,0.947,0.958,0.862,0.874,0.872,0.867,25.0
510200.0,Queen's Bracelets,701090.0,24.0,24.0,0.002,1.7,-1.0,-1.0,-1.0,14.0,14.0,8.0,28.0,2.0,0.985,0.987,0.987,0.99,0.966,0.969,0.968,0.967,8.0
510300.0,Queen's Leggings,801080.0,37.0,37.0,0.003,2.0,-1.0,-1.0,-1.0,22.0,22.0,14.0,41.0,3.0,0.977,0.985,0.985,0.997,0.924,0.932,0.929,0.927,14.0
520000.0,Godskin Apostle Hood,502080.0,33.0,33.0,0.003,2.2,-1.0,-1.0,-1.0,20.0,20.0,10.0,31.0,0.0,0.977,0.979,0.979,0.986,0.954,0.956,0.955,0.95,10.0
520100.0,Godskin Apostle Robe,602130.0,67.0,67.0,0.008,4.1,-1.0,-1.0,-1.0,42.0,42.0,21.0,63.0,1.0,0.939,0.947,0.947,0.973,0.874,0.881,0.876,0.862,21.0
520200.0,Godskin Apostle Bracelets,702030.0,28.0,28.0,0.003,2.1,-1.0,-1.0,-1.0,17.0,17.0,8.0,25.0,2.0,0.983,0.984,0.984,0.987,0.968,0.969,0.968,0.964,8.0
520300.0,Godskin Apostle Trousers,802060.0,41.0,41.0,0.005,2.5,-1.0,-1.0,-1.0,26.0,26.0,13.0,39.0,3.0,0.966,0.97,0.97,0.985,0.928,0.932,0.929,0.921,13.0
530000.0,Godskin Noble Hood,502090.0,27.0,27.0,0.003,1.7,-1.0,-1.0,-1.0,16.0,16.0,10.0,29.0,0.0,0.986,0.982,0.972,0.986,0.955,0.96,0.958,0.952,10.0
530100.0,Godskin Noble Robe,602140.0,76.0,76.0,0.012,6.3,6053010.0,-1.0,-1.0,46.0,46.0,25.0,83.0,1.0,0.939,0.933,0.905,0.939,0.87,0.876,0.874,0.859,25.0
530200.0,Godskin Noble Bracelets,702040.0,24.0,24.0,0.003,1.7,-1.0,-1.0,-1.0,14.0,14.0,8.0,25.0,2.0,0.987,0.985,0.979,0.987,0.968,0.971,0.969,0.966,8.0
530300.0,Godskin Noble Trousers,802070.0,39.0,39.0,0.006,2.5,-1.0,-1.0,-1.0,24.0,24.0,14.0,41.0,3.0,0.977,0.97,0.955,0.977,0.928,0.935,0.932,0.923,14.0
540000.0,Depraved Perfumer Headscarf,502020.0,25.0,25.0,0.003,2.1,-1.0,-1.0,-1.0,28.0,28.0,10.0,34.0,0.0,0.98,0.983,0.98,0.987,0.954,0.955,0.956,0.955,10.0
540100.0,Depraved Perfumer Robe,602040.0,55.0,55.0,0.008,5.0,-1.0,-1.0,-1.0,65.0,65.0,22.0,80.0,1.0,0.94,0.948,0.94,0.959,0.868,0.873,0.875,0.873,22.0
540200.0,Depraved Perfumer Gloves,702020.0,20.0,20.0,0.002,2.0,-1.0,-1.0,-1.0,23.0,23.0,8.0,28.0,2.0,0.985,0.986,0.985,0.988,0.968,0.969,0.969,0.969,8.0
540300.0,Depraved Perfumer Trousers,802020.0,40.0,40.0,0.007,4.3,-1.0,-1.0,-1.0,46.0,46.0,15.0,58.0,3.0,0.961,0.963,0.961,0.967,0.922,0.925,0.927,0.925,15.0
541100.0,Depraved Perfumer Robe (Altered),602050.0,48.0,48.0,0.007,4.0,-1.0,-1.0,-1.0,63.0,63.0,18.0,63.0,1.0,0.947,0.959,0.948,0.974,0.87,0.874,0.876,0.874,18.0
570000.0,Crucible Axe Helm,509090.0,15.0,15.0,0.011,6.6,6057000.0,-1.0,-1.0,22.0,22.0,31.0,15.0,0.0,0.937,0.939,0.95,0.939,0.954,0.954,0.96,0.952,31.0
570100.0,Crucible Axe Armor,609130.0,35.0,35.0,0.033,15.5,6057010.0,-1.0,-1.0,50.0,50.0,71.0,35.0,1.0,0.825,0.832,0.861,0.832,0.87,0.872,0.886,0.865,71.0
570200.0,Crucible Gauntlets,708070.0,12.0,12.0,0.007,5.2,6057020.0,-1.0,-1.0,17.0,17.0,24.0,12.0,2.0,0.956,0.958,0.966,0.958,0.968,0.968,0.972,0.967,24.0
570300.0,Crucible Greaves,808070.0,22.0,22.0,0.02,9.6,6057030.0,-1.0,-1.0,31.0,31.0,44.0,22.0,3.0,0.899,0.904,0.92,0.904,0.926,0.927,0.935,0.923,44.0
571000.0,Crucible Tree Helm,509100.0,15.0,15.0,0.011,6.6,6057100.0,-1.0,-1.0,22.0,22.0,31.0,15.0,0.0,0.935,0.937,0.95,0.944,0.954,0.958,0.96,0.948,31.0
571100.0,Crucible Tree Armor,609150.0,35.0,35.0,0.033,15.5,6057110.0,-1.0,-1.0,50.0,50.0,71.0,35.0,1.0,0.823,0.825,0.861,0.842,0.87,0.881,0.886,0.855,71.0
572100.0,Crucible Axe Armor (Altered),609140.0,29.0,29.0,0.031,14.9,6057210.0,-1.0,-1.0,42.0,42.0,61.0,29.0,1.0,0.832,0.84,0.866,0.84,0.872,0.874,0.891,0.867,61.0
573100.0,Crucible Tree Armor (Altered),609160.0,29.0,29.0,0.031,14.9,6057310.0,-1.0,-1.0,42.0,42.0,61.0,29.0,1.0,0.83,0.84,0.866,0.844,0.872,0.886,0.891,0.859,61.0
580000.0,Lusat's Glintstone Crown,501150.0,39.0,39.0,0.004,3.6,6058000.0,6058001.0,-1.0,23.0,23.0,11.0,44.0,0.0,0.969,0.969,0.977,0.977,0.945,0.954,0.952,0.951,11.0
580100.0,Lusat's Robe,601150.0,83.0,83.0,0.012,7.1,-1.0,-1.0,-1.0,50.0,50.0,25.0,99.0,1.0,0.92,0.92,0.939,0.939,0.846,0.872,0.867,0.865,25.0
580200.0,Lusat's Manchettes,701080.0,20.0,20.0,0.001,1.1,-1.0,-1.0,-1.0,12.0,12.0,6.0,22.0,2.0,0.987,0.987,0.999,0.999,0.966,0.972,0.969,0.969,6.0
580300.0,Old Sorcerer's Legwraps,801070.0,39.0,39.0,0.004,2.5,-1.0,-1.0,-1.0,24.0,24.0,13.0,44.0,3.0,0.966,0.966,0.985,0.985,0.919,0.932,0.928,0.927,13.0
581000.0,Azur's Glintstone Crown,501140.0,44.0,44.0,0.004,3.6,6058100.0,6058101.0,-1.0,23.0,23.0,14.0,39.0,0.0,0.972,0.975,0.977,0.975,0.942,0.954,0.953,0.95,14.0
581100.0,Azur's Glintstone Robe,601140.0,99.0,99.0,0.012,7.1,-1.0,-1.0,-1.0,50.0,50.0,28.0,83.0,1.0,0.929,0.933,0.939,0.933,0.846,0.872,0.87,0.862,28.0
581200.0,Azur's Manchettes,701070.0,22.0,22.0,0.001,1.1,-1.0,-1.0,-1.0,12.0,12.0,8.0,20.0,2.0,0.99,0.994,0.999,0.994,0.966,0.972,0.971,0.968,8.0
590000.0,All-Knowing Helm,508090.0,9.0,9.0,0.007,4.6,-1.0,-1.0,-1.0,12.0,12.0,20.0,9.0,0.0,0.954,0.952,0.958,0.958,0.956,0.966,0.964,0.969,20.0
590100.0,All-Knowing Armor,608150.0,21.0,21.0,0.022,10.7,-1.0,-1.0,-1.0,28.0,28.0,46.0,21.0,1.0,0.871,0.865,0.881,0.881,0.876,0.905,0.898,0.912,46.0
590200.0,All-Knowing Gauntlets,707080.0,7.0,7.0,0.005,3.5,-1.0,-1.0,-1.0,9.0,9.0,15.0,7.0,2.0,0.968,0.967,0.971,0.971,0.969,0.977,0.975,0.979,15.0
590300.0,All-Knowing Greaves,807080.0,13.0,13.0,0.013,6.6,-1.0,-1.0,-1.0,17.0,17.0,29.0,13.0,3.0,0.926,0.923,0.932,0.932,0.929,0.946,0.942,0.95,29.0
591100.0,All-Knowing Armor (Altered),608160.0,16.0,16.0,0.021,9.3,-1.0,-1.0,-1.0,22.0,22.0,38.0,16.0,1.0,0.876,0.871,0.891,0.886,0.886,0.912,0.905,0.92,38.0
600000.0,Twinned Helm,508030.0,9.0,9.0,0.007,5.1,-1.0,-1.0,-1.0,14.0,14.0,23.0,23.0,0.0,0.952,0.948,0.956,0.958,0.96,0.96,0.969,0.964,23.0
600100.0,Twinned Armor,608040.0,24.0,24.0,0.025,13.7,-1.0,-1.0,-1.0,38.0,38.0,60.0,60.0,1.0,0.854,0.84,0.866,0.865,0.876,0.876,0.898,0.886,60.0
600200.0,Twinned Gauntlets,707020.0,7.0,7.0,0.005,3.9,-1.0,-1.0,-1.0,11.0,11.0,18.0,18.0,2.0,0.967,0.964,0.969,0.971,0.972,0.972,0.979,0.975,18.0
600300.0,Twinned Greaves,807020.0,13.0,13.0,0.013,7.3,-1.0,-1.0,-1.0,20.0,20.0,34.0,34.0,3.0,0.923,0.916,0.929,0.932,0.935,0.935,0.95,0.942,34.0
601100.0,Twinned Armor (Altered),608050.0,21.0,21.0,0.024,12.8,-1.0,-1.0,-1.0,32.0,32.0,52.0,52.0,1.0,0.86,0.847,0.871,0.871,0.881,0.881,0.905,0.891,52.0
610000.0,Ragged Hat,999999.0,22.0,22.0,0.004,3.3,-1.0,-1.0,-1.0,26.0,26.0,16.0,22.0,0.0,0.969,0.969,0.966,0.969,0.964,0.962,0.96,0.964,16.0
610100.0,Ragged Armor,999999.0,55.0,55.0,0.017,9.2,-1.0,-1.0,-1.0,63.0,63.0,42.0,55.0,1.0,0.905,0.905,0.898,0.905,0.891,0.886,0.881,0.891,42.0
610200.0,Ragged Gloves,999999.0,18.0,18.0,0.004,2.9,-1.0,-1.0,-1.0,21.0,21.0,14.0,18.0,2.0,0.977,0.977,0.975,0.977,0.973,0.972,0.971,0.973,14.0
610300.0,Ragged Loincloth,999999.0,26.0,26.0,0.003,3.1,-1.0,-1.0,-1.0,34.0,34.0,20.0,26.0,3.0,0.96,0.96,0.955,0.96,0.95,0.946,0.942,0.95,20.0
611000.0,Ragged Hat (Altered),999999.0,18.0,18.0,0.003,3.0,-1.0,-1.0,-1.0,21.0,21.0,13.0,18.0,0.0,0.972,0.972,0.969,0.972,0.966,0.964,0.962,0.966,13.0
611100.0,Ragged Armor (Altered),999999.0,50.0,50.0,0.016,8.5,-1.0,-1.0,-1.0,60.0,60.0,38.0,50.0,1.0,0.909,0.909,0.902,0.909,0.895,0.888,0.883,0.895,38.0
620000.0,Prophet Blindfold,501190.0,27.0,27.0,0.001,1.0,-1.0,-1.0,-1.0,14.0,14.0,5.0,27.0,0.0,0.998,0.991,0.991,0.998,0.955,0.958,0.96,0.955,5.0
620100.0,Corhyn's Robe,601240.0,107.0,107.0,0.01,6.3,-1.0,-1.0,-1.0,46.0,46.0,24.0,76.0,1.0,0.939,0.933,0.933,0.939,0.867,0.872,0.872,0.865,24.0
620300.0,Prophet Trousers,801100.0,47.0,47.0,0.003,3.1,-1.0,-1.0,-1.0,26.0,26.0,14.0,51.0,3.0,0.97,0.966,0.966,0.97,0.924,0.927,0.928,0.924,14.0
621100.0,Prophet Robe (Altered),601230.0,69.0,69.0,0.01,5.1,-1.0,-1.0,-1.0,38.0,38.0,22.0,75.0,1.0,0.939,0.947,0.939,0.939,0.867,0.876,0.872,0.872,22.0
622100.0,Prophet Robe,601220.0,83.0,83.0,0.012,6.3,-1.0,-1.0,-1.0,46.0,46.0,25.0,90.0,1.0,0.933,0.939,0.933,0.933,0.865,0.874,0.87,0.87,25.0
630000.0,Astrologer Hood,501000.0,31.0,31.0,0.003,1.7,-1.0,-1.0,-1.0,18.0,18.0,9.0,27.0,0.0,0.982,0.986,0.986,0.986,0.954,0.955,0.954,0.955,9.0
630100.0,Astrologer Robe,601000.0,90.0,90.0,0.012,6.3,-1.0,-1.0,-1.0,50.0,50.0,24.0,76.0,1.0,0.933,0.939,0.939,0.939,0.865,0.87,0.867,0.87,24.0
630200.0,Astrologer Gloves,701000.0,24.0,24.0,0.002,1.4,-1.0,-1.0,-1.0,14.0,14.0,7.0,21.0,2.0,0.987,0.99,0.99,0.99,0.968,0.969,0.968,0.969,7.0
630300.0,Astrologer Trousers,801000.0,56.0,56.0,0.007,3.9,-1.0,-1.0,-1.0,31.0,31.0,15.0,47.0,3.0,0.962,0.966,0.966,0.966,0.923,0.926,0.924,0.926,15.0
631100.0,Astrologer Robe (Altered),601010.0,75.0,75.0,0.01,5.3,-1.0,-1.0,-1.0,42.0,42.0,21.0,64.0,1.0,0.939,0.947,0.947,0.947,0.867,0.872,0.87,0.872,21.0
640000.0,Lionel's Helm,510010.0,18.0,18.0,0.013,9.1,-1.0,-1.0,-1.0,27.0,27.0,42.0,22.0,0.0,0.937,0.93,0.941,0.928,0.952,0.947,0.954,0.952,42.0
640100.0,Lionel's Armor,610000.0,42.0,42.0,0.04,21.2,-1.0,-1.0,-1.0,63.0,63.0,99.0,50.0,1.0,0.825,0.808,0.837,0.803,0.865,0.851,0.87,0.865,99.0
640200.0,Lionel's Gauntlets,709000.0,14.0,14.0,0.009,7.1,-1.0,-1.0,-1.0,21.0,21.0,33.0,17.0,2.0,0.956,0.951,0.959,0.95,0.967,0.963,0.968,0.967,33.0
640300.0,Lionel's Greaves,809000.0,26.0,26.0,0.024,13.1,-1.0,-1.0,-1.0,39.0,39.0,61.0,31.0,3.0,0.899,0.889,0.906,0.886,0.923,0.915,0.926,0.923,61.0
641100.0,Lionel's Armor (Altered),610010.0,38.0,38.0,0.038,20.2,-1.0,-1.0,-1.0,57.0,57.0,90.0,45.0,1.0,0.829,0.812,0.841,0.807,0.869,0.855,0.874,0.869,90.0
650000.0,Hoslow's Helm,508010.0,11.0,11.0,0.008,5.5,-1.0,-1.0,-1.0,18.0,18.0,27.0,11.0,0.0,0.948,0.95,0.956,0.952,0.96,0.956,0.962,0.962,27.0
650100.0,Hoslow's Armor,608020.0,24.0,24.0,0.022,11.8,-1.0,-1.0,-1.0,38.0,38.0,60.0,24.0,1.0,0.86,0.865,0.881,0.876,0.891,0.881,0.898,0.898,60.0
650200.0,Hoslow's Gauntlets,707010.0,8.0,8.0,0.005,3.9,-1.0,-1.0,-1.0,13.0,13.0,20.0,8.0,2.0,0.965,0.967,0.971,0.969,0.973,0.971,0.975,0.975,20.0
650300.0,Hoslow's Greaves,807010.0,15.0,15.0,0.013,7.3,-1.0,-1.0,-1.0,24.0,24.0,37.0,15.0,3.0,0.92,0.923,0.932,0.929,0.938,0.932,0.942,0.942,37.0
651000.0,Diallos's Mask,508020.0,10.0,10.0,0.007,4.6,-1.0,-1.0,-1.0,15.0,15.0,23.0,10.0,0.0,0.952,0.954,0.962,0.956,0.964,0.964,0.975,0.966,23.0
652100.0,Hoslow's Armor (Altered),608030.0,21.0,21.0,0.021,10.8,-1.0,-1.0,-1.0,32.0,32.0,52.0,21.0,1.0,0.864,0.875,0.885,0.88,0.897,0.89,0.911,0.911,52.0
660000.0,Vagabond Knight Helm,507010.0,9.0,9.0,0.007,4.0,-1.0,-1.0,-1.0,14.0,14.0,23.0,9.0,0.0,0.954,0.958,0.964,0.96,0.969,0.964,0.972,0.972,23.0
660100.0,Vagabond Knight Armor,607010.0,23.0,23.0,0.022,10.6,-1.0,-1.0,-1.0,35.0,35.0,57.0,23.0,1.0,0.865,0.876,0.886,0.881,0.898,0.891,0.912,0.912,57.0
660200.0,Vagabond Knight Gauntlets,706010.0,8.0,8.0,0.005,3.5,-1.0,-1.0,-1.0,12.0,12.0,19.0,8.0,2.0,0.967,0.969,0.972,0.971,0.975,0.973,0.979,0.979,19.0
660300.0,Vagabond Knight Greaves,806010.0,13.0,13.0,0.012,5.7,-1.0,-1.0,-1.0,20.0,20.0,34.0,13.0,3.0,0.926,0.932,0.942,0.935,0.95,0.942,0.955,0.955,34.0
661100.0,Vagabond Knight Armor (Altered),607020.0,19.0,19.0,0.021,9.6,-1.0,-1.0,-1.0,29.0,29.0,50.0,19.0,1.0,0.868,0.878,0.895,0.883,0.909,0.895,0.917,0.917,50.0
670000.0,Blue Cloth Cowl,504000.0,18.0,18.0,0.004,2.7,-1.0,-1.0,-1.0,24.0,24.0,15.0,18.0,0.0,0.972,0.977,0.972,0.977,0.969,0.966,0.962,0.972,15.0
670100.0,Blue Cloth Vest,603010.0,50.0,50.0,0.016,7.7,-1.0,-1.0,-1.0,63.0,63.0,42.0,50.0,1.0,0.905,0.92,0.905,0.92,0.898,0.891,0.881,0.905,42.0
670200.0,Warrior Gauntlets,703010.0,17.0,17.0,0.003,2.6,-1.0,-1.0,-1.0,21.0,21.0,14.0,17.0,2.0,0.977,0.981,0.977,0.981,0.975,0.973,0.971,0.977,14.0
670300.0,Warrior Greaves,803020.0,31.0,31.0,0.01,4.8,-1.0,-1.0,-1.0,39.0,39.0,26.0,31.0,3.0,0.946,0.955,0.946,0.955,0.942,0.938,0.932,0.946,26.0
680000.0,White Mask,504030.0,21.0,21.0,0.005,3.2,6068000.0,-1.0,-1.0,23.0,23.0,18.0,22.0,0.0,0.973,0.967,0.97,0.973,0.965,0.963,0.961,0.963,18.0
680100.0,War Surgeon Gown,603030.0,44.0,44.0,0.013,6.9,-1.0,-1.0,-1.0,53.0,53.0,37.0,48.0,1.0,0.93,0.913,0.921,0.93,0.906,0.899,0.892,0.899,37.0
680200.0,War Surgeon Gloves,703030.0,15.0,15.0,0.003,2.3,-1.0,-1.0,-1.0,18.0,18.0,13.0,17.0,2.0,0.984,0.98,0.982,0.984,0.978,0.976,0.974,0.976,13.0
680300.0,War Surgeon Trousers,803040.0,28.0,28.0,0.008,4.2,-1.0,-1.0,-1.0,33.0,33.0,23.0,31.0,3.0,0.961,0.951,0.956,0.961,0.947,0.943,0.939,0.943,23.0
681100.0,War Surgeon Gown (Altered),603040.0,38.0,38.0,0.012,6.1,-1.0,-1.0,-1.0,45.0,45.0,32.0,42.0,1.0,0.934,0.921,0.93,0.934,0.913,0.906,0.899,0.906,32.0
690000.0,Royal Remains Helm,508080.0,10.0,10.0,0.007,4.6,6069000.0,-1.0,-1.0,15.0,15.0,24.0,5.0,0.0,0.958,0.954,0.96,0.958,0.966,0.964,0.972,0.969,24.0
690100.0,Royal Remains Armor,608140.0,24.0,24.0,0.021,10.6,6069010.0,-1.0,-1.0,35.0,35.0,57.0,11.0,1.0,0.881,0.871,0.886,0.881,0.905,0.898,0.92,0.912,57.0
690200.0,Royal Remains Gauntlets,707070.0,8.0,8.0,0.004,3.5,6069020.0,-1.0,-1.0,12.0,12.0,19.0,4.0,2.0,0.971,0.968,0.972,0.971,0.977,0.975,0.981,0.979,19.0
690300.0,Royal Remains Greaves,807070.0,15.0,15.0,0.012,6.6,6069030.0,-1.0,-1.0,22.0,22.0,35.0,7.0,3.0,0.932,0.926,0.935,0.932,0.946,0.942,0.955,0.95,35.0
700000.0,Brave's Cord Circlet,999999.0,26.0,26.0,0.002,1.0,-1.0,-1.0,-1.0,15.0,15.0,8.0,26.0,0.0,0.991,0.991,0.991,0.998,0.956,0.96,0.958,0.956,8.0
700100.0,Brave's Battlewear,999999.0,67.0,67.0,0.008,4.1,-1.0,-1.0,-1.0,42.0,42.0,23.0,67.0,1.0,0.947,0.947,0.947,0.958,0.872,0.876,0.874,0.872,23.0
700200.0,Brave's Bracer,999999.0,20.0,20.0,0.001,0.8,-1.0,-1.0,-1.0,12.0,12.0,6.0,20.0,2.0,0.994,0.994,0.994,0.999,0.969,0.972,0.971,0.969,6.0
700300.0,Brave's Legwraps,999999.0,47.0,47.0,0.006,3.1,-1.0,-1.0,-1.0,29.0,29.0,15.0,47.0,3.0,0.966,0.966,0.966,0.97,0.926,0.928,0.927,0.926,15.0
701000.0,Brave's Leather Helm,999999.0,8.0,8.0,0.006,3.8,-1.0,-1.0,-1.0,11.0,11.0,20.0,8.0,0.0,0.958,0.958,0.966,0.96,0.972,0.966,0.977,0.972,20.0
702000.0,Brave's Battlewear (Altered),999999.0,57.0,57.0,0.007,3.2,-1.0,-1.0,-1.0,34.0,34.0,19.0,57.0,1.0,0.958,0.958,0.958,0.973,0.874,0.881,0.876,0.874,19.0
720000.0,Beast Champion Helm,509060.0,18.0,18.0,0.011,7.5,-1.0,-1.0,-1.0,24.0,24.0,39.0,16.0,0.0,0.937,0.932,0.941,0.933,0.954,0.951,0.954,0.952,39.0
720100.0,Beast Champion Armor,609080.0,42.0,42.0,0.034,17.5,-1.0,-1.0,-1.0,57.0,57.0,90.0,38.0,1.0,0.825,0.813,0.837,0.817,0.87,0.862,0.872,0.865,90.0
720200.0,Beast Champion Gauntlets,708040.0,14.0,14.0,0.007,5.8,-1.0,-1.0,-1.0,19.0,19.0,30.0,13.0,2.0,0.956,0.953,0.959,0.954,0.968,0.966,0.968,0.967,30.0
720300.0,Beast Champion Greaves,808040.0,26.0,26.0,0.02,10.8,-1.0,-1.0,-1.0,35.0,35.0,56.0,24.0,3.0,0.899,0.892,0.906,0.894,0.926,0.921,0.927,0.923,56.0
721100.0,Beast Champion Armor (Altered),609090.0,34.0,34.0,0.034,16.4,-1.0,-1.0,-1.0,50.0,50.0,75.0,32.0,1.0,0.828,0.815,0.841,0.818,0.871,0.863,0.873,0.866,75.0
730000.0,Champion Headband,505140.0,18.0,18.0,0.005,2.7,-1.0,-1.0,-1.0,22.0,22.0,14.0,16.0,0.0,0.977,0.975,0.969,0.972,0.972,0.966,0.964,0.966,14.0
730100.0,Champion Pauldron,604170.0,38.0,38.0,0.01,5.1,-1.0,-1.0,-1.0,46.0,46.0,28.0,35.0,1.0,0.939,0.933,0.92,0.929,0.929,0.912,0.905,0.912,28.0
730200.0,Champion Bracers,704040.0,14.0,14.0,0.003,2.1,-1.0,-1.0,-1.0,17.0,17.0,11.0,13.0,2.0,0.984,0.983,0.979,0.981,0.981,0.977,0.975,0.977,11.0
730300.0,Champion Gaiters,804050.0,26.0,26.0,0.004,3.9,-1.0,-1.0,-1.0,31.0,31.0,20.0,24.0,3.0,0.962,0.96,0.95,0.955,0.955,0.946,0.942,0.946,20.0
740000.0,Crimson Hood,504010.0,27.0,27.0,0.003,1.7,6074000.0,-1.0,-1.0,16.0,16.0,9.0,29.0,0.0,0.986,0.986,0.982,0.982,0.954,0.954,0.955,0.954,9.0
740100.0,Noble's Traveling Garb,603020.0,76.0,76.0,0.01,6.3,-1.0,-1.0,-1.0,46.0,46.0,24.0,83.0,1.0,0.939,0.939,0.933,0.933,0.867,0.865,0.87,0.867,24.0
740200.0,Noble's Gloves,703020.0,25.0,25.0,0.002,2.1,-1.0,-1.0,-1.0,15.0,15.0,8.0,28.0,2.0,0.985,0.985,0.984,0.984,0.967,0.967,0.968,0.967,8.0
740300.0,Noble's Trousers,803030.0,47.0,47.0,0.006,3.9,-1.0,-1.0,-1.0,29.0,29.0,15.0,51.0,3.0,0.966,0.966,0.962,0.962,0.924,0.923,0.926,0.924,15.0
741000.0,Navy Hood,504020.0,29.0,29.0,0.003,1.7,6074100.0,-1.0,-1.0,20.0,20.0,10.0,27.0,0.0,0.986,0.982,0.979,0.991,0.954,0.953,0.956,0.955,10.0
742000.0,,999999.0,29.0,29.0,0.003,1.7,-1.0,-1.0,-1.0,20.0,20.0,10.0,27.0,0.0,0.986,0.982,0.979,0.991,0.954,0.953,0.956,0.955,10.0
760000.0,Maliketh's Helm,508110.0,10.0,10.0,0.008,5.5,-1.0,-1.0,-1.0,15.0,15.0,24.0,22.0,0.0,0.952,0.95,0.958,0.952,0.962,0.96,0.966,0.954,24.0
760100.0,Maliketh's Armor,608190.0,24.0,24.0,0.024,12.8,-1.0,-1.0,-1.0,35.0,35.0,57.0,50.0,1.0,0.865,0.86,0.881,0.865,0.891,0.886,0.905,0.872,57.0
760200.0,Maliketh's Gauntlets,707100.0,8.0,8.0,0.005,4.3,-1.0,-1.0,-1.0,12.0,12.0,19.0,17.0,2.0,0.967,0.965,0.971,0.967,0.973,0.972,0.977,0.968,19.0
760300.0,Maliketh's Greaves,807100.0,15.0,15.0,0.014,7.9,-1.0,-1.0,-1.0,22.0,22.0,35.0,31.0,3.0,0.923,0.92,0.932,0.923,0.938,0.935,0.946,0.927,35.0
761100.0,Maliketh's Armor (Altered),608200.0,21.0,21.0,0.022,11.8,-1.0,-1.0,-1.0,29.0,29.0,50.0,42.0,1.0,0.871,0.865,0.886,0.876,0.898,0.891,0.912,0.874,50.0
770000.0,Malenia's Winged Helm,506210.0,8.0,8.0,0.006,4.0,-1.0,-1.0,-1.0,22.0,22.0,18.0,8.0,0.0,0.956,0.954,0.966,0.96,0.972,0.966,0.977,0.962,18.0
770100.0,Malenia's Armor,606170.0,11.0,11.0,0.016,7.7,-1.0,-1.0,-1.0,38.0,38.0,32.0,11.0,1.0,0.891,0.886,0.929,0.905,0.939,0.929,0.958,0.929,32.0
770200.0,Malenia's Gauntlet,705190.0,6.0,6.0,0.004,3.1,-1.0,-1.0,-1.0,17.0,17.0,14.0,6.0,2.0,0.969,0.968,0.977,0.972,0.981,0.977,0.984,0.973,14.0
770300.0,Malenia's Greaves,805180.0,11.0,11.0,0.011,5.7,-1.0,-1.0,-1.0,31.0,31.0,26.0,11.0,3.0,0.929,0.926,0.946,0.935,0.955,0.946,0.962,0.938,26.0
771100.0,Malenia's Armor (Altered),606180.0,0.0,0.0,0.013,6.8,-1.0,-1.0,-1.0,29.0,29.0,25.0,0.0,1.0,0.9,0.893,0.935,0.914,0.949,0.935,0.975,0.935,25.0
780000.0,Veteran's Helm,509040.0,20.0,20.0,0.012,8.1,-1.0,-1.0,-1.0,27.0,27.0,39.0,20.0,0.0,0.932,0.932,0.939,0.937,0.952,0.95,0.954,0.953,39.0
780100.0,Veteran's Armor,609040.0,46.0,46.0,0.038,18.9,-1.0,-1.0,-1.0,63.0,63.0,90.0,46.0,1.0,0.813,0.813,0.83,0.825,0.865,0.859,0.872,0.867,90.0
780200.0,Veteran's Gauntlets,708020.0,15.0,15.0,0.008,6.3,-1.0,-1.0,-1.0,21.0,21.0,30.0,15.0,2.0,0.953,0.953,0.957,0.956,0.967,0.965,0.968,0.967,30.0
780300.0,Veteran's Greaves,808020.0,29.0,29.0,0.022,11.7,-1.0,-1.0,-1.0,39.0,39.0,56.0,29.0,3.0,0.892,0.892,0.902,0.899,0.923,0.919,0.927,0.924,56.0
781100.0,Veteran's Armor (Altered),609050.0,38.0,38.0,0.035,17.2,-1.0,-1.0,-1.0,54.0,54.0,75.0,38.0,1.0,0.819,0.815,0.832,0.827,0.869,0.864,0.876,0.872,75.0
790000.0,Bloodhound Knight Helm,507100.0,10.0,10.0,0.006,4.6,-1.0,-1.0,-1.0,14.0,14.0,22.0,10.0,0.0,0.956,0.95,0.96,0.952,0.966,0.964,0.975,0.964,22.0
790100.0,Bloodhound Knight Armor,607190.0,23.0,23.0,0.019,10.6,-1.0,-1.0,-1.0,32.0,32.0,50.0,23.0,1.0,0.876,0.86,0.886,0.865,0.905,0.898,0.929,0.898,50.0
790200.0,Bloodhound Knight Gauntlets,706100.0,8.0,8.0,0.004,3.5,-1.0,-1.0,-1.0,11.0,11.0,17.0,8.0,2.0,0.969,0.965,0.972,0.967,0.977,0.975,0.983,0.975,17.0
790300.0,Bloodhound Knight Greaves,806100.0,14.0,14.0,0.011,6.6,-1.0,-1.0,-1.0,20.0,20.0,31.0,14.0,3.0,0.929,0.92,0.935,0.923,0.946,0.942,0.96,0.942,31.0
791100.0,Bloodhound Knight Armor (Altered),607200.0,21.0,21.0,0.019,9.6,-1.0,-1.0,-1.0,29.0,29.0,45.0,21.0,1.0,0.879,0.863,0.889,0.868,0.908,0.901,0.932,0.901,45.0
800000.0,Festive Hood,500080.0,29.0,29.0,0.002,1.7,-1.0,-1.0,-1.0,18.0,18.0,9.0,29.0,0.0,0.986,0.979,0.982,0.982,0.955,0.958,0.956,0.954,9.0
800100.0,Festive Garb,600160.0,67.0,67.0,0.007,4.1,-1.0,-1.0,-1.0,42.0,42.0,21.0,67.0,1.0,0.958,0.939,0.947,0.947,0.874,0.881,0.876,0.87,21.0
801000.0,Festive Hood (Altered),500090.0,23.0,23.0,0.001,1.0,-1.0,-1.0,-1.0,13.0,13.0,4.0,23.0,0.0,0.998,0.986,0.991,0.991,0.958,0.962,0.96,0.955,4.0
801100.0,Festive Garb (Altered),600170.0,57.0,57.0,0.007,3.2,-1.0,-1.0,-1.0,34.0,34.0,16.0,57.0,1.0,0.973,0.947,0.958,0.958,0.876,0.886,0.881,0.872,16.0
802000.0,Blue Festive Hood,500100.0,31.0,31.0,0.002,1.7,-1.0,-1.0,-1.0,20.0,20.0,9.0,27.0,0.0,0.986,0.979,0.986,0.982,0.955,0.96,0.955,0.951,9.0
802100.0,Blue Festive Garb,600180.0,71.0,71.0,0.007,4.1,-1.0,-1.0,-1.0,46.0,46.0,21.0,63.0,1.0,0.958,0.939,0.958,0.947,0.874,0.886,0.874,0.862,21.0
810000.0,Commoner's Headband,500000.0,27.0,27.0,0.002,1.4,-1.0,-1.0,-1.0,15.0,15.0,10.0,29.0,0.0,0.991,0.982,0.982,0.986,0.956,0.96,0.958,0.956,10.0
810100.0,Commoner's Garb,600040.0,76.0,76.0,0.008,5.1,6081010.0,-1.0,-1.0,42.0,42.0,25.0,83.0,1.0,0.947,0.933,0.933,0.939,0.872,0.876,0.874,0.872,25.0
810300.0,Commoner's Shoes,800020.0,39.0,39.0,0.003,2.0,-1.0,-1.0,-1.0,22.0,22.0,14.0,41.0,3.0,0.985,0.97,0.97,0.977,0.929,0.935,0.932,0.929,14.0
811000.0,Commoner's Headband (Altered),500010.0,23.0,23.0,0.001,0.7,-1.0,-1.0,-1.0,12.0,12.0,8.0,24.0,0.0,0.999,0.989,0.989,0.994,0.961,0.965,0.963,0.961,8.0
811100.0,Commoner's Garb (Altered),600050.0,61.0,61.0,0.007,4.1,6081010.0,-1.0,-1.0,34.0,34.0,21.0,64.0,1.0,0.958,0.939,0.939,0.947,0.874,0.881,0.876,0.874,21.0
812000.0,Commoner's Simple Garb,600020.0,76.0,76.0,0.008,5.1,6081010.0,-1.0,-1.0,46.0,46.0,24.0,83.0,1.0,0.958,0.933,0.933,0.939,0.87,0.874,0.874,0.872,24.0
812100.0,Commoner's Simple Garb (Altered),600030.0,61.0,61.0,0.007,4.1,6081010.0,-1.0,-1.0,38.0,38.0,21.0,64.0,1.0,0.968,0.939,0.939,0.947,0.872,0.876,0.876,0.874,21.0
820000.0,Envoy Crown,503140.0,46.0,46.0,0.004,3.8,6082000.0,-1.0,-1.0,27.0,27.0,15.0,46.0,0.0,0.972,0.969,0.969,0.972,0.947,0.953,0.951,0.945,15.0
830000.0,Twinsage Glintstone Crown,501040.0,10.0,10.0,0.006,5.1,1950.0,486.0,6083000.0,16.0,16.0,26.0,10.0,0.0,0.956,0.948,0.969,0.952,0.956,0.955,0.966,0.962,26.0
830100.0,Raya Lucarian Robe,601030.0,67.0,67.0,0.007,4.1,-1.0,-1.0,-1.0,42.0,42.0,18.0,63.0,1.0,0.947,0.939,0.939,0.973,0.865,0.874,0.876,0.872,18.0
830200.0,Sorcerer Manchettes,701010.0,21.0,21.0,0.001,1.1,-1.0,-1.0,-1.0,13.0,13.0,4.0,20.0,2.0,0.99,0.987,0.987,0.999,0.968,0.969,0.971,0.969,4.0
830300.0,Sorcerer Leggings,801010.0,39.0,39.0,0.003,2.0,-1.0,-1.0,-1.0,24.0,24.0,7.0,37.0,3.0,0.977,0.97,0.97,0.997,0.927,0.929,0.932,0.928,7.0
831000.0,Olivinus Glintstone Crown,501030.0,10.0,10.0,0.006,5.1,1952.0,486.0,6083100.0,16.0,16.0,26.0,10.0,0.0,0.956,0.948,0.969,0.952,0.956,0.955,0.966,0.962,26.0
832000.0,Lazuli Glintstone Crown,501060.0,10.0,10.0,0.006,5.1,1954.0,486.0,6083200.0,16.0,16.0,26.0,10.0,0.0,0.956,0.948,0.969,0.952,0.956,0.955,0.966,0.962,26.0
833000.0,Karolos Glintstone Crown,501020.0,10.0,10.0,0.006,5.1,1956.0,486.0,6083300.0,16.0,16.0,26.0,10.0,0.0,0.956,0.948,0.969,0.952,0.956,0.955,0.966,0.962,26.0
834000.0,Witch's Glintstone Crown,501050.0,10.0,10.0,0.006,5.1,1958.0,486.0,6083400.0,16.0,16.0,26.0,10.0,0.0,0.956,0.948,0.969,0.952,0.956,0.955,0.966,0.962,26.0
834100.0,,999999.0,10.0,10.0,0.006,5.1,-1.0,-1.0,-1.0,16.0,16.0,26.0,10.0,0.0,0.956,0.948,0.969,0.952,0.956,0.955,0.966,0.962,26.0
835000.0,,999999.0,27.0,27.0,0.002,1.4,-1.0,-1.0,-1.0,16.0,16.0,5.0,26.0,0.0,0.986,0.982,0.986,0.998,0.953,0.956,0.958,0.955,5.0
835100.0,,999999.0,63.0,63.0,0.005,3.2,-1.0,-1.0,-1.0,38.0,38.0,11.0,60.0,1.0,0.958,0.947,0.947,0.994,0.867,0.876,0.881,0.874,11.0
835200.0,,999999.0,21.0,21.0,0.001,1.1,-1.0,-1.0,-1.0,13.0,13.0,4.0,20.0,2.0,0.99,0.987,0.987,0.999,0.968,0.969,0.971,0.969,4.0
835300.0,,999999.0,39.0,39.0,0.003,2.0,-1.0,-1.0,-1.0,24.0,24.0,7.0,37.0,3.0,0.977,0.97,0.97,0.997,0.927,0.929,0.932,0.928,7.0
836000.0,,999999.0,10.0,10.0,0.006,5.1,1958.0,486.0,-1.0,16.0,16.0,26.0,10.0,0.0,0.956,0.948,0.969,0.952,0.956,0.955,0.966,0.962,26.0
840000.0,Marionette Soldier Helm,506140.0,9.0,9.0,0.006,3.8,-1.0,-1.0,-1.0,10.0,10.0,22.0,8.0,0.0,0.956,0.96,0.969,0.962,0.969,0.969,0.977,0.969,22.0
840100.0,Marionette Soldier Armor,606090.0,21.0,21.0,0.018,8.8,-1.0,-1.0,-1.0,24.0,24.0,50.0,18.0,1.0,0.881,0.865,0.912,0.912,0.912,0.912,0.933,0.912,50.0
850000.0,Marionette Soldier Birdhelm,506150.0,8.0,8.0,0.006,3.8,-1.0,-1.0,-1.0,11.0,11.0,18.0,9.0,0.0,0.956,0.96,0.969,0.962,0.969,0.969,0.975,0.975,18.0
860000.0,Raging Wolf Helm,508000.0,8.0,8.0,0.007,4.4,-1.0,-1.0,-1.0,14.0,14.0,23.0,8.0,0.0,0.953,0.953,0.959,0.955,0.965,0.961,0.976,0.967,23.0
860100.0,Raging Wolf Armor,608000.0,17.0,17.0,0.021,10.1,-1.0,-1.0,-1.0,31.0,31.0,55.0,17.0,1.0,0.868,0.868,0.884,0.874,0.901,0.889,0.932,0.908,55.0
860200.0,Raging Wolf Gauntlets,707000.0,6.0,6.0,0.004,3.4,-1.0,-1.0,-1.0,11.0,11.0,19.0,6.0,2.0,0.968,0.968,0.972,0.969,0.976,0.973,0.984,0.978,19.0
860300.0,Raging Wolf Greaves,807000.0,11.0,11.0,0.012,6.3,-1.0,-1.0,-1.0,19.0,19.0,34.0,11.0,3.0,0.925,0.925,0.934,0.928,0.944,0.937,0.962,0.948,34.0
861100.0,Raging Wolf Armor (Altered),608010.0,10.0,10.0,0.019,9.0,-1.0,-1.0,-1.0,25.0,25.0,50.0,10.0,1.0,0.872,0.872,0.892,0.877,0.913,0.892,0.934,0.913,50.0
870000.0,Land of Reeds Helm,506090.0,0.0,0.0,0.005,3.6,-1.0,-1.0,-1.0,26.0,26.0,22.0,23.0,0.0,0.969,0.952,0.966,0.966,0.964,0.96,0.958,0.962,22.0
870100.0,Land of Reeds Armor,606030.0,50.0,50.0,0.016,8.3,-1.0,-1.0,-1.0,60.0,60.0,50.0,55.0,1.0,0.912,0.881,0.905,0.905,0.898,0.886,0.881,0.891,50.0
870200.0,Land of Reeds Gauntlets,705100.0,17.0,17.0,0.003,2.8,-1.0,-1.0,-1.0,20.0,20.0,17.0,18.0,2.0,0.979,0.971,0.977,0.977,0.975,0.972,0.971,0.973,17.0
870300.0,Land of Reeds Greaves,805090.0,31.0,31.0,0.01,5.1,-1.0,-1.0,-1.0,37.0,37.0,31.0,34.0,3.0,0.95,0.932,0.946,0.946,0.942,0.935,0.932,0.938,31.0
871100.0,Land of Reeds Armor (Altered),606040.0,42.0,42.0,0.015,7.8,-1.0,-1.0,-1.0,52.0,52.0,42.0,45.0,1.0,0.92,0.886,0.912,0.912,0.905,0.891,0.886,0.898,42.0
872000.0,Okina Mask,506100.0,23.0,23.0,0.006,3.6,6087200.0,-1.0,-1.0,29.0,29.0,18.0,22.0,0.0,0.966,0.96,0.964,0.969,0.962,0.962,0.958,0.964,18.0
872100.0,White Reed Armor,606050.0,55.0,55.0,0.017,8.3,-1.0,-1.0,-1.0,67.0,67.0,42.0,50.0,1.0,0.905,0.886,0.898,0.912,0.891,0.891,0.881,0.898,42.0
872200.0,White Reed Gauntlets,705110.0,18.0,18.0,0.004,2.8,-1.0,-1.0,-1.0,22.0,22.0,14.0,17.0,2.0,0.977,0.972,0.975,0.979,0.973,0.973,0.971,0.975,14.0
872300.0,White Reed Greaves,805100.0,34.0,34.0,0.01,5.1,-1.0,-1.0,-1.0,41.0,41.0,26.0,31.0,3.0,0.946,0.935,0.942,0.95,0.938,0.938,0.932,0.942,26.0
873000.0,,999999.0,23.0,23.0,0.006,3.6,-1.0,-1.0,-1.0,29.0,29.0,18.0,22.0,0.0,0.966,0.96,0.964,0.969,0.962,0.962,0.958,0.964,18.0
880000.0,Confessor Hood,504070.0,20.0,20.0,0.005,3.3,-1.0,-1.0,-1.0,26.0,26.0,20.0,22.0,0.0,0.972,0.972,0.964,0.969,0.962,0.962,0.958,0.966,20.0
880100.0,Confessor Armor,603080.0,50.0,50.0,0.016,8.3,-1.0,-1.0,-1.0,63.0,63.0,50.0,55.0,1.0,0.912,0.912,0.891,0.905,0.886,0.886,0.876,0.898,50.0
880200.0,Confessor Gloves,703050.0,17.0,17.0,0.003,2.8,-1.0,-1.0,-1.0,21.0,21.0,17.0,18.0,2.0,0.979,0.979,0.973,0.977,0.972,0.972,0.969,0.975,17.0
880300.0,Confessor Boots,803070.0,29.0,29.0,0.009,4.8,-1.0,-1.0,-1.0,37.0,37.0,29.0,31.0,3.0,0.955,0.955,0.942,0.95,0.938,0.938,0.932,0.946,29.0
881000.0,Confessor Hood (Altered),504080.0,14.0,14.0,0.003,2.7,-1.0,-1.0,-1.0,21.0,21.0,14.0,16.0,0.0,0.977,0.977,0.969,0.975,0.966,0.966,0.962,0.972,14.0
881100.0,Confessor Armor (Altered),603090.0,42.0,42.0,0.015,7.3,-1.0,-1.0,-1.0,54.0,54.0,42.0,45.0,1.0,0.924,0.924,0.902,0.916,0.895,0.895,0.885,0.909,42.0
890000.0,Prisoner Iron Mask,500120.0,35.0,35.0,0.012,8.6,-1.0,-1.0,-1.0,29.0,29.0,44.0,20.0,0.0,0.932,0.93,0.941,0.932,0.954,0.951,0.955,0.952,44.0
890100.0,Prisoner Clothing,600190.0,63.0,63.0,0.005,3.2,-1.0,-1.0,-1.0,42.0,42.0,23.0,63.0,1.0,0.958,0.947,0.947,0.958,0.881,0.886,0.886,0.874,23.0
890300.0,Prisoner Trousers,800070.0,39.0,39.0,0.004,2.0,-1.0,-1.0,-1.0,26.0,26.0,14.0,39.0,3.0,0.977,0.97,0.97,0.977,0.932,0.935,0.935,0.928,14.0
891000.0,Blackguard's Iron Mask,500130.0,12.0,12.0,0.009,6.2,-1.0,-1.0,-1.0,22.0,22.0,31.0,12.0,0.0,0.942,0.939,0.956,0.945,0.958,0.956,0.96,0.955,31.0
892100.0,,999999.0,63.0,63.0,0.007,3.2,-1.0,-1.0,-1.0,42.0,42.0,23.0,63.0,1.0,0.958,0.947,0.947,0.958,0.881,0.886,0.886,0.874,23.0
900000.0,Traveling Maiden Hood,501200.0,29.0,29.0,0.003,1.6,-1.0,-1.0,-1.0,18.0,18.0,10.0,31.0,0.0,0.986,0.982,0.982,0.991,0.954,0.955,0.954,0.954,10.0
900100.0,Traveling Maiden Robe,601250.0,76.0,76.0,0.01,4.9,-1.0,-1.0,-1.0,46.0,46.0,24.0,83.0,1.0,0.946,0.938,0.938,0.957,0.866,0.871,0.869,0.866,24.0
900200.0,Traveling Maiden Gloves,701100.0,25.0,25.0,0.002,1.6,-1.0,-1.0,-1.0,15.0,15.0,8.0,28.0,2.0,0.987,0.985,0.985,0.99,0.967,0.968,0.968,0.967,8.0
900300.0,Traveling Maiden Boots,801110.0,47.0,47.0,0.006,2.9,-1.0,-1.0,-1.0,29.0,29.0,15.0,51.0,3.0,0.969,0.965,0.965,0.976,0.923,0.926,0.925,0.923,15.0
901100.0,Traveling Maiden Robe (Altered),601260.0,61.0,61.0,0.008,4.3,-1.0,-1.0,-1.0,38.0,38.0,21.0,64.0,1.0,0.957,0.946,0.946,0.972,0.869,0.873,0.871,0.869,21.0
901200.0,,999999.0,76.0,76.0,0.01,5.1,-1.0,-1.0,-1.0,46.0,46.0,24.0,83.0,1.0,0.947,0.939,0.939,0.958,0.867,0.872,0.87,0.867,24.0
901600.0,,999999.0,69.0,69.0,0.01,5.1,-1.0,-1.0,-1.0,42.0,42.0,21.0,75.0,1.0,0.947,0.939,0.939,0.958,0.867,0.872,0.87,0.867,21.0
902000.0,Finger Maiden Fillet,501210.0,31.0,31.0,0.004,2.2,-1.0,-1.0,-1.0,18.0,18.0,10.0,31.0,0.0,0.979,0.982,0.982,0.986,0.952,0.954,0.954,0.952,10.0
902100.0,Finger Maiden Robe,601270.0,63.0,63.0,0.01,4.6,-1.0,-1.0,-1.0,38.0,38.0,21.0,63.0,1.0,0.942,0.953,0.953,0.968,0.862,0.869,0.867,0.862,21.0
902300.0,Finger Maiden Shoes,801120.0,39.0,39.0,0.004,2.5,-1.0,-1.0,-1.0,24.0,24.0,13.0,39.0,3.0,0.97,0.977,0.977,0.985,0.924,0.928,0.927,0.924,13.0
903100.0,Finger Maiden Robe (Altered),601280.0,54.0,54.0,0.008,3.7,-1.0,-1.0,-1.0,32.0,32.0,16.0,54.0,1.0,0.958,0.973,0.973,0.994,0.87,0.876,0.874,0.865,16.0
904100.0,,999999.0,63.0,63.0,0.01,4.1,-1.0,-1.0,-1.0,38.0,38.0,21.0,63.0,1.0,0.947,0.958,0.958,0.973,0.867,0.874,0.872,0.867,21.0
910000.0,Preceptor's Big Hat,501120.0,44.0,44.0,0.005,3.6,6091000.0,-1.0,-1.0,26.0,26.0,12.0,42.0,0.0,0.975,0.975,0.972,0.975,0.945,0.951,0.952,0.952,12.0
910100.0,Preceptor's Long Gown,601120.0,83.0,83.0,0.012,6.3,-1.0,-1.0,-1.0,50.0,50.0,24.0,76.0,1.0,0.939,0.939,0.933,0.939,0.855,0.867,0.872,0.872,24.0
910200.0,Preceptor's Gloves,701060.0,28.0,28.0,0.003,2.1,-1.0,-1.0,-1.0,17.0,17.0,8.0,25.0,2.0,0.985,0.985,0.984,0.985,0.964,0.967,0.968,0.968,8.0
910300.0,Preceptor's Trousers,801060.0,51.0,51.0,0.007,3.9,-1.0,-1.0,-1.0,31.0,31.0,15.0,47.0,3.0,0.966,0.966,0.962,0.966,0.917,0.924,0.927,0.927,15.0
911000.0,Mask of Confidence,501130.0,39.0,39.0,0.005,3.3,6091100.0,-1.0,-1.0,24.0,24.0,11.0,35.0,0.0,0.977,0.977,0.975,0.977,0.947,0.952,0.953,0.953,10.0
911100.0,Preceptor's Long Gown (Altered),601130.0,57.0,57.0,0.007,3.2,-1.0,-1.0,-1.0,38.0,38.0,16.0,57.0,1.0,0.958,0.973,0.958,0.958,0.872,0.876,0.881,0.876,16.0
912000.0,,999999.0,44.0,44.0,0.005,3.6,-1.0,-1.0,-1.0,26.0,26.0,12.0,42.0,0.0,0.975,0.975,0.972,0.975,0.945,0.951,0.952,0.952,12.0
912100.0,,999999.0,83.0,83.0,0.012,6.3,-1.0,-1.0,-1.0,50.0,50.0,24.0,76.0,1.0,0.939,0.939,0.933,0.939,0.855,0.867,0.872,0.872,24.0
912200.0,,999999.0,28.0,28.0,0.003,2.1,-1.0,-1.0,-1.0,17.0,17.0,8.0,25.0,2.0,0.985,0.985,0.984,0.985,0.964,0.967,0.968,0.968,8.0
912300.0,,999999.0,51.0,51.0,0.007,3.9,-1.0,-1.0,-1.0,31.0,31.0,15.0,47.0,3.0,0.966,0.966,0.962,0.966,0.917,0.924,0.927,0.927,15.0
913000.0,,999999.0,44.0,44.0,0.005,3.6,-1.0,-1.0,-1.0,26.0,26.0,12.0,42.0,0.0,0.975,0.975,0.972,0.975,0.945,0.951,0.952,0.952,12.0
920000.0,Grass Hair Ornament,999999.0,27.0,27.0,0.002,1.4,-1.0,-1.0,-1.0,16.0,16.0,9.0,27.0,0.0,0.986,0.986,0.986,0.991,0.955,0.958,0.956,0.955,9.0
930000.0,Skeletal Mask,504100.0,24.0,24.0,0.004,3.0,-1.0,-1.0,-1.0,23.0,23.0,14.0,24.0,0.0,0.975,0.969,0.972,0.969,0.966,0.966,0.964,0.969,14.0
930100.0,Raptor's Black Feathers,603110.0,60.0,60.0,0.015,7.7,6093010.0,-1.0,-1.0,57.0,57.0,35.0,60.0,1.0,0.92,0.905,0.912,0.905,0.898,0.898,0.891,0.905,35.0
930200.0,Bandit Manchettes,703040.0,17.0,17.0,0.002,1.7,-1.0,-1.0,-1.0,15.0,15.0,8.0,17.0,2.0,0.985,0.983,0.984,0.983,0.981,0.981,0.979,0.983,8.0
930300.0,Bandit Boots,803060.0,35.0,35.0,0.008,4.4,-1.0,-1.0,-1.0,34.0,34.0,20.0,35.0,3.0,0.96,0.95,0.955,0.95,0.946,0.946,0.942,0.95,20.0
931100.0,Bandit Garb,603070.0,54.0,54.0,0.015,7.7,-1.0,-1.0,-1.0,52.0,52.0,32.0,54.0,1.0,0.92,0.905,0.912,0.905,0.898,0.898,0.891,0.905,32.0
940000.0,Eccentric's Hood,506120.0,9.0,9.0,0.006,4.0,-1.0,-1.0,-1.0,14.0,14.0,24.0,8.0,0.0,0.956,0.958,0.966,0.956,0.966,0.964,0.977,0.969,24.0
940100.0,Eccentric's Armor,606080.0,23.0,23.0,0.021,10.6,-1.0,-1.0,-1.0,35.0,35.0,60.0,21.0,1.0,0.871,0.876,0.891,0.871,0.891,0.891,0.929,0.905,60.0
940200.0,Eccentric's Manchettes,705130.0,6.0,6.0,0.004,2.9,-1.0,-1.0,-1.0,8.0,8.0,18.0,4.0,2.0,0.971,0.972,0.979,0.971,0.979,0.977,0.985,0.981,18.0
940300.0,Eccentric's Breeches,805120.0,7.0,7.0,0.01,5.1,-1.0,-1.0,-1.0,15.0,15.0,31.0,7.0,3.0,0.935,0.938,0.955,0.935,0.955,0.95,0.97,0.96,31.0
941000.0,Eccentric's Hood (Altered),506130.0,8.0,8.0,0.006,4.0,-1.0,-1.0,-1.0,12.0,12.0,21.0,7.0,0.0,0.956,0.958,0.966,0.956,0.966,0.964,0.977,0.969,21.0
950000.0,Fingerprint Helm,508070.0,5.0,5.0,0.008,4.6,-1.0,-1.0,-1.0,14.0,14.0,26.0,10.0,0.0,0.952,0.958,0.958,0.958,0.966,0.955,0.977,0.966,26.0
950100.0,Fingerprint Armor,608120.0,11.0,11.0,0.024,10.6,-1.0,-1.0,-1.0,32.0,32.0,60.0,23.0,1.0,0.865,0.881,0.881,0.881,0.905,0.874,0.933,0.905,60.0
950200.0,Fingerprint Gauntlets,707060.0,4.0,4.0,0.005,3.5,-1.0,-1.0,-1.0,11.0,11.0,20.0,8.0,2.0,0.967,0.971,0.971,0.971,0.977,0.969,0.984,0.977,20.0
950300.0,Fingerprint Greaves,807060.0,7.0,7.0,0.014,6.6,-1.0,-1.0,-1.0,20.0,20.0,37.0,14.0,3.0,0.923,0.932,0.932,0.932,0.946,0.928,0.962,0.946,37.0
951100.0,Fingerprint Armor (Altered),608130.0,10.0,10.0,0.024,10.0,-1.0,-1.0,-1.0,29.0,29.0,54.0,21.0,1.0,0.869,0.885,0.885,0.885,0.909,0.878,0.937,0.909,54.0
960000.0,Consort's Mask,502040.0,39.0,39.0,0.005,3.6,6096000.0,-1.0,-1.0,24.0,24.0,14.0,35.0,0.0,0.972,0.975,0.972,0.975,0.95,0.952,0.952,0.95,14.0
960100.0,Consort's Robe,602080.0,67.0,67.0,0.007,4.1,-1.0,-1.0,-1.0,46.0,46.0,25.0,63.0,1.0,0.947,0.958,0.958,0.947,0.87,0.876,0.876,0.872,25.0
960300.0,Consort's Trousers,802030.0,41.0,41.0,0.004,2.5,-1.0,-1.0,-1.0,29.0,29.0,15.0,39.0,3.0,0.97,0.977,0.977,0.97,0.926,0.929,0.929,0.927,15.0
961000.0,Ruler's Mask,502030.0,33.0,33.0,0.003,2.2,6096100.0,-1.0,-1.0,20.0,20.0,10.0,33.0,0.0,0.982,0.977,0.977,0.986,0.954,0.956,0.954,0.953,10.0
961100.0,Ruler's Robe,602070.0,76.0,76.0,0.01,5.1,-1.0,-1.0,-1.0,46.0,46.0,24.0,76.0,1.0,0.947,0.933,0.933,0.958,0.87,0.876,0.872,0.867,24.0
962100.0,Upper-Class Robe,602060.0,61.0,61.0,0.008,4.1,-1.0,-1.0,-1.0,38.0,38.0,21.0,61.0,1.0,0.958,0.939,0.939,0.973,0.872,0.881,0.874,0.87,21.0
963000.0,Marais Mask,502050.0,35.0,35.0,0.004,2.2,6096300.0,-1.0,-1.0,20.0,20.0,14.0,33.0,0.0,0.979,0.982,0.977,0.986,0.954,0.955,0.955,0.954,14.0
963100.0,Marais Robe,602100.0,71.0,71.0,0.008,4.1,-1.0,-1.0,-1.0,42.0,42.0,28.0,67.0,1.0,0.947,0.958,0.939,0.973,0.874,0.876,0.876,0.874,28.0
963200.0,Bloodsoaked Manchettes,700020.0,24.0,24.0,0.002,1.4,-1.0,-1.0,-1.0,14.0,14.0,9.0,22.0,2.0,0.987,0.99,0.985,0.994,0.969,0.969,0.969,0.969,9.0
964000.0,Bloodsoaked Mask,500140.0,30.0,30.0,0.003,2.2,-1.0,-1.0,-1.0,18.0,18.0,10.0,31.0,0.0,0.982,0.982,0.982,0.979,0.954,0.956,0.955,0.954,10.0
964100.0,Official's Attire,602090.0,61.0,61.0,0.008,4.1,-1.0,-1.0,-1.0,38.0,38.0,22.0,64.0,1.0,0.958,0.958,0.958,0.947,0.872,0.881,0.876,0.872,22.0
965000.0,,999999.0,39.0,39.0,0.005,3.6,-1.0,-1.0,-1.0,24.0,24.0,14.0,35.0,0.0,0.972,0.975,0.972,0.975,0.95,0.952,0.952,0.95,14.0
965100.0,,999999.0,67.0,67.0,0.007,4.1,-1.0,-1.0,-1.0,46.0,46.0,25.0,63.0,1.0,0.947,0.958,0.958,0.947,0.87,0.876,0.876,0.872,25.0
965300.0,,999999.0,41.0,41.0,0.004,2.5,-1.0,-1.0,-1.0,29.0,29.0,15.0,39.0,3.0,0.97,0.977,0.977,0.97,0.926,0.929,0.929,0.927,15.0
966000.0,,999999.0,33.0,33.0,0.003,2.2,-1.0,-1.0,-1.0,20.0,20.0,10.0,33.0,0.0,0.982,0.977,0.977,0.986,0.954,0.956,0.954,0.953,10.0
967000.0,,999999.0,35.0,35.0,0.003,2.2,-1.0,-1.0,-1.0,20.0,20.0,14.0,33.0,0.0,0.979,0.982,0.977,0.986,0.954,0.955,0.955,0.954,14.0
970000.0,Omen Helm,510030.0,24.0,24.0,0.014,9.9,6097000.0,6097001.0,-1.0,29.0,29.0,27.0,33.0,0.0,0.933,0.932,0.946,0.932,0.954,0.948,0.947,0.951,27.0
970100.0,Omen Armor,610030.0,57.0,57.0,0.043,23.1,6097010.0,6097011.0,-1.0,67.0,67.0,63.0,76.0,1.0,0.817,0.813,0.85,0.813,0.87,0.855,0.851,0.862,63.0
970200.0,Omen Gauntlets,709020.0,19.0,19.0,0.009,7.7,6097020.0,6097021.0,-1.0,22.0,22.0,21.0,25.0,2.0,0.954,0.953,0.963,0.953,0.968,0.964,0.963,0.966,21.0
970300.0,Omen Greaves,809020.0,35.0,35.0,0.025,14.3,6097030.0,6097031.0,-1.0,41.0,41.0,39.0,47.0,3.0,0.894,0.892,0.914,0.892,0.926,0.917,0.915,0.921,39.0
980000.0,Carian Knight Helm,507030.0,9.0,9.0,0.006,4.6,-1.0,-1.0,-1.0,12.0,12.0,20.0,10.0,0.0,0.958,0.956,0.962,0.958,0.956,0.958,0.966,0.958,20.0
980100.0,Carian Knight Armor,607030.0,21.0,21.0,0.019,10.4,-1.0,-1.0,-1.0,28.0,28.0,46.0,23.0,1.0,0.882,0.877,0.892,0.882,0.877,0.882,0.906,0.882,46.0
980200.0,Carian Knight Gauntlets,706020.0,7.0,7.0,0.004,3.5,-1.0,-1.0,-1.0,9.0,9.0,15.0,8.0,2.0,0.971,0.969,0.973,0.971,0.969,0.971,0.977,0.971,15.0
980300.0,Carian Knight Greaves,806020.0,13.0,13.0,0.011,6.6,-1.0,-1.0,-1.0,17.0,17.0,29.0,14.0,3.0,0.932,0.929,0.938,0.932,0.929,0.932,0.946,0.932,29.0
981100.0,Carian Knight Armor (Altered),607040.0,16.0,16.0,0.018,9.7,-1.0,-1.0,-1.0,22.0,22.0,38.0,19.0,1.0,0.883,0.878,0.902,0.883,0.883,0.883,0.909,0.883,38.0
990000.0,Hierodas Glintstone Crown,501080.0,39.0,39.0,0.004,3.0,6099000.0,-1.0,-1.0,20.0,20.0,11.0,42.0,0.0,0.977,0.972,0.977,0.977,0.951,0.953,0.954,0.951,11.0
990100.0,Errant Sorcerer Robe,601060.0,67.0,67.0,0.008,4.1,-1.0,-1.0,-1.0,35.0,35.0,23.0,71.0,1.0,0.958,0.939,0.958,0.958,0.87,0.874,0.876,0.87,23.0
990200.0,Errant Sorcerer Manchettes,701030.0,21.0,21.0,0.001,1.1,-1.0,-1.0,-1.0,11.0,11.0,7.0,22.0,2.0,0.994,0.987,0.994,0.994,0.968,0.969,0.971,0.968,7.0
990300.0,Errant Sorcerer Boots,801030.0,47.0,47.0,0.005,3.1,-1.0,-1.0,-1.0,24.0,24.0,15.0,51.0,3.0,0.97,0.962,0.97,0.97,0.924,0.927,0.928,0.924,15.0
991100.0,Errant Sorcerer Robe (Altered),601070.0,62.0,62.0,0.007,3.2,-1.0,-1.0,-1.0,31.0,31.0,20.0,66.0,1.0,0.973,0.947,0.973,0.973,0.872,0.876,0.881,0.872,20.0
992000.0,,999999.0,39.0,39.0,0.004,3.0,-1.0,-1.0,-1.0,20.0,20.0,11.0,42.0,0.0,0.977,0.972,0.977,0.977,0.951,0.953,0.954,0.951,11.0
1000000.0,Haima Glintstone Crown,501070.0,33.0,33.0,0.004,2.7,6100000.0,-1.0,-1.0,22.0,22.0,11.0,39.0,0.0,0.977,0.979,0.975,0.977,0.952,0.955,0.954,0.954,11.0
1000100.0,Battlemage Robe,601050.0,63.0,63.0,0.01,4.1,-1.0,-1.0,-1.0,42.0,42.0,23.0,71.0,1.0,0.947,0.958,0.939,0.947,0.87,0.881,0.876,0.874,23.0
1000200.0,Battlemage Manchettes,701020.0,20.0,20.0,0.002,1.1,-1.0,-1.0,-1.0,13.0,13.0,7.0,22.0,2.0,0.99,0.994,0.987,0.99,0.968,0.972,0.971,0.969,7.0
1000300.0,Battlemage Legwraps,801020.0,39.0,39.0,0.006,2.5,-1.0,-1.0,-1.0,26.0,26.0,14.0,44.0,3.0,0.97,0.977,0.966,0.97,0.926,0.932,0.929,0.928,14.0
1010000.0,Snow Witch Hat,501170.0,31.0,31.0,0.003,2.2,6101000.0,-1.0,-1.0,16.0,16.0,14.0,31.0,0.0,0.982,0.979,0.979,0.986,0.954,0.954,0.954,0.954,14.0
1010100.0,Snow Witch Robe,601170.0,71.0,71.0,0.008,5.5,-1.0,-1.0,-1.0,38.0,38.0,32.0,71.0,1.0,0.943,0.935,0.935,0.954,0.866,0.866,0.868,0.866,32.0
1010300.0,Snow Witch Skirt,801090.0,44.0,44.0,0.005,3.1,-1.0,-1.0,-1.0,24.0,24.0,20.0,44.0,3.0,0.97,0.966,0.966,0.977,0.926,0.926,0.927,0.926,20.0
1011100.0,Snow Witch Robe (Altered),601180.0,57.0,57.0,0.007,4.6,-1.0,-1.0,-1.0,32.0,32.0,25.0,57.0,1.0,0.954,0.943,0.943,0.969,0.868,0.868,0.87,0.868,25.0
1020100.0,Traveler's Clothes,600010.0,67.0,67.0,0.008,4.1,-1.0,-1.0,-1.0,35.0,35.0,24.0,67.0,1.0,0.939,0.958,0.947,0.973,0.867,0.874,0.872,0.876,24.0
1020200.0,Traveler's Manchettes,700000.0,25.0,25.0,0.002,1.7,-1.0,-1.0,-1.0,13.0,13.0,8.0,25.0,2.0,0.984,0.987,0.985,0.99,0.967,0.968,0.968,0.969,8.0
1020300.0,Traveler's Boots,800010.0,47.0,47.0,0.006,3.1,-1.0,-1.0,-1.0,24.0,24.0,15.0,47.0,3.0,0.962,0.97,0.966,0.977,0.923,0.927,0.926,0.928,15.0
1030000.0,Juvenile Scholar Cap,501010.0,26.0,26.0,0.002,1.4,-1.0,-1.0,-1.0,15.0,15.0,10.0,29.0,0.0,0.986,0.982,0.982,0.986,0.955,0.96,0.958,0.956,10.0
1030100.0,Juvenile Scholar Robe,601020.0,63.0,63.0,0.007,4.1,-1.0,-1.0,-1.0,38.0,38.0,25.0,71.0,1.0,0.947,0.939,0.939,0.947,0.872,0.881,0.876,0.874,25.0
1040000.0,Radiant Gold Mask,501240.0,33.0,33.0,0.003,2.2,6104000.0,-1.0,-1.0,22.0,22.0,9.0,33.0,0.0,0.977,0.979,0.979,0.986,0.954,0.955,0.954,0.952,9.0
1040100.0,Goldmask's Rags,601300.0,60.0,60.0,0.005,2.4,-1.0,-1.0,-1.0,38.0,38.0,11.0,60.0,1.0,0.958,0.973,0.973,0.994,0.881,0.886,0.881,0.872,11.0
1040200.0,Gold Bracelets,701110.0,20.0,20.0,0.001,0.8,-1.0,-1.0,-1.0,13.0,13.0,4.0,20.0,2.0,0.99,0.994,0.994,0.999,0.971,0.972,0.971,0.968,4.0
1040300.0,Gold Waistwrap,801140.0,56.0,56.0,0.007,4.4,-1.0,-1.0,-1.0,35.0,35.0,15.0,56.0,3.0,0.96,0.962,0.962,0.97,0.924,0.926,0.924,0.919,15.0
1050100.0,Fell Omen Cloak,602150.0,71.0,71.0,0.008,5.1,-1.0,-1.0,-1.0,42.0,42.0,25.0,83.0,1.0,0.939,0.933,0.933,0.939,0.87,0.876,0.874,0.872,25.0
1060000.0,Albinauric Mask,503170.0,10.0,10.0,0.005,3.8,6106000.0,-1.0,-1.0,12.0,12.0,23.0,10.0,0.0,0.96,0.96,0.969,0.962,0.975,0.969,0.979,0.975,23.0
1060100.0,Dirty Chainmail,605010.0,21.0,21.0,0.018,8.8,-1.0,-1.0,-1.0,25.0,25.0,50.0,21.0,1.0,0.886,0.881,0.912,0.886,0.92,0.912,0.939,0.92,50.0
1070000.0,Zamor Mask,506190.0,5.0,5.0,0.006,3.8,-1.0,-1.0,-1.0,9.0,9.0,27.0,8.0,0.0,0.958,0.956,0.966,0.962,0.969,0.969,0.979,0.972,27.0
1070100.0,Zamor Armor,606140.0,11.0,11.0,0.018,8.8,-1.0,-1.0,-1.0,21.0,21.0,63.0,18.0,1.0,0.881,0.876,0.905,0.891,0.912,0.912,0.939,0.92,63.0
1070200.0,Zamor Bracelets,705170.0,0.0,0.0,0.004,2.8,-1.0,-1.0,-1.0,6.0,6.0,20.0,4.0,2.0,0.972,0.971,0.979,0.975,0.981,0.981,0.987,0.983,20.0
1070300.0,Zamor Legwraps,805160.0,0.0,0.0,0.01,5.1,-1.0,-1.0,-1.0,11.0,11.0,37.0,7.0,3.0,0.935,0.932,0.95,0.942,0.955,0.955,0.97,0.96,37.0
1080000.0,Imp Head (Cat),503050.0,20.0,20.0,0.01,8.1,6108000.0,-1.0,-1.0,35.0,35.0,35.0,20.0,0.0,0.942,0.942,0.948,0.939,0.95,0.942,0.952,0.95,35.0
1081000.0,Imp Head (Fanged),503070.0,20.0,20.0,0.01,8.1,6108100.0,-1.0,-1.0,35.0,35.0,35.0,20.0,0.0,0.942,0.942,0.948,0.939,0.95,0.942,0.952,0.95,35.0
1082000.0,Imp Head (Long-Tongued),503080.0,20.0,20.0,0.01,8.1,6108200.0,-1.0,-1.0,35.0,35.0,35.0,20.0,0.0,0.942,0.942,0.948,0.939,0.95,0.942,0.952,0.95,35.0
1083000.0,Imp Head (Corpse),503090.0,20.0,20.0,0.01,8.1,6108300.0,-1.0,-1.0,35.0,35.0,35.0,20.0,0.0,0.942,0.942,0.948,0.939,0.95,0.942,0.952,0.95,35.0
1084000.0,Imp Head (Wolf),503060.0,20.0,20.0,0.01,8.1,6108400.0,-1.0,-1.0,35.0,35.0,35.0,20.0,0.0,0.942,0.942,0.948,0.939,0.95,0.942,0.952,0.95,35.0
1085000.0,Imp Head (Elder),503100.0,20.0,20.0,0.01,8.1,6108500.0,-1.0,-1.0,35.0,35.0,35.0,20.0,0.0,0.942,0.942,0.948,0.939,0.95,0.942,0.952,0.95,35.0
1090000.0,Silver Tear Mask,503130.0,44.0,44.0,0.006,4.6,6109000.0,-1.0,-1.0,26.0,26.0,20.0,44.0,0.0,0.958,0.962,0.964,0.969,0.945,0.948,0.95,0.947,20.0
1100000.0,Chain Coif,506000.0,5.0,5.0,0.006,3.8,-1.0,-1.0,-1.0,11.0,11.0,18.0,8.0,0.0,0.958,0.954,0.969,0.958,0.975,0.962,0.979,0.972,18.0
1100100.0,Chain Armor,605000.0,11.0,11.0,0.017,8.8,-1.0,-1.0,-1.0,25.0,25.0,42.0,18.0,1.0,0.881,0.871,0.912,0.881,0.929,0.891,0.939,0.92,42.0
1100200.0,Chain Gauntlets,705000.0,4.0,4.0,0.004,2.9,-1.0,-1.0,-1.0,8.0,8.0,14.0,6.0,2.0,0.971,0.968,0.979,0.971,0.983,0.973,0.985,0.981,14.0
1100300.0,Chain Leggings,805000.0,7.0,7.0,0.01,5.5,-1.0,-1.0,-1.0,16.0,16.0,26.0,11.0,3.0,0.932,0.926,0.95,0.932,0.96,0.938,0.966,0.955,26.0
1101000.0,Greathelm,507020.0,11.0,11.0,0.009,5.9,-1.0,-1.0,-1.0,16.0,16.0,29.0,11.0,0.0,0.945,0.942,0.958,0.948,0.958,0.954,0.962,0.958,29.0
1101100.0,Eye Surcoat,605030.0,21.0,21.0,0.021,9.2,-1.0,-1.0,-1.0,25.0,25.0,55.0,18.0,1.0,0.871,0.871,0.912,0.881,0.912,0.891,0.929,0.912,55.0
1102100.0,Tree Surcoat,605020.0,21.0,21.0,0.021,9.2,-1.0,-1.0,-1.0,25.0,25.0,55.0,18.0,1.0,0.871,0.871,0.912,0.881,0.912,0.891,0.929,0.912,55.0
1110000.0,Octopus Head,503150.0,23.0,23.0,0.005,3.6,-1.0,-1.0,-1.0,31.0,31.0,14.0,23.0,0.0,0.966,0.972,0.946,0.972,0.96,0.964,0.96,0.962,14.0
1120000.0,Jar,503160.0,16.0,16.0,0.01,6.8,6112000.0,-1.0,-1.0,24.0,24.0,33.0,15.0,0.0,0.932,0.93,0.966,0.932,0.953,0.951,0.954,0.953,33.0
1130000.0,Mushroom Head,500160.0,39.0,39.0,0.002,2.2,-1.0,-1.0,-1.0,44.0,44.0,10.0,33.0,0.0,0.979,0.991,0.975,0.982,0.953,0.982,0.954,0.954,10.0
1130100.0,Mushroom Body,600200.0,90.0,90.0,0.005,5.1,-1.0,-1.0,-1.0,102.0,102.0,24.0,76.0,1.0,0.939,0.973,0.929,0.947,0.867,0.947,0.872,0.87,24.0
1130200.0,Mushroom Arms,700030.0,30.0,30.0,0.001,1.7,-1.0,-1.0,-1.0,34.0,34.0,8.0,25.0,2.0,0.985,0.994,0.983,0.987,0.967,0.987,0.968,0.968,8.0
1130300.0,Mushroom Legs,800080.0,56.0,56.0,0.003,3.1,-1.0,-1.0,-1.0,63.0,63.0,15.0,47.0,3.0,0.966,0.985,0.96,0.97,0.924,0.97,0.927,0.926,15.0
1300000.0,Nox Mirrorhelm,503110.0,26.0,26.0,0.006,7.5,-1.0,-1.0,-1.0,29.0,29.0,33.0,42.0,0.0,0.96,0.945,0.966,0.95,0.933,0.947,0.958,0.947,33.0
1301000.0,Iji's Mirrorhelm,503120.0,26.0,26.0,0.007,7.5,-1.0,-1.0,-1.0,22.0,22.0,42.0,39.0,0.0,0.962,0.948,0.962,0.948,0.938,0.954,0.952,0.942,42.0
1400000.0,Black Hood,504060.0,16.0,16.0,0.004,3.0,-1.0,-1.0,-1.0,33.0,33.0,16.0,18.0,0.0,0.972,0.969,0.969,0.969,0.969,0.966,0.964,0.969,16.0
1400100.0,Leather Armor,603000.0,42.0,42.0,0.012,7.1,-1.0,-1.0,-1.0,60.0,60.0,35.0,50.0,1.0,0.92,0.92,0.905,0.912,0.905,0.905,0.898,0.898,35.0
1400200.0,Leather Gloves,703000.0,14.0,14.0,0.003,2.4,-1.0,-1.0,-1.0,20.0,20.0,12.0,17.0,2.0,0.981,0.981,0.977,0.979,0.977,0.977,0.975,0.975,12.0
1400300.0,Leather Boots,803010.0,26.0,26.0,0.007,4.4,-1.0,-1.0,-1.0,37.0,37.0,22.0,31.0,3.0,0.955,0.955,0.946,0.95,0.946,0.946,0.942,0.942,22.0
1401000.0,Bandit Mask,504050.0,14.0,14.0,0.004,3.0,-1.0,-1.0,-1.0,30.0,30.0,14.0,16.0,0.0,0.972,0.969,0.969,0.969,0.969,0.966,0.964,0.969,14.0
1500000.0,Knight Helm,507000.0,8.0,8.0,0.008,4.6,-1.0,-1.0,-1.0,12.0,12.0,22.0,8.0,0.0,0.956,0.952,0.958,0.952,0.962,0.962,0.966,0.969,22.0
1500100.0,Knight Armor,607000.0,18.0,18.0,0.024,10.6,-1.0,-1.0,-1.0,28.0,28.0,50.0,18.0,1.0,0.876,0.865,0.881,0.865,0.891,0.891,0.905,0.912,50.0
1500200.0,Knight Gauntlets,706000.0,6.0,6.0,0.005,3.5,-1.0,-1.0,-1.0,9.0,9.0,17.0,6.0,2.0,0.969,0.967,0.971,0.967,0.973,0.973,0.977,0.979,17.0
1500300.0,Knight Greaves,806000.0,11.0,11.0,0.014,6.6,-1.0,-1.0,-1.0,17.0,17.0,31.0,11.0,3.0,0.929,0.923,0.932,0.923,0.938,0.938,0.946,0.95,31.0
1600000.0,Greathood,501230.0,47.0,47.0,0.005,5.1,6160000.0,-1.0,-1.0,33.0,33.0,20.0,47.0,0.0,0.962,0.962,0.964,0.964,0.945,0.95,0.945,0.938,20.0
1610000.0,,999999.0,47.0,47.0,0.005,5.1,-1.0,-1.0,-1.0,33.0,33.0,20.0,47.0,0.0,0.962,0.962,0.964,0.964,0.945,0.95,0.945,0.938,20.0
1700000.0,Godrick Soldier Helm,506020.0,9.0,9.0,0.007,4.0,-1.0,-1.0,-1.0,12.0,12.0,22.0,9.0,0.0,0.956,0.956,0.964,0.958,0.969,0.964,0.975,0.969,22.0
1700100.0,Tree-and-Beast Surcoat,605040.0,23.0,23.0,0.022,10.6,-1.0,-1.0,-1.0,32.0,32.0,55.0,23.0,1.0,0.871,0.871,0.886,0.876,0.898,0.891,0.92,0.905,55.0
1700200.0,Godrick Soldier Gauntlets,705020.0,8.0,8.0,0.005,3.5,-1.0,-1.0,-1.0,11.0,11.0,18.0,8.0,2.0,0.968,0.968,0.972,0.969,0.975,0.973,0.981,0.977,18.0
1700300.0,Godrick Soldier Greaves,805010.0,14.0,14.0,0.013,6.6,-1.0,-1.0,-1.0,20.0,20.0,34.0,14.0,3.0,0.926,0.926,0.935,0.929,0.942,0.938,0.955,0.946,34.0
1710000.0,Raya Lucarian Helm,506030.0,9.0,9.0,0.007,4.0,-1.0,-1.0,-1.0,12.0,12.0,22.0,9.0,0.0,0.956,0.954,0.966,0.956,0.966,0.964,0.977,0.972,22.0
1710100.0,Cuckoo Surcoat,605050.0,23.0,23.0,0.022,10.6,-1.0,-1.0,-1.0,28.0,28.0,55.0,23.0,1.0,0.871,0.865,0.891,0.871,0.881,0.891,0.929,0.912,55.0
1710200.0,Raya Lucarian Gauntlets,705030.0,8.0,8.0,0.005,3.5,-1.0,-1.0,-1.0,11.0,11.0,18.0,8.0,2.0,0.968,0.967,0.973,0.968,0.973,0.973,0.983,0.979,18.0
1710300.0,Raya Lucarian Greaves,805020.0,14.0,14.0,0.013,6.6,-1.0,-1.0,-1.0,20.0,20.0,34.0,14.0,3.0,0.926,0.923,0.938,0.926,0.938,0.938,0.96,0.95,34.0
1720000.0,Leyndell Soldier Helm,506050.0,9.0,9.0,0.007,4.0,-1.0,-1.0,-1.0,12.0,12.0,22.0,9.0,0.0,0.956,0.958,0.962,0.956,0.972,0.966,0.972,0.969,22.0
1720100.0,Erdtree Surcoat,605070.0,23.0,23.0,0.022,10.6,-1.0,-1.0,-1.0,32.0,32.0,55.0,23.0,1.0,0.871,0.876,0.881,0.871,0.905,0.898,0.912,0.905,55.0
1720200.0,Leyndell Soldier Gauntlets,705050.0,8.0,8.0,0.005,3.5,-1.0,-1.0,-1.0,11.0,11.0,18.0,8.0,2.0,0.968,0.969,0.971,0.968,0.977,0.975,0.979,0.977,18.0
1720300.0,Leyndell Soldier Greaves,805040.0,14.0,14.0,0.013,6.6,-1.0,-1.0,-1.0,20.0,20.0,34.0,14.0,3.0,0.926,0.929,0.932,0.926,0.946,0.942,0.95,0.946,34.0
1730000.0,Radahn Soldier Helm,506040.0,9.0,9.0,0.007,4.0,-1.0,-1.0,-1.0,12.0,12.0,20.0,10.0,0.0,0.954,0.958,0.966,0.96,0.969,0.962,0.975,0.969,20.0
1730100.0,Redmane Surcoat,605060.0,23.0,23.0,0.022,10.6,-1.0,-1.0,-1.0,32.0,32.0,50.0,24.0,1.0,0.865,0.876,0.891,0.881,0.898,0.886,0.92,0.905,50.0
1730200.0,Radahn Soldier Gauntlets,705040.0,8.0,8.0,0.005,3.5,-1.0,-1.0,-1.0,11.0,11.0,17.0,8.0,2.0,0.967,0.969,0.973,0.971,0.975,0.972,0.981,0.977,17.0
1730300.0,Radahn Soldier Greaves,805030.0,14.0,14.0,0.013,6.6,-1.0,-1.0,-1.0,20.0,20.0,31.0,15.0,3.0,0.923,0.929,0.938,0.932,0.942,0.935,0.955,0.946,31.0
1740100.0,Mausoleum Surcoat,605090.0,23.0,23.0,0.024,10.6,-1.0,-1.0,-1.0,32.0,32.0,50.0,21.0,1.0,0.871,0.865,0.891,0.876,0.898,0.898,0.912,0.898,50.0
1740200.0,Mausoleum Gauntlets,705070.0,8.0,8.0,0.005,3.5,-1.0,-1.0,-1.0,11.0,11.0,17.0,7.0,2.0,0.968,0.967,0.973,0.969,0.975,0.975,0.979,0.975,17.0
1740300.0,Mausoleum Greaves,805060.0,14.0,14.0,0.014,6.6,-1.0,-1.0,-1.0,20.0,20.0,31.0,13.0,3.0,0.926,0.923,0.938,0.929,0.942,0.942,0.95,0.942,31.0
1750000.0,Haligtree Helm,506060.0,9.0,9.0,0.006,4.0,6175000.0,-1.0,-1.0,12.0,12.0,22.0,10.0,0.0,0.956,0.958,0.962,0.956,0.972,0.966,0.975,0.966,22.0
1750100.0,Haligtree Crest Surcoat,605080.0,23.0,23.0,0.021,10.6,-1.0,-1.0,-1.0,32.0,32.0,55.0,24.0,1.0,0.871,0.876,0.881,0.871,0.905,0.898,0.92,0.898,55.0
1750200.0,Haligtree Gauntlets,705060.0,8.0,8.0,0.004,3.5,-1.0,-1.0,-1.0,11.0,11.0,18.0,8.0,2.0,0.968,0.969,0.971,0.968,0.977,0.975,0.981,0.975,18.0
1750300.0,Haligtree Greaves,805050.0,14.0,14.0,0.012,6.6,-1.0,-1.0,-1.0,20.0,20.0,34.0,15.0,3.0,0.926,0.929,0.932,0.926,0.946,0.942,0.955,0.942,34.0
1760000.0,Gelmir Knight Helm,507070.0,10.0,10.0,0.008,5.1,-1.0,-1.0,-1.0,15.0,15.0,23.0,10.0,0.0,0.952,0.95,0.96,0.952,0.962,0.956,0.964,0.962,23.0
1760100.0,Gelmir Knight Armor,607110.0,24.0,24.0,0.024,11.8,-1.0,-1.0,-1.0,35.0,35.0,55.0,23.0,1.0,0.865,0.86,0.886,0.865,0.891,0.876,0.898,0.891,55.0
1760200.0,Gelmir Knight Gauntlets,706060.0,8.0,8.0,0.005,3.9,-1.0,-1.0,-1.0,12.0,12.0,18.0,8.0,2.0,0.967,0.965,0.972,0.967,0.973,0.969,0.975,0.973,18.0
1760300.0,Gelmir Knight Greaves,806060.0,15.0,15.0,0.014,7.3,-1.0,-1.0,-1.0,22.0,22.0,34.0,14.0,3.0,0.923,0.92,0.935,0.923,0.938,0.929,0.942,0.938,34.0
1761100.0,Gelmir Knight Armor (Altered),607120.0,21.0,21.0,0.024,10.8,-1.0,-1.0,-1.0,32.0,32.0,50.0,21.0,1.0,0.869,0.864,0.89,0.869,0.895,0.88,0.902,0.895,50.0
1770000.0,Godrick Knight Helm,507040.0,10.0,10.0,0.008,5.1,-1.0,-1.0,-1.0,15.0,15.0,24.0,10.0,0.0,0.952,0.95,0.958,0.954,0.962,0.958,0.966,0.962,24.0
1770100.0,Godrick Knight Armor,607050.0,24.0,24.0,0.024,11.8,-1.0,-1.0,-1.0,35.0,35.0,57.0,24.0,1.0,0.865,0.86,0.881,0.871,0.891,0.881,0.905,0.891,57.0
1770200.0,Godrick Knight Gauntlets,706030.0,8.0,8.0,0.005,3.9,-1.0,-1.0,-1.0,12.0,12.0,19.0,8.0,2.0,0.967,0.965,0.971,0.968,0.973,0.971,0.977,0.973,19.0
1770300.0,Godrick Knight Greaves,806030.0,15.0,15.0,0.014,7.3,-1.0,-1.0,-1.0,22.0,22.0,35.0,15.0,3.0,0.923,0.92,0.932,0.926,0.938,0.932,0.946,0.938,35.0
1771100.0,Godrick Knight Armor (Altered),607060.0,21.0,21.0,0.024,10.8,-1.0,-1.0,-1.0,32.0,32.0,52.0,21.0,1.0,0.869,0.864,0.885,0.875,0.895,0.885,0.909,0.895,52.0
1780000.0,Cuckoo Knight Helm,507050.0,10.0,10.0,0.008,5.1,-1.0,-1.0,-1.0,14.0,14.0,24.0,10.0,0.0,0.952,0.948,0.96,0.952,0.956,0.958,0.969,0.964,24.0
1780100.0,Cuckoo Knight Armor,607070.0,24.0,24.0,0.024,11.8,-1.0,-1.0,-1.0,32.0,32.0,57.0,24.0,1.0,0.865,0.854,0.886,0.865,0.876,0.881,0.912,0.898,57.0
1780200.0,Cuckoo Knight Gauntlets,706040.0,8.0,8.0,0.005,3.9,-1.0,-1.0,-1.0,11.0,11.0,19.0,8.0,2.0,0.967,0.964,0.972,0.967,0.969,0.971,0.979,0.975,19.0
1780300.0,Cuckoo Knight Greaves,806040.0,15.0,15.0,0.014,7.3,-1.0,-1.0,-1.0,20.0,20.0,35.0,15.0,3.0,0.923,0.916,0.935,0.923,0.929,0.932,0.95,0.942,35.0
1781100.0,Cuckoo Knight Armor (Altered),607080.0,21.0,21.0,0.024,10.8,-1.0,-1.0,-1.0,29.0,29.0,52.0,21.0,1.0,0.869,0.858,0.89,0.869,0.88,0.885,0.916,0.902,52.0
1790000.0,Leyndell Knight Helm,507080.0,10.0,10.0,0.008,5.1,-1.0,-1.0,-1.0,15.0,15.0,24.0,10.0,0.0,0.952,0.952,0.956,0.952,0.964,0.96,0.964,0.962,24.0
1790100.0,Leyndell Knight Armor,607130.0,24.0,24.0,0.024,11.8,-1.0,-1.0,-1.0,35.0,35.0,55.0,24.0,1.0,0.865,0.865,0.876,0.865,0.898,0.886,0.886,0.898,55.0
1790200.0,Leyndell Knight Gauntlets,706070.0,8.0,8.0,0.005,3.9,-1.0,-1.0,-1.0,12.0,12.0,19.0,8.0,2.0,0.967,0.967,0.969,0.967,0.975,0.972,0.975,0.973,19.0
1790300.0,Leyndell Knight Greaves,806070.0,15.0,15.0,0.014,7.3,-1.0,-1.0,-1.0,22.0,22.0,35.0,15.0,3.0,0.923,0.923,0.929,0.923,0.942,0.935,0.942,0.938,35.0
1791100.0,Leyndell Knight Armor (Altered),607140.0,21.0,21.0,0.024,10.8,-1.0,-1.0,-1.0,32.0,32.0,50.0,21.0,1.0,0.869,0.869,0.88,0.869,0.902,0.89,0.89,0.902,50.0
1800000.0,Redmane Knight Helm,507060.0,10.0,10.0,0.008,5.1,-1.0,-1.0,-1.0,15.0,15.0,23.0,11.0,0.0,0.95,0.952,0.96,0.956,0.962,0.956,0.966,0.962,23.0
1800100.0,Redmane Knight Armor,607090.0,24.0,24.0,0.024,11.8,-1.0,-1.0,-1.0,35.0,35.0,55.0,25.0,1.0,0.865,0.865,0.886,0.876,0.891,0.872,0.905,0.891,55.0
1800200.0,Redmane Knight Gauntlets,706050.0,8.0,8.0,0.005,3.9,-1.0,-1.0,-1.0,12.0,12.0,18.0,8.0,2.0,0.965,0.967,0.972,0.969,0.973,0.969,0.977,0.973,18.0
1800300.0,Redmane Knight Greaves,806050.0,15.0,15.0,0.014,7.3,-1.0,-1.0,-1.0,22.0,22.0,34.0,15.0,3.0,0.923,0.923,0.935,0.929,0.938,0.927,0.946,0.938,34.0
1801100.0,Redmane Knight Armor (Altered),607100.0,21.0,21.0,0.024,10.8,-1.0,-1.0,-1.0,32.0,32.0,50.0,22.0,1.0,0.869,0.869,0.89,0.88,0.895,0.876,0.909,0.895,50.0
1810100.0,Mausoleum Knight Armor,607170.0,24.0,24.0,0.025,11.8,-1.0,-1.0,-1.0,35.0,35.0,55.0,23.0,1.0,0.865,0.854,0.886,0.871,0.891,0.886,0.898,0.886,55.0
1810200.0,Mausoleum Knight Gauntlets,706090.0,8.0,8.0,0.005,3.9,-1.0,-1.0,-1.0,12.0,12.0,18.0,8.0,2.0,0.967,0.964,0.972,0.968,0.973,0.972,0.975,0.972,18.0
1810300.0,Mausoleum Knight Greaves,806090.0,15.0,15.0,0.015,7.3,-1.0,-1.0,-1.0,22.0,22.0,34.0,14.0,3.0,0.923,0.916,0.935,0.926,0.938,0.935,0.942,0.935,34.0
1811100.0,Mausoleum Knight Armor (Altered),607180.0,21.0,21.0,0.025,10.8,-1.0,-1.0,-1.0,32.0,32.0,50.0,21.0,1.0,0.869,0.858,0.89,0.875,0.895,0.89,0.902,0.89,50.0
1820000.0,Haligtree Knight Helm,507090.0,10.0,10.0,0.007,5.1,6182000.0,-1.0,-1.0,15.0,15.0,24.0,11.0,0.0,0.952,0.952,0.956,0.952,0.964,0.96,0.966,0.96,24.0
1820100.0,Haligtree Knight Armor,607150.0,24.0,24.0,0.022,11.8,-1.0,-1.0,-1.0,35.0,35.0,57.0,25.0,1.0,0.865,0.865,0.876,0.865,0.898,0.886,0.905,0.886,57.0
1820200.0,Haligtree Knight Gauntlets,706080.0,8.0,8.0,0.005,3.9,-1.0,-1.0,-1.0,12.0,12.0,19.0,8.0,2.0,0.967,0.967,0.969,0.967,0.975,0.972,0.977,0.972,19.0
1820300.0,Haligtree Knight Greaves,806080.0,15.0,15.0,0.013,7.3,-1.0,-1.0,-1.0,22.0,22.0,35.0,15.0,3.0,0.923,0.923,0.929,0.923,0.942,0.935,0.946,0.935,35.0
1821100.0,Haligtree Knight Armor (Altered),607160.0,21.0,21.0,0.022,10.8,-1.0,-1.0,-1.0,32.0,32.0,52.0,22.0,1.0,0.869,0.869,0.88,0.869,0.902,0.89,0.909,0.89,52.0
1830000.0,Foot Soldier Cap,505020.0,23.0,23.0,0.006,3.6,-1.0,-1.0,-1.0,27.0,27.0,18.0,23.0,0.0,0.966,0.966,0.964,0.966,0.962,0.96,0.958,0.962,18.0
1830100.0,Chain-Draped Tabard,604020.0,55.0,55.0,0.017,8.3,-1.0,-1.0,-1.0,63.0,63.0,42.0,55.0,1.0,0.905,0.905,0.898,0.905,0.891,0.886,0.881,0.891,42.0
1830200.0,Foot Soldier Gauntlets,704000.0,17.0,17.0,0.003,2.6,-1.0,-1.0,-1.0,20.0,20.0,13.0,17.0,2.0,0.979,0.979,0.977,0.979,0.975,0.973,0.972,0.975,13.0
1830300.0,Foot Soldier Greaves,804000.0,34.0,34.0,0.01,5.1,-1.0,-1.0,-1.0,39.0,39.0,26.0,34.0,3.0,0.946,0.946,0.942,0.946,0.938,0.935,0.932,0.938,26.0
1840000.0,Foot Soldier Helmet,505010.0,23.0,23.0,0.006,3.6,-1.0,-1.0,-1.0,27.0,27.0,18.0,23.0,0.0,0.966,0.964,0.966,0.964,0.96,0.96,0.96,0.964,18.0
1840100.0,Foot Soldier Tabard,604000.0,55.0,55.0,0.017,8.3,-1.0,-1.0,-1.0,63.0,63.0,42.0,55.0,1.0,0.905,0.898,0.905,0.898,0.886,0.886,0.886,0.898,42.0
1850000.0,Gilded Foot Soldier Cap,505030.0,23.0,23.0,0.006,3.6,-1.0,-1.0,-1.0,27.0,27.0,18.0,23.0,0.0,0.966,0.969,0.962,0.964,0.964,0.962,0.956,0.962,18.0
1850100.0,Leather-Draped Tabard,604010.0,55.0,55.0,0.017,8.3,-1.0,-1.0,-1.0,63.0,63.0,42.0,55.0,1.0,0.905,0.912,0.891,0.898,0.898,0.891,0.876,0.891,42.0
1860000.0,Foot Soldier Helm,505000.0,23.0,23.0,0.006,3.6,-1.0,-1.0,-1.0,27.0,27.0,18.0,23.0,0.0,0.964,0.969,0.966,0.969,0.962,0.958,0.958,0.962,18.0
1860100.0,Scarlet Tabard,604040.0,55.0,55.0,0.017,8.3,-1.0,-1.0,-1.0,63.0,63.0,42.0,55.0,1.0,0.898,0.912,0.905,0.912,0.891,0.881,0.881,0.891,42.0
1870100.0,Bloodsoaked Tabard,604050.0,55.0,55.0,0.018,8.3,-1.0,-1.0,-1.0,63.0,63.0,38.0,50.0,1.0,0.905,0.898,0.905,0.905,0.891,0.891,0.876,0.886,38.0
1880000.0,Sacred Crown Helm,505040.0,23.0,23.0,0.005,3.6,6188000.0,-1.0,-1.0,27.0,27.0,18.0,24.0,0.0,0.966,0.969,0.962,0.964,0.964,0.962,0.958,0.96,18.0
1880100.0,Ivory-Draped Tabard,604030.0,55.0,55.0,0.016,8.3,-1.0,-1.0,-1.0,63.0,63.0,42.0,57.0,1.0,0.905,0.912,0.891,0.898,0.898,0.891,0.881,0.886,42.0
1890000.0,Omensmirk Mask,504090.0,20.0,20.0,0.006,3.0,6189000.0,-1.0,-1.0,29.0,29.0,12.0,20.0,0.0,0.969,0.975,0.972,0.975,0.969,0.966,0.96,0.964,12.0
1890100.0,Omenkiller Robe,603100.0,46.0,46.0,0.016,7.1,-1.0,-1.0,-1.0,67.0,67.0,28.0,46.0,1.0,0.912,0.929,0.92,0.929,0.912,0.905,0.886,0.898,28.0
1890200.0,Omenkiller Long Gloves,703060.0,15.0,15.0,0.003,2.4,-1.0,-1.0,-1.0,22.0,22.0,9.0,15.0,2.0,0.979,0.983,0.981,0.983,0.979,0.977,0.972,0.975,9.0
1890300.0,Omenkiller Boots,803080.0,29.0,29.0,0.009,4.4,-1.0,-1.0,-1.0,41.0,41.0,17.0,29.0,3.0,0.95,0.96,0.955,0.96,0.95,0.946,0.935,0.942,17.0
1900000.0,Ash-of-War Scarab,503020.0,27.0,27.0,0.006,5.1,6190000.0,-1.0,-1.0,42.0,42.0,22.0,26.0,0.0,0.962,0.962,0.96,0.962,0.954,0.954,0.954,0.955,22.0
1901000.0,Incantation Scarab,503040.0,27.0,27.0,0.006,5.1,6190100.0,-1.0,-1.0,42.0,42.0,22.0,26.0,0.0,0.962,0.962,0.96,0.962,0.954,0.954,0.954,0.955,22.0
1902000.0,Glintstone Scarab,503030.0,27.0,27.0,0.006,5.1,6190200.0,-1.0,-1.0,42.0,42.0,22.0,26.0,0.0,0.962,0.962,0.96,0.962,0.954,0.954,0.954,0.955,22.0
1910000.0,Crimson Tear Scarab,503000.0,27.0,27.0,0.006,5.1,6191000.0,-1.0,-1.0,42.0,42.0,22.0,26.0,0.0,0.962,0.962,0.96,0.962,0.954,0.954,0.954,0.955,22.0
1920000.0,Cerulean Tear Scarab,503010.0,27.0,27.0,0.006,5.1,6192000.0,-1.0,-1.0,42.0,42.0,22.0,26.0,0.0,0.962,0.962,0.96,0.962,0.954,0.954,0.954,0.955,22.0
1930100.0,Deathbed Dress,601210.0,63.0,63.0,0.005,3.2,6193010.0,-1.0,-1.0,38.0,38.0,11.0,107.0,1.0,0.994,0.994,0.973,0.994,0.881,0.886,0.881,0.876,11.0
1930300.0,Deathbed Smalls,999999.0,39.0,39.0,0.003,2.0,-1.0,-1.0,-1.0,24.0,24.0,7.0,66.0,3.0,0.985,0.985,0.977,0.985,0.932,0.935,0.932,0.928,7.0
1932100.0,,999999.0,63.0,63.0,0.005,3.2,-1.0,-1.0,-1.0,38.0,38.0,11.0,107.0,1.0,0.973,0.973,0.958,0.973,0.881,0.886,0.881,0.874,11.0
1940000.0,Fia's Hood,501180.0,29.0,29.0,0.002,1.7,-1.0,-1.0,-1.0,18.0,18.0,8.0,45.0,0.0,0.986,0.986,0.982,0.986,0.956,0.958,0.956,0.954,8.0
1940100.0,Fia's Robe,601190.0,76.0,76.0,0.008,5.1,-1.0,-1.0,-1.0,46.0,46.0,21.0,108.0,1.0,0.947,0.947,0.939,0.947,0.874,0.876,0.874,0.87,21.0
1941100.0,Fia's Robe (Altered),601200.0,57.0,57.0,0.005,3.2,-1.0,-1.0,-1.0,34.0,34.0,10.0,93.0,1.0,0.973,0.973,0.958,0.973,0.881,0.886,0.881,0.874,10.0
1950100.0,Millicent's Robe,999999.0,63.0,63.0,0.007,3.2,-1.0,-1.0,-1.0,38.0,38.0,21.0,63.0,1.0,0.958,0.958,0.958,0.973,0.874,0.881,0.876,0.874,21.0
1950200.0,Millicent's Gloves,999999.0,21.0,21.0,0.001,1.1,-1.0,-1.0,-1.0,13.0,13.0,7.0,21.0,2.0,0.99,0.99,0.99,0.994,0.969,0.971,0.969,0.969,7.0
1950300.0,Millicent's Boots,999999.0,39.0,39.0,0.004,2.0,-1.0,-1.0,-1.0,24.0,24.0,13.0,39.0,3.0,0.977,0.977,0.977,0.985,0.928,0.932,0.929,0.928,13.0
1960100.0,,999999.0,63.0,63.0,0.007,3.2,-1.0,-1.0,-1.0,38.0,38.0,21.0,63.0,1.0,0.958,0.958,0.958,0.973,0.874,0.881,0.876,0.874,21.0
1960200.0,,999999.0,21.0,21.0,0.001,1.1,-1.0,-1.0,-1.0,13.0,13.0,7.0,21.0,2.0,0.99,0.99,0.99,0.994,0.969,0.971,0.969,0.969,7.0
1970100.0,Millicent's Tunic,999999.0,76.0,76.0,0.01,8.3,-1.0,-1.0,-1.0,46.0,46.0,24.0,76.0,1.0,0.939,0.939,0.939,0.947,0.87,0.874,0.872,0.87,24.0
1970200.0,Golden Prosthetic,999999.0,25.0,25.0,0.002,2.8,-1.0,-1.0,-1.0,15.0,15.0,8.0,25.0,2.0,0.985,0.985,0.985,0.987,0.968,0.969,0.968,0.968,8.0
1971100.0,,999999.0,76.0,76.0,0.01,5.1,-1.0,-1.0,-1.0,46.0,46.0,24.0,76.0,1.0,0.939,0.939,0.939,0.947,0.87,0.874,0.872,0.87,24.0
1971200.0,,999999.0,25.0,25.0,0.002,1.7,-1.0,-1.0,-1.0,15.0,15.0,8.0,25.0,2.0,0.985,0.985,0.985,0.987,0.968,0.969,0.968,0.968,8.0
1980000.0,Highwayman Hood,505050.0,22.0,22.0,0.004,3.3,-1.0,-1.0,-1.0,24.0,24.0,15.0,22.0,0.0,0.972,0.972,0.964,0.969,0.962,0.962,0.96,0.964,15.0
1980100.0,Highwayman Cloth Armor,604060.0,50.0,50.0,0.016,7.7,-1.0,-1.0,-1.0,57.0,57.0,35.0,50.0,1.0,0.92,0.92,0.898,0.912,0.891,0.891,0.886,0.898,35.0
1980200.0,Highwayman Gauntlets,704010.0,17.0,17.0,0.003,2.6,-1.0,-1.0,-1.0,19.0,19.0,12.0,17.0,2.0,0.981,0.981,0.975,0.979,0.973,0.973,0.972,0.975,12.0
1990000.0,High Page Hood,500060.0,27.0,27.0,0.002,1.4,-1.0,-1.0,-1.0,15.0,15.0,8.0,27.0,0.0,0.991,0.991,0.982,0.991,0.954,0.958,0.956,0.955,8.0
1990100.0,High Page Clothes,600120.0,76.0,76.0,0.01,5.3,-1.0,-1.0,-1.0,42.0,42.0,23.0,76.0,1.0,0.945,0.945,0.931,0.945,0.865,0.872,0.87,0.868,23.0
1991100.0,High Page Clothes (Altered),600130.0,61.0,61.0,0.008,4.3,-1.0,-1.0,-1.0,34.0,34.0,19.0,61.0,1.0,0.956,0.956,0.937,0.956,0.868,0.874,0.872,0.87,19.0
2000000.0,Rotten Duelist Helm,505080.0,14.0,14.0,0.009,6.4,6200000.0,-1.0,-1.0,31.0,31.0,31.0,14.0,0.0,0.945,0.942,0.954,0.945,0.955,0.954,0.956,0.955,31.0
2000100.0,Rotten Gravekeeper Cloak,604100.0,42.0,42.0,0.012,6.3,-1.0,-1.0,-1.0,76.0,76.0,32.0,42.0,1.0,0.933,0.933,0.933,0.933,0.912,0.912,0.891,0.912,32.0
2000300.0,Rotten Duelist Greaves,804030.0,15.0,15.0,0.013,7.3,6200030.0,-1.0,-1.0,35.0,35.0,35.0,15.0,3.0,0.926,0.923,0.938,0.929,0.938,0.935,0.942,0.938,35.0
2001100.0,Rotten Gravekeeper Cloak (Altered),604110.0,34.0,34.0,0.008,5.1,6200110.0,-1.0,-1.0,64.0,64.0,25.0,34.0,1.0,0.939,0.939,0.939,0.939,0.92,0.92,0.898,0.92,25.0
2010000.0,Mushroom Crown,500170.0,18.0,18.0,0.01,9.1,6201000.0,-1.0,-1.0,46.0,46.0,45.0,22.0,0.0,0.942,0.932,0.941,0.93,0.952,0.969,0.954,0.952,45.0
2020000.0,Black Dumpling,500150.0,0.0,0.0,0.004,2.7,6202000.0,-1.0,-1.0,24.0,24.0,15.0,20.0,0.0,0.972,0.972,0.969,0.972,0.969,0.966,0.964,0.969,15.0
2030000.0,Lazuli Robe,601040.0,67.0,67.0,0.008,4.1,-1.0,-1.0,-1.0,42.0,42.0,21.0,67.0,1.0,0.939,0.958,0.947,0.973,0.862,0.881,0.876,0.872,21.0
3000000.0,Dane's Hat,501231.0,33.0,33.0,0.003,2.2,-1.0,-1.0,-1.0,16.0,16.0,11.0,31.0,0.0,0.982,0.986,0.977,0.986,0.95,0.958,0.955,0.95,11.0
3000100.0,Dryleaf Robe,601281.0,76.0,76.0,0.01,5.1,-1.0,-1.0,-1.0,38.0,38.0,25.0,71.0,1.0,0.947,0.958,0.933,0.958,0.859,0.881,0.874,0.859,25.0
3000200.0,Dryleaf Arm Wraps,701101.0,25.0,25.0,0.002,1.7,-1.0,-1.0,-1.0,13.0,13.0,8.0,24.0,2.0,0.987,0.99,0.984,0.99,0.965,0.971,0.969,0.965,8.0
3000300.0,Dryleaf Cuissardes,801131.0,47.0,47.0,0.006,3.1,-1.0,-1.0,-1.0,24.0,24.0,15.0,44.0,3.0,0.97,0.977,0.962,0.977,0.919,0.932,0.928,0.919,15.0
3001100.0,Dryleaf Robe (Altered),601282.0,67.0,67.0,0.008,4.1,-1.0,-1.0,-1.0,35.0,35.0,24.0,63.0,1.0,0.958,0.973,0.939,0.973,0.862,0.886,0.876,0.862,24.0
3010000.0,Gaius's Helm,509102.0,23.0,23.0,0.012,8.6,-1.0,-1.0,-1.0,29.0,29.0,35.0,23.0,0.0,0.939,0.928,0.944,0.93,0.95,0.951,0.951,0.951,35.0
3010100.0,Gaius's Armor,609161.0,55.0,55.0,0.038,20.1,-1.0,-1.0,-1.0,67.0,67.0,83.0,55.0,1.0,0.832,0.803,0.843,0.808,0.859,0.862,0.862,0.862,83.0
3010200.0,Gaius's Gauntlets,708071.0,18.0,18.0,0.008,6.7,-1.0,-1.0,-1.0,22.0,22.0,28.0,18.0,2.0,0.958,0.95,0.961,0.951,0.965,0.966,0.966,0.966,28.0
3010300.0,Gaius's Greaves,808071.0,20.0,20.0,0.017,8.9,-1.0,-1.0,-1.0,29.0,29.0,35.0,20.0,3.0,0.926,0.908,0.929,0.912,0.928,0.929,0.929,0.929,35.0
5000000.0,Oathseeker Knight Helm,507999.0,10.0,10.0,0.007,4.4,-1.0,-1.0,-1.0,12.0,12.0,21.0,9.0,0.0,0.956,0.958,0.962,0.96,0.964,0.966,0.977,0.966,21.0
5000100.0,Leda's Armor,607991.0,22.0,22.0,0.021,10.6,6500010.0,-1.0,-1.0,29.0,29.0,52.0,21.0,1.0,0.873,0.878,0.888,0.883,0.891,0.898,0.929,0.898,52.0
5000200.0,Oathseeker Knight Gauntlets,706999.0,8.0,8.0,0.004,3.5,-1.0,-1.0,-1.0,11.0,11.0,19.0,8.0,2.0,0.968,0.969,0.972,0.971,0.973,0.975,0.983,0.975,19.0
5000300.0,Oathseeker Knight Greaves,806999.0,15.0,15.0,0.012,6.6,-1.0,-1.0,-1.0,20.0,20.0,35.0,15.0,3.0,0.926,0.929,0.935,0.932,0.938,0.942,0.96,0.942,35.0
5002100.0,Oathseeker Knight Armor,607990.0,21.0,21.0,0.019,9.2,-1.0,-1.0,-1.0,25.0,25.0,50.0,21.0,1.0,0.878,0.883,0.9,0.888,0.905,0.905,0.933,0.905,50.0
5010000.0,Verdigris Helm,510021.0,15.0,15.0,0.015,11.1,-1.0,-1.0,-1.0,39.0,39.0,46.0,22.0,0.0,0.925,0.928,0.936,0.932,0.952,0.953,0.948,0.953,46.0
5010100.0,Verdigris Armor,610021.0,32.0,32.0,0.047,25.9,-1.0,-1.0,-1.0,82.0,82.0,97.0,45.0,1.0,0.796,0.803,0.823,0.813,0.865,0.867,0.855,0.867,97.0
5010200.0,Verdigris Gauntlets,709011.0,12.0,12.0,0.01,8.6,-1.0,-1.0,-1.0,30.0,30.0,36.0,17.0,2.0,0.948,0.95,0.955,0.953,0.967,0.967,0.964,0.967,36.0
5010300.0,Verdigris Greaves,809011.0,22.0,22.0,0.028,16.0,-1.0,-1.0,-1.0,56.0,56.0,66.0,31.0,3.0,0.881,0.886,0.898,0.892,0.923,0.924,0.917,0.924,66.0
5020000.0,Pelt of Ralva,505180.0,22.0,22.0,0.005,3.6,6502000.0,-1.0,-1.0,27.0,27.0,23.0,22.0,0.0,0.969,0.969,0.966,0.969,0.958,0.96,0.955,0.96,23.0
5020100.0,Iron Rivet Armor,604200.0,42.0,42.0,0.013,7.1,-1.0,-1.0,-1.0,57.0,57.0,46.0,42.0,1.0,0.929,0.929,0.92,0.929,0.891,0.898,0.881,0.898,46.0
5020200.0,Iron Rivet Gauntlets,704060.0,4.0,4.0,0.004,2.9,-1.0,-1.0,-1.0,8.0,8.0,19.0,4.0,2.0,0.972,0.972,0.979,0.973,0.977,0.977,0.981,0.979,19.0
5020300.0,Iron Rivet Greaves,804070.0,11.0,11.0,0.011,5.7,-1.0,-1.0,-1.0,17.0,17.0,37.0,11.0,3.0,0.932,0.932,0.946,0.935,0.942,0.942,0.95,0.946,37.0
5021000.0,Fang Helm,505143.0,16.0,16.0,0.004,2.7,-1.0,-1.0,-1.0,23.0,23.0,18.0,16.0,0.0,0.977,0.977,0.975,0.977,0.964,0.966,0.96,0.966,18.0
5030000.0,Thiollier's Mask,504031.0,11.0,11.0,0.006,3.8,6503000.0,-1.0,-1.0,15.0,15.0,16.0,0.0,0.0,0.956,0.96,0.966,0.962,0.977,0.969,0.977,0.969,16.0
5030100.0,Thiollier's Garb,603041.0,63.0,63.0,0.013,7.1,6503001.0,-1.0,-1.0,71.0,71.0,28.0,38.0,1.0,0.912,0.929,0.912,0.929,0.92,0.905,0.891,0.898,28.0
5030200.0,Thiollier's Gloves,703031.0,21.0,21.0,0.003,2.4,-1.0,-1.0,-1.0,24.0,24.0,9.0,13.0,2.0,0.979,0.983,0.979,0.983,0.981,0.977,0.973,0.975,9.0
5030300.0,Thiollier's Trousers,803041.0,39.0,39.0,0.008,4.4,-1.0,-1.0,-1.0,44.0,44.0,17.0,24.0,3.0,0.95,0.96,0.95,0.96,0.955,0.946,0.938,0.942,17.0
5031100.0,Thiollier's Garb (Altered),603042.0,60.0,60.0,0.012,6.3,-1.0,-1.0,-1.0,67.0,67.0,25.0,35.0,1.0,0.92,0.933,0.92,0.933,0.929,0.912,0.898,0.905,25.0
5032100.0,,9999999.0,60.0,60.0,0.012,6.3,-1.0,-1.0,-1.0,67.0,67.0,25.0,35.0,1.0,0.92,0.933,0.92,0.933,0.929,0.912,0.898,0.905,25.0
5040000.0,,9999999.0,0.0,0.0,0.0,0.7,-1.0,-1.0,-1.0,0.0,0.0,0.0,0.0,0.0,1.008,1.008,1.008,1.008,1.008,1.008,1.008,1.008,0.0
5040100.0,,9999999.0,0.0,0.0,0.0,1.7,-1.0,-1.0,-1.0,0.0,0.0,0.0,0.0,1.0,1.023,1.023,1.023,1.023,1.023,1.023,1.023,1.023,0.0
5040200.0,,9999999.0,0.0,0.0,0.0,0.6,-1.0,-1.0,-1.0,0.0,0.0,0.0,0.0,2.0,1.005,1.005,1.005,1.005,1.005,1.005,1.005,1.005,0.0
5040300.0,,9999999.0,0.0,0.0,0.0,1.0,-1.0,-1.0,-1.0,0.0,0.0,0.0,0.0,3.0,1.013,1.013,1.013,1.013,1.013,1.013,1.013,1.013,0.0
5050000.0,,9999999.0,0.0,0.0,0.0,0.7,-1.0,-1.0,-1.0,0.0,0.0,0.0,0.0,0.0,1.008,1.008,1.008,1.008,1.008,1.008,1.008,1.008,0.0
5050100.0,,9999999.0,0.0,0.0,0.0,1.7,-1.0,-1.0,-1.0,0.0,0.0,0.0,0.0,1.0,1.023,1.023,1.023,1.023,1.023,1.023,1.023,1.023,0.0
5050200.0,,9999999.0,0.0,0.0,0.0,0.6,-1.0,-1.0,-1.0,0.0,0.0,0.0,0.0,2.0,1.005,1.005,1.005,1.005,1.005,1.005,1.005,1.005,0.0
5050300.0,,9999999.0,0.0,0.0,0.0,1.0,-1.0,-1.0,-1.0,0.0,0.0,0.0,0.0,3.0,1.013,1.013,1.013,1.013,1.013,1.013,1.013,1.013,0.0
5060000.0,High Priest Hat,501175.0,27.0,27.0,0.003,1.7,6506000.0,-1.0,-1.0,18.0,18.0,10.0,33.0,0.0,0.982,0.986,0.979,0.991,0.954,0.955,0.956,0.955,10.0
5060100.0,High Priest Robe,601181.0,57.0,57.0,0.01,4.2,-1.0,-1.0,-1.0,38.0,38.0,21.0,69.0,1.0,0.948,0.959,0.94,0.974,0.872,0.874,0.876,0.874,21.0
5060200.0,High Priest Gloves,701061.0,21.0,21.0,0.002,1.4,-1.0,-1.0,-1.0,14.0,14.0,8.0,25.0,2.0,0.987,0.99,0.985,0.994,0.968,0.969,0.969,0.969,8.0
5060300.0,High Priest Undergarments,801091.0,39.0,39.0,0.006,2.5,-1.0,-1.0,-1.0,26.0,26.0,14.0,47.0,3.0,0.97,0.977,0.966,0.985,0.927,0.928,0.929,0.928,14.0
5062100.0,Finger Robe,601182.0,64.0,64.0,0.012,5.1,6506210.0,-1.0,-1.0,42.0,42.0,21.0,82.0,1.0,0.94,0.948,0.934,0.959,0.87,0.872,0.874,0.872,21.0
5070000.0,Caterpillar Mask,500141.0,45.0,45.0,0.002,1.4,-1.0,-1.0,-1.0,16.0,16.0,9.0,25.0,0.0,0.982,0.986,0.986,0.991,0.955,0.962,0.958,0.954,9.0
5070100.0,Braided Cord Robe,600195.0,104.0,104.0,0.005,3.4,6507000.0,-1.0,-1.0,38.0,38.0,20.0,59.0,1.0,0.937,0.948,0.948,0.963,0.864,0.881,0.871,0.86,20.0
5070200.0,Braided Arm Wraps,700021.0,34.0,34.0,0.001,0.8,-1.0,-1.0,-1.0,12.0,12.0,5.0,19.0,2.0,0.99,0.994,0.994,0.999,0.969,0.975,0.972,0.968,5.0
5070300.0,Soiled Loincloth,800071.0,62.0,62.0,0.002,1.5,-1.0,-1.0,-1.0,22.0,22.0,8.0,35.0,3.0,0.977,0.985,0.985,0.997,0.929,0.942,0.935,0.927,8.0
5080000.0,Dancer's Hood,504120.0,24.0,24.0,0.001,1.0,6508000.0,-1.0,-1.0,15.0,15.0,10.0,26.0,0.0,0.991,0.982,0.998,0.998,0.956,0.956,0.96,0.958,10.0
5080100.0,Dancer's Dress,603140.0,54.0,54.0,0.005,3.2,6508000.0,-1.0,-1.0,34.0,34.0,21.0,57.0,1.0,0.958,0.939,0.973,0.973,0.874,0.874,0.881,0.876,21.0
5080200.0,Dancer's Bracer,703070.0,21.0,21.0,0.001,1.4,6508000.0,-1.0,-1.0,14.0,14.0,8.0,22.0,2.0,0.987,0.984,0.99,0.99,0.968,0.968,0.969,0.969,8.0
5080300.0,Dancer's Trousers,803090.0,37.0,37.0,0.003,2.0,6508000.0,-1.0,-1.0,24.0,24.0,15.0,39.0,3.0,0.977,0.966,0.985,0.985,0.928,0.928,0.932,0.929,15.0
5081100.0,Dancer's Dress (Altered),603150.0,52.0,52.0,0.003,2.4,6508000.0,-1.0,-1.0,32.0,32.0,21.0,54.0,1.0,0.973,0.947,0.994,0.994,0.876,0.876,0.886,0.881,21.0
5090000.0,Helm of Night,506201.0,20.0,20.0,0.004,3.0,-1.0,-1.0,-1.0,23.0,23.0,14.0,20.0,0.0,0.975,0.972,0.975,0.972,0.956,0.966,0.966,0.955,14.0
5090100.0,Armor of Night,606161.0,46.0,46.0,0.012,7.1,-1.0,-1.0,-1.0,55.0,55.0,32.0,46.0,1.0,0.929,0.92,0.929,0.92,0.876,0.905,0.905,0.874,32.0
5090200.0,Gauntlets of Night,705181.0,15.0,15.0,0.003,2.4,-1.0,-1.0,-1.0,18.0,18.0,11.0,15.0,2.0,0.983,0.981,0.983,0.981,0.969,0.977,0.977,0.969,11.0
5090300.0,Greaves of Night,805171.0,29.0,29.0,0.007,4.4,-1.0,-1.0,-1.0,34.0,34.0,20.0,29.0,3.0,0.96,0.955,0.96,0.955,0.929,0.946,0.946,0.928,20.0
5100000.0,Igon's Helm,505150.0,22.0,22.0,0.005,3.3,-1.0,-1.0,-1.0,26.0,26.0,16.0,22.0,0.0,0.969,0.969,0.966,0.969,0.964,0.962,0.96,0.964,16.0
5100100.0,Igon's Armor,604210.0,50.0,50.0,0.017,8.0,-1.0,-1.0,-1.0,57.0,57.0,38.0,50.0,1.0,0.905,0.905,0.898,0.905,0.891,0.886,0.881,0.891,38.0
5100200.0,Igon's Gauntlets,704070.0,18.0,18.0,0.004,2.8,-1.0,-1.0,-1.0,21.0,21.0,14.0,18.0,2.0,0.977,0.977,0.975,0.977,0.973,0.972,0.971,0.973,14.0
5100300.0,Igon's Loincloth,804080.0,26.0,26.0,0.008,3.9,-1.0,-1.0,-1.0,34.0,34.0,20.0,26.0,3.0,0.96,0.96,0.955,0.96,0.95,0.946,0.942,0.95,20.0
5101000.0,Igon's Helm (Altered),505160.0,20.0,20.0,0.005,3.0,-1.0,-1.0,-1.0,24.0,24.0,15.0,20.0,0.0,0.972,0.972,0.969,0.972,0.966,0.964,0.962,0.966,15.0
5101100.0,Igon's Armor (Altered),604220.0,45.0,45.0,0.016,7.7,-1.0,-1.0,-1.0,54.0,54.0,34.0,45.0,1.0,0.912,0.912,0.905,0.912,0.898,0.891,0.886,0.898,34.0
5102100.0,,9999999.0,50.0,50.0,0.017,8.1,-1.0,-1.0,-1.0,57.0,57.0,38.0,50.0,1.0,0.906,0.906,0.899,0.906,0.892,0.887,0.882,0.892,38.0
5102200.0,,9999999.0,18.0,18.0,0.004,2.8,-1.0,-1.0,-1.0,21.0,21.0,14.0,18.0,2.0,0.977,0.977,0.975,0.977,0.973,0.972,0.971,0.973,14.0
5102300.0,,9999999.0,26.0,26.0,0.008,3.9,-1.0,-1.0,-1.0,34.0,34.0,20.0,26.0,3.0,0.96,0.96,0.955,0.96,0.95,0.946,0.942,0.95,20.0
5110000.0,Wise Man's Mask,502110.0,9.0,9.0,0.007,4.0,6511000.0,-1.0,-1.0,11.0,11.0,24.0,10.0,0.0,0.958,0.956,0.964,0.96,0.969,0.96,0.977,0.969,24.0
5110100.0,Ansbach's Attire,602161.0,76.0,76.0,0.012,5.1,6511010.0,-1.0,-1.0,38.0,38.0,25.0,90.0,1.0,0.947,0.939,0.939,0.958,0.87,0.87,0.874,0.87,25.0
5110200.0,Ansbach's Manchettes,702050.0,25.0,25.0,0.003,1.7,6511010.0,-1.0,-1.0,13.0,13.0,8.0,30.0,2.0,0.987,0.985,0.985,0.99,0.968,0.968,0.969,0.968,8.0
5110300.0,Ansbach's Boots,802081.0,47.0,47.0,0.007,3.1,6511010.0,-1.0,-1.0,24.0,24.0,16.0,56.0,3.0,0.97,0.966,0.966,0.977,0.926,0.926,0.928,0.926,16.0
5111100.0,Ansbach's Attire (Altered),602162.0,67.0,67.0,0.01,4.1,6511010.0,-1.0,-1.0,35.0,35.0,25.0,76.0,1.0,0.958,0.947,0.947,0.973,0.872,0.872,0.876,0.872,25.0
5120000.0,Freyja's Helm,506131.0,9.0,9.0,0.008,5.8,-1.0,-1.0,-1.0,13.0,13.0,28.0,12.0,0.0,0.945,0.952,0.958,0.952,0.96,0.958,0.962,0.958,28.0
5120100.0,Freyja's Armor,606081.0,10.0,10.0,0.019,9.7,-1.0,-1.0,-1.0,22.0,22.0,54.0,22.0,1.0,0.865,0.886,0.905,0.886,0.912,0.905,0.92,0.905,54.0
5120200.0,Freyja's Gauntlets,705131.0,4.0,4.0,0.004,3.1,-1.0,-1.0,-1.0,8.0,8.0,20.0,8.0,2.0,0.967,0.972,0.977,0.972,0.979,0.977,0.981,0.977,20.0
5120300.0,Freyja's Greaves,805121.0,7.0,7.0,0.011,5.7,-1.0,-1.0,-1.0,16.0,16.0,37.0,15.0,3.0,0.923,0.935,0.946,0.935,0.95,0.946,0.955,0.946,37.0
5121100.0,Freyja's Armor (Altered),606082.0,0.0,0.0,0.017,9.3,-1.0,-1.0,-1.0,21.0,21.0,52.0,21.0,1.0,0.871,0.891,0.912,0.891,0.92,0.912,0.929,0.912,52.0
5122000.0,,9999999.0,10.0,10.0,0.008,5.5,-1.0,-1.0,-1.0,15.0,15.0,31.0,14.0,0.0,0.945,0.952,0.958,0.952,0.96,0.958,0.962,0.958,31.0
5130000.0,Helm of Solitude,509031.0,42.0,42.0,0.014,10.3,-1.0,-1.0,-1.0,26.0,26.0,27.0,22.0,0.0,0.932,0.933,0.936,0.937,0.953,0.948,0.952,0.951,27.0
5130100.0,Armor of Solitude,609031.0,99.0,99.0,0.045,24.0,-1.0,-1.0,-1.0,60.0,60.0,63.0,50.0,1.0,0.813,0.817,0.823,0.825,0.867,0.855,0.865,0.862,63.0
5130200.0,Gauntlets of Solitude,708011.0,33.0,33.0,0.01,8.0,-1.0,-1.0,-1.0,20.0,20.0,21.0,17.0,2.0,0.953,0.954,0.955,0.956,0.967,0.964,0.967,0.966,21.0
5130300.0,Greaves of Solitude,808011.0,61.0,61.0,0.027,14.8,-1.0,-1.0,-1.0,37.0,37.0,39.0,31.0,3.0,0.892,0.894,0.898,0.899,0.924,0.917,0.923,0.921,39.0
5131100.0,Armor of Solitude (Altered),609032.0,90.0,90.0,0.043,23.2,-1.0,-1.0,-1.0,57.0,57.0,60.0,46.0,1.0,0.817,0.825,0.83,0.832,0.87,0.859,0.867,0.865,60.0
5140000.0,Messmer Soldier Helm,506061.0,9.0,9.0,0.007,4.0,-1.0,-1.0,-1.0,12.0,12.0,22.0,9.0,0.0,0.956,0.956,0.964,0.958,0.969,0.964,0.975,0.969,22.0
5140100.0,Messmer Soldier Armor,605100.0,16.0,16.0,0.018,9.2,-1.0,-1.0,-1.0,22.0,22.0,42.0,16.0,1.0,0.879,0.879,0.903,0.884,0.918,0.903,0.931,0.918,42.0
5140200.0,Messmer Soldier Gauntlets,705071.0,6.0,6.0,0.004,2.9,-1.0,-1.0,-1.0,8.0,8.0,15.0,6.0,2.0,0.971,0.971,0.977,0.972,0.981,0.977,0.984,0.981,15.0
5140300.0,Messmer Soldier Greaves,805061.0,11.0,11.0,0.011,5.5,-1.0,-1.0,-1.0,15.0,15.0,29.0,11.0,3.0,0.932,0.932,0.946,0.935,0.955,0.946,0.962,0.955,29.0
5141100.0,Messmer Soldier Armor (Altered),605110.0,16.0,16.0,0.018,8.1,-1.0,-1.0,-1.0,22.0,22.0,42.0,16.0,1.0,0.879,0.879,0.903,0.884,0.918,0.903,0.931,0.918,42.0
5150000.0,Black Knight Helm,507091.0,10.0,10.0,0.009,5.9,-1.0,-1.0,-1.0,16.0,16.0,26.0,9.0,0.0,0.948,0.948,0.956,0.942,0.956,0.954,0.962,0.96,26.0
5150100.0,Black Knight Armor,607181.0,22.0,22.0,0.028,13.7,-1.0,-1.0,-1.0,38.0,38.0,61.0,21.0,1.0,0.854,0.854,0.876,0.84,0.876,0.87,0.891,0.886,61.0
5150200.0,Black Knight Gauntlets,706091.0,8.0,8.0,0.006,4.6,-1.0,-1.0,-1.0,14.0,14.0,22.0,8.0,2.0,0.964,0.964,0.969,0.96,0.969,0.968,0.973,0.972,22.0
5150300.0,Black Knight Greaves,806091.0,15.0,15.0,0.017,8.5,-1.0,-1.0,-1.0,26.0,26.0,41.0,15.0,3.0,0.916,0.916,0.929,0.908,0.929,0.926,0.938,0.935,41.0
5160000.0,Rakshasa Helm,508071.0,12.0,12.0,0.009,5.5,6516000.0,-1.0,-1.0,15.0,15.0,26.0,12.0,0.0,0.954,0.95,0.958,0.952,0.96,0.956,0.962,0.96,26.0
5160100.0,Rakshasa Armor,608131.0,28.0,28.0,0.027,12.8,6516000.0,-1.0,-1.0,35.0,35.0,60.0,28.0,1.0,0.871,0.86,0.881,0.865,0.886,0.876,0.891,0.886,60.0
5160200.0,Rakshasa Gauntlets,707061.0,9.0,9.0,0.006,4.3,6516000.0,-1.0,-1.0,12.0,12.0,20.0,9.0,2.0,0.968,0.965,0.971,0.967,0.972,0.969,0.973,0.972,20.0
5160300.0,Rakshasa Greaves,807061.0,17.0,17.0,0.016,7.9,6516000.0,-1.0,-1.0,22.0,22.0,37.0,17.0,3.0,0.926,0.92,0.932,0.923,0.935,0.929,0.938,0.935,37.0
5170000.0,,9999999.0,0.0,0.0,0.0,0.7,-1.0,-1.0,-1.0,0.0,0.0,0.0,0.0,0.0,1.008,1.008,1.008,1.008,1.008,1.008,1.008,1.008,0.0
5170100.0,,9999999.0,0.0,0.0,0.0,1.4,-1.0,-1.0,-1.0,0.0,0.0,0.0,0.0,1.0,1.021,1.021,1.021,1.021,1.021,1.021,1.021,1.021,0.0
5170200.0,,9999999.0,0.0,0.0,0.0,0.6,-1.0,-1.0,-1.0,0.0,0.0,0.0,0.0,2.0,1.005,1.005,1.005,1.005,1.005,1.005,1.005,1.005,0.0
5170300.0,,9999999.0,0.0,0.0,0.0,1.0,-1.0,-1.0,-1.0,0.0,0.0,0.0,0.0,3.0,1.013,1.013,1.013,1.013,1.013,1.013,1.013,1.013,0.0
5172000.0,,9999999.0,0.0,0.0,0.0,0.7,-1.0,-1.0,-1.0,0.0,0.0,0.0,0.0,0.0,1.008,1.008,1.008,1.008,1.008,1.008,1.008,1.008,0.0
5172100.0,,9999999.0,0.0,0.0,0.0,1.4,-1.0,-1.0,-1.0,0.0,0.0,0.0,0.0,1.0,1.021,1.021,1.021,1.021,1.021,1.021,1.021,1.021,0.0
5172200.0,,9999999.0,0.0,0.0,0.0,0.6,-1.0,-1.0,-1.0,0.0,0.0,0.0,0.0,2.0,1.005,1.005,1.005,1.005,1.005,1.005,1.005,1.005,0.0
5172300.0,,9999999.0,0.0,0.0,0.0,1.0,-1.0,-1.0,-1.0,0.0,0.0,0.0,0.0,3.0,1.013,1.013,1.013,1.013,1.013,1.013,1.013,1.013,0.0
5180000.0,Fire Knight Helm,507130.0,9.0,9.0,0.006,4.0,6518000.0,-1.0,-1.0,12.0,12.0,20.0,10.0,0.0,0.954,0.958,0.964,0.962,0.966,0.958,0.975,0.969,20.0
5180100.0,Fire Knight Armor,607230.0,21.0,21.0,0.019,9.3,6518010.0,-1.0,-1.0,28.0,28.0,46.0,24.0,1.0,0.871,0.881,0.898,0.891,0.905,0.881,0.929,0.912,46.0
5180200.0,Fire Knight Gauntlets,706120.0,7.0,7.0,0.004,3.1,-1.0,-1.0,-1.0,9.0,9.0,15.0,8.0,2.0,0.968,0.971,0.975,0.973,0.977,0.971,0.983,0.979,15.0
5180300.0,Fire Knight Greaves,806120.0,13.0,13.0,0.011,5.7,-1.0,-1.0,-1.0,17.0,17.0,29.0,15.0,3.0,0.926,0.932,0.942,0.938,0.946,0.932,0.96,0.95,29.0
5181100.0,Fire Knight Armor (Altered),607240.0,18.0,18.0,0.017,8.4,-1.0,-1.0,-1.0,25.0,25.0,42.0,23.0,1.0,0.881,0.881,0.905,0.898,0.92,0.891,0.929,0.92,42.0
5182000.0,Death Mask Helm,507150.0,7.0,7.0,0.006,3.4,6518200.0,-1.0,-1.0,10.0,10.0,16.0,9.0,0.0,0.957,0.961,0.967,0.965,0.97,0.961,0.978,0.973,16.0
5183000.0,Winged Serpent Helm,507140.0,10.0,10.0,0.007,4.6,6518300.0,-1.0,-1.0,14.0,14.0,22.0,11.0,0.0,0.952,0.956,0.96,0.96,0.962,0.956,0.972,0.966,22.0
5184000.0,Salza's Hood,507160.0,9.0,9.0,0.006,3.8,6518400.0,-1.0,-1.0,12.0,12.0,20.0,10.0,0.0,0.956,0.956,0.964,0.962,0.969,0.96,0.972,0.969,20.0
5190000.0,Leather Headband,505141.0,12.0,12.0,0.002,1.0,-1.0,-1.0,-1.0,16.0,16.0,10.0,11.0,0.0,0.986,0.982,0.979,0.986,0.982,0.977,0.972,0.977,10.0
5190100.0,Gloried Attire,604190.0,46.0,46.0,0.013,7.1,-1.0,-1.0,-1.0,57.0,57.0,32.0,42.0,1.0,0.92,0.912,0.905,0.92,0.912,0.898,0.886,0.898,32.0
5190200.0,Leather Arm Wraps,704050.0,15.0,15.0,0.003,2.4,-1.0,-1.0,-1.0,19.0,19.0,11.0,14.0,2.0,0.981,0.979,0.977,0.981,0.979,0.975,0.972,0.975,11.0
5190300.0,Leather Leg Wraps,804060.0,29.0,29.0,0.008,4.4,-1.0,-1.0,-1.0,35.0,35.0,20.0,26.0,3.0,0.955,0.95,0.946,0.955,0.95,0.942,0.935,0.942,20.0
5191000.0,Leather Crown,505142.0,22.0,22.0,0.005,3.3,-1.0,-1.0,-1.0,26.0,26.0,15.0,20.0,0.0,0.969,0.966,0.964,0.969,0.966,0.962,0.958,0.962,15.0
5191100.0,Highland Attire,604180.0,42.0,42.0,0.013,6.3,-1.0,-1.0,-1.0,55.0,55.0,28.0,38.0,1.0,0.929,0.92,0.912,0.929,0.92,0.905,0.891,0.905,28.0
5200000.0,Death Knight Helm,507170.0,8.0,8.0,0.007,4.6,6520000.0,-1.0,-1.0,12.0,12.0,20.0,20.0,0.0,0.956,0.956,0.962,0.956,0.966,0.966,0.956,0.972,20.0
5200100.0,Death Knight Armor,607250.0,16.0,16.0,0.022,11.2,6520000.0,-1.0,-1.0,25.0,25.0,42.0,42.0,1.0,0.874,0.878,0.893,0.878,0.907,0.903,0.876,0.918,42.0
5200200.0,Death Knight Gauntlets,706130.0,6.0,6.0,0.005,3.5,6520000.0,-1.0,-1.0,9.0,9.0,15.0,15.0,2.0,0.969,0.969,0.973,0.969,0.977,0.977,0.969,0.981,15.0
5200300.0,Death Knight Greaves,806130.0,11.0,11.0,0.013,6.6,6520000.0,-1.0,-1.0,17.0,17.0,29.0,29.0,3.0,0.929,0.929,0.938,0.929,0.946,0.946,0.929,0.955,29.0
5210000.0,Curseblade Mask,505170.0,0.0,0.0,0.004,2.2,6521000.0,-1.0,-1.0,22.0,22.0,11.0,33.0,0.0,0.975,0.977,0.991,0.979,0.954,0.954,0.954,0.951,11.0
5210100.0,Ascetic's Loincloth,604230.0,28.0,28.0,0.01,3.2,-1.0,-1.0,-1.0,42.0,42.0,23.0,63.0,1.0,0.939,0.947,0.994,0.973,0.874,0.874,0.876,0.867,23.0
5210200.0,Ascetic's Wrist Guards,704080.0,9.0,9.0,0.002,1.1,-1.0,-1.0,-1.0,14.0,14.0,8.0,21.0,2.0,0.985,0.987,0.999,0.994,0.969,0.969,0.969,0.967,8.0
5210300.0,Ascetic's Ankle Guards,804090.0,17.0,17.0,0.006,2.0,-1.0,-1.0,-1.0,26.0,26.0,14.0,39.0,3.0,0.966,0.97,0.997,0.985,0.928,0.928,0.929,0.924,14.0
5220000.0,Messmer's Helm,506221.0,24.0,24.0,0.005,3.6,6522000.0,6522001.0,-1.0,26.0,26.0,18.0,26.0,0.0,0.966,0.969,0.966,0.962,0.964,0.956,0.958,0.964,18.0
5220100.0,Messmer's Armor,606201.0,52.0,52.0,0.016,7.8,-1.0,-1.0,-1.0,54.0,54.0,38.0,54.0,1.0,0.907,0.914,0.907,0.893,0.9,0.878,0.883,0.9,38.0
5220200.0,Messmer's Gauntlets,705201.0,19.0,19.0,0.003,2.8,-1.0,-1.0,-1.0,20.0,20.0,14.0,20.0,2.0,0.977,0.979,0.977,0.973,0.975,0.969,0.971,0.975,14.0
5220300.0,Messmer's Greaves,805191.0,35.0,35.0,0.01,5.1,-1.0,-1.0,-1.0,37.0,37.0,26.0,37.0,3.0,0.946,0.95,0.946,0.938,0.942,0.929,0.932,0.942,26.0
5221000.0,Messmer's Helm (Altered),506222.0,23.0,23.0,0.005,3.3,6522000.0,6522001.0,-1.0,24.0,24.0,16.0,24.0,0.0,0.969,0.972,0.969,0.964,0.966,0.958,0.96,0.966,16.0
5230000.0,Gravebird Helm,504110.0,21.0,21.0,0.006,3.6,6523000.0,-1.0,-1.0,24.0,24.0,14.0,20.0,0.0,0.966,0.964,0.964,0.969,0.96,0.962,0.958,0.958,14.0
5230100.0,Gravebird's Blackquill Armor,603112.0,45.0,45.0,0.016,7.4,6523010.0,-1.0,-1.0,54.0,54.0,32.0,42.0,1.0,0.914,0.907,0.907,0.922,0.893,0.9,0.888,0.888,32.0
5230200.0,Gravebird Bracelets,703061.0,13.0,13.0,0.003,1.7,-1.0,-1.0,-1.0,17.0,17.0,8.0,12.0,2.0,0.984,0.983,0.983,0.985,0.979,0.981,0.977,0.977,8.0
5230300.0,Gravebird Anklets,803081.0,20.0,20.0,0.005,2.0,-1.0,-1.0,-1.0,26.0,26.0,15.0,17.0,3.0,0.97,0.966,0.966,0.977,0.96,0.962,0.955,0.955,15.0
5231100.0,Gravebird Armor,603111.0,38.0,38.0,0.013,6.0,-1.0,-1.0,-1.0,50.0,50.0,25.0,34.0,1.0,0.931,0.922,0.922,0.935,0.907,0.914,0.9,0.9,25.0
5240000.0,Common Soldier Helm,505051.0,8.0,8.0,0.006,3.8,-1.0,-1.0,-1.0,11.0,11.0,20.0,8.0,0.0,0.956,0.958,0.966,0.958,0.975,0.969,0.979,0.972,20.0
5240100.0,Common Soldier Cloth Armor,604061.0,18.0,18.0,0.019,8.8,-1.0,-1.0,-1.0,25.0,25.0,46.0,18.0,1.0,0.876,0.881,0.905,0.881,0.929,0.912,0.939,0.92,46.0
5240200.0,Common Soldier Gauntlets,704011.0,6.0,6.0,0.004,2.9,-1.0,-1.0,-1.0,8.0,8.0,15.0,6.0,2.0,0.969,0.971,0.977,0.971,0.983,0.979,0.985,0.981,15.0
5240300.0,Common Soldier Greaves,804001.0,11.0,11.0,0.011,5.5,-1.0,-1.0,-1.0,15.0,15.0,29.0,11.0,3.0,0.929,0.932,0.946,0.932,0.96,0.95,0.966,0.955,29.0
5250000.0,Horned Warrior Helm,507180.0,0.0,0.0,0.007,4.6,6525000.0,-1.0,-1.0,13.0,13.0,25.0,9.0,0.0,0.952,0.954,0.956,0.96,0.964,0.964,0.969,0.969,25.0
5250100.0,Horned Warrior Armor,607260.0,18.0,18.0,0.022,10.4,-1.0,-1.0,-1.0,31.0,31.0,59.0,23.0,1.0,0.865,0.871,0.876,0.886,0.898,0.898,0.912,0.912,59.0
5250200.0,Horned Warrior Gauntlets,706140.0,6.0,6.0,0.005,3.5,-1.0,-1.0,-1.0,11.0,11.0,20.0,8.0,2.0,0.967,0.968,0.969,0.972,0.975,0.975,0.979,0.979,20.0
5250300.0,Horned Warrior Greaves,806140.0,11.0,11.0,0.013,6.6,-1.0,-1.0,-1.0,20.0,20.0,37.0,15.0,3.0,0.923,0.926,0.929,0.935,0.942,0.942,0.95,0.95,37.0
5252000.0,Divine Beast Helm,507190.0,0.0,0.0,0.008,5.1,6525200.0,-1.0,-1.0,14.0,14.0,23.0,11.0,0.0,0.952,0.952,0.956,0.956,0.962,0.96,0.964,0.962,23.0
5252100.0,Divine Beast Warrior Armor,607270.0,18.0,18.0,0.022,10.4,-1.0,-1.0,-1.0,31.0,31.0,54.0,24.0,1.0,0.871,0.876,0.881,0.881,0.898,0.898,0.912,0.905,54.0
5253000.0,Divine Bird Helm,507200.0,0.0,0.0,0.008,4.6,6525300.0,-1.0,-1.0,14.0,14.0,22.0,9.0,0.0,0.952,0.956,0.956,0.958,0.962,0.964,0.972,0.969,22.0
5253100.0,Divine Bird Warrior Armor,607280.0,23.0,23.0,0.025,11.6,-1.0,-1.0,-1.0,37.0,37.0,56.0,23.0,1.0,0.86,0.865,0.871,0.876,0.886,0.886,0.905,0.898,56.0
5253200.0,Divine Bird Warrior Gauntlets,706150.0,7.0,7.0,0.005,3.5,-1.0,-1.0,-1.0,12.0,12.0,18.0,8.0,2.0,0.967,0.969,0.969,0.971,0.973,0.975,0.981,0.979,18.0
5253300.0,Divine Bird Warrior Greaves,806150.0,14.0,14.0,0.015,7.3,6525330.0,-1.0,-1.0,24.0,24.0,35.0,15.0,3.0,0.92,0.923,0.927,0.929,0.935,0.935,0.946,0.942,35.0
5260000.0,Rellana's Helm,508101.0,10.0,10.0,0.008,5.1,-1.0,-1.0,-1.0,15.0,15.0,24.0,10.0,0.0,0.952,0.95,0.958,0.954,0.955,0.958,0.966,0.962,24.0
5260100.0,Rellana's Armor,608181.0,24.0,24.0,0.024,11.8,-1.0,-1.0,-1.0,35.0,35.0,57.0,24.0,1.0,0.865,0.86,0.881,0.871,0.874,0.881,0.905,0.891,57.0
5260200.0,Rellana's Gloves,707091.0,8.0,8.0,0.005,3.9,-1.0,-1.0,-1.0,12.0,12.0,19.0,8.0,2.0,0.967,0.965,0.971,0.968,0.969,0.971,0.977,0.973,19.0
5260300.0,Rellana's Greaves,807091.0,15.0,15.0,0.014,7.3,-1.0,-1.0,-1.0,22.0,22.0,35.0,15.0,3.0,0.923,0.92,0.932,0.926,0.928,0.932,0.946,0.938,35.0
5270000.0,Young Lion's Helm,509111.0,11.0,11.0,0.01,6.4,-1.0,-1.0,-1.0,22.0,22.0,31.0,15.0,0.0,0.939,0.939,0.948,0.939,0.956,0.954,0.96,0.954,31.0
5270100.0,Young Lion's Armor,609181.0,22.0,22.0,0.031,15.0,-1.0,-1.0,-1.0,45.0,45.0,64.0,32.0,1.0,0.832,0.832,0.856,0.832,0.876,0.872,0.886,0.872,64.0
5270200.0,Young Lion's Gauntlets,708100.0,8.0,8.0,0.007,5.0,-1.0,-1.0,-1.0,17.0,17.0,24.0,12.0,2.0,0.958,0.958,0.964,0.958,0.969,0.968,0.972,0.968,24.0
5270300.0,Young Lion's Greaves,808090.0,16.0,16.0,0.019,9.3,-1.0,-1.0,-1.0,31.0,31.0,44.0,22.0,3.0,0.904,0.904,0.917,0.904,0.929,0.927,0.935,0.927,44.0
5271100.0,Young Lion's Armor (Altered),609182.0,21.0,21.0,0.028,13.7,-1.0,-1.0,-1.0,38.0,38.0,57.0,25.0,1.0,0.847,0.847,0.866,0.847,0.886,0.876,0.898,0.876,57.0
5272000.0,Circlet of Light,500200.0,15.0,15.0,0.005,1.0,6527200.0,-1.0,-1.0,23.0,23.0,14.0,20.0,0.0,0.972,0.975,0.969,0.972,0.972,0.969,0.966,0.966,14.0
5280000.0,Shadow Militiaman Helm,505061.0,18.0,18.0,0.004,3.0,-1.0,-1.0,-1.0,33.0,33.0,14.0,18.0,0.0,0.975,0.972,0.969,0.972,0.964,0.962,0.962,0.969,14.0
5280100.0,Shadow Militiaman Armor,604071.0,38.0,38.0,0.013,7.1,-1.0,-1.0,-1.0,69.0,69.0,29.0,38.0,1.0,0.929,0.92,0.912,0.92,0.898,0.891,0.891,0.912,29.0
5280200.0,Shadow Militiaman Gauntlets,704021.0,14.0,14.0,0.003,2.4,-1.0,-1.0,-1.0,25.0,25.0,11.0,14.0,2.0,0.983,0.981,0.979,0.981,0.975,0.973,0.973,0.979,11.0
5280300.0,Shadow Militiaman Greaves,804011.0,26.0,26.0,0.008,4.4,-1.0,-1.0,-1.0,47.0,47.0,20.0,26.0,3.0,0.96,0.955,0.95,0.955,0.942,0.938,0.938,0.95,20.0
5290000.0,Divine Beast Head,510052.0,0.0,0.0,0.013,10.6,6529000.0,-1.0,-1.0,29.0,29.0,26.0,24.0,0.0,0.93,0.933,0.941,0.932,0.951,0.928,0.954,0.951,26.0
5300000.0,St. Trina's Blossom,500190.0,24.0,24.0,0.002,1.0,6530000.0,-1.0,-1.0,12.0,12.0,4.0,24.0,0.0,0.991,0.986,0.991,1.008,0.956,0.962,0.956,0.956,4.0
5310000.0,Crucible Hammer-Helm,509101.0,18.0,18.0,0.011,7.5,6531000.0,-1.0,-1.0,26.0,26.0,33.0,18.0,0.0,0.932,0.932,0.939,0.933,0.953,0.951,0.955,0.954,33.0
5320000.0,Greatjar,503165.0,22.0,22.0,0.014,12.3,6532000.0,-1.0,-1.0,32.0,32.0,34.0,21.0,0.0,0.92,0.923,0.931,0.923,0.947,0.948,0.945,0.949,34.0
5330000.0,Imp Head (Lion),503101.0,18.0,18.0,0.013,8.1,6533000.0,-1.0,-1.0,26.0,26.0,44.0,18.0,0.0,0.93,0.93,0.941,0.93,0.954,0.948,0.954,0.954,44.0
9999999.0,,803000.0,11.0,11.0,0.008,5.5,-1.0,-1.0,-1.0,16.0,16.0,29.0,7.0,3.0,0.935,0.932,0.946,0.932,0.95,0.946,0.966,0.955,29.0
