Type,Name,ID,AtkID,Display Name,slotLength,mp,mp_charge,stamina,stamina_charge,requirementIntellect,requirementFaith,requirementLuck,weapon buff speffect,PhysAtk,MagicAtk,FireAtk,LtngAtk,HolyAtk,heal speffect,Heal Add,Only Uses Int,Only Uses Faith,No Scale,UseDurationMult,miscSpEffect1,miscSpEffect2,miscSpEffect3,miscSpEffect4,durationSpEffect,bulletLifeId,bulletRange,miscBullet,hitRadius,hitRadiusMax,Effect,Duration,Radius,isExtendSpEffectLife,statusSpEffectId1,statusSpEffectId2,statusSpEffectId1Scale,statusSpEffectId2Scale,Status Effect,Magic Category ID 1,Magic Category ID 2,Category Name 1,Category Name 2,MagicCategoryCombined,Catalyst 1,Catalyst 2,Multiplier1,Multiplier2,Catalyst + Multiplier 1,Catalyst + Multiplier 2,Atk Category 1,Atk Category 2, Atk Category 3,Atk Category 4,AtkCategoryCombined,stamina cost,Status Type,Status Buildup,Status Buildup1,Status Buildup2
Sorcery,Glintstone Pebble,4000.0,40000.0,Glintstone Pebble,1.0,7.0,0.0,20.0,0.0,10.0,0.0,0.0,,0.0,152.0,0.0,0.0,0.0,,,FALSE,FALSE,FALSE,FALSE,,,,,,,,,,,,,,,,,,,,0.0,0.0,,,,,,,,,,,,,,,20.0,,,,
Sorcery,Swift Glintstone Shard,4010.0,40100.0,Swift Glintstone Shard,1.0,5.0,0.0,9.0,0.0,12.0,0.0,0.0,,0.0,114.0,0.0,0.0,0.0,,,FALSE,FALSE,FALSE,FALSE,,,,,,,,,,,,,,,,,,,,0.0,0.0,,,,,,,,,,,,,,,9.0,,,,
Sorcery,Great Glintstone Shard,4001.0,40010.0,Great Glintstone Shard,1.0,12.0,0.0,26.0,0.0,16.0,0.0,0.0,,0.0,211.0,0.0,0.0,0.0,,,FALSE,FALSE,FALSE,FALSE,,,,,,,,,,,,,,,,,,,,0.0,0.0,,,,,,,,,,,,,,,26.0,,,,
Sorcery,Glintstone Cometshard,4020.0,40200.0,Glintstone Cometshard,1.0,17.0,17.0,28.0,36.0,36.0,0.0,0.0,,0.0,259.0,0.0,0.0,0.0,,,FALSE,FALSE,FALSE,FALSE,,,,,,,,,,,,,,,,,,,,6.0,0.0,Azur's Sorcery,,Azur's 1.1x,,,,,,,,,,,,28.0,,,,
Sorcery,Glintstone Cometshard,4020.0,40201.0,Glintstone Cometshard - Charged,1.0,17.0,17.0,28.0,36.0,36.0,0.0,0.0,,0.0,324.0,0.0,0.0,0.0,,,FALSE,FALSE,FALSE,FALSE,,,,,,,,,,,,,,,,,,,,6.0,0.0,Azur's Sorcery,,Azur's 1.1x,,,,,,,Charged Spell,,,,Charged Spell,36.0,,,,
Sorcery,Comet,4021.0,40210.0,Comet,1.0,24.0,24.0,31.0,40.0,52.0,0.0,0.0,,0.0,292.0,0.0,0.0,0.0,,,FALSE,FALSE,FALSE,FALSE,,,,,,,,,,,,,,,,,,,,6.0,0.0,Azur's Sorcery,,Azur's 1.1x,,,,,,,,,,,,31.0,,,,
Sorcery,Comet,4021.0,40211.0,Comet - Charged,1.0,24.0,24.0,31.0,40.0,52.0,0.0,0.0,,0.0,365.0,0.0,0.0,0.0,,,FALSE,FALSE,FALSE,FALSE,,,,,,,,,,,,,,,,,,,,6.0,0.0,Azur's Sorcery,,Azur's 1.1x,,,,,,,Charged Spell,,,,Charged Spell,40.0,,,,
Sorcery,Comet,4021.0,40212.0,Comet - Charged (AoE),1.0,24.0,24.0,31.0,40.0,52.0,0.0,0.0,,0.0,365.0,0.0,0.0,0.0,,,FALSE,FALSE,FALSE,FALSE,,,,,,,10402151.0,,1.2,-1.0,,,1.2,,,,,,,6.0,0.0,Azur's Sorcery,,Azur's 1.1x,,,,,,,Charged Spell,,,,Charged Spell,40.0,,,,
Sorcery,Shard Spiral,4030.0,40300.0,Shard Spiral,1.0,14.0,14.0,28.0,36.0,27.0,0.0,0.0,,0.0,92.0,0.0,0.0,0.0,,,FALSE,FALSE,FALSE,FALSE,,,,,,,,,,,,,,,,,,,,0.0,0.0,,,,,,,,,,,,,,,28.0,,,,
Sorcery,Shard Spiral,4030.0,40301.0,Shard Spiral - Charged,1.0,14.0,14.0,28.0,36.0,27.0,0.0,0.0,,0.0,110.0,0.0,0.0,0.0,,,FALSE,FALSE,FALSE,FALSE,,,,,,,,,,,,,,,,,,,,0.0,0.0,,,,,,,,,,Charged Spell,,,,Charged Spell,36.0,,,,
Sorcery,Glintstone Stars,4040.0,40400.0,Glintstone Stars,1.0,12.0,12.0,21.0,27.0,12.0,0.0,0.0,,0.0,87.0,0.0,0.0,0.0,,,FALSE,FALSE,FALSE,FALSE,,,,,,,,,,,,,,,,,,,,7.0,0.0,Lusat's Sorcery,,Lusat's 1.1x,,,,,,,,,,,,21.0,,,,
Sorcery,Glintstone Stars,4040.0,40401.0,Glintstone Stars,1.0,12.0,12.0,21.0,27.0,12.0,0.0,0.0,,0.0,78.0,0.0,0.0,0.0,,,FALSE,FALSE,FALSE,FALSE,,,,,,,,,,,,,,,,,,,,7.0,0.0,Lusat's Sorcery,,Lusat's 1.1x,,,,,,,,,,,,21.0,,,,
Sorcery,Glintstone Stars,4040.0,40402.0,Glintstone Stars,1.0,12.0,12.0,21.0,27.0,12.0,0.0,0.0,,0.0,68.0,0.0,0.0,0.0,,,FALSE,FALSE,FALSE,FALSE,,,,,,,,,,,,,,,,,,,,7.0,0.0,Lusat's Sorcery,,Lusat's 1.1x,,,,,,,,,,,,21.0,,,,
Sorcery,Glintstone Stars,4040.0,40405.0,Glintstone Stars - Charged,1.0,12.0,12.0,21.0,27.0,12.0,0.0,0.0,,0.0,99.0,0.0,0.0,0.0,,,FALSE,FALSE,FALSE,FALSE,,,,,,,,,,,,,,,,,,,,7.0,0.0,Lusat's Sorcery,,Lusat's 1.1x,,,,,,,Charged Spell,,,,Charged Spell,27.0,,,,
Sorcery,Glintstone Stars,4040.0,40406.0,Glintstone Stars - Charged,1.0,12.0,12.0,21.0,27.0,12.0,0.0,0.0,,0.0,90.0,0.0,0.0,0.0,,,FALSE,FALSE,FALSE,FALSE,,,,,,,,,,,,,,,,,,,,7.0,0.0,Lusat's Sorcery,,Lusat's 1.1x,,,,,,,Charged Spell,,,,Charged Spell,27.0,,,,
Sorcery,Glintstone Stars,4040.0,40407.0,Glintstone Stars - Charged,1.0,12.0,12.0,21.0,27.0,12.0,0.0,0.0,,0.0,80.0,0.0,0.0,0.0,,,FALSE,FALSE,FALSE,FALSE,,,,,,,,,,,,,,,,,,,,7.0,0.0,Lusat's Sorcery,,Lusat's 1.1x,,,,,,,Charged Spell,,,,Charged Spell,27.0,,,,
Sorcery,Star Shower,4050.0,40500.0,Star Shower,1.0,23.0,23.0,26.0,34.0,24.0,0.0,0.0,,0.0,79.0,0.0,0.0,0.0,,,FALSE,FALSE,FALSE,FALSE,,,,,,,,,,,,,,,,,,,,7.0,0.0,Lusat's Sorcery,,Lusat's 1.1x,,,,,,,,,,,,26.0,,,,
Sorcery,Star Shower,4050.0,40501.0,Star Shower,1.0,23.0,23.0,26.0,34.0,24.0,0.0,0.0,,0.0,69.0,0.0,0.0,0.0,,,FALSE,FALSE,FALSE,FALSE,,,,,,,,,,,,,,,,,,,,7.0,0.0,Lusat's Sorcery,,Lusat's 1.1x,,,,,,,,,,,,26.0,,,,
Sorcery,Star Shower,4050.0,40502.0,Star Shower,1.0,23.0,23.0,26.0,34.0,24.0,0.0,0.0,,0.0,69.0,0.0,0.0,0.0,,,FALSE,FALSE,FALSE,FALSE,,,,,,,,,,,,,,,,,,,,7.0,0.0,Lusat's Sorcery,,Lusat's 1.1x,,,,,,,,,,,,26.0,,,,
Sorcery,Star Shower,4050.0,40503.0,Star Shower,1.0,23.0,23.0,26.0,34.0,24.0,0.0,0.0,,0.0,59.0,0.0,0.0,0.0,,,FALSE,FALSE,FALSE,FALSE,,,,,,,,,,,,,,,,,,,,7.0,0.0,Lusat's Sorcery,,Lusat's 1.1x,,,,,,,,,,,,26.0,,,,
Sorcery,Star Shower,4050.0,40504.0,Star Shower,1.0,23.0,23.0,26.0,34.0,24.0,0.0,0.0,,0.0,49.0,0.0,0.0,0.0,,,FALSE,FALSE,FALSE,FALSE,,,,,,,,,,,,,,,,,,,,7.0,0.0,Lusat's Sorcery,,Lusat's 1.1x,,,,,,,,,,,,26.0,,,,
Sorcery,Star Shower,4050.0,40505.0,Star Shower,1.0,23.0,23.0,26.0,34.0,24.0,0.0,0.0,,0.0,44.0,0.0,0.0,0.0,,,FALSE,FALSE,FALSE,FALSE,,,,,,,,,,,,,,,,,,,,7.0,0.0,Lusat's Sorcery,,Lusat's 1.1x,,,,,,,,,,,,26.0,,,,
Sorcery,Star Shower,4050.0,40510.0,Star Shower - Charged,1.0,23.0,23.0,26.0,34.0,24.0,0.0,0.0,,0.0,88.0,0.0,0.0,0.0,,,FALSE,FALSE,FALSE,FALSE,,,,,,,,,,,,,,,,,,,,7.0,0.0,Lusat's Sorcery,,Lusat's 1.1x,,,,,,,Charged Spell,,,,Charged Spell,34.0,,,,
Sorcery,Star Shower,4050.0,40511.0,Star Shower - Charged,1.0,23.0,23.0,26.0,34.0,24.0,0.0,0.0,,0.0,78.0,0.0,0.0,0.0,,,FALSE,FALSE,FALSE,FALSE,,,,,,,,,,,,,,,,,,,,7.0,0.0,Lusat's Sorcery,,Lusat's 1.1x,,,,,,,Charged Spell,,,,Charged Spell,34.0,,,,
Sorcery,Star Shower,4050.0,40512.0,Star Shower - Charged,1.0,23.0,23.0,26.0,34.0,24.0,0.0,0.0,,0.0,68.0,0.0,0.0,0.0,,,FALSE,FALSE,FALSE,FALSE,,,,,,,,,,,,,,,,,,,,7.0,0.0,Lusat's Sorcery,,Lusat's 1.1x,,,,,,,Charged Spell,,,,Charged Spell,34.0,,,,
Sorcery,Star Shower,4050.0,40513.0,Star Shower - Charged,1.0,23.0,23.0,26.0,34.0,24.0,0.0,0.0,,0.0,63.0,0.0,0.0,0.0,,,FALSE,FALSE,FALSE,FALSE,,,,,,,,,,,,,,,,,,,,7.0,0.0,Lusat's Sorcery,,Lusat's 1.1x,,,,,,,Charged Spell,,,,Charged Spell,34.0,,,,
Sorcery,Star Shower,4050.0,40514.0,Star Shower - Charged,1.0,23.0,23.0,26.0,34.0,24.0,0.0,0.0,,0.0,58.0,0.0,0.0,0.0,,,FALSE,FALSE,FALSE,FALSE,,,,,,,,,,,,,,,,,,,,7.0,0.0,Lusat's Sorcery,,Lusat's 1.1x,,,,,,,Charged Spell,,,,Charged Spell,34.0,,,,
Sorcery,Star Shower,4050.0,40515.0,Star Shower - Charged,1.0,23.0,23.0,26.0,34.0,24.0,0.0,0.0,,0.0,53.0,0.0,0.0,0.0,,,FALSE,FALSE,FALSE,FALSE,,,,,,,,,,,,,,,,,,,,7.0,0.0,Lusat's Sorcery,,Lusat's 1.1x,,,,,,,Charged Spell,,,,Charged Spell,34.0,,,,
Sorcery,Glintstone Arc,4070.0,40070.0,Glintstone Arc,1.0,9.0,0.0,18.0,0.0,13.0,0.0,0.0,,0.0,148.0,0.0,0.0,0.0,,,FALSE,FALSE,FALSE,FALSE,,,,,,,,,,,,,,,,,,,,0.0,0.0,,,,,,,,,,,,,,,18.0,,,,
Sorcery,Crystal Barrage,4060.0,40600.0,Crystal Barrage,1.0,14.0,2.0,26.0,0.0,23.0,0.0,0.0,,0.0,36.0,0.0,0.0,0.0,,,FALSE,FALSE,FALSE,FALSE,,,,,,,,,,,,,,,,,,,,0.0,0.0,,,,,,,,,,,,,,,26.0,,,,
Sorcery,Crystal Burst,4090.0,40900.0,Crystal Burst,1.0,14.0,14.0,9.0,12.0,18.0,0.0,0.0,,0.0,40.0,0.0,0.0,0.0,,,FALSE,FALSE,FALSE,FALSE,,,,,,,,,,,,,,,,,,,,0.0,0.0,,,,,,,,,,,,,,,9.0,,,,
Sorcery,Crystal Burst,4090.0,40905.0,Crystal Burst - Charged,1.0,14.0,14.0,9.0,12.0,18.0,0.0,0.0,,0.0,45.0,0.0,0.0,0.0,,,FALSE,FALSE,FALSE,FALSE,,,,,,,,,,,,,,,,,,,,0.0,0.0,,,,,,,,,,Charged Spell,,,,Charged Spell,12.0,,,,
Sorcery,Cannon of Haima,4080.0,40801.0,Cannon of Haima,1.0,38.0,38.0,42.0,55.0,25.0,0.0,0.0,,0.0,285.0,0.0,0.0,0.0,,,FALSE,FALSE,FALSE,FALSE,,,,,,,10408001.0,,0.1,4.0,,,4.0,,,,,,,0.0,0.0,,,,,,,,,,,,,,,42.0,,,,
Sorcery,Cannon of Haima,4080.0,40806.0,Cannon of Haima - Charged,1.0,38.0,38.0,42.0,55.0,25.0,0.0,0.0,,0.0,332.0,0.0,0.0,0.0,,,FALSE,FALSE,FALSE,FALSE,,,,,,,10408051.0,,0.1,6.0,,,6.0,,,,,,,0.0,0.0,,,,,,,,,,Charged Spell,,,,Charged Spell,55.0,,,,
Sorcery,Gavel of Haima,4120.0,41200.0,Gavel of Haima,1.0,22.0,0.0,38.0,0.0,25.0,0.0,0.0,,0.0,297.0,0.0,0.0,0.0,,,FALSE,FALSE,FALSE,FALSE,,,,,,,,,,,,,,,,,,,,0.0,0.0,,,,,,,,,,,,,,,38.0,,,,
Sorcery,Gavel of Haima,4120.0,41205.0,Gavel of Haima - Bullet,1.0,22.0,0.0,38.0,0.0,25.0,0.0,0.0,,0.0,242.0,0.0,0.0,0.0,,,FALSE,FALSE,FALSE,FALSE,,,,,,,10412000.0,,3.0,-1.0,,,3.0,,,,,,,0.0,0.0,,,,,,,,,,,,,,,38.0,,,,
Sorcery,Gavel of Haima,4120.0,41201.0,Gavel of Haima Offhand,1.0,22.0,0.0,38.0,0.0,25.0,0.0,0.0,,0.0,297.0,0.0,0.0,0.0,,,FALSE,FALSE,FALSE,FALSE,,,,,,,,,,,,,,,,,,,,0.0,0.0,,,,,,,,,,,,,,,38.0,,,,
Sorcery,Gavel of Haima,4120.0,41206.0,Gavel of Haima Offhand - Bullet,1.0,22.0,0.0,38.0,0.0,25.0,0.0,0.0,,0.0,242.0,0.0,0.0,0.0,,,FALSE,FALSE,FALSE,FALSE,,,,,,,10412001.0,,3.0,-1.0,,,3.0,,,,,,,0.0,0.0,,,,,,,,,,,,,,,38.0,,,,
Sorcery,Shatter Earth,4100.0,41000.0,Shatter Earth - Bullet,1.0,10.0,0.0,22.0,0.0,15.0,0.0,0.0,,0.0,182.0,0.0,0.0,0.0,,,FALSE,FALSE,FALSE,FALSE,,,,,,,10410000.0,,1.7,2.3,,,2.3,,,,,,,4.0,0.0,Stonedigger,,Stonedigger,Digger's Staff,,1.2,,Digger's Staff; 1.2x,,,,,,,22.0,,,,
Sorcery,Shatter Earth,4100.0,41001.0,Shatter Earth - Bullet,1.0,10.0,0.0,22.0,0.0,15.0,0.0,0.0,,0.0,205.0,0.0,0.0,0.0,,,FALSE,FALSE,FALSE,FALSE,,,,,,,10410001.0,,2.2,2.8,,,2.8,,,,,,,4.0,0.0,Stonedigger,,Stonedigger,Digger's Staff,,1.2,,Digger's Staff; 1.2x,,,,,,,22.0,,,,
Sorcery,Shatter Earth,4100.0,41002.0,Shatter Earth - Bullet,1.0,10.0,0.0,22.0,0.0,15.0,0.0,0.0,,0.0,52.0,0.0,0.0,0.0,,,FALSE,FALSE,FALSE,FALSE,,,,,,,10410002.0,,1.0,1.0,,,1.0,,,,,,,4.0,0.0,Stonedigger,,Stonedigger,Digger's Staff,,1.2,,Digger's Staff; 1.2x,,,,,,,22.0,,,,
Sorcery,Shatter Earth,4100.0,41003.0,Shatter Earth,1.0,10.0,0.0,22.0,0.0,15.0,0.0,0.0,,0.0,68.0,0.0,0.0,0.0,,,FALSE,FALSE,FALSE,FALSE,,,,,,,,,,,,,,,,,,,,4.0,0.0,Stonedigger,,Stonedigger,Digger's Staff,,1.2,,Digger's Staff; 1.2x,,,,,,,22.0,,,,
Sorcery,Shatter Earth,4100.0,41004.0,Shatter Earth,1.0,10.0,0.0,22.0,0.0,15.0,0.0,0.0,,0.0,68.0,0.0,0.0,0.0,,,FALSE,FALSE,FALSE,FALSE,,,,,,,,,,,,,,,,,,,,4.0,0.0,Stonedigger,,Stonedigger,Digger's Staff,,1.2,,Digger's Staff; 1.2x,,,,,,,22.0,,,,
Sorcery,Rock Blaster,4110.0,41100.0,Rock Blaster,1.0,22.0,4.0,35.0,0.0,21.0,0.0,0.0,,0.0,64.0,0.0,0.0,0.0,,,FALSE,FALSE,FALSE,FALSE,,,,,,,10411011.0,,0.6,-1.0,,,0.6,,,,,,,4.0,0.0,Stonedigger,,Stonedigger,Digger's Staff,,1.2,,Digger's Staff; 1.2x,,,,,,,35.0,,,,
Sorcery,Rock Blaster,4110.0,41101.0,Rock Blaster,1.0,22.0,4.0,35.0,0.0,21.0,0.0,0.0,,0.0,260.0,0.0,0.0,0.0,,,FALSE,FALSE,FALSE,FALSE,,,,,,,10411000.0,,0.1,2.2,,,2.2,,,,,,,4.0,0.0,Stonedigger,,Stonedigger,Digger's Staff,,1.2,,Digger's Staff; 1.2x,,,,,,,35.0,,,,
Sorcery,Rock Blaster,4110.0,41102.0,Rock Blaster,1.0,22.0,4.0,35.0,0.0,21.0,0.0,0.0,,0.0,64.0,0.0,0.0,0.0,,,FALSE,FALSE,FALSE,FALSE,,,,,,,10411013.0,,0.6,-1.0,,,0.6,,,,,,,4.0,0.0,Stonedigger,,Stonedigger,Digger's Staff,,1.2,,Digger's Staff; 1.2x,,,,,,,35.0,,,,
Sorcery,Rock Blaster,4110.0,41103.0,Rock Blaster,1.0,22.0,4.0,35.0,0.0,21.0,0.0,0.0,,0.0,64.0,0.0,0.0,0.0,,,FALSE,FALSE,FALSE,FALSE,,,,,,,10411015.0,,0.6,-1.0,,,0.6,,,,,,,4.0,0.0,Stonedigger,,Stonedigger,Digger's Staff,,1.2,,Digger's Staff; 1.2x,,,,,,,35.0,,,,
Sorcery,Scholar's Armament,4460.0,,Scholar's Armament,1.0,25.0,0.0,10.0,0.0,12.0,0.0,0.0,1446000.0,0.0,75.0,0.0,0.0,0.0,,,TRUE,FALSE,FALSE,TRUE,,,,,1446000.0,,,,,,Adds magic AR to weapon (0.75 * Spell Buff; only uses intelligence scaling),90.0,,TRUE,,,,,,0.0,0.0,,,,,,,,,,,,,,,10.0,,,,
Sorcery,Scholar's Shield,4470.0,,Scholar's Shield,1.0,30.0,0.0,10.0,0.0,12.0,0.0,0.0,,0.0,0.0,0.0,0.0,0.0,,,FALSE,FALSE,FALSE,FALSE,1447000.0,,,,1447000.0,,,,,,"Increases shield magic damage negation by 70%, other damage negations by 30%, and multiplies stamina damage recieved by 0.65",60.0,,TRUE,,,,,,0.0,0.0,,,,,,,,,,,,,,,10.0,,,,
Sorcery,Starlight,4140.0,,Starlight,1.0,9.0,0.0,5.0,0.0,15.0,0.0,0.0,,0.0,0.0,0.0,0.0,0.0,,,FALSE,FALSE,FALSE,FALSE,,,,,1414000.0,,,,,,Creates an orb of light that follows the caster,180.0,,TRUE,,,,,,0.0,0.0,,,,,,,,,,,,,,,5.0,,,,
Sorcery,Terra Magica,4130.0,41300.0,Terra Magica,1.0,20.0,0.0,12.0,0.0,20.0,0.0,0.0,,0.0,0.0,0.0,0.0,0.0,,,FALSE,FALSE,FALSE,FALSE,1413000.0,,,,,10413002.0,10413003.0,,4.2,-1.0,1.225x magic damage while standing in sigil (1.15x in PvP); lingers for 1.5 seconds,30.0,4.2,FALSE,,,,,,0.0,0.0,,,,,,,,,,,,,,,12.0,,,,
Sorcery,Thops's Barrier,4630.0,79984.0,Thops's Barrier,1.0,7.0,0.0,10.0,0.0,18.0,0.0,0.0,,0.0,0.0,0.0,0.0,0.0,,,FALSE,FALSE,FALSE,FALSE,,,,,,10463000.0,10463000.0,,3.8,-1.0,,0.95,3.8,FALSE,,,,,,0.0,0.0,,,,,,,,,,,,,,,10.0,,,,
Sorcery,Comet Azur,4200.0,42000.0,Comet Azur,3.0,40.0,10.0,34.0,0.0,60.0,0.0,0.0,,0.0,55.0,0.0,0.0,0.0,,,FALSE,FALSE,FALSE,FALSE,,,,,,,,,,,,,,,,,,,,14.0,0.0,Comet Azur,,Azur's 1.15x,,,,,,,,,,,,34.0,,,,
Sorcery,Comet Azur,4200.0,42002.0,Comet Azur,3.0,40.0,10.0,34.0,0.0,60.0,0.0,0.0,,0.0,75.0,0.0,0.0,0.0,,,FALSE,FALSE,FALSE,FALSE,,,,,,,,,,,,,,,,,,,,14.0,0.0,Comet Azur,,Azur's 1.15x,,,,,,,,,,,,34.0,,,,
Sorcery,Comet Azur,4200.0,42003.0,Comet Azur,3.0,40.0,10.0,34.0,0.0,60.0,0.0,0.0,,0.0,100.0,0.0,0.0,0.0,,,FALSE,FALSE,FALSE,FALSE,,,,,,,,,,,,,,,,,,,,14.0,0.0,Comet Azur,,Azur's 1.15x,,,,,,,,,,,,34.0,,,,
Sorcery,Comet Azur,4200.0,42004.0,Comet Azur,3.0,40.0,10.0,34.0,0.0,60.0,0.0,0.0,,0.0,55.0,0.0,0.0,0.0,,,FALSE,FALSE,FALSE,FALSE,,,,,,,,,,,,,,,,,,,,14.0,0.0,Comet Azur,,Azur's 1.15x,,,,,,,,,,,,34.0,,,,
Sorcery,Comet Azur,4200.0,42001.0,Comet Azur,3.0,40.0,10.0,34.0,0.0,60.0,0.0,0.0,,0.0,90.0,0.0,0.0,0.0,,,FALSE,FALSE,FALSE,FALSE,,,,,,,,,,,,,,,,,,,,14.0,0.0,Comet Azur,,Azur's 1.15x,,,,,,,,,,,,34.0,,,,
Sorcery,Stars of Ruin,4220.0,42200.0,Stars of Ruin,1.0,32.0,32.0,29.0,36.0,43.0,0.0,0.0,,0.0,52.0,0.0,0.0,0.0,,,FALSE,FALSE,FALSE,FALSE,,,,,,,,,,,,,,,,,,,,15.0,0.0,Stars of Ruin,,Lusat's 1.15x,,,,,,,,,,,,29.0,,,,
Sorcery,Stars of Ruin,4220.0,42201.0,Stars of Ruin,1.0,32.0,32.0,29.0,36.0,43.0,0.0,0.0,,0.0,52.0,0.0,0.0,0.0,,,FALSE,FALSE,FALSE,FALSE,,,,,,,,,,,,,,,,,,,,15.0,0.0,Stars of Ruin,,Lusat's 1.15x,,,,,,,,,,,,29.0,,,,
Sorcery,Stars of Ruin,4220.0,42202.0,Stars of Ruin,1.0,32.0,32.0,29.0,36.0,43.0,0.0,0.0,,0.0,49.0,0.0,0.0,0.0,,,FALSE,FALSE,FALSE,FALSE,,,,,,,,,,,,,,,,,,,,15.0,0.0,Stars of Ruin,,Lusat's 1.15x,,,,,,,,,,,,29.0,,,,
Sorcery,Stars of Ruin,4220.0,42203.0,Stars of Ruin,1.0,32.0,32.0,29.0,36.0,43.0,0.0,0.0,,0.0,49.0,0.0,0.0,0.0,,,FALSE,FALSE,FALSE,FALSE,,,,,,,,,,,,,,,,,,,,15.0,0.0,Stars of Ruin,,Lusat's 1.15x,,,,,,,,,,,,29.0,,,,
Sorcery,Stars of Ruin,4220.0,42204.0,Stars of Ruin,1.0,32.0,32.0,29.0,36.0,43.0,0.0,0.0,,0.0,45.0,0.0,0.0,0.0,,,FALSE,FALSE,FALSE,FALSE,,,,,,,,,,,,,,,,,,,,15.0,0.0,Stars of Ruin,,Lusat's 1.15x,,,,,,,,,,,,29.0,,,,
Sorcery,Stars of Ruin,4220.0,42205.0,Stars of Ruin,1.0,32.0,32.0,29.0,36.0,43.0,0.0,0.0,,0.0,45.0,0.0,0.0,0.0,,,FALSE,FALSE,FALSE,FALSE,,,,,,,,,,,,,,,,,,,,15.0,0.0,Stars of Ruin,,Lusat's 1.15x,,,,,,,,,,,,29.0,,,,
Sorcery,Stars of Ruin,4220.0,42206.0,Stars of Ruin,1.0,32.0,32.0,29.0,36.0,43.0,0.0,0.0,,0.0,43.0,0.0,0.0,0.0,,,FALSE,FALSE,FALSE,FALSE,,,,,,,,,,,,,,,,,,,,15.0,0.0,Stars of Ruin,,Lusat's 1.15x,,,,,,,,,,,,29.0,,,,
Sorcery,Stars of Ruin,4220.0,42207.0,Stars of Ruin,1.0,32.0,32.0,29.0,36.0,43.0,0.0,0.0,,0.0,43.0,0.0,0.0,0.0,,,FALSE,FALSE,FALSE,FALSE,,,,,,,,,,,,,,,,,,,,15.0,0.0,Stars of Ruin,,Lusat's 1.15x,,,,,,,,,,,,29.0,,,,
Sorcery,Stars of Ruin,4220.0,42210.0,Stars of Ruin - Charged,1.0,32.0,32.0,29.0,36.0,43.0,0.0,0.0,,0.0,65.0,0.0,0.0,0.0,,,FALSE,FALSE,FALSE,FALSE,,,,,,,,,,,,,,,,,,,,15.0,0.0,Stars of Ruin,,Lusat's 1.15x,,,,,,,Charged Spell,,,,Charged Spell,36.0,,,,
Sorcery,Stars of Ruin,4220.0,42211.0,Stars of Ruin - Charged,1.0,32.0,32.0,29.0,36.0,43.0,0.0,0.0,,0.0,65.0,0.0,0.0,0.0,,,FALSE,FALSE,FALSE,FALSE,,,,,,,,,,,,,,,,,,,,15.0,0.0,Stars of Ruin,,Lusat's 1.15x,,,,,,,Charged Spell,,,,Charged Spell,36.0,,,,
Sorcery,Stars of Ruin,4220.0,42212.0,Stars of Ruin - Charged,1.0,32.0,32.0,29.0,36.0,43.0,0.0,0.0,,0.0,60.0,0.0,0.0,0.0,,,FALSE,FALSE,FALSE,FALSE,,,,,,,,,,,,,,,,,,,,15.0,0.0,Stars of Ruin,,Lusat's 1.15x,,,,,,,Charged Spell,,,,Charged Spell,36.0,,,,
Sorcery,Stars of Ruin,4220.0,42213.0,Stars of Ruin - Charged,1.0,32.0,32.0,29.0,36.0,43.0,0.0,0.0,,0.0,60.0,0.0,0.0,0.0,,,FALSE,FALSE,FALSE,FALSE,,,,,,,,,,,,,,,,,,,,15.0,0.0,Stars of Ruin,,Lusat's 1.15x,,,,,,,Charged Spell,,,,Charged Spell,36.0,,,,
Sorcery,Stars of Ruin,4220.0,42214.0,Stars of Ruin - Charged,1.0,32.0,32.0,29.0,36.0,43.0,0.0,0.0,,0.0,57.0,0.0,0.0,0.0,,,FALSE,FALSE,FALSE,FALSE,,,,,,,,,,,,,,,,,,,,15.0,0.0,Stars of Ruin,,Lusat's 1.15x,,,,,,,Charged Spell,,,,Charged Spell,36.0,,,,
Sorcery,Stars of Ruin,4220.0,42215.0,Stars of Ruin - Charged,1.0,32.0,32.0,29.0,36.0,43.0,0.0,0.0,,0.0,57.0,0.0,0.0,0.0,,,FALSE,FALSE,FALSE,FALSE,,,,,,,,,,,,,,,,,,,,15.0,0.0,Stars of Ruin,,Lusat's 1.15x,,,,,,,Charged Spell,,,,Charged Spell,36.0,,,,
Sorcery,Stars of Ruin,4220.0,42216.0,Stars of Ruin - Charged,1.0,32.0,32.0,29.0,36.0,43.0,0.0,0.0,,0.0,54.0,0.0,0.0,0.0,,,FALSE,FALSE,FALSE,FALSE,,,,,,,,,,,,,,,,,,,,15.0,0.0,Stars of Ruin,,Lusat's 1.15x,,,,,,,Charged Spell,,,,Charged Spell,36.0,,,,
Sorcery,Stars of Ruin,4220.0,42217.0,Stars of Ruin - Charged,1.0,32.0,32.0,29.0,36.0,43.0,0.0,0.0,,0.0,54.0,0.0,0.0,0.0,,,FALSE,FALSE,FALSE,FALSE,,,,,,,,,,,,,,,,,,,,15.0,0.0,Stars of Ruin,,Lusat's 1.15x,,,,,,,Charged Spell,,,,Charged Spell,36.0,,,,
Sorcery,Founding Rain of Stars,4210.0,42100.0,Founding Rain of Stars,2.0,27.0,27.0,31.0,40.0,52.0,0.0,0.0,,0.0,49.0,0.0,0.0,0.0,,,FALSE,FALSE,FALSE,FALSE,,,,,,,,,,,,,,,,,,,,0.0,0.0,,,,,,,,,,,,,,,31.0,,,,
Sorcery,Founding Rain of Stars,4210.0,42105.0,Founding Rain of Stars - Charged,2.0,27.0,27.0,31.0,40.0,52.0,0.0,0.0,,0.0,54.0,0.0,0.0,0.0,,,FALSE,FALSE,FALSE,FALSE,,,,,,,,,,,,,,,,,,,,0.0,0.0,,,,,,,,,,Charged Spell,,,,Charged Spell,40.0,,,,
Sorcery,Magic Glintblade,4390.0,43900.0,Magic Glintblade,1.0,12.0,12.0,22.0,29.0,14.0,0.0,0.0,,0.0,182.0,0.0,0.0,0.0,,,FALSE,FALSE,FALSE,FALSE,,,,,,,,,,,,,,,,,,,,3.0,0.0,Glintblade,,Glintblade,Carian Glintblade Staff,,1.15,,Carian Glintblade Staff; 1.15x,,,,,,,22.0,,,,
Sorcery,Magic Glintblade,4390.0,43905.0,Magic Glintblade - Charged,1.0,12.0,12.0,22.0,29.0,14.0,0.0,0.0,,0.0,230.0,0.0,0.0,0.0,,,FALSE,FALSE,FALSE,FALSE,,,,,,,,,,,,,,,,,,,,3.0,0.0,Glintblade,,Glintblade,Carian Glintblade Staff,,1.15,,Carian Glintblade Staff; 1.15x,,Charged Spell,,,,Charged Spell,29.0,,,,
Sorcery,Glintblade Trio,2004310.0,210431000.0,Glintblade Trio,1.0,19.0,19.0,22.0,29.0,28.0,0.0,0.0,,0.0,109.0,0.0,0.0,0.0,,,FALSE,FALSE,FALSE,FALSE,,,,,,,,,,,,,,,,,,,,3.0,0.0,Glintblade,,Glintblade,Carian Glintblade Staff,,1.15,,Carian Glintblade Staff; 1.15x,,Glintblade,,,,Glintblade,22.0,,,,
Sorcery,Glintblade Trio,2004310.0,210431050.0,Glintblade Trio - Charged,1.0,19.0,19.0,22.0,29.0,28.0,0.0,0.0,,0.0,127.0,0.0,0.0,0.0,,,FALSE,FALSE,FALSE,FALSE,,,,,,,,,,,,,,,,,,,,3.0,0.0,Glintblade,,Glintblade,Carian Glintblade Staff,,1.15,,Carian Glintblade Staff; 1.15x,,Glintblade,Charged Spell,,,Glintblade & Charged Spell,29.0,,,,
Sorcery,Glintblade Phalanx,4300.0,43000.0,Glintblade Phalanx (above head),1.0,18.0,0.0,12.0,0.0,22.0,0.0,0.0,,0.0,60.0,0.0,0.0,0.0,,,FALSE,FALSE,FALSE,FALSE,,,,,,,,,,,,,,,,,,,,3.0,0.0,Glintblade,,Glintblade,Carian Glintblade Staff,,1.15,,Carian Glintblade Staff; 1.15x,,,,,,,12.0,,,,
Sorcery,Glintblade Phalanx,4300.0,43001.0,Glintblade Phalanx,1.0,18.0,0.0,12.0,0.0,22.0,0.0,0.0,,0.0,60.0,0.0,0.0,0.0,,,FALSE,FALSE,FALSE,FALSE,,,,,,,,,,,,,,,,,,,,3.0,0.0,Glintblade,,Glintblade,Carian Glintblade Staff,,1.15,,Carian Glintblade Staff; 1.15x,,,,,,,12.0,,,,
Sorcery,Carian Phalanx,4301.0,43010.0,Carian Phalanx (above head),1.0,24.0,0.0,16.0,0.0,34.0,0.0,0.0,,0.0,48.0,0.0,0.0,0.0,,,FALSE,FALSE,FALSE,FALSE,,,,,,,,,,,,,,,,,,,,3.0,0.0,Glintblade,,Glintblade,Carian Glintblade Staff,,1.15,,Carian Glintblade Staff; 1.15x,,,,,,,16.0,,,,
Sorcery,Carian Phalanx,4301.0,43011.0,Carian Phalanx,1.0,24.0,0.0,16.0,0.0,34.0,0.0,0.0,,0.0,48.0,0.0,0.0,0.0,,,FALSE,FALSE,FALSE,FALSE,,,,,,,,,,,,,,,,,,,,3.0,0.0,Glintblade,,Glintblade,Carian Glintblade Staff,,1.15,,Carian Glintblade Staff; 1.15x,,,,,,,16.0,,,,
Sorcery,Greatblade Phalanx,4302.0,43020.0,Greatblade Phalanx (above head),1.0,30.0,0.0,20.0,0.0,29.0,0.0,0.0,,0.0,100.0,0.0,0.0,0.0,,,FALSE,FALSE,FALSE,FALSE,,,,,,,,,,,,,,,,,,,,3.0,0.0,Glintblade,,Glintblade,Carian Glintblade Staff,,1.15,,Carian Glintblade Staff; 1.15x,,,,,,,20.0,,,,
Sorcery,Greatblade Phalanx,4302.0,43021.0,Greatblade Phalanx,1.0,30.0,0.0,20.0,0.0,29.0,0.0,0.0,,0.0,100.0,0.0,0.0,0.0,,,FALSE,FALSE,FALSE,FALSE,,,,,,,,,,,,,,,,,,,,3.0,0.0,Glintblade,,Glintblade,Carian Glintblade Staff,,1.15,,Carian Glintblade Staff; 1.15x,,,,,,,20.0,,,,
Sorcery,Magic Downpour,4370.0,43702.0,Magic Downpour,1.0,18.0,18.0,17.0,22.0,15.0,0.0,0.0,,0.0,58.0,0.0,0.0,0.0,,,FALSE,FALSE,FALSE,FALSE,,,,,,,,,,,,,,,,,,,,0.0,0.0,,,,,,,,,,,,,,,17.0,,,,
Sorcery,Magic Downpour,4370.0,43705.0,Magic Downpour,1.0,18.0,18.0,17.0,22.0,15.0,0.0,0.0,,0.0,58.0,0.0,0.0,0.0,,,FALSE,FALSE,FALSE,FALSE,,,,,,,,,,,,,,,,,,,,0.0,0.0,,,,,,,,,,,,,,,17.0,,,,
Sorcery,Magic Downpour,4370.0,43708.0,Magic Downpour - Charged,1.0,18.0,18.0,17.0,22.0,15.0,0.0,0.0,,0.0,58.0,0.0,0.0,0.0,,,FALSE,FALSE,FALSE,FALSE,,,,,,,,,,,,,,,,,,,,0.0,0.0,,,,,,,,,,Charged Spell,,,,Charged Spell,22.0,,,,
Sorcery,Magic Downpour,4370.0,43711.0,Magic Downpour - Charged,1.0,18.0,18.0,17.0,22.0,15.0,0.0,0.0,,0.0,58.0,0.0,0.0,0.0,,,FALSE,FALSE,FALSE,FALSE,,,,,,,,,,,,,,,,,,,,0.0,0.0,,,,,,,,,,Charged Spell,,,,Charged Spell,22.0,,,,
Sorcery,Loretta's Greatbow,4380.0,43801.0,Loretta's Greatbow,1.0,24.0,24.0,30.0,39.0,26.0,0.0,0.0,,0.0,270.0,0.0,0.0,0.0,,,FALSE,FALSE,FALSE,FALSE,,,,,,,10438001.0,,1.0,2.0,,,2.0,,,,,,,0.0,0.0,,,,,,,,,,,,,,,30.0,,,,
Sorcery,Loretta's Greatbow,4380.0,43806.0,Loretta's Greatbow - Charged,1.0,24.0,24.0,30.0,39.0,26.0,0.0,0.0,,0.0,330.0,0.0,0.0,0.0,,,FALSE,FALSE,FALSE,FALSE,,,,,,,10438051.0,,1.0,3.0,,,3.0,,,,,,,0.0,0.0,,,,,,,,,,Charged Spell,,,,Charged Spell,39.0,,,,
Sorcery,Loretta's Mastery,4381.0,43811.0,Loretta's Mastery,1.0,39.0,39.0,33.0,43.0,46.0,0.0,0.0,,0.0,108.0,0.0,0.0,0.0,,,FALSE,FALSE,FALSE,FALSE,,,,,,,10438102.0,,1.0,2.0,,,2.0,,,,,,,0.0,0.0,,,,,,,,,,,,,,,33.0,,,,
Sorcery,Loretta's Mastery,4381.0,43816.0,Loretta's Mastery - Charged,1.0,39.0,39.0,33.0,43.0,46.0,0.0,0.0,,0.0,127.0,0.0,0.0,0.0,,,FALSE,FALSE,FALSE,FALSE,,,,,,,10438152.0,,1.0,3.0,,,3.0,,,,,,,0.0,0.0,,,,,,,,,,Charged Spell,,,,Charged Spell,43.0,,,,
Sorcery,Rennala's Full Moon,4360.0,43600.0,Rennala's Full Moon,2.0,47.0,0.0,32.0,0.0,70.0,0.0,0.0,,0.0,360.0,0.0,0.0,0.0,,,FALSE,FALSE,FALSE,FALSE,1436000.0,,,,1436000.0,,10436001.0,,3.0,3.0,Decreases target magic damage negation by -20% (-10% in PvP),60.0,3.0,FALSE,,,,,,1.0,0.0,Full Moon,,Full Moon,Carian Regal Scepter,,1.1,,Carian Regal Scepter; 1.1x,,,,,,,32.0,,,,
Sorcery,Ranni's Dark Moon,4361.0,43610.0,Ranni's Dark Moon,2.0,57.0,0.0,32.0,0.0,68.0,0.0,0.0,,0.0,330.0,0.0,0.0,0.0,,,FALSE,FALSE,FALSE,FALSE,1436101.0,,,,1436101.0,,10436101.0,,3.0,3.0,Decreases target magic damage negation by -20% (-10% in PvP),60.0,3.0,FALSE,1436100.0,,FALSE,,Target loses ⌊MaxHP * 0.1⌋ + 30 HP on proc; target damage negation decreased by -20% for 30 seconds,1.0,13.0,Full Moon,Cold,Full Moon & Cold,Carian Regal Scepter,,1.1,,Carian Regal Scepter; 1.1x,,,,,,,32.0,Frost,270.0,270.0,
Sorcery,Rellana's Twin Moons,2004320.0,210432000.0,Rellana's Twin Moons [1],2.0,47.0,0.0,32.0,0.0,72.0,0.0,0.0,,0.0,300.0,0.0,0.0,0.0,,,FALSE,FALSE,FALSE,FALSE,,,,,,,210432002.0,,3.0,6.0,,,6.0,,,,,,,1.0,0.0,Full Moon,,Full Moon,Carian Regal Scepter,,1.1,,Carian Regal Scepter; 1.1x,,Full Moon,,,,Full Moon,32.0,,,,
Sorcery,Rellana's Twin Moons,2004320.0,210432000.0,Rellana's Twin Moons [2],2.0,47.0,0.0,32.0,0.0,72.0,0.0,0.0,,0.0,300.0,0.0,0.0,0.0,,,FALSE,FALSE,FALSE,FALSE,,,,,,,210432005.0,,3.0,6.0,,,6.0,,,,,,,1.0,0.0,Full Moon,,Full Moon,,,1.1,,,,Full Moon,,,,Full Moon,32.0,,,,
Sorcery,Rellana's Twin Moons,2004320.0,210432002.0,Rellana's Twin Moons [3],2.0,47.0,0.0,32.0,0.0,72.0,0.0,0.0,,0.0,400.0,0.0,0.0,0.0,,,FALSE,FALSE,FALSE,FALSE,,,,,,,210432006.0,,3.0,7.0,,,7.0,,,,,,,1.0,0.0,Full Moon,,Full Moon,Carian Regal Scepter,,1.1,,Carian Regal Scepter; 1.1x,,Full Moon,,,,Full Moon,32.0,,,,
Sorcery,Carian Slicer,4440.0,44401.0,Carian Slicer,1.0,4.0,0.0,12.0,0.0,14.0,0.0,0.0,,0.0,180.0,0.0,0.0,0.0,,,FALSE,FALSE,FALSE,FALSE,,,,,,,,,,,,,,,,,,,,2.0,0.0,Carian Sword,,Carian Sword,Carian Glintstone Staff,,1.15,,Carian Glintstone Staff; 1.15x,,,,,,,12.0,,,,
Sorcery,Carian Slicer,4440.0,44400.0,Carian Slicer - 2nd in Neutral Chain,1.0,4.0,0.0,12.0,0.0,14.0,0.0,0.0,,0.0,180.0,0.0,0.0,0.0,,,FALSE,FALSE,FALSE,FALSE,,,,,,,,,,,,,,,,,,,,2.0,0.0,Carian Sword,,Carian Sword,Carian Glintstone Staff,,1.15,,Carian Glintstone Staff; 1.15x,,,,,,,12.0,,,,
Sorcery,Carian Slicer,4440.0,44405.0,Carian Slicer (Offhand),1.0,4.0,0.0,12.0,0.0,14.0,0.0,0.0,,0.0,180.0,0.0,0.0,0.0,,,FALSE,FALSE,FALSE,FALSE,,,,,,,,,,,,,,,,,,,,2.0,0.0,Carian Sword,,Carian Sword,Carian Glintstone Staff,,1.15,,Carian Glintstone Staff; 1.15x,,,,,,,12.0,,,,
Sorcery,Carian Slicer,4440.0,44406.0,Carian Slicer (Offhand) - 2nd in Neutral Chain,1.0,4.0,0.0,12.0,0.0,14.0,0.0,0.0,,0.0,180.0,0.0,0.0,0.0,,,FALSE,FALSE,FALSE,FALSE,,,,,,,,,,,,,,,,,,,,2.0,0.0,Carian Sword,,Carian Sword,Carian Glintstone Staff,,1.15,,Carian Glintstone Staff; 1.15x,,,,,,,12.0,,,,
Sorcery,Carian Slicer,4440.0,44407.0,Carian Slicer (Mounted),1.0,4.0,0.0,12.0,0.0,14.0,0.0,0.0,,0.0,184.0,0.0,0.0,0.0,,,FALSE,FALSE,FALSE,FALSE,,,,,,,,,,,,,,,,,,,,2.0,0.0,Carian Sword,,Carian Sword,Carian Glintstone Staff,,1.15,,Carian Glintstone Staff; 1.15x,,,,,,,12.0,,,,
Sorcery,Carian Slicer,4440.0,44408.0,Carian Slicer (Mounted) - 2nd in Chain,1.0,4.0,0.0,12.0,0.0,14.0,0.0,0.0,,0.0,184.0,0.0,0.0,0.0,,,FALSE,FALSE,FALSE,FALSE,,,,,,,,,,,,,,,,,,,,2.0,0.0,Carian Sword,,Carian Sword,Carian Glintstone Staff,,1.15,,Carian Glintstone Staff; 1.15x,,,,,,,12.0,,,,
Sorcery,Carian Greatsword,4430.0,44300.0,Carian Greatsword,1.0,12.0,0.0,22.0,0.0,24.0,0.0,0.0,,0.0,268.0,0.0,0.0,0.0,,,FALSE,FALSE,FALSE,FALSE,,,,,,,,,,,,,,,,,,,,2.0,0.0,Carian Sword,,Carian Sword,Carian Glintstone Staff,,1.15,,Carian Glintstone Staff; 1.15x,,,,,,,22.0,,,,
Sorcery,Carian Greatsword,4430.0,44301.0,Carian Greatsword - 2nd in Chain,1.0,12.0,0.0,22.0,0.0,24.0,0.0,0.0,,0.0,268.0,0.0,0.0,0.0,,,FALSE,FALSE,FALSE,FALSE,,,,,,,,,,,,,,,,,,,,2.0,0.0,Carian Sword,,Carian Sword,Carian Glintstone Staff,,1.15,,Carian Glintstone Staff; 1.15x,,,,,,,22.0,,,,
Sorcery,Carian Greatsword,4430.0,44306.0,Carian Greatsword (Offhand),1.0,12.0,0.0,22.0,0.0,24.0,0.0,0.0,,0.0,268.0,0.0,0.0,0.0,,,FALSE,FALSE,FALSE,FALSE,,,,,,,,,,,,,,,,,,,,2.0,0.0,Carian Sword,,Carian Sword,Carian Glintstone Staff,,1.15,,Carian Glintstone Staff; 1.15x,,,,,,,22.0,,,,
Sorcery,Carian Greatsword,4430.0,44305.0,Carian Greatsword (Offhand) - 2nd in Chain,1.0,12.0,0.0,22.0,0.0,24.0,0.0,0.0,,0.0,268.0,0.0,0.0,0.0,,,FALSE,FALSE,FALSE,FALSE,,,,,,,,,,,,,,,,,,,,2.0,0.0,Carian Sword,,Carian Sword,Carian Glintstone Staff,,1.15,,Carian Glintstone Staff; 1.15x,,,,,,,22.0,,,,
Sorcery,Carian Greatsword,4430.0,44307.0,Carian Greatsword (Mounted),1.0,12.0,0.0,22.0,0.0,24.0,0.0,0.0,,0.0,272.0,0.0,0.0,0.0,,,FALSE,FALSE,FALSE,FALSE,,,,,,,,,,,,,,,,,,,,2.0,0.0,Carian Sword,,Carian Sword,Carian Glintstone Staff,,1.15,,Carian Glintstone Staff; 1.15x,,,,,,,22.0,,,,
Sorcery,Carian Greatsword,4430.0,44308.0,Carian Greatsword (Mounted) - 2nd in Chain,1.0,12.0,0.0,22.0,0.0,24.0,0.0,0.0,,0.0,272.0,0.0,0.0,0.0,,,FALSE,FALSE,FALSE,FALSE,,,,,,,,,,,,,,,,,,,,2.0,0.0,Carian Sword,,Carian Sword,Carian Glintstone Staff,,1.15,,Carian Glintstone Staff; 1.15x,,,,,,,22.0,,,,
Sorcery,Carian Piercer,4450.0,44500.0,Carian Piercer,1.0,17.0,17.0,25.0,33.0,27.0,0.0,0.0,,0.0,287.0,0.0,0.0,0.0,,,FALSE,FALSE,FALSE,FALSE,,,,,,,,,,,,,,,,,,,,2.0,0.0,Carian Sword,,Carian Sword,Carian Glintstone Staff,,1.15,,Carian Glintstone Staff; 1.15x,,,,,,,25.0,,,,
Sorcery,Carian Piercer,4450.0,44505.0,Carian Piercer - Charged,1.0,17.0,17.0,25.0,33.0,27.0,0.0,0.0,,0.0,355.0,0.0,0.0,0.0,,,FALSE,FALSE,FALSE,FALSE,,,,,,,,,,,,,,,,,,,,2.0,0.0,Carian Sword,,Carian Sword,Carian Glintstone Staff,,1.15,,Carian Glintstone Staff; 1.15x,,Charged Spell,,,,Charged Spell,33.0,,,,
Sorcery,Carian Piercer,4450.0,44501.0,Carian Piercer (Offhand),1.0,17.0,17.0,25.0,33.0,27.0,0.0,0.0,,0.0,287.0,0.0,0.0,0.0,,,FALSE,FALSE,FALSE,FALSE,,,,,,,,,,,,,,,,,,,,2.0,0.0,Carian Sword,,Carian Sword,Carian Glintstone Staff,,1.15,,Carian Glintstone Staff; 1.15x,,,,,,,25.0,,,,
Sorcery,Carian Piercer,4450.0,44506.0,Carian Piercer (Offhand) - Charged,1.0,17.0,17.0,25.0,33.0,27.0,0.0,0.0,,0.0,355.0,0.0,0.0,0.0,,,FALSE,FALSE,FALSE,FALSE,,,,,,,,,,,,,,,,,,,,2.0,0.0,Carian Sword,,Carian Sword,Carian Glintstone Staff,,1.15,,Carian Glintstone Staff; 1.15x,,Charged Spell,,,,Charged Spell,33.0,,,,
Sorcery,Adula's Moonblade,4431.0,44310.0,Adula's Moonblade,1.0,22.0,0.0,22.0,0.0,32.0,0.0,0.0,,0.0,133.0,0.0,0.0,0.0,,,FALSE,FALSE,FALSE,FALSE,,,,,,,,,,,,,,,1443100.0,,FALSE,,Target loses ⌊MaxHP * 0.1⌋ + 30 HP on proc; target damage negation decreased by -20% for 30 seconds,2.0,13.0,Carian Sword,Cold,Carian Sword & Cold,Carian Glintstone Staff,,1.15,,Carian Glintstone Staff; 1.15x,,,,,,,22.0,Frost,120.0,120.0,
Sorcery,Adula's Moonblade,4431.0,44311.0,Adula's Moonblade - 2nd in Chain,1.0,22.0,0.0,22.0,0.0,32.0,0.0,0.0,,0.0,133.0,0.0,0.0,0.0,,,FALSE,FALSE,FALSE,FALSE,,,,,,,,,,,,,,,1443100.0,,FALSE,,Target loses ⌊MaxHP * 0.1⌋ + 30 HP on proc; target damage negation decreased by -20% for 30 seconds,2.0,13.0,Carian Sword,Cold,Carian Sword & Cold,Carian Glintstone Staff,,1.15,,Carian Glintstone Staff; 1.15x,,,,,,,22.0,Frost,120.0,120.0,
Sorcery,Adula's Moonblade,4431.0,44316.0,Adula's Moonblade (Offhand),1.0,22.0,0.0,22.0,0.0,32.0,0.0,0.0,,0.0,133.0,0.0,0.0,0.0,,,FALSE,FALSE,FALSE,FALSE,,,,,,,,,,,,,,,1443100.0,,FALSE,,Target loses ⌊MaxHP * 0.1⌋ + 30 HP on proc; target damage negation decreased by -20% for 30 seconds,2.0,13.0,Carian Sword,Cold,Carian Sword & Cold,Carian Glintstone Staff,,1.15,,Carian Glintstone Staff; 1.15x,,,,,,,22.0,Frost,120.0,120.0,
Sorcery,Adula's Moonblade,4431.0,44315.0,Adula's Moonblade (Offhand) - 2nd in Chain,1.0,22.0,0.0,22.0,0.0,32.0,0.0,0.0,,0.0,133.0,0.0,0.0,0.0,,,FALSE,FALSE,FALSE,FALSE,,,,,,,,,,,,,,,1443100.0,,FALSE,,Target loses ⌊MaxHP * 0.1⌋ + 30 HP on proc; target damage negation decreased by -20% for 30 seconds,2.0,13.0,Carian Sword,Cold,Carian Sword & Cold,Carian Glintstone Staff,,1.15,,Carian Glintstone Staff; 1.15x,,,,,,,22.0,Frost,120.0,120.0,
Sorcery,Adula's Moonblade,4431.0,44317.0,Adula's Moonblade (Mounted),1.0,22.0,0.0,22.0,0.0,32.0,0.0,0.0,,0.0,137.0,0.0,0.0,0.0,,,FALSE,FALSE,FALSE,FALSE,,,,,,,,,,,,,,,1443100.0,,FALSE,,Target loses ⌊MaxHP * 0.1⌋ + 30 HP on proc; target damage negation decreased by -20% for 30 seconds,2.0,13.0,Carian Sword,Cold,Carian Sword & Cold,Carian Glintstone Staff,,1.15,,Carian Glintstone Staff; 1.15x,,,,,,,22.0,Frost,120.0,120.0,
Sorcery,Adula's Moonblade,4431.0,44318.0,Adula's Moonblade (Mounted) - 2nd in Chain,1.0,22.0,0.0,22.0,0.0,32.0,0.0,0.0,,0.0,137.0,0.0,0.0,0.0,,,FALSE,FALSE,FALSE,FALSE,,,,,,,,,,,,,,,1443100.0,,FALSE,,Target loses ⌊MaxHP * 0.1⌋ + 30 HP on proc; target damage negation decreased by -20% for 30 seconds,2.0,13.0,Carian Sword,Cold,Carian Sword & Cold,Carian Glintstone Staff,,1.15,,Carian Glintstone Staff; 1.15x,,,,,,,22.0,Frost,120.0,120.0,
Sorcery,Adula's Moonblade,4431.0,44319.0,Adula's Moonblade - Bullet,1.0,22.0,0.0,22.0,0.0,32.0,0.0,0.0,,0.0,189.0,0.0,0.0,0.0,,,FALSE,FALSE,FALSE,FALSE,,,,,,,,,,,,,,,1443101.0,,FALSE,,Target loses ⌊MaxHP * 0.1⌋ + 30 HP on proc; target damage negation decreased by -20% for 30 seconds,2.0,13.0,Carian Sword,Cold,Carian Sword & Cold,Carian Glintstone Staff,,1.15,,Carian Glintstone Staff; 1.15x,,,,,,,22.0,Frost,35.0,35.0,
Sorcery,Lucidity,4480.0,44800.0,Lucidity,1.0,10.0,0.0,10.0,0.0,17.0,0.0,0.0,,0.0,0.0,0.0,0.0,0.0,,,FALSE,FALSE,FALSE,FALSE,,,,,,,,,,,Removes madness and sleep buildup from caster,,,,,,,,,0.0,0.0,,,,,,,,,,,,,,,10.0,,,,
Sorcery,Carian Retaliation,4640.0,46400.0,Carian Retaliation 1 (above head),1.0,8.0,0.0,15.0,0.0,17.0,0.0,0.0,,0.0,115.0,0.0,0.0,0.0,,,FALSE,FALSE,FALSE,FALSE,,,,,,,,,,,,,,,,,,,,3.0,0.0,Glintblade,,Glintblade,Carian Glintblade Staff,,1.15,,Carian Glintblade Staff; 1.15x,,,,,,,15.0,,,,
Sorcery,Carian Retaliation,4640.0,46401.0,Carian Retaliation 1,1.0,8.0,0.0,15.0,0.0,17.0,0.0,0.0,,0.0,115.0,0.0,0.0,0.0,,,FALSE,FALSE,FALSE,FALSE,,,,,,,,,,,,,,,,,,,,3.0,0.0,Glintblade,,Glintblade,Carian Glintblade Staff,,1.15,,Carian Glintblade Staff; 1.15x,,,,,,,15.0,,,,
Sorcery,Carian Retaliation,4640.0,46410.0,Carian Retaliation 2 (above head),1.0,8.0,0.0,15.0,0.0,17.0,0.0,0.0,,0.0,165.0,0.0,0.0,0.0,,,FALSE,FALSE,FALSE,FALSE,,,,,,,,,,,,,,,,,,,,3.0,0.0,Glintblade,,Glintblade,Carian Glintblade Staff,,1.15,,Carian Glintblade Staff; 1.15x,,,,,,,15.0,,,,
Sorcery,Carian Retaliation,4640.0,46411.0,Carian Retaliation 2,1.0,8.0,0.0,15.0,0.0,17.0,0.0,0.0,,0.0,165.0,0.0,0.0,0.0,,,FALSE,FALSE,FALSE,FALSE,,,,,,,,,,,,,,,,,,,,3.0,0.0,Glintblade,,Glintblade,Carian Glintblade Staff,,1.15,,Carian Glintblade Staff; 1.15x,,,,,,,15.0,,,,
Sorcery,Carian Retaliation,4640.0,46420.0,Carian Retaliation 3 (above head),1.0,8.0,0.0,15.0,0.0,17.0,0.0,0.0,,0.0,245.0,0.0,0.0,0.0,,,FALSE,FALSE,FALSE,FALSE,,,,,,,,,,,,,,,,,,,,3.0,0.0,Glintblade,,Glintblade,Carian Glintblade Staff,,1.15,,Carian Glintblade Staff; 1.15x,,,,,,,15.0,,,,
Sorcery,Carian Retaliation,4640.0,46421.0,Carian Retaliation 3,1.0,8.0,0.0,15.0,0.0,17.0,0.0,0.0,,0.0,245.0,0.0,0.0,0.0,,,FALSE,FALSE,FALSE,FALSE,,,,,,,,,,,,,,,,,,,,3.0,0.0,Glintblade,,Glintblade,Carian Glintblade Staff,,1.15,,Carian Glintblade Staff; 1.15x,,,,,,,15.0,,,,
Sorcery,Miriam's Vanishing,2004300.0,,Miriam's Vanishing,1.0,9.0,0.0,10.0,0.0,26.0,0.0,0.0,,0.0,0.0,0.0,0.0,0.0,,,FALSE,FALSE,FALSE,FALSE,21430000.0,,,,,,,,,,,,,,,,,,,0.0,0.0,,,,,,,,,,,,,,,10.0,,,,
Sorcery,Ambush Shard,4600.0,46000.0,Ambush Shard,1.0,13.0,0.0,15.0,0.0,23.0,0.0,0.0,,0.0,146.0,0.0,0.0,0.0,,,FALSE,FALSE,FALSE,FALSE,,,,,,,,,,,,,,,,,,,,0.0,0.0,,,,,,,,,,,,,,,15.0,,,,
Sorcery,Night Shard,4610.0,46100.0,Night Shard,1.0,7.0,0.0,9.0,0.0,18.0,0.0,0.0,,0.0,111.0,0.0,0.0,0.0,,,FALSE,FALSE,FALSE,FALSE,,,,,,,,,,,,,,,,,,,,12.0,0.0,Night,,Night,Staff of Loss,,1.3,,Staff of Loss; 1.3x,,,,,,,9.0,,,,
Sorcery,Night Comet,4620.0,46200.0,Night Comet,1.0,21.0,21.0,30.0,39.0,38.0,0.0,0.0,,0.0,230.0,0.0,0.0,0.0,,,FALSE,FALSE,FALSE,FALSE,,,,,,,,,,,,,,,,,,,,12.0,0.0,Night,,Night,Staff of Loss,,1.3,,Staff of Loss; 1.3x,,,,,,,30.0,,,,
Sorcery,Night Comet,4620.0,46201.0,Night Comet - Charged,1.0,21.0,21.0,30.0,39.0,38.0,0.0,0.0,,0.0,276.0,0.0,0.0,0.0,,,FALSE,FALSE,FALSE,FALSE,,,,,,,,,,,,,,,,,,,,12.0,0.0,Night,,Night,Staff of Loss,,1.3,,Staff of Loss; 1.3x,,Charged Spell,,,,Charged Spell,39.0,,,,
Sorcery,Night Maiden's Mist,6500.0,65001.0,Night Maiden's Mist,1.0,20.0,20.0,20.0,26.0,14.0,0.0,0.0,,20.0,0.0,0.0,0.0,0.0,,,FALSE,FALSE,FALSE,FALSE,,,,,,,10650001.0,,1.0,2.8,Creates a damaging mist that ticks 2/s for 15 seconds (30 total ticks); additional 19 flat damage that ticks 5/s for 15 seconds (lingers for 1.7 seconds; 84 total ticks),,2.8,,,,,,,0.0,0.0,,,,,,,,,,,,,,,20.0,,,,
Sorcery,Night Maiden's Mist,6500.0,65006.0,Night Maiden's Mist - Charged,1.0,20.0,20.0,20.0,26.0,14.0,0.0,0.0,,20.0,0.0,0.0,0.0,0.0,,,FALSE,FALSE,FALSE,FALSE,,,,,,,10650051.0,,1.0,5.0,Creates a damaging mist that ticks 2/s for 15 seconds (30 total ticks); additional 19 flat damage that ticks 5/s for 15 seconds (lingers for 1.7 seconds; 84 total ticks),,5.0,,,,,,,0.0,0.0,,,,,,,,,,,,,,,26.0,,,,
Sorcery,Unseen Blade,4660.0,,Unseen Blade,1.0,13.0,0.0,10.0,0.0,12.0,0.0,0.0,,0.0,0.0,0.0,0.0,0.0,,,FALSE,FALSE,FALSE,FALSE,,,,,1466000.0,,,,,,Makes weapon invisible,45.0,,TRUE,,,,,,12.0,0.0,Night,,Night,Staff of Loss,,1.3,,Staff of Loss; 1.3x,,,,,,,10.0,,,,
Sorcery,Unseen Form,4670.0,46701.0,Unseen Form,1.0,20.0,0.0,10.0,0.0,16.0,0.0,0.0,,0.0,0.0,0.0,0.0,0.0,,,FALSE,FALSE,FALSE,FALSE,,,,,1467000.0,,,,,,Makes caster transparent,30.0,,TRUE,,,,,,12.0,0.0,Night,,Night,Staff of Loss,,1.3,,Staff of Loss; 1.3x,,,,,,,10.0,,,,
Sorcery,Eternal Darkness,4650.0,79982.0,Eternal Darkness,1.0,25.0,0.0,15.0,0.0,35.0,0.0,0.0,,0.0,0.0,0.0,0.0,0.0,,,FALSE,FALSE,FALSE,FALSE,,,,,,,10465000.0,,4.0,-1.0,,,4.0,,,,,,,6.0,0.0,Azur's Sorcery,,Azur's 1.1x,,,,,,,,,,,,15.0,,,,
Sorcery,Magma Shot,4800.0,48000.0,Magma Shot,1.0,16.0,16.0,21.0,27.0,19.0,10.0,0.0,,0.0,0.0,210.0,0.0,0.0,,,FALSE,FALSE,FALSE,FALSE,,,,,,,,,,,,,,,,,,,,8.0,123.0,Lava,Magma Attack,Lava & Magma Attack,Gelmir Glintstone Staff,,1.15,,Gelmir Glintstone Staff; 1.15x,,,Magma Attack,,,Magma Attack,21.0,,,,
Sorcery,Magma Shot,4800.0,48003.0,Magma Shot,1.0,16.0,16.0,21.0,27.0,19.0,10.0,0.0,,0.0,0.0,48.0,0.0,0.0,,,FALSE,FALSE,FALSE,FALSE,,,,,,,,,,,,,,,,,,,,8.0,123.0,Lava,Magma Attack,Lava & Magma Attack,Gelmir Glintstone Staff,,1.15,,Gelmir Glintstone Staff; 1.15x,,,Magma Attack,,,Magma Attack,21.0,,,,
Sorcery,Magma Shot,4800.0,48005.0,Magma Shot - Charged,1.0,16.0,16.0,21.0,27.0,19.0,10.0,0.0,,0.0,0.0,250.0,0.0,0.0,,,FALSE,FALSE,FALSE,FALSE,,,,,,,,,,,,,,,,,,,,8.0,123.0,Lava,Magma Attack,Lava & Magma Attack,Gelmir Glintstone Staff,,1.15,,Gelmir Glintstone Staff; 1.15x,,Charged Spell,Magma Attack,,,Charged Spell & Magma Attack,27.0,,,,
Sorcery,Magma Shot,4800.0,48007.0,Magma Shot - Charged,1.0,16.0,16.0,21.0,27.0,19.0,10.0,0.0,,0.0,0.0,53.0,0.0,0.0,,,FALSE,FALSE,FALSE,FALSE,,,,,,,,,,,,,,,,,,,,8.0,123.0,Lava,Magma Attack,Lava & Magma Attack,Gelmir Glintstone Staff,,1.15,,Gelmir Glintstone Staff; 1.15x,,Charged Spell,Magma Attack,,,Charged Spell & Magma Attack,27.0,,,,
Sorcery,Roiling Magma,4820.0,48200.0,Roiling Magma,1.0,28.0,28.0,27.0,35.0,21.0,12.0,0.0,,0.0,0.0,234.0,0.0,0.0,,,FALSE,FALSE,FALSE,FALSE,,,,,,10482000.0,,,,,,1.5,,FALSE,,,,,,8.0,123.0,Lava,Magma Attack,Lava & Magma Attack,Gelmir Glintstone Staff,,1.15,,Gelmir Glintstone Staff; 1.15x,,,Magma Attack,,,Magma Attack,27.0,,,,
Sorcery,Roiling Magma,4820.0,48204.0,Roiling Magma,1.0,28.0,28.0,27.0,35.0,21.0,12.0,0.0,,0.0,0.0,318.0,0.0,0.0,,,FALSE,FALSE,FALSE,FALSE,,,,,,10482004.0,,,,,,0.3,,FALSE,,,,,,8.0,123.0,Lava,Magma Attack,Lava & Magma Attack,Gelmir Glintstone Staff,,1.15,,Gelmir Glintstone Staff; 1.15x,,,Magma Attack,,,Magma Attack,27.0,,,,
Sorcery,Roiling Magma,4820.0,48206.0,Roiling Magma,1.0,28.0,28.0,27.0,35.0,21.0,12.0,0.0,,0.0,0.0,43.0,0.0,0.0,,,FALSE,FALSE,FALSE,FALSE,,,,,,10482006.0,,,,,,2.0,,FALSE,,,,,,8.0,123.0,Lava,Magma Attack,Lava & Magma Attack,Gelmir Glintstone Staff,,1.15,,Gelmir Glintstone Staff; 1.15x,,,Magma Attack,,,Magma Attack,27.0,,,,
Sorcery,Roiling Magma,4820.0,48210.0,Roiling Magma - Charged,1.0,28.0,28.0,27.0,35.0,21.0,12.0,0.0,,0.0,0.0,325.0,0.0,0.0,,,FALSE,FALSE,FALSE,FALSE,,,,,,10482050.0,,,,,,1.5,,FALSE,,,,,,8.0,123.0,Lava,Magma Attack,Lava & Magma Attack,Gelmir Glintstone Staff,,1.15,,Gelmir Glintstone Staff; 1.15x,,Charged Spell,Magma Attack,,,Charged Spell & Magma Attack,35.0,,,,
Sorcery,Roiling Magma,4820.0,48214.0,Roiling Magma - Charged,1.0,28.0,28.0,27.0,35.0,21.0,12.0,0.0,,0.0,0.0,390.0,0.0,0.0,,,FALSE,FALSE,FALSE,FALSE,,,,,,10482054.0,,,,,,0.3,,FALSE,,,,,,8.0,123.0,Lava,Magma Attack,Lava & Magma Attack,Gelmir Glintstone Staff,,1.15,,Gelmir Glintstone Staff; 1.15x,,Charged Spell,Magma Attack,,,Charged Spell & Magma Attack,35.0,,,,
Sorcery,Roiling Magma,4820.0,48216.0,Roiling Magma - Charged,1.0,28.0,28.0,27.0,35.0,21.0,12.0,0.0,,0.0,0.0,48.0,0.0,0.0,,,FALSE,FALSE,FALSE,FALSE,,,,,,10482057.0,,,,,,2.0,,FALSE,,,,,,8.0,123.0,Lava,Magma Attack,Lava & Magma Attack,Gelmir Glintstone Staff,,1.15,,Gelmir Glintstone Staff; 1.15x,,Charged Spell,Magma Attack,,,Charged Spell & Magma Attack,35.0,,,,
Sorcery,Gelmir's Fury,4810.0,48100.0,Gelmir's Fury,1.0,16.0,3.0,38.0,0.0,28.0,15.0,0.0,,0.0,0.0,125.0,0.0,0.0,,,FALSE,FALSE,FALSE,FALSE,,,,,,,,,,,,,,,,,,,,8.0,123.0,Lava,Magma Attack,Lava & Magma Attack,Gelmir Glintstone Staff,,1.15,,Gelmir Glintstone Staff; 1.15x,,,Magma Attack,,,Magma Attack,38.0,,,,
Sorcery,Gelmir's Fury,4810.0,48107.0,Gelmir's Fury,1.0,16.0,3.0,38.0,0.0,28.0,15.0,0.0,,0.0,0.0,125.0,0.0,0.0,,,FALSE,FALSE,FALSE,FALSE,,,,,,,,,,,,,,,,,,,,8.0,123.0,Lava,Magma Attack,Lava & Magma Attack,Gelmir Glintstone Staff,,1.15,,Gelmir Glintstone Staff; 1.15x,,,Magma Attack,,,Magma Attack,38.0,,,,
Sorcery,Gelmir's Fury,4810.0,48108.0,Gelmir's Fury,1.0,16.0,3.0,38.0,0.0,28.0,15.0,0.0,,0.0,0.0,160.0,0.0,0.0,,,FALSE,FALSE,FALSE,FALSE,,,,,,,,,,,,,,,,,,,,8.0,123.0,Lava,Magma Attack,Lava & Magma Attack,Gelmir Glintstone Staff,,1.15,,Gelmir Glintstone Staff; 1.15x,,,Magma Attack,,,Magma Attack,38.0,,,,
Sorcery,Rykard's Rancor,4830.0,48300.0,Rykard's Rancor,2.0,23.0,0.0,36.0,0.0,40.0,18.0,0.0,,0.0,0.0,150.0,0.0,0.0,,,FALSE,FALSE,FALSE,FALSE,,,,,,,10483005.0,,1.0,2.2,,,2.2,,,,,,,8.0,123.0,Lava,Magma Attack,Lava & Magma Attack,Gelmir Glintstone Staff,,1.15,,Gelmir Glintstone Staff; 1.15x,,,,,,,36.0,,,,
Sorcery,Glintstone Icecrag,4400.0,44000.0,Glintstone Icecrag,1.0,12.0,0.0,26.0,0.0,15.0,0.0,0.0,,0.0,199.0,0.0,0.0,0.0,,,FALSE,FALSE,FALSE,FALSE,,,,,,,,,,,,,,,1440000.0,,FALSE,,Target loses ⌊MaxHP * 0.1⌋ + 30 HP on proc; target damage negation decreased by -20% for 30 seconds,13.0,0.0,Cold,,Cold,,,,,,,,,,,,26.0,Frost,100.0,100.0,
Sorcery,Freezing Mist,4420.0,44200.0,Freezing Mist,1.0,20.0,20.0,13.0,17.0,21.0,0.0,0.0,,0.0,0.0,0.0,0.0,0.0,,,FALSE,FALSE,FALSE,FALSE,,,,,,10442001.0,10442001.0,,0.5,2.8,Creates a mist that applies frost to targets within range; the 20 frost ticks 5/s for 16 seconds (80 total ticks),15.0,2.8,FALSE,1442000.0,,FALSE,,Target loses ⌊MaxHP * 0.1⌋ + 30 HP on proc; target damage negation decreased by -20% for 30 seconds,13.0,0.0,Cold,,Cold,,,,,,,,,,,,13.0,Frost,20.0,20.0,
Sorcery,Freezing Mist,4420.0,44205.0,Freezing Mist - Charged,1.0,20.0,20.0,13.0,17.0,21.0,0.0,0.0,,0.0,0.0,0.0,0.0,0.0,,,FALSE,FALSE,FALSE,FALSE,,,,,,10442051.0,10442051.0,,0.5,5.0,Creates a mist that applies frost to targets within range; the 20 frost ticks 5/s for 16 seconds (80 total ticks),15.0,5.0,FALSE,1442000.0,,FALSE,,Target loses ⌊MaxHP * 0.1⌋ + 30 HP on proc; target damage negation decreased by -20% for 30 seconds,13.0,0.0,Cold,,Cold,,,,,,,Charged Spell,,,,Charged Spell,17.0,Frost,20.0,20.0,
Sorcery,Frozen Armament,4490.0,,Frozen Armament,1.0,20.0,0.0,10.0,0.0,15.0,0.0,0.0,,0.0,0.0,0.0,0.0,0.0,,,FALSE,FALSE,FALSE,FALSE,,,,,1449000.0,,,,,,Adds frost buildup to weapon,60.0,,TRUE,1449001.0,,FALSE,,Target loses ⌊MaxHP * 0.1⌋ + 30 HP on proc; target damage negation decreased by -20% for 30 seconds,13.0,0.0,Cold,,Cold,,,,,,,,,,,,10.0,Frost,63.0,63.0,
Sorcery,Zamor Ice Storm,4410.0,44100.0,Zamor Ice Storm,1.0,17.0,17.0,27.0,35.0,36.0,0.0,0.0,,0.0,99.0,0.0,0.0,0.0,,,FALSE,FALSE,FALSE,FALSE,,,,,,,10441000.0,,0.1,3.0,,,3.0,,1441000.0,,FALSE,,Target loses ⌊MaxHP * 0.1⌋ + 30 HP on proc; target damage negation decreased by -20% for 30 seconds,13.0,0.0,Cold,,Cold,,,,,,,,Storm Attack,,,Storm Attack,27.0,Frost,80.0,80.0,
Sorcery,Zamor Ice Storm,4410.0,44101.0,Zamor Ice Storm,1.0,17.0,17.0,27.0,35.0,36.0,0.0,0.0,,0.0,74.0,0.0,0.0,0.0,,,FALSE,FALSE,FALSE,FALSE,,,,,,,10441002.0,,3.0,-1.0,,,3.0,,1441000.0,,FALSE,,Target loses ⌊MaxHP * 0.1⌋ + 30 HP on proc; target damage negation decreased by -20% for 30 seconds,13.0,0.0,Cold,,Cold,,,,,,,,Storm Attack,,,Storm Attack,27.0,Frost,80.0,80.0,
Sorcery,Zamor Ice Storm,4410.0,44105.0,Zamor Ice Storm - Charged,1.0,17.0,17.0,27.0,35.0,36.0,0.0,0.0,,0.0,104.0,0.0,0.0,0.0,,,FALSE,FALSE,FALSE,FALSE,,,,,,,10441050.0,,0.1,5.0,,,5.0,,1441000.0,,FALSE,,Target loses ⌊MaxHP * 0.1⌋ + 30 HP on proc; target damage negation decreased by -20% for 30 seconds,13.0,0.0,Cold,,Cold,,,,,,,Charged Spell,Storm Attack,,,Charged Spell & Storm Attack,35.0,Frost,80.0,80.0,
Sorcery,Zamor Ice Storm,4410.0,44106.0,Zamor Ice Storm - Charged,1.0,17.0,17.0,27.0,35.0,36.0,0.0,0.0,,0.0,79.0,0.0,0.0,0.0,,,FALSE,FALSE,FALSE,FALSE,,,,,,,10441052.0,,5.0,-1.0,,,5.0,,1441000.0,,FALSE,,Target loses ⌊MaxHP * 0.1⌋ + 30 HP on proc; target damage negation decreased by -20% for 30 seconds,13.0,0.0,Cold,,Cold,,,,,,,Charged Spell,Storm Attack,,,Charged Spell & Storm Attack,35.0,Frost,80.0,80.0,
Sorcery,Shattering Crystal,4500.0,45000.0,Shattering Crystal,1.0,21.0,21.0,30.0,38.0,38.0,0.0,0.0,,0.0,127.0,0.0,0.0,0.0,,,FALSE,FALSE,FALSE,FALSE,,,,,,,,,,,,,,,,,,,,5.0,0.0,Crystalian,,Crystalian,Crystal Staff,,1.1,,Crystal Staff; 1.1x,,,,,,,30.0,,,,
Sorcery,Shattering Crystal,4500.0,45001.0,Shattering Crystal,1.0,21.0,21.0,30.0,38.0,38.0,0.0,0.0,,0.0,60.0,0.0,0.0,0.0,,,FALSE,FALSE,FALSE,FALSE,,,,,,,,,,,,,,,,,,,,5.0,0.0,Crystalian,,Crystalian,Crystal Staff,,1.1,,Crystal Staff; 1.1x,,,,,,,30.0,,,,
Sorcery,Shattering Crystal,4500.0,45002.0,Shattering Crystal,1.0,21.0,21.0,30.0,38.0,38.0,0.0,0.0,,0.0,51.0,0.0,0.0,0.0,,,FALSE,FALSE,FALSE,FALSE,,,,,,,,,,,,,,,,,,,,5.0,0.0,Crystalian,,Crystalian,Crystal Staff,,1.1,,Crystal Staff; 1.1x,,,,,,,30.0,,,,
Sorcery,Shattering Crystal,4500.0,45005.0,Shattering Crystal - Charged,1.0,21.0,21.0,30.0,38.0,38.0,0.0,0.0,,0.0,160.0,0.0,0.0,0.0,,,FALSE,FALSE,FALSE,FALSE,,,,,,,,,,,,,,,,,,,,5.0,0.0,Crystalian,,Crystalian,Crystal Staff,,1.1,,Crystal Staff; 1.1x,,Charged Spell,,,,Charged Spell,38.0,,,,
Sorcery,Shattering Crystal,4500.0,45006.0,Shattering Crystal - Charged,1.0,21.0,21.0,30.0,38.0,38.0,0.0,0.0,,0.0,75.0,0.0,0.0,0.0,,,FALSE,FALSE,FALSE,FALSE,,,,,,,,,,,,,,,,,,,,5.0,0.0,Crystalian,,Crystalian,Crystal Staff,,1.1,,Crystal Staff; 1.1x,,Charged Spell,,,,Charged Spell,38.0,,,,
Sorcery,Shattering Crystal,4500.0,45007.0,Shattering Crystal - Charged,1.0,21.0,21.0,30.0,38.0,38.0,0.0,0.0,,0.0,67.0,0.0,0.0,0.0,,,FALSE,FALSE,FALSE,FALSE,,,,,,,,,,,,,,,,,,,,5.0,0.0,Crystalian,,Crystalian,Crystal Staff,,1.1,,Crystal Staff; 1.1x,,Charged Spell,,,,Charged Spell,38.0,,,,
Sorcery,Crystal Torrent,4520.0,45200.0,Crystal Torrent,1.0,20.0,5.0,30.0,0.0,47.0,0.0,0.0,,0.0,57.0,0.0,0.0,0.0,,,FALSE,FALSE,FALSE,FALSE,,,,,,,,,,,,,,,,,,,,5.0,0.0,Crystalian,,Crystalian,Crystal Staff,,1.1,,Crystal Staff; 1.1x,,,,,,,30.0,,,,
Sorcery,Crystal Torrent,4520.0,45201.0,Crystal Torrent,1.0,20.0,5.0,30.0,0.0,47.0,0.0,0.0,,0.0,57.0,0.0,0.0,0.0,,,FALSE,FALSE,FALSE,FALSE,,,,,,,,,,,,,,,,,,,,5.0,0.0,Crystalian,,Crystalian,Crystal Staff,,1.1,,Crystal Staff; 1.1x,,,,,,,30.0,,,,
Sorcery,Crystal Release,4510.0,45101.0,Crystal Release,1.0,34.0,0.0,26.0,0.0,41.0,0.0,0.0,,0.0,125.0,0.0,0.0,0.0,,,FALSE,FALSE,FALSE,FALSE,,,,,,,,,,,,,,,,,,,,5.0,0.0,Crystalian,,Crystalian,Crystal Staff,,1.1,,Crystal Staff; 1.1x,,,,,,,26.0,,,,
Sorcery,Crystal Release,4510.0,45100.0,Crystal Release,1.0,34.0,0.0,26.0,0.0,41.0,0.0,0.0,,0.0,100.0,0.0,0.0,0.0,,,FALSE,FALSE,FALSE,FALSE,,,,,,,,,,,,,,,,,,,,5.0,0.0,Crystalian,,Crystalian,Crystal Staff,,1.1,,Crystal Staff; 1.1x,,,,,,,26.0,,,,
Sorcery,Gravity Well,4720.0,47200.0,Gravity Well,1.0,12.0,12.0,20.0,26.0,17.0,0.0,0.0,,0.0,148.0,0.0,0.0,0.0,,,FALSE,FALSE,FALSE,FALSE,,,,,,,,,,,Pulls target towards caster,,,,,,,,,11.0,0.0,Gravity,,Gravity,Meteorite Staff,,1.3,,Meteorite Staff; 1.3x,,,,,,,20.0,,,,
Sorcery,Gravity Well,4720.0,47205.0,Gravity Well - Charged,1.0,12.0,12.0,20.0,26.0,17.0,0.0,0.0,,0.0,180.0,0.0,0.0,0.0,,,FALSE,FALSE,FALSE,FALSE,,,,,,,,,,,Pulls target towards caster,,,,,,,,,11.0,0.0,Gravity,,Gravity,Meteorite Staff,,1.3,,Meteorite Staff; 1.3x,,Charged Spell,,,,Charged Spell,26.0,,,,
Sorcery,Collapsing Stars,4721.0,47210.0,Collapsing Stars,1.0,18.0,18.0,27.0,35.0,36.0,0.0,0.0,,0.0,44.0,0.0,0.0,0.0,,,FALSE,FALSE,FALSE,FALSE,,,,,,,,,,,Pulls target towards caster,,,,,,,,,11.0,0.0,Gravity,,Gravity,Meteorite Staff,,1.3,,Meteorite Staff; 1.3x,,,,,,,27.0,,,,
Sorcery,Collapsing Stars,4721.0,47211.0,Collapsing Stars,1.0,18.0,18.0,27.0,35.0,36.0,0.0,0.0,,0.0,44.0,0.0,0.0,0.0,,,FALSE,FALSE,FALSE,FALSE,,,,,,,,,,,Pulls target towards caster,,,,,,,,,11.0,0.0,Gravity,,Gravity,Meteorite Staff,,1.3,,Meteorite Staff; 1.3x,,,,,,,27.0,,,,
Sorcery,Collapsing Stars,4721.0,47215.0,Collapsing Stars - Charged,1.0,18.0,18.0,27.0,35.0,36.0,0.0,0.0,,0.0,49.0,0.0,0.0,0.0,,,FALSE,FALSE,FALSE,FALSE,,,,,,,,,,,Pulls target towards caster,,,,,,,,,11.0,0.0,Gravity,,Gravity,Meteorite Staff,,1.3,,Meteorite Staff; 1.3x,,Charged Spell,,,,Charged Spell,35.0,,,,
Sorcery,Collapsing Stars,4721.0,47216.0,Collapsing Stars - Charged,1.0,18.0,18.0,27.0,35.0,36.0,0.0,0.0,,0.0,49.0,0.0,0.0,0.0,,,FALSE,FALSE,FALSE,FALSE,,,,,,,,,,,Pulls target towards caster,,,,,,,,,11.0,0.0,Gravity,,Gravity,Meteorite Staff,,1.3,,Meteorite Staff; 1.3x,,Charged Spell,,,,Charged Spell,35.0,,,,
Sorcery,Gravitational Missile,2004710.0,210471002.0,Gravitational Missile,1.0,18.0,18.0,29.0,38.0,36.0,0.0,0.0,,0.0,279.0,0.0,0.0,0.0,,,FALSE,FALSE,FALSE,FALSE,,,,,,,210471003.0,,6.0,-1.0,,,6.0,,,,,,,11.0,0.0,Gravity,,Gravity,Meteorite Staff,,1.3,,Meteorite Staff; 1.3x,,Gravity,,,,Gravity,29.0,,,,
Sorcery,Gravitational Missile,2004710.0,210471001.0,Gravitational Missile,1.0,18.0,18.0,29.0,38.0,36.0,0.0,0.0,,0.0,30.0,0.0,0.0,0.0,,,FALSE,FALSE,FALSE,FALSE,,,,,,,210471005.0,,5.0,-1.0,,,5.0,,,,,,,11.0,0.0,Gravity,,Gravity,Meteorite Staff,,1.3,,Meteorite Staff; 1.3x,,Gravity,,,,Gravity,29.0,,,,
Sorcery,Gravitational Missile,2004710.0,210471052.0,Gravitational Missile - Charged,1.0,18.0,18.0,29.0,38.0,36.0,0.0,0.0,,0.0,338.0,0.0,0.0,0.0,,,FALSE,FALSE,FALSE,FALSE,,,,,,,210471054.0,,6.0,-1.0,,,6.0,,,,,,,11.0,0.0,Gravity,,Gravity,Meteorite Staff,,1.3,,Meteorite Staff; 1.3x,,Gravity,Charged Spell,,,Gravity & Charged Spell,38.0,,,,
Sorcery,Gravitational Missile,2004710.0,210471051.0,Gravitational Missile - Charged,1.0,18.0,18.0,29.0,38.0,36.0,0.0,0.0,,0.0,40.0,0.0,0.0,0.0,,,FALSE,FALSE,FALSE,FALSE,,,,,,,210471056.0,,5.5,-1.0,,,5.5,,,,,,,11.0,0.0,Gravity,,Gravity,Meteorite Staff,,1.3,,Meteorite Staff; 1.3x,,Gravity,Charged Spell,,,Gravity & Charged Spell,38.0,,,,
Sorcery,Rock Sling,4710.0,47100.0,Rock Sling,1.0,18.0,0.0,29.0,0.0,18.0,0.0,0.0,,102.0,0.0,0.0,0.0,0.0,,,FALSE,FALSE,FALSE,FALSE,,,,,,,10471012.0,,1.5,1.5,,,1.5,,,,,,,11.0,0.0,Gravity,,Gravity,Meteorite Staff,,1.3,,Meteorite Staff; 1.3x,,,,,,,29.0,,,,
Sorcery,Blades of Stone,2004700.0,210470000.0,Blades of Stone,2.0,18.0,18.0,29.0,38.0,48.0,0.0,0.0,,261.0,0.0,0.0,0.0,0.0,,,FALSE,FALSE,FALSE,FALSE,,,,,,,,,,,,,,,,,,,,11.0,0.0,Gravity,,Gravity,Meteorite Staff,,1.3,,Meteorite Staff; 1.3x,,Gravity,,,,Gravity,29.0,,,,
Sorcery,Blades of Stone,2004700.0,210470050.0,Blades of Stone - Charged,2.0,18.0,18.0,29.0,38.0,48.0,0.0,0.0,,302.0,0.0,0.0,0.0,0.0,,,FALSE,FALSE,FALSE,FALSE,,,,,,,,,,,,,,,,,,,,11.0,0.0,Gravity,,Gravity,Meteorite Staff,,1.3,,Meteorite Staff; 1.3x,,Gravity,Charged Spell,,,Gravity & Charged Spell,38.0,,,,
Sorcery,Blades of Stone,2004700.0,210470051.0,Blades of Stone - Charged,2.0,18.0,18.0,29.0,38.0,48.0,0.0,0.0,,185.0,0.0,0.0,0.0,0.0,,,FALSE,FALSE,FALSE,FALSE,,,,,,,,,,,,,,,,,,,,11.0,0.0,Gravity,,Gravity,Meteorite Staff,,1.3,,Meteorite Staff; 1.3x,,Gravity,Charged Spell,,,Gravity & Charged Spell,38.0,,,,
Sorcery,Meteorite,4700.0,47000.0,Meteorite,1.0,30.0,10.0,35.0,0.0,30.0,0.0,0.0,,180.0,100.0,0.0,0.0,0.0,,,FALSE,FALSE,FALSE,FALSE,,,,,,,,,,,,,,,,,,,,11.0,0.0,Gravity,,Gravity,Meteorite Staff,,1.3,,Meteorite Staff; 1.3x,,,,,,,35.0,,,,
Sorcery,Meteorite,4700.0,47001.0,Meteorite (AoE),1.0,30.0,10.0,35.0,0.0,30.0,0.0,0.0,,180.0,100.0,0.0,0.0,0.0,,,FALSE,FALSE,FALSE,FALSE,,,,,,,10470003.0,,1.6,-1.0,,,1.6,,,,,,,11.0,0.0,Gravity,,Gravity,Meteorite Staff,,1.3,,Meteorite Staff; 1.3x,,,,,,,35.0,,,,
Sorcery,Meteorite of Astel,4701.0,47010.0,Meteorite of Astel,2.0,60.0,12.0,40.0,0.0,55.0,0.0,0.0,,185.0,105.0,0.0,0.0,0.0,,,FALSE,FALSE,FALSE,FALSE,,,,,,,,,,,,,,,,,,,,11.0,0.0,Gravity,,Gravity,Meteorite Staff,,1.3,,Meteorite Staff; 1.3x,,,,,,,40.0,,,,
Sorcery,Meteorite of Astel,4701.0,47011.0,Meteorite of Astel (AoE),2.0,60.0,12.0,40.0,0.0,55.0,0.0,0.0,,185.0,105.0,0.0,0.0,0.0,,,FALSE,FALSE,FALSE,FALSE,,,,,,,10470106.0,,1.2,1.6,,,1.6,,,,,,,11.0,0.0,Gravity,,Gravity,Meteorite Staff,,1.3,,Meteorite Staff; 1.3x,,,,,,,40.0,,,,
Sorcery,Glintstone Nail,2004500.0,210450000.0,Glintstone Nail,1.0,10.0,10.0,21.0,27.0,18.0,0.0,0.0,,0.0,216.0,0.0,0.0,0.0,,,FALSE,FALSE,FALSE,FALSE,,,,,,,,,,,,,,,,,,,,16.0,0.0,Finger,,Finger,Maternal Staff,,1.15,,Maternal Staff; 1.15x,,Finger,,,,Finger,21.0,,,,
Sorcery,Glintstone Nail,2004500.0,210450050.0,Glintstone Nail - Charged,1.0,10.0,10.0,21.0,27.0,18.0,0.0,0.0,,0.0,269.0,0.0,0.0,0.0,,,FALSE,FALSE,FALSE,FALSE,,,,,,,,,,,,,,,,,,,,16.0,0.0,Finger,,Finger,Maternal Staff,,1.15,,Maternal Staff; 1.15x,,Finger,Charged Spell,,,Finger & Charged Spell,27.0,,,,
Sorcery,Glintstone Nails,2004510.0,210451000.0,Glintstone Nails,1.0,23.0,23.0,26.0,34.0,32.0,0.0,0.0,,0.0,66.0,0.0,0.0,0.0,,,FALSE,FALSE,FALSE,FALSE,,,,,,,,,,,,,,,,,,,,16.0,0.0,Finger,,Finger,Maternal Staff,,1.15,,Maternal Staff; 1.15x,,Finger,,,,Finger,26.0,,,,
Sorcery,Glintstone Nails,2004510.0,210451050.0,Glintstone Nails - Charged,1.0,23.0,23.0,26.0,34.0,32.0,0.0,0.0,,0.0,75.0,0.0,0.0,0.0,,,FALSE,FALSE,FALSE,FALSE,,,,,,,,,,,,,,,,,,,,16.0,0.0,Finger,,Finger,Maternal Staff,,1.15,,Maternal Staff; 1.15x,,Finger,Charged Spell,,,Finger & Charged Spell,34.0,,,,
Sorcery,Fleeting Microcosm,2007410.0,210741000.0,Fleeting Microcosm,1.0,26.0,26.0,35.0,46.0,42.0,0.0,0.0,,0.0,120.0,0.0,0.0,0.0,,,FALSE,FALSE,FALSE,FALSE,,,,,,,210741005.0,,3.0,-1.0,,,3.0,,,,,,,16.0,0.0,Finger,,Finger,Maternal Staff,,1.15,,Maternal Staff; 1.15x,,Finger,,,,Finger,35.0,,,,
Sorcery,Fleeting Microcosm,2007410.0,210741001.0,Fleeting Microcosm,1.0,26.0,26.0,35.0,46.0,42.0,0.0,0.0,,0.0,214.0,0.0,0.0,0.0,,,FALSE,FALSE,FALSE,FALSE,,,,,,,210741006.0,,4.5,-1.0,,,4.5,,,,,,,16.0,0.0,Finger,,Finger,Maternal Staff,,1.15,,Maternal Staff; 1.15x,,Finger,,,,Finger,35.0,,,,
Sorcery,Fleeting Microcosm,2007410.0,210741050.0,Fleeting Microcosm - Charged,1.0,26.0,26.0,35.0,46.0,42.0,0.0,0.0,,0.0,160.0,0.0,0.0,0.0,,,FALSE,FALSE,FALSE,FALSE,,,,,,,210741055.0,,3.0,-1.0,,,3.0,,,,,,,16.0,0.0,Finger,,Finger,Maternal Staff,,1.15,,Maternal Staff; 1.15x,,Finger,Charged Spell,,,Finger & Charged Spell,46.0,,,,
Sorcery,Fleeting Microcosm,2007410.0,210741051.0,Fleeting Microcosm - Charged,1.0,26.0,26.0,35.0,46.0,42.0,0.0,0.0,,0.0,271.0,0.0,0.0,0.0,,,FALSE,FALSE,FALSE,FALSE,,,,,,,210741056.0,,6.0,-1.0,,,6.0,,,,,,,16.0,0.0,Finger,,Finger,Maternal Staff,,1.15,,Maternal Staff; 1.15x,,Finger,Charged Spell,,,Finger & Charged Spell,46.0,,,,
Sorcery,Cherishing Fingers,2007420.0,210742000.0,Cherishing Fingers,1.0,20.0,20.0,20.0,26.0,36.0,0.0,0.0,,253.0,0.0,0.0,0.0,0.0,,,FALSE,FALSE,FALSE,FALSE,,,,,,,210742006.0,,2.8,-1.0,,,2.8,,,,,,,16.0,0.0,Finger,,Finger,Maternal Staff,,1.15,,Maternal Staff; 1.15x,,Finger,,,,Finger,20.0,,,,
Sorcery,Cherishing Fingers,2007420.0,210742050.0,Cherishing Fingers - Charged,1.0,20.0,20.0,20.0,26.0,36.0,0.0,0.0,,347.0,0.0,0.0,0.0,0.0,,,FALSE,FALSE,FALSE,FALSE,,,,,,,210742056.0,,3.2,-1.0,,,3.2,,,,,,,16.0,0.0,Finger,,Finger,Maternal Staff,,1.15,,Maternal Staff; 1.15x,,Finger,Charged Spell,,,Finger & Charged Spell,26.0,,,,
Sorcery,Oracle Bubbles,5100.0,51000.0,Oracle Bubbles,1.0,12.0,12.0,18.0,23.0,19.0,0.0,15.0,,0.0,54.0,0.0,0.0,0.0,,,FALSE,FALSE,FALSE,FALSE,,,,,,,,,,,,,,,,,,,,0.0,0.0,,,,,,,,,,,,,,,18.0,,,,
Sorcery,Oracle Bubbles,5100.0,51005.0,Oracle Bubbles - Charged,1.0,12.0,12.0,18.0,23.0,19.0,0.0,15.0,,0.0,65.0,0.0,0.0,0.0,,,FALSE,FALSE,FALSE,FALSE,,,,,,,,,,,,,,,,,,,,0.0,0.0,,,,,,,,,,Charged Spell,,,,Charged Spell,23.0,,,,
Sorcery,Great Oracular Bubble,5110.0,51010.0,Great Oracular Bubble,1.0,16.0,16.0,27.0,35.0,25.0,0.0,18.0,,0.0,298.0,0.0,0.0,0.0,,,FALSE,FALSE,FALSE,FALSE,,,,,,,,,,,,,,,,,,,,0.0,0.0,,,,,,,,,,,,,,,27.0,,,,
Sorcery,Great Oracular Bubble,5110.0,51015.0,Great Oracular Bubble - Charged,1.0,16.0,16.0,27.0,35.0,25.0,0.0,18.0,,0.0,355.0,0.0,0.0,0.0,,,FALSE,FALSE,FALSE,FALSE,,,,,,,,,,,,,,,,,,,,0.0,0.0,,,,,,,,,,Charged Spell,,,,Charged Spell,35.0,,,,
Sorcery,Briars of Sin,4900.0,49000.0,Briars of Sin,1.0,6.0,0.0,26.0,0.0,0.0,24.0,0.0,,0.0,200.0,0.0,0.0,0.0,,,FALSE,FALSE,FALSE,FALSE,1490000.0,1490001.0,,,,,10490000.0,,0.5,2.5,Damages caster for 80 HP and applies 30 bleed buildup,,2.5,,1490010.0,,TRUE,,Target loses ⌊MaxHP * 0.15⌋ + 100 HP on proc,9.0,0.0,Thorn / Aberrant,,Thorn / Aberrant,Staff of the Guilty,,1.2,,Staff of the Guilty; 1.2x,,,,,,,26.0,Bleed,95.0,95.0,
Sorcery,Briars of Sin,4900.0,49001.0,Briars of Sin,1.0,6.0,0.0,26.0,0.0,0.0,24.0,0.0,,0.0,232.0,0.0,0.0,0.0,,,FALSE,FALSE,FALSE,FALSE,1490000.0,1490001.0,,,,,10490001.0,,0.5,3.5,Damages caster for 80 HP and applies 30 bleed buildup,,3.5,,1490010.0,,TRUE,,Target loses ⌊MaxHP * 0.15⌋ + 100 HP on proc,9.0,0.0,Thorn / Aberrant,,Thorn / Aberrant,Staff of the Guilty,,1.2,,Staff of the Guilty; 1.2x,,,,,,,26.0,Bleed,95.0,95.0,
Sorcery,Briars of Sin,4900.0,49002.0,Briars of Sin,1.0,6.0,0.0,26.0,0.0,0.0,24.0,0.0,,0.0,233.0,0.0,0.0,0.0,,,FALSE,FALSE,FALSE,FALSE,1490000.0,1490001.0,,,,,10490002.0,,0.5,4.5,Damages caster for 80 HP and applies 30 bleed buildup,,4.5,,1490010.0,,TRUE,,Target loses ⌊MaxHP * 0.15⌋ + 100 HP on proc,9.0,0.0,Thorn / Aberrant,,Thorn / Aberrant,Staff of the Guilty,,1.2,,Staff of the Guilty; 1.2x,,,,,,,26.0,Bleed,95.0,95.0,
Sorcery,Briars of Punishment,4910.0,49100.0,Briars of Punishment,1.0,9.0,0.0,22.0,0.0,0.0,21.0,0.0,,0.0,212.0,0.0,0.0,0.0,,,FALSE,FALSE,FALSE,FALSE,1491000.0,1491001.0,,,,,,,,,Damages caster for 50 HP and applies 25 bleed buildup,,,,1491010.0,,TRUE,,Target loses ⌊MaxHP * 0.15⌋ + 100 HP on proc,9.0,0.0,Thorn / Aberrant,,Thorn / Aberrant,Staff of the Guilty,,1.2,,Staff of the Guilty; 1.2x,,,,,,,22.0,Bleed,72.0,72.0,
Sorcery,Mantle of Thorns,2004900.0,,Mantle of Thorns,1.0,9.0,0.0,22.0,0.0,0.0,20.0,0.0,,0.0,0.0,0.0,0.0,0.0,,,FALSE,FALSE,FALSE,FALSE,21490000.0,21490001.0,21490002.0,21490003.0,21490000.0,,,,,,Adds 87 physical attack power to rolling; damages caster for 50 HP and applies 25 bleed buildup,30.0,,TRUE,,,,,,9.0,0.0,Thorn / Aberrant,,Thorn / Aberrant,Staff of the Guilty,,1.2,,Staff of the Guilty; 1.2x,,,,,,,22.0,,,,
Sorcery,Impenetrable Thorns,2004910.0,210491000.0,Impenetrable Thorns,1.0,15.0,0.0,22.0,0.0,0.0,24.0,0.0,,0.0,63.0,0.0,0.0,0.0,,,FALSE,FALSE,FALSE,FALSE,21491000.0,21491001.0,,,,,,210491007.0,,,Damages caster for 50 HP and applies 25 bleed buildup; each thorn tendril hits 3 times,,,,21491010.0,,TRUE,,Target loses ⌊MaxHP * 0.15⌋ + 100 HP on proc,9.0,0.0,Thorn / Aberrant,,Thorn / Aberrant,Staff of the Guilty,,1.2,,Staff of the Guilty; 1.2x,,Thorn / Aberrant,,,,Thorn / Aberrant,22.0,Bleed,17.0,17.0,
Sorcery,Rancorcall,5000.0,50000.0,Rancorcall,1.0,12.0,12.0,21.0,27.0,16.0,14.0,0.0,,0.0,54.0,0.0,0.0,0.0,,,FALSE,FALSE,FALSE,FALSE,,,,,,,,,,,,,,,,,,,,10.0,0.0,Death,,Death,Prince of Death's Staff,,1.1,,Prince of Death's Staff; 1.1x,,,,,,,21.0,,,,
Sorcery,Rancorcall,5000.0,50005.0,Rancorcall - Charged,1.0,12.0,12.0,21.0,27.0,16.0,14.0,0.0,,0.0,57.0,0.0,0.0,0.0,,,FALSE,FALSE,FALSE,FALSE,,,,,,,,,,,,,,,,,,,,10.0,0.0,Death,,Death,Prince of Death's Staff,,1.1,,Prince of Death's Staff; 1.1x,,Charged Spell,,,,Charged Spell,27.0,,,,
Sorcery,Ancient Death Rancor,5001.0,50011.0,Ancient Death Rancor,1.0,21.0,21.0,27.0,35.0,34.0,24.0,0.0,,0.0,49.0,0.0,0.0,0.0,,,FALSE,FALSE,FALSE,FALSE,,,,,,,,,,,,,,,,,,,,10.0,0.0,Death,,Death,Prince of Death's Staff,,1.1,,Prince of Death's Staff; 1.1x,,,,,,,27.0,,,,
Sorcery,Ancient Death Rancor,5001.0,50016.0,Ancient Death Rancor - Charged,1.0,21.0,21.0,27.0,35.0,34.0,24.0,0.0,,0.0,52.0,0.0,0.0,0.0,,,FALSE,FALSE,FALSE,FALSE,,,,,,,,,,,,,,,,,,,,10.0,0.0,Death,,Death,Prince of Death's Staff,,1.1,,Prince of Death's Staff; 1.1x,,Charged Spell,,,,Charged Spell,35.0,,,,
Sorcery,Rings of Spectral Light,2005000.0,210500000.0,Rings of Spectral Light,1.0,14.0,14.0,21.0,27.0,24.0,18.0,0.0,,0.0,53.0,0.0,0.0,0.0,,,FALSE,FALSE,FALSE,FALSE,,,,,,,,,,,,,,,21500000.0,,FALSE,,Target loses ⌊MaxHP * 0.1⌋ + 30 HP on proc; target damage negation decreased by -20% for 10 seconds,17.0,0.0,Spectral Light,,Spectral Light,,,,,,,Death,,,,Death,21.0,Frost,19.0,19.0,
Sorcery,Rings of Spectral Light,2005000.0,210500050.0,Rings of Spectral Light - Charged,1.0,14.0,14.0,21.0,27.0,24.0,18.0,0.0,,0.0,63.0,0.0,0.0,0.0,,,FALSE,FALSE,FALSE,FALSE,,,,,,,,,,,,,,,21500000.0,,FALSE,,Target loses ⌊MaxHP * 0.1⌋ + 30 HP on proc; target damage negation decreased by -20% for 10 seconds,17.0,0.0,Spectral Light,,Spectral Light,,,,,,,Death,Charged Spell,,,Death & Charged Spell,27.0,Frost,19.0,19.0,
Sorcery,Explosive Ghostflame,5010.0,50100.0,Explosive Ghostflame,1.0,29.0,0.0,45.0,0.0,42.0,30.0,0.0,,0.0,312.0,0.0,0.0,0.0,,,FALSE,FALSE,FALSE,FALSE,,,,,,,10501000.0,,4.0,6.0,,,6.0,,1501000.0,,FALSE,,Target loses ⌊MaxHP * 0.1⌋ + 30 HP on proc; target damage negation decreased by -20% for 30 seconds,10.0,0.0,Death,,Death,Prince of Death's Staff,,1.1,,Prince of Death's Staff; 1.1x,,,,,,,45.0,Frost,130.0,130.0,
Sorcery,Explosive Ghostflame,5010.0,50101.0,Explosive Ghostflame,1.0,29.0,0.0,45.0,0.0,42.0,30.0,0.0,,0.0,60.0,0.0,0.0,0.0,,,FALSE,FALSE,FALSE,FALSE,,,,,,,10501020.0,,1.45,-1.0,,,1.45,,1501001.0,,FALSE,,Target loses ⌊MaxHP * 0.1⌋ + 30 HP on proc; target damage negation decreased by -20% for 30 seconds,10.0,0.0,Death,,Death,Prince of Death's Staff,,1.1,,Prince of Death's Staff; 1.1x,,,,,,,45.0,Frost,38.0,38.0,
Sorcery,Fia's Mist,5020.0,50200.0,Fia's Mist,1.0,25.0,25.0,13.0,17.0,23.0,18.0,0.0,,0.0,0.0,0.0,0.0,0.0,,,FALSE,FALSE,FALSE,FALSE,,,,,,10502001.0,10502001.0,,0.5,2.8,Creates a mist that applies death to targets within range; the 20 death ticks 2.5/s for 6 seconds (15 total ticks),5.0,2.8,FALSE,1502000.0,,FALSE,,Target dies on proc; only works on player-model entities,10.0,0.0,Death,,Death,Prince of Death's Staff,,1.1,,Prince of Death's Staff; 1.1x,,,,,,,13.0,Death,20.0,20.0,
Sorcery,Fia's Mist,5020.0,50205.0,Fia's Mist - Charged,1.0,25.0,25.0,13.0,17.0,23.0,18.0,0.0,,0.0,0.0,0.0,0.0,0.0,,,FALSE,FALSE,FALSE,FALSE,,,,,,10502051.0,10502051.0,,0.5,5.0,Creates a mist that applies death to targets within range; the 20 death ticks 2.5/s for 6 seconds (15 total ticks),5.0,5.0,FALSE,1502000.0,,FALSE,,Target dies on proc; only works on player-model entities,10.0,0.0,Death,,Death,Prince of Death's Staff,,1.1,,Prince of Death's Staff; 1.1x,,Charged Spell,,,,Charged Spell,17.0,Death,20.0,20.0,
Sorcery,Tibia's Summons,5030.0,50300.0,Tibia's Summons,1.0,17.0,0.0,27.0,0.0,28.0,20.0,0.0,,0.0,125.0,0.0,0.0,0.0,,,FALSE,FALSE,FALSE,FALSE,,,,,,,,,,,,,,,,,,,,10.0,0.0,Death,,Death,Prince of Death's Staff,,1.1,,Prince of Death's Staff; 1.1x,,,,,,,27.0,,,,
Sorcery,Mass of Putrescence,2006210.0,210621000.0,Mass of Putrescence,1.0,41.0,41.0,42.0,55.0,28.0,22.0,0.0,,0.0,80.0,0.0,0.0,0.0,,,FALSE,FALSE,FALSE,FALSE,21621000.0,,,,,,,,,,,,,,21621000.0,,FALSE,,Target loses ⌊MaxHP * 0.1⌋ + 30 HP on proc; target damage negation decreased by -20% for 10 seconds,0.0,0.0,,,,,,,,,,,,,,,42.0,Frost,40.0,40.0,
Sorcery,Mass of Putrescence,2006210.0,210621001.0,Mass of Putrescence,1.0,41.0,41.0,42.0,55.0,28.0,22.0,0.0,,0.0,200.0,0.0,0.0,0.0,,,FALSE,FALSE,FALSE,FALSE,21621001.0,,,,,,,,,,,,,,21621001.0,,FALSE,,Target loses ⌊MaxHP * 0.1⌋ + 30 HP on proc; target damage negation decreased by -20% for 10 seconds,0.0,0.0,,,,,,,,,,,,,,,42.0,Frost,120.0,120.0,
Sorcery,Mass of Putrescence,2006210.0,210621050.0,Mass of Putrescence - Charged,1.0,41.0,41.0,42.0,55.0,28.0,22.0,0.0,,0.0,100.0,0.0,0.0,0.0,,,FALSE,FALSE,FALSE,FALSE,,,,,,,,,,,,,,,21621002.0,,FALSE,,Target loses ⌊MaxHP * 0.1⌋ + 30 HP on proc; target damage negation decreased by -20% for 10 seconds,0.0,0.0,,,,,,,,,,Charged Spell,,,,Charged Spell,55.0,Frost,50.0,50.0,
Sorcery,Mass of Putrescence,2006210.0,210621051.0,Mass of Putrescence - Charged,1.0,41.0,41.0,42.0,55.0,28.0,22.0,0.0,,0.0,300.0,0.0,0.0,0.0,,,FALSE,FALSE,FALSE,FALSE,,,,,,,,,,,,,,,21621003.0,,FALSE,,Target loses ⌊MaxHP * 0.1⌋ + 30 HP on proc; target damage negation decreased by -20% for 10 seconds,0.0,0.0,,,,,,,,,,Charged Spell,,,,Charged Spell,55.0,Frost,150.0,150.0,
Sorcery,Vortex of Putrescence,2006200.0,210620000.0,Vortex of Putrescence,2.0,29.0,29.0,45.0,59.0,32.0,26.0,0.0,,0.0,328.0,0.0,0.0,0.0,,,FALSE,FALSE,FALSE,FALSE,,,,,,,,,,,,,,,21620000.0,,FALSE,,Target loses ⌊MaxHP * 0.1⌋ + 30 HP on proc; target damage negation decreased by -20% for 10 seconds,0.0,0.0,,,,,,,,,,,,,,,45.0,Frost,170.0,170.0,
Incantation,Urgent Heal,6420.0,64200.0,Urgent Heal,1.0,16.0,0.0,30.0,0.0,0.0,8.0,0.0,,0.0,0.0,0.0,0.0,0.0,1642000.0,-115.0,FALSE,TRUE,FALSE,FALSE,1642000.0,,,,,,,,,,Heals caster for 1.15x spell buff (only uses faith scaling),,,,,,,,,0.0,0.0,,,,,,,,,,,,,,,30.0,,,,
Incantation,Heal,6421.0,64210.0,Heal - Self,1.0,32.0,0.0,35.0,0.0,0.0,12.0,0.0,,0.0,0.0,0.0,0.0,0.0,1642100.0,-230.0,FALSE,TRUE,FALSE,FALSE,1642100.0,,,,,,,,,,Heals caster for 2.3x spell buff (only uses faith scaling),,,,,,,,,0.0,0.0,,,,,,,,,,,,,,,35.0,,,,
Incantation,Heal,6421.0,64211.0,Heal - Ally,1.0,32.0,0.0,35.0,0.0,0.0,12.0,0.0,,0.0,0.0,0.0,0.0,0.0,1642101.0,-115.0,FALSE,TRUE,FALSE,FALSE,1642101.0,,,,,,10642101.0,,6.0,-1.0,Heals friendly targets in range for 1.15x spell buff (only uses faith scaling),,6.0,,,,,,,0.0,0.0,,,,,,,,,,,,,,,35.0,,,,
Incantation,Heal,6421.0,64211.0,Heal - Those Who Live in Death,1.0,32.0,0.0,35.0,0.0,0.0,12.0,0.0,,0.0,0.0,0.0,0.0,0.0,,,FALSE,FALSE,FALSE,FALSE,474.0,,,,,,10642101.0,,6.0,-1.0,Damages Those Who Live in Death for ⌊MaxHP * 0.5⌋ + 300 HP,,6.0,,,,,,,0.0,0.0,,,,,,,,,,,,,,,35.0,,,,
Incantation,Great Heal,6422.0,64220.0,Great Heal - Self,1.0,45.0,0.0,40.0,0.0,0.0,15.0,0.0,,0.0,0.0,0.0,0.0,0.0,1642200.0,-364.0,FALSE,TRUE,FALSE,FALSE,1642200.0,,,,,,,,,,Heals caster for 3.64x spell buff (only uses faith scaling),,,,,,,,,0.0,0.0,,,,,,,,,,,,,,,40.0,,,,
Incantation,Great Heal,6422.0,64221.0,Great Heal - Ally,1.0,45.0,0.0,40.0,0.0,0.0,15.0,0.0,,0.0,0.0,0.0,0.0,0.0,1642201.0,-207.0,FALSE,TRUE,FALSE,FALSE,1642201.0,,,,,,10642201.0,,6.0,-1.0,Heals friendly targets in range for 2.07x spell buff (only uses faith scaling),,6.0,,,,,,,0.0,0.0,,,,,,,,,,,,,,,40.0,,,,
Incantation,Great Heal,6422.0,64221.0,Great Heal - Those Who Live in Death,1.0,45.0,0.0,40.0,0.0,0.0,15.0,0.0,,0.0,0.0,0.0,0.0,0.0,,,FALSE,FALSE,FALSE,FALSE,474.0,,,,,,10642201.0,,6.0,-1.0,Damages Those Who Live in Death for ⌊MaxHP * 0.5⌋ + 300 HP,,6.0,,,,,,,0.0,0.0,,,,,,,,,,,,,,,40.0,,,,
Incantation,Lord's Heal,6423.0,64230.0,Lord's Heal - Self,1.0,55.0,0.0,45.0,0.0,0.0,20.0,0.0,,0.0,0.0,0.0,0.0,0.0,1642300.0,-420.0,FALSE,TRUE,FALSE,FALSE,1642300.0,,,,,,,,,,Heals caster for 4.2x spell buff (only uses faith scaling),,,,,,,,,0.0,0.0,,,,,,,,,,,,,,,45.0,,,,
Incantation,Lord's Heal,6423.0,64231.0,Lord's Heal - Ally,1.0,55.0,0.0,45.0,0.0,0.0,20.0,0.0,,0.0,0.0,0.0,0.0,0.0,1642301.0,-210.0,FALSE,TRUE,FALSE,FALSE,1642301.0,,,,,,10642301.0,,6.0,-1.0,Heals friendly targets in range for 2.1x spell buff (only uses faith scaling),,6.0,,,,,,,0.0,0.0,,,,,,,,,,,,,,,45.0,,,,
Incantation,Lord's Heal,6423.0,64231.0,Lord's Heal - Those Who Live in Death,1.0,55.0,0.0,45.0,0.0,0.0,20.0,0.0,,0.0,0.0,0.0,0.0,0.0,,,FALSE,FALSE,FALSE,FALSE,474.0,,,,,,10642301.0,,6.0,-1.0,Damages Those Who Live in Death for ⌊MaxHP * 0.5⌋ + 300 HP,,6.0,,,,,,,0.0,0.0,,,,,,,,,,,,,,,45.0,,,,
Incantation,Cure Poison,6440.0,64400.0,Cure Poison,1.0,7.0,0.0,10.0,0.0,0.0,10.0,0.0,,0.0,0.0,0.0,0.0,0.0,,,FALSE,FALSE,FALSE,FALSE,,,,,,,,,,,Removes any buildup for and cures poison,,,,,,,,,0.0,0.0,,,,,,,,,,,,,,,10.0,,,,
Incantation,Lord's Aid,6441.0,64410.0,Lord's Aid,1.0,12.0,0.0,10.0,0.0,0.0,12.0,0.0,,0.0,0.0,0.0,0.0,0.0,,,FALSE,FALSE,FALSE,FALSE,,,,,,,10644110.0,,6.0,-1.0,"Removes any buildup for and cures poison, bleed, and sleep for caster and allies in range",,6.0,,,,,,,0.0,0.0,,,,,,,,,,,,,,,10.0,,,,
Incantation,Magic Fortification,6460.0,,Magic Fortification,1.0,20.0,0.0,13.0,0.0,0.0,10.0,0.0,,0.0,0.0,0.0,0.0,0.0,,,FALSE,FALSE,FALSE,FALSE,1646000.0,,,,1646000.0,,,,,,Increases magic damage negation by 35% (10% in PvP),90.0,,TRUE,,,,,,0.0,0.0,,,,,,,,,,,,,,,13.0,,,,
Incantation,Flame Fortification,6450.0,,Flame Fortification,1.0,20.0,0.0,13.0,0.0,0.0,10.0,0.0,,0.0,0.0,0.0,0.0,0.0,,,FALSE,FALSE,FALSE,FALSE,1645000.0,,,,1645000.0,,,,,,Increases fire damage negation by 35% (10% in PvP),90.0,,TRUE,,,,,,0.0,0.0,,,,,,,,,,,,,,,13.0,,,,
Incantation,Lightning Fortification,6470.0,,Lightning Fortification,1.0,20.0,0.0,13.0,0.0,0.0,10.0,0.0,,0.0,0.0,0.0,0.0,0.0,,,FALSE,FALSE,FALSE,FALSE,1647000.0,,,,1647000.0,,,,,,Increases lightning damage negation by 35% (10% in PvP),90.0,,TRUE,,,,,,0.0,0.0,,,,,,,,,,,,,,,13.0,,,,
Incantation,Divine Fortification,6480.0,,Divine Fortification,1.0,20.0,0.0,13.0,0.0,0.0,10.0,0.0,,0.0,0.0,0.0,0.0,0.0,,,FALSE,FALSE,FALSE,FALSE,1648000.0,,,,1648000.0,,,,,,Increases holy damage negation by 35% (10% in PvP),90.0,,TRUE,,,,,,0.0,0.0,,,,,,,,,,,,,,,13.0,,,,
Incantation,Lord's Divine Fortification,6490.0,,Lord's Divine Fortification,1.0,30.0,0.0,20.0,0.0,0.0,27.0,0.0,,0.0,0.0,0.0,0.0,0.0,,,FALSE,FALSE,FALSE,FALSE,1649000.0,,,,1649000.0,,10649001.0,,6.0,-1.0,Increases holy damage negation by 60% (20% in PvP) for caster and allies in range,70.0,6.0,TRUE,,,,,,0.0,0.0,,,,,,,,,,,,,,,20.0,,,,
Incantation,Rejection,6400.0,64000.0,Rejection,1.0,9.0,9.0,24.0,31.0,0.0,12.0,0.0,,0.0,0.0,0.0,0.0,0.0,,,FALSE,FALSE,FALSE,FALSE,,,,,,,10640000.0,,1.0,2.0,,,2.0,,,,,,,0.0,0.0,,,,,,,,,,,,,,,24.0,,,,
Incantation,Rejection,6400.0,64005.0,Rejection - Charged,1.0,9.0,9.0,24.0,31.0,0.0,12.0,0.0,,0.0,0.0,0.0,0.0,0.0,,,FALSE,FALSE,FALSE,FALSE,,,,,,,10640050.0,,2.0,4.0,,,4.0,,,,,,,0.0,0.0,,,,,,,,,,Charged Spell,,,,Charged Spell,31.0,,,,
Incantation,Shadow Bait,6520.0,65200.0,Shadow Bait,1.0,15.0,0.0,14.0,0.0,0.0,13.0,0.0,,0.0,0.0,0.0,0.0,0.0,,,FALSE,FALSE,FALSE,FALSE,,,,,,,,,,,,,,,,,,,,0.0,0.0,,,,,,,,,,,,,,,14.0,,,,
Incantation,Shadow Bait,6520.0,65201.0,Shadow Bait,1.0,15.0,0.0,14.0,0.0,0.0,13.0,0.0,,0.0,0.0,0.0,0.0,0.0,,,FALSE,FALSE,FALSE,FALSE,,,,,,10652001.0,10652001.0,,15.0,-1.0,,3.0,15.0,FALSE,,,,,,0.0,0.0,,,,,,,,,,,,,,,14.0,,,,
Incantation,Darkness,6530.0,65300.0,Darkness,1.0,24.0,0.0,24.0,0.0,0.0,18.0,0.0,,0.0,0.0,0.0,0.0,0.0,,,FALSE,FALSE,FALSE,FALSE,,,,,,,,,,,,,,,,,,,,0.0,0.0,,,,,,,,,,,,,,,24.0,,,,
Incantation,Darkness,6530.0,65301.0,Darkness,1.0,24.0,0.0,24.0,0.0,0.0,18.0,0.0,,0.0,0.0,0.0,0.0,0.0,,,FALSE,FALSE,FALSE,FALSE,1653001.0,,,,1653001.0,,10653001.0,,1.0,5.0,Blinds target,7.0,5.0,FALSE,,,,,,0.0,0.0,,,,,,,,,,,,,,,24.0,,,,
Incantation,Assassin's Approach,6510.0,65101.0,Assassin's Approach,1.0,15.0,0.0,13.0,0.0,0.0,10.0,0.0,,0.0,0.0,0.0,0.0,0.0,,,FALSE,FALSE,FALSE,FALSE,1651000.0,1651001.0,1651002.0,,1651000.0,,,,,,Makes caster transparent and makes footsteps silent,30.0,,TRUE,,,,,,0.0,0.0,,,,,,,,,,,,,,,13.0,,,,
Incantation,Golden Vow,6600.0,66000.0,Golden Vow,1.0,47.0,0.0,50.0,0.0,0.0,25.0,0.0,,0.0,0.0,0.0,0.0,0.0,,,FALSE,FALSE,FALSE,FALSE,1660000.0,,,,1660000.0,,10660000.0,,6.0,-1.0,1.15x damage and increases damage negation by 10% (1.075x and 5% in PvP) for caster and allies in range,80.0,6.0,TRUE,,,,,,0.0,0.0,,,,,,,,,,,,,,,50.0,,,,
Incantation,Barrier of Gold,6330.0,63300.0,Barrier of Gold,1.0,30.0,0.0,13.0,0.0,0.0,24.0,0.0,,0.0,0.0,0.0,0.0,0.0,,,FALSE,FALSE,FALSE,FALSE,1633000.0,,,,1633000.0,,10633001.0,,6.0,-1.0,Increases magic damage negation by 60% (20% in PvP) for caster and allies in range,70.0,6.0,TRUE,,,,,,0.0,0.0,,,,,,,,,,,,,,,13.0,,,,
Incantation,Golden Lightning Fortification,7903.0,79030.0,Golden Lightning Fortification,1.0,30.0,0.0,20.0,0.0,0.0,24.0,0.0,,0.0,0.0,0.0,0.0,0.0,,,FALSE,FALSE,FALSE,FALSE,1790300.0,,,,1790300.0,,10790301.0,,6.0,-1.0,Increases lightning damage negation by 60% (20% in PvP) for caster and allies in range,70.0,6.0,TRUE,,,,,,0.0,0.0,,,,,,,,,,,,,,,20.0,,,,
Incantation,Protection of the Erdtree,6340.0,63400.0,Protection of the Erdtree,1.0,30.0,0.0,50.0,0.0,0.0,35.0,0.0,,0.0,0.0,0.0,0.0,0.0,,,FALSE,FALSE,FALSE,FALSE,1634000.0,,,,1634000.0,,10634001.0,,6.0,-1.0,Increases elemental damage negation by 30% (10% in PvP) for caster and allies in range,70.0,6.0,TRUE,,,,,,0.0,0.0,,,,,,,,,,,,,,,50.0,,,,
Incantation,Wrath of Gold,6410.0,64100.0,Wrath of Gold,1.0,40.0,40.0,44.0,57.0,0.0,32.0,0.0,,0.0,0.0,0.0,0.0,350.0,,,FALSE,FALSE,FALSE,FALSE,,,,,,,10641000.0,,2.0,4.0,,,4.0,,,,,,,0.0,0.0,,,,,,,,,,,,,,,44.0,,,,
Incantation,Wrath of Gold,6410.0,64105.0,Wrath of Gold - Charged,1.0,40.0,40.0,44.0,57.0,0.0,32.0,0.0,,0.0,0.0,0.0,0.0,420.0,,,FALSE,FALSE,FALSE,FALSE,,,,,,,10641050.0,,3.0,5.0,,,5.0,,,,,,,0.0,0.0,,,,,,,,,,Charged Spell,,,,Charged Spell,57.0,,,,
Incantation,Wrath from Afar,2006690.0,210669000.0,Wrath from Afar,1.0,18.0,18.0,24.0,31.0,0.0,34.0,0.0,,0.0,0.0,0.0,0.0,100.0,,,FALSE,FALSE,FALSE,FALSE,,,,,,,210669001.0,,2.0,-1.0,,,2.0,,,,,,,0.0,0.0,,,,,,,,,,,,,,,24.0,,,,
Incantation,Wrath from Afar,2006690.0,210669050.0,Wrath from Afar,1.0,18.0,18.0,24.0,31.0,0.0,34.0,0.0,,0.0,0.0,0.0,0.0,120.0,,,FALSE,FALSE,FALSE,FALSE,,,,,,,210669051.0,,3.0,-1.0,,,3.0,,,,,,,0.0,0.0,,,,,,,,,,Charged Spell,,,,Charged Spell,24.0,,,,
Incantation,Heal from Afar,2006400.0,210640001.0,Heal from Afar - Self,1.0,45.0,0.0,40.0,0.0,0.0,18.0,0.0,,0.0,0.0,0.0,0.0,0.0,21640000.0,-420.0,FALSE,TRUE,FALSE,FALSE,21640000.0,,,,,,210640001.0,,6.0,-1.0,Heals caster for 4.2x spell buff (only uses faith scaling),,6.0,,,,,,,0.0,0.0,,,,,,,,,,,,,,,40.0,,,,
Incantation,Heal from Afar,2006400.0,210640001.0,Heal from Afar - Ally,1.0,45.0,0.0,40.0,0.0,0.0,18.0,0.0,,0.0,0.0,0.0,0.0,0.0,21640001.0,-336.0,FALSE,TRUE,FALSE,FALSE,21640001.0,,,,,,210640001.0,,6.0,-1.0,Heals friendly targets in range for 3.36x spell buff (only uses faith scaling),,6.0,,,,,,,0.0,0.0,,,,,,,,,,,,,,,40.0,,,,
Incantation,Heal from Afar,2006400.0,210640001.0,Heal from Afar - Those Who Live in Death,1.0,45.0,0.0,40.0,0.0,0.0,18.0,0.0,,0.0,0.0,0.0,0.0,0.0,,,FALSE,FALSE,FALSE,FALSE,474.0,,,,,,210640001.0,,6.0,-1.0,Damages Those Who Live in Death for ⌊MaxHP * 0.5⌋ + 300 HP,,6.0,,,,,,,0.0,0.0,,,,,,,,,,,,,,,40.0,,,,
Incantation,Erdtree Heal,6424.0,64240.0,Erdtree Heal - Self,1.0,65.0,0.0,50.0,0.0,0.0,42.0,0.0,,0.0,0.0,0.0,0.0,0.0,1642400.0,-590.0,FALSE,TRUE,FALSE,FALSE,1642400.0,,,,,,,,,,Heals caster for 5.9x spell buff (only uses faith scaling),,,,,,,,,0.0,0.0,,,,,,,,,,,,,,,50.0,,,,
Incantation,Erdtree Heal,6424.0,64241.0,Erdtree Heal - Ally,1.0,65.0,0.0,50.0,0.0,0.0,42.0,0.0,,0.0,0.0,0.0,0.0,0.0,1642401.0,-398.0,FALSE,TRUE,FALSE,FALSE,1642401.0,,,,,,10642401.0,,3.0,15.0,Heals friendly targets in range for 3.98x spell buff (only uses faith scaling),,15.0,,,,,,,0.0,0.0,,,,,,,,,,,,,,,50.0,,,,
Incantation,Erdtree Heal,6424.0,64241.0,Erdtree Heal - Those Who Live in Death,1.0,65.0,0.0,50.0,0.0,0.0,42.0,0.0,,0.0,0.0,0.0,0.0,0.0,,,FALSE,FALSE,FALSE,FALSE,474.0,,,,,,10642401.0,,3.0,15.0,Damages Those Who Live in Death for ⌊MaxHP * 0.5⌋ + 300 HP,,15.0,,,,,,,0.0,0.0,,,,,,,,,,,,,,,50.0,,,,
Incantation,Blessing's Boon,6430.0,64300.0,Blessing's Boon - Self,1.0,30.0,0.0,30.0,0.0,0.0,24.0,0.0,,0.0,0.0,0.0,0.0,0.0,1643000.0,-8.0,FALSE,FALSE,FALSE,TRUE,1643000.0,,,,1643000.0,,,,,,Heals caster for 8 HP/s,90.0,,TRUE,,,,,,0.0,0.0,,,,,,,,,,,,,,,30.0,,,,
Incantation,Blessing's Boon,6430.0,64301.0,Blessing's Boon - Ally,1.0,30.0,0.0,30.0,0.0,0.0,24.0,0.0,,0.0,0.0,0.0,0.0,0.0,1643001.0,-8.0,FALSE,FALSE,FALSE,TRUE,1643001.0,,,,1643001.0,,10643001.0,,6.0,-1.0,Heals friendly targets in range for 8 HP/s,90.0,6.0,TRUE,,,,,,0.0,0.0,,,,,,,,,,,,,,,30.0,,,,
Incantation,Blessing's Boon,6430.0,64301.0,Blessing's Boon - Those Who Live in Death,1.0,30.0,0.0,30.0,0.0,0.0,24.0,0.0,,0.0,0.0,0.0,0.0,0.0,,,FALSE,FALSE,FALSE,FALSE,475.0,,,,475.0,,10643001.0,,6.0,-1.0,Damages Those Who Live in Death for ⌊MaxHP * 0.03⌋ + 10 HP/s,30.0,6.0,FALSE,,,,,,0.0,0.0,,,,,,,,,,,,,,,30.0,,,,
Incantation,Blessing of the Erdtree,6431.0,64310.0,Blessing of the Erdtree - Self,1.0,60.0,0.0,50.0,0.0,0.0,38.0,0.0,,0.0,0.0,0.0,0.0,0.0,1643100.0,-12.0,FALSE,FALSE,FALSE,TRUE,1643100.0,,,,1643100.0,,,,,,Heals caster for 12 HP/s,90.0,,TRUE,,,,,,0.0,0.0,,,,,,,,,,,,,,,50.0,,,,
Incantation,Blessing of the Erdtree,6431.0,64311.0,Blessing of the Erdtree - Ally,1.0,60.0,0.0,50.0,0.0,0.0,38.0,0.0,,0.0,0.0,0.0,0.0,0.0,1643101.0,-12.0,FALSE,FALSE,FALSE,TRUE,1643101.0,,,,1643101.0,,10643101.0,,3.0,15.0,Heals friendly targets in range for 12 HP/s,90.0,15.0,TRUE,,,,,,0.0,0.0,,,,,,,,,,,,,,,50.0,,,,
Incantation,Blessing of the Erdtree,6431.0,64311.0,Blessing of the Erdtree - Those Who Live in Death,1.0,60.0,0.0,50.0,0.0,0.0,38.0,0.0,,0.0,0.0,0.0,0.0,0.0,,,FALSE,FALSE,FALSE,FALSE,475.0,,,,475.0,,10643101.0,,3.0,15.0,Damages Those Who Live in Death for ⌊MaxHP * 0.03⌋ + 10 HP/s,30.0,15.0,FALSE,,,,,,0.0,0.0,,,,,,,,,,,,,,,50.0,,,,
Incantation,Minor Erdtree,2006670.0,210667000.0,Minor Erdtree - Heal,2.0,30.0,0.0,30.0,0.0,0.0,70.0,0.0,,0.0,0.0,0.0,0.0,0.0,21667000.0,-9.0,FALSE,FALSE,FALSE,FALSE,21667000.0,,,,,210667001.0,210667001.0,210667001.0,0.3,3.0,Creates a small Erdtree that heals caster and nearby allies for 18 HP every 0.45 seconds while in range (effective 40 HP/s),30.0,3.0,FALSE,,,,,,0.0,0.0,,,,,,,,,,,,,,,30.0,,,,
Incantation,Minor Erdtree,2006670.0,210667000.0,Minor Erdtree - Those Who Live in Death,2.0,30.0,0.0,30.0,0.0,0.0,70.0,0.0,,0.0,0.0,0.0,0.0,0.0,,,FALSE,FALSE,FALSE,FALSE,475.0,,,,475.0,,210667001.0,,0.3,3.0,Damages Those Who Live in Death for ⌊MaxHP * 0.03⌋ + 10 HP/s,30.0,3.0,FALSE,,,,,,0.0,0.0,,,,,,,,,,,,,,,30.0,,,,
Incantation,Aspects of the Crucible: Breath,7520.0,75200.0,Aspects of the Crucible: Breath,1.0,28.0,4.0,40.0,0.0,0.0,27.0,0.0,,0.0,0.0,98.0,0.0,0.0,,,FALSE,FALSE,FALSE,FALSE,,,,,,,,,,,,,,,,,,,,28.0,0.0,Aspects of the Crucible,,Aspects of the Crucible,,,,,,,Breath Attack,,,,Breath Attack,40.0,,,,
Incantation,Aspects of the Crucible: Tail,7500.0,75000.0,Aspects of the Crucible: Tail - Charged 1st Hit/Uncharged,1.0,20.0,20.0,32.0,42.0,0.0,27.0,0.0,,202.0,0.0,0.0,0.0,0.0,,,FALSE,FALSE,FALSE,FALSE,,,,,,,,,,,,,,,,,,,,28.0,0.0,Aspects of the Crucible,,Aspects of the Crucible,,,,,,,,,,,,42.0,,,,
Incantation,Aspects of the Crucible: Tail,7500.0,75005.0,Aspects of the Crucible: Tail - Charged 2nd Hit,1.0,20.0,20.0,32.0,42.0,0.0,27.0,0.0,,274.0,0.0,0.0,0.0,0.0,,,FALSE,FALSE,FALSE,FALSE,,,,,,,,,,,,,,,,,,,,28.0,0.0,Aspects of the Crucible,,Aspects of the Crucible,,,,,,,Charged Spell,,,,Charged Spell,42.0,,,,
Incantation,Aspects of the Crucible: Horns,7510.0,75100.0,Aspects of the Crucible: Horns,1.0,18.0,18.0,38.0,49.0,0.0,27.0,0.0,,277.0,0.0,0.0,0.0,0.0,,,FALSE,FALSE,FALSE,FALSE,,,,,,,,,,,,,,,,,,,,28.0,0.0,Aspects of the Crucible,,Aspects of the Crucible,,,,,,,,,,,,38.0,,,,
Incantation,Aspects of the Crucible: Horns,7510.0,75105.0,Aspects of the Crucible: Horns - Charged,1.0,18.0,18.0,38.0,49.0,0.0,27.0,0.0,,327.0,0.0,0.0,0.0,0.0,,,FALSE,FALSE,FALSE,FALSE,,,,,,,,,,,,,,,,,,,,28.0,0.0,Aspects of the Crucible,,Aspects of the Crucible,,,,,,,Charged Spell,,,,Charged Spell,49.0,,,,
Incantation,Aspects of the Crucible: Horns,7510.0,75101.0,Aspects of the Crucible: Horns (Offhand),1.0,18.0,18.0,38.0,49.0,0.0,27.0,0.0,,277.0,0.0,0.0,0.0,0.0,,,FALSE,FALSE,FALSE,FALSE,,,,,,,,,,,,,,,,,,,,28.0,0.0,Aspects of the Crucible,,Aspects of the Crucible,,,,,,,,,,,,38.0,,,,
Incantation,Aspects of the Crucible: Horns,7510.0,75106.0,Aspects of the Crucible: Horns (Offhand) - Charged,1.0,18.0,18.0,38.0,49.0,0.0,27.0,0.0,,327.0,0.0,0.0,0.0,0.0,,,FALSE,FALSE,FALSE,FALSE,,,,,,,,,,,,,,,,,,,,28.0,0.0,Aspects of the Crucible,,Aspects of the Crucible,,,,,,,Charged Spell,,,,Charged Spell,49.0,,,,
Incantation,Aspects of the Crucible: Thorns,2006650.0,210665000.0,Aspects of the Crucible: Thorns,1.0,14.0,14.0,29.0,38.0,0.0,27.0,0.0,,45.0,0.0,0.0,0.0,0.0,,,FALSE,FALSE,FALSE,FALSE,,,,,,,,,,,,,,,,,,,,28.0,38.0,Aspects of the Crucible,38 - Godfrey Icon,Aspects of the Crucible & 38 - Godfrey Icon,,,,,,,Aspects of the Crucible,,,,Aspects of the Crucible,29.0,,,,
Incantation,Aspects of the Crucible: Thorns,2006650.0,210665001.0,Aspects of the Crucible: Thorns - Charged,1.0,14.0,14.0,29.0,38.0,0.0,27.0,0.0,,120.0,0.0,0.0,0.0,0.0,,,FALSE,FALSE,FALSE,FALSE,,,,,,,,,,,,,,,,,,,,28.0,38.0,Aspects of the Crucible,38 - Godfrey Icon,Aspects of the Crucible & 38 - Godfrey Icon,,,,,,,Aspects of the Crucible,,,,Aspects of the Crucible,38.0,,,,
Incantation,Aspects of the Crucible: Bloom,2006660.0,210666000.0,Aspects of the Crucible: Bloom,1.0,23.0,23.0,20.0,26.0,0.0,27.0,0.0,,0.0,0.0,0.0,0.0,80.0,,,FALSE,FALSE,FALSE,FALSE,,,,,,,,,,,,,,,,,,,,28.0,0.0,Aspects of the Crucible,,Aspects of the Crucible,,,,,,,Aspects of the Crucible,,,,Aspects of the Crucible,20.0,,,,
Incantation,Aspects of the Crucible: Bloom,2006660.0,210666050.0,Aspects of the Crucible: Bloom - Charged,1.0,23.0,23.0,20.0,26.0,0.0,27.0,0.0,,0.0,0.0,0.0,0.0,100.0,,,FALSE,FALSE,FALSE,FALSE,,,,,,,,,,,,,,,,,,,,28.0,0.0,Aspects of the Crucible,,Aspects of the Crucible,,,,,,,Aspects of the Crucible,Charged Spell,,,Aspects of the Crucible & Charged Spell,26.0,,,,
Incantation,Land of Shadow,2006680.0,210668000.0,Land of Shadow,1.0,40.0,0.0,48.0,0.0,0.0,58.0,0.0,,0.0,0.0,0.0,0.0,150.0,,,FALSE,FALSE,FALSE,FALSE,,,,,,,210668002.0,,2.0,3.5,,,3.5,,,,,,,0.0,0.0,,,,,,,,,,,,,,,48.0,,,,
Incantation,Land of Shadow,2006680.0,210668001.0,Land of Shadow - Orbs,1.0,40.0,0.0,48.0,0.0,0.0,58.0,0.0,,0.0,0.0,0.0,0.0,65.0,,,FALSE,FALSE,FALSE,FALSE,,,,,,,,,,,,,,,,,,,,0.0,0.0,,,,,,,,,,,,,,,48.0,,,,
Incantation,Elden Stars,6720.0,67202.0,Elden Stars,2.0,41.0,0.0,48.0,0.0,0.0,50.0,0.0,,0.0,0.0,0.0,0.0,61.0,,,FALSE,FALSE,FALSE,FALSE,,,,,,,,,,,,,,,,,,,,0.0,0.0,,,,,,,,,,,,,,,48.0,,,,
Incantation,Elden Stars,6720.0,67200.0,Elden Stars,2.0,41.0,0.0,48.0,0.0,0.0,50.0,0.0,,0.0,0.0,0.0,0.0,20.0,,,FALSE,FALSE,FALSE,FALSE,,,,,,,,,,,,,,,,,,,,0.0,0.0,,,,,,,,,,,,,,,48.0,,,,
Incantation,Elden Stars,6720.0,67201.0,Elden Stars,2.0,41.0,0.0,48.0,0.0,0.0,50.0,0.0,,0.0,0.0,0.0,0.0,199.0,,,FALSE,FALSE,FALSE,FALSE,,,,,,,10672003.0,,4.2,-1.0,,,4.2,,,,,,,0.0,0.0,,,,,,,,,,,,,,,48.0,,,,
Incantation,Black Blade,7530.0,75300.0,Black Blade,2.0,26.0,0.0,44.0,0.0,0.0,46.0,0.0,,0.0,0.0,0.0,0.0,225.0,,,FALSE,FALSE,FALSE,FALSE,,,,,,,,,,,,,,,,,,,,0.0,0.0,,,,,,,,,,,,,,,44.0,,,,
Incantation,Black Blade,7530.0,75301.0,Black Blade - Bullet,2.0,26.0,0.0,44.0,0.0,0.0,46.0,0.0,,0.0,0.0,0.0,0.0,162.0,,,FALSE,FALSE,FALSE,FALSE,,,,,,,,,,,Damages target for ⌊MaxHP * 0.001⌋ + 1 (ticks 10/s for 2 seconds; 20 total ticks); decreases target max HP by 0.9x for 15 seconds,,,,,,,,,0.0,0.0,,,,,,,,,,,,,,,44.0,,,,
Incantation,Black Blade,7530.0,75302.0,Black Blade,2.0,26.0,0.0,44.0,0.0,0.0,46.0,0.0,,0.0,0.0,0.0,0.0,232.0,,,FALSE,FALSE,FALSE,FALSE,,,,,,,,,,,,,,,,,,,,0.0,0.0,,,,,,,,,,,,,,,44.0,,,,
Incantation,Black Blade,7530.0,75303.0,Black Blade - Bullet,2.0,26.0,0.0,44.0,0.0,0.0,46.0,0.0,,0.0,0.0,0.0,0.0,169.0,,,FALSE,FALSE,FALSE,FALSE,,,,,,,,,,,Damages target for ⌊MaxHP * 0.001⌋ + 1 (ticks 10/s for 2 seconds; 20 total ticks); decreases target max HP by 0.9x for 15 seconds,,,,,,,,,0.0,0.0,,,,,,,,,,,,,,,44.0,,,,
Incantation,Black Blade,7530.0,75304.0,Black Blade,2.0,26.0,0.0,44.0,0.0,0.0,46.0,0.0,,0.0,0.0,0.0,0.0,225.0,,,FALSE,FALSE,FALSE,FALSE,,,,,,,,,,,,,,,,,,,,0.0,0.0,,,,,,,,,,,,,,,44.0,,,,
Incantation,Black Blade,7530.0,75305.0,Black Blade - Bullet,2.0,26.0,0.0,44.0,0.0,0.0,46.0,0.0,,0.0,0.0,0.0,0.0,162.0,,,FALSE,FALSE,FALSE,FALSE,,,,,,,,,,,Damages target for ⌊MaxHP * 0.001⌋ + 1 (ticks 10/s for 2 seconds; 20 total ticks); decreases target max HP by 0.9x for 15 seconds,,,,,,,,,0.0,0.0,,,,,,,,,,,,,,,44.0,,,,
Incantation,Black Blade,7530.0,75306.0,Black Blade,2.0,26.0,0.0,44.0,0.0,0.0,46.0,0.0,,0.0,0.0,0.0,0.0,232.0,,,FALSE,FALSE,FALSE,FALSE,,,,,,,,,,,,,,,,,,,,0.0,0.0,,,,,,,,,,,,,,,44.0,,,,
Incantation,Black Blade,7530.0,75307.0,Black Blade - Bullet,2.0,26.0,0.0,44.0,0.0,0.0,46.0,0.0,,0.0,0.0,0.0,0.0,169.0,,,FALSE,FALSE,FALSE,FALSE,,,,,,,,,,,Damages target for ⌊MaxHP * 0.001⌋ + 1 (ticks 10/s for 2 seconds; 20 total ticks); decreases target max HP by 0.9x for 15 seconds,,,,,,,,,0.0,0.0,,,,,,,,,,,,,,,44.0,,,,
Incantation,Discus of Light,6700.0,67000.0,Discus of Light,1.0,3.0,0.0,20.0,0.0,13.0,13.0,0.0,,0.0,0.0,0.0,0.0,150.0,,,FALSE,FALSE,FALSE,FALSE,,,,,,,,,,,,,,,,,,,,24.0,34.0,Golden Order Fundamentalist,Golden Ring of Light,Golden Order Fundamentalist & Golden Ring of Light,Golden Order Seal,Dryleaf Seal,1.1,1.15,Golden Order Seal; 1.1x,Dryleaf Seal; 1.15x,,,,,,20.0,,,,
Incantation,Discus of Light,6700.0,67001.0,Discus of Light,1.0,3.0,0.0,20.0,0.0,13.0,13.0,0.0,,0.0,0.0,0.0,0.0,150.0,,,FALSE,FALSE,FALSE,FALSE,,,,,,,,,,,,,,,,,,,,24.0,34.0,Golden Order Fundamentalist,Golden Ring of Light,Golden Order Fundamentalist & Golden Ring of Light,Golden Order Seal,Dryleaf Seal,1.1,1.15,Golden Order Seal; 1.1x,Dryleaf Seal; 1.15x,,,,,,20.0,,,,
Incantation,Discus of Light,6700.0,67002.0,Discus of Light,1.0,3.0,0.0,20.0,0.0,13.0,13.0,0.0,,0.0,0.0,0.0,0.0,150.0,,,FALSE,FALSE,FALSE,FALSE,,,,,,,,,,,,,,,,,,,,24.0,34.0,Golden Order Fundamentalist,Golden Ring of Light,Golden Order Fundamentalist & Golden Ring of Light,Golden Order Seal,Dryleaf Seal,1.1,1.15,Golden Order Seal; 1.1x,Dryleaf Seal; 1.15x,,,,,,20.0,,,,
Incantation,Discus of Light,6700.0,67003.0,Discus of Light,1.0,3.0,0.0,20.0,0.0,13.0,13.0,0.0,,0.0,0.0,0.0,0.0,150.0,,,FALSE,FALSE,FALSE,FALSE,,,,,,,,,,,,,,,,,,,,24.0,34.0,Golden Order Fundamentalist,Golden Ring of Light,Golden Order Fundamentalist & Golden Ring of Light,Golden Order Seal,Dryleaf Seal,1.1,1.15,Golden Order Seal; 1.1x,Dryleaf Seal; 1.15x,,,,,,20.0,,,,
Incantation,Triple Rings of Light,6701.0,67010.0,Triple Rings of Light,1.0,23.0,0.0,28.0,0.0,23.0,23.0,0.0,,0.0,0.0,0.0,0.0,155.0,,,FALSE,FALSE,FALSE,FALSE,,,,,,,,,,,,,,,,,,,,24.0,34.0,Golden Order Fundamentalist,Golden Ring of Light,Golden Order Fundamentalist & Golden Ring of Light,Golden Order Seal,Dryleaf Seal,1.1,1.15,Golden Order Seal; 1.1x,Dryleaf Seal; 1.15x,,,,,,28.0,,,,
Incantation,Triple Rings of Light,6701.0,67011.0,Triple Rings of Light,1.0,23.0,0.0,28.0,0.0,23.0,23.0,0.0,,0.0,0.0,0.0,0.0,155.0,,,FALSE,FALSE,FALSE,FALSE,,,,,,,,,,,,,,,,,,,,24.0,34.0,Golden Order Fundamentalist,Golden Ring of Light,Golden Order Fundamentalist & Golden Ring of Light,Golden Order Seal,Dryleaf Seal,1.1,1.15,Golden Order Seal; 1.1x,Dryleaf Seal; 1.15x,,,,,,28.0,,,,
Incantation,Triple Rings of Light,6701.0,67012.0,Triple Rings of Light,1.0,23.0,0.0,28.0,0.0,23.0,23.0,0.0,,0.0,0.0,0.0,0.0,155.0,,,FALSE,FALSE,FALSE,FALSE,,,,,,,,,,,,,,,,,,,,24.0,34.0,Golden Order Fundamentalist,Golden Ring of Light,Golden Order Fundamentalist & Golden Ring of Light,Golden Order Seal,Dryleaf Seal,1.1,1.15,Golden Order Seal; 1.1x,Dryleaf Seal; 1.15x,,,,,,28.0,,,,
Incantation,Triple Rings of Light,6701.0,67013.0,Triple Rings of Light,1.0,23.0,0.0,28.0,0.0,23.0,23.0,0.0,,0.0,0.0,0.0,0.0,155.0,,,FALSE,FALSE,FALSE,FALSE,,,,,,,,,,,,,,,,,,,,24.0,34.0,Golden Order Fundamentalist,Golden Ring of Light,Golden Order Fundamentalist & Golden Ring of Light,Golden Order Seal,Dryleaf Seal,1.1,1.15,Golden Order Seal; 1.1x,Dryleaf Seal; 1.15x,,,,,,28.0,,,,
Incantation,Triple Rings of Light,6701.0,67014.0,Triple Rings of Light,1.0,23.0,0.0,28.0,0.0,23.0,23.0,0.0,,0.0,0.0,0.0,0.0,155.0,,,FALSE,FALSE,FALSE,FALSE,,,,,,,,,,,,,,,,,,,,24.0,34.0,Golden Order Fundamentalist,Golden Ring of Light,Golden Order Fundamentalist & Golden Ring of Light,Golden Order Seal,Dryleaf Seal,1.1,1.15,Golden Order Seal; 1.1x,Dryleaf Seal; 1.15x,,,,,,28.0,,,,
Incantation,Radagon's Rings of Light,6710.0,67100.0,Radagon's Rings of Light,1.0,21.0,21.0,37.0,48.0,31.0,31.0,0.0,,0.0,0.0,0.0,0.0,310.0,,,FALSE,FALSE,FALSE,FALSE,,,,,,,,,,,,,,,,,,,,24.0,34.0,Golden Order Fundamentalist,Golden Ring of Light,Golden Order Fundamentalist & Golden Ring of Light,Golden Order Seal,Dryleaf Seal,1.1,1.15,Golden Order Seal; 1.1x,Dryleaf Seal; 1.15x,,,,,,37.0,,,,
Incantation,Radagon's Rings of Light,6710.0,67105.0,Radagon's Rings of Light - Charged,1.0,21.0,21.0,37.0,48.0,31.0,31.0,0.0,,0.0,0.0,0.0,0.0,395.0,,,FALSE,FALSE,FALSE,FALSE,,,,,,,,,,,,,,,,,,,,24.0,34.0,Golden Order Fundamentalist,Golden Ring of Light,Golden Order Fundamentalist & Golden Ring of Light,Golden Order Seal,Dryleaf Seal,1.1,1.15,Golden Order Seal; 1.1x,Dryleaf Seal; 1.15x,Charged Spell,,,,Charged Spell,48.0,,,,
Incantation,Multilayered Ring of Light,2006710.0,210671000.0,Multilayered Ring of Light,1.0,23.0,23.0,28.0,36.0,0.0,36.0,0.0,,0.0,0.0,0.0,0.0,200.0,,,FALSE,FALSE,FALSE,FALSE,,,,,,,,,,,,,,,,,,,,34.0,0.0,Golden Ring of Light,,Golden Ring of Light,Dryleaf Seal,,1.15,,Dryleaf Seal; 1.15x,,Golden Ring of Light,,,,Golden Ring of Light,28.0,,,,
Incantation,Multilayered Ring of Light,2006710.0,210671001.0,Multilayered Ring of Light,1.0,23.0,23.0,28.0,36.0,0.0,36.0,0.0,,0.0,0.0,0.0,0.0,40.0,,,FALSE,FALSE,FALSE,FALSE,,,,,,,,,,,,,,,,,,,,34.0,0.0,Golden Ring of Light,,Golden Ring of Light,Dryleaf Seal,,1.15,,Dryleaf Seal; 1.15x,,Golden Ring of Light,,,,Golden Ring of Light,28.0,,,,
Incantation,Multilayered Ring of Light,2006710.0,210671050.0,Multilayered Ring of Light - Charged,1.0,23.0,23.0,28.0,36.0,0.0,36.0,0.0,,0.0,0.0,0.0,0.0,250.0,,,FALSE,FALSE,FALSE,FALSE,,,,,,,,,,,,,,,,,,,,34.0,0.0,Golden Ring of Light,,Golden Ring of Light,Dryleaf Seal,,1.15,,Dryleaf Seal; 1.15x,,Golden Ring of Light,Charged Spell,,,Golden Ring of Light & Charged Spell,36.0,,,,
Incantation,Multilayered Ring of Light,2006710.0,210671051.0,Multilayered Ring of Light - Charged,1.0,23.0,23.0,28.0,36.0,0.0,36.0,0.0,,0.0,0.0,0.0,0.0,45.0,,,FALSE,FALSE,FALSE,FALSE,,,,,,,,,,,,,,,,,,,,34.0,0.0,Golden Ring of Light,,Golden Ring of Light,Dryleaf Seal,,1.15,,Dryleaf Seal; 1.15x,,Golden Ring of Light,Charged Spell,,,Golden Ring of Light & Charged Spell,36.0,,,,
Incantation,Litany of Proper Death,6750.0,67500.0,Litany of Proper Death,1.0,17.0,0.0,28.0,0.0,17.0,17.0,0.0,,0.0,0.0,0.0,0.0,56.0,,,FALSE,FALSE,FALSE,FALSE,,,,,,,,,,,10x damage to Those Who Live in Death,,,,,,,,,24.0,0.0,Golden Order Fundamentalist,,Golden Order Fundamentalist,Golden Order Seal,,1.1,,Golden Order Seal; 1.1x,,,,,,,28.0,,,,
Incantation,Order Healing,6780.0,67800.0,Order Healing,1.0,15.0,0.0,10.0,0.0,11.0,11.0,0.0,,0.0,0.0,0.0,0.0,0.0,,,FALSE,FALSE,FALSE,FALSE,,,,,,,,,,,Removes death buildup,,,,,,,,,24.0,0.0,Golden Order Fundamentalist,,Golden Order Fundamentalist,Golden Order Seal,,1.1,,Golden Order Seal; 1.1x,,,,,,,10.0,,,,
Incantation,Order's Blade,6770.0,,Order's Blade,1.0,22.0,0.0,10.0,0.0,13.0,13.0,0.0,1677000.0,0.0,0.0,0.0,0.0,75.0,,,FALSE,TRUE,FALSE,TRUE,,,,,1677000.0,,,,,,Adds holy AR to weapon (0.75 * Spell Buff; only uses faith scaling) and does 2x damage to Those Who Live in Death,90.0,,TRUE,,,,,,24.0,0.0,Golden Order Fundamentalist,,Golden Order Fundamentalist,Golden Order Seal,,1.1,,Golden Order Seal; 1.1x,,,,,,,10.0,,,,
Incantation,Immutable Shield,6740.0,,Immutable Shield,1.0,15.0,0.0,10.0,0.0,19.0,19.0,0.0,,0.0,0.0,0.0,0.0,0.0,,,FALSE,FALSE,FALSE,FALSE,,,,,1674000.0,,,,,,Shield blocks 100% of elemental damage and status build-up,30.0,,TRUE,,,,,,24.0,0.0,Golden Order Fundamentalist,,Golden Order Fundamentalist,Golden Order Seal,,1.1,,Golden Order Seal; 1.1x,,,,,,,10.0,,,,
Incantation,Law of Causality,6760.0,67600.0,Law of Causality,1.0,22.0,0.0,20.0,0.0,29.0,0.0,0.0,,0.0,0.0,0.0,0.0,487.0,,,FALSE,FALSE,TRUE,FALSE,,,,,,,10676001.0,,4.0,-1.0,Does not scale,,4.0,,,,,,,24.0,0.0,Golden Order Fundamentalist,,Golden Order Fundamentalist,Golden Order Seal,,1.1,,Golden Order Seal; 1.1x,,,,,,,20.0,,,,
Incantation,Law of Causality,6760.0,67601.0,Law of Causality,1.0,22.0,0.0,20.0,0.0,29.0,0.0,0.0,,0.0,0.0,0.0,0.0,0.0,,,FALSE,FALSE,FALSE,FALSE,,,,,1676000.0,,,,,,Causes the above attack to trigger after 5 hits - hit count resets after 7 seconds,120.0,,TRUE,,,,,,24.0,0.0,Golden Order Fundamentalist,,Golden Order Fundamentalist,Golden Order Seal,,1.1,,Golden Order Seal; 1.1x,,,,,,,20.0,,,,
Incantation,Law of Regression,6730.0,67300.0,Law of Regression,1.0,55.0,0.0,50.0,0.0,37.0,0.0,0.0,,0.0,0.0,0.0,0.0,0.0,,,FALSE,FALSE,FALSE,FALSE,,,,,,,10673000.0,,1.0,-1.0,,,1.0,,,,,,,24.0,0.0,Golden Order Fundamentalist,,Golden Order Fundamentalist,Golden Order Seal,,1.1,,Golden Order Seal; 1.1x,,,,,,,50.0,,,,
Incantation,Law of Regression,6730.0,67300.0,Law of Regression,1.0,55.0,0.0,50.0,0.0,37.0,0.0,0.0,,0.0,0.0,0.0,0.0,0.0,,,FALSE,FALSE,FALSE,FALSE,,,,,,,10673001.0,,1.0,-1.0,,,1.0,,,,,,,24.0,0.0,Golden Order Fundamentalist,,Golden Order Fundamentalist,Golden Order Seal,,1.1,,Golden Order Seal; 1.1x,,,,,,,50.0,,,,
Incantation,Law of Regression,6730.0,67300.0,Law of Regression,1.0,55.0,0.0,50.0,0.0,37.0,0.0,0.0,,0.0,0.0,0.0,0.0,0.0,,,FALSE,FALSE,FALSE,FALSE,,,,,,,10673002.0,,1.0,-1.0,,,1.0,,,,,,,24.0,0.0,Golden Order Fundamentalist,,Golden Order Fundamentalist,Golden Order Seal,,1.1,,Golden Order Seal; 1.1x,,,,,,,50.0,,,,
Incantation,Law of Regression,6730.0,67301.0,Law of Regression,1.0,55.0,0.0,50.0,0.0,37.0,0.0,0.0,,0.0,0.0,0.0,0.0,0.0,,,FALSE,FALSE,FALSE,FALSE,,,,,,,10673010.0,,15.0,-1.0,,,15.0,,,,,,,24.0,0.0,Golden Order Fundamentalist,,Golden Order Fundamentalist,Golden Order Seal,,1.1,,Golden Order Seal; 1.1x,,,,,,,50.0,,,,
Incantation,Law of Regression,6730.0,67301.0,Law of Regression,1.0,55.0,0.0,50.0,0.0,37.0,0.0,0.0,,0.0,0.0,0.0,0.0,0.0,,,FALSE,FALSE,FALSE,FALSE,,,,,,,10673011.0,,15.0,-1.0,,,15.0,,,,,,,24.0,0.0,Golden Order Fundamentalist,,Golden Order Fundamentalist,Golden Order Seal,,1.1,,Golden Order Seal; 1.1x,,,,,,,50.0,,,,
Incantation,Law of Regression,6730.0,67301.0,Law of Regression,1.0,55.0,0.0,50.0,0.0,37.0,0.0,0.0,,0.0,0.0,0.0,0.0,0.0,,,FALSE,FALSE,FALSE,FALSE,,,,,,,10673012.0,,15.0,-1.0,,,15.0,,,,,,,24.0,0.0,Golden Order Fundamentalist,,Golden Order Fundamentalist,Golden Order Seal,,1.1,,Golden Order Seal; 1.1x,,,,,,,50.0,,,,
Incantation,Law of Regression,6730.0,67301.0,Law of Regression,1.0,55.0,0.0,50.0,0.0,37.0,0.0,0.0,,0.0,0.0,0.0,0.0,0.0,,,FALSE,FALSE,FALSE,FALSE,,,,,,,10673013.0,,15.0,-1.0,,,15.0,,,,,,,24.0,0.0,Golden Order Fundamentalist,,Golden Order Fundamentalist,Golden Order Seal,,1.1,,Golden Order Seal; 1.1x,,,,,,,50.0,,,,
Incantation,Light of Miquella,2006700.0,210670000.0,Light of Miquella - Main Beam,2.0,48.0,0.0,60.0,0.0,0.0,72.0,0.0,,0.0,0.0,0.0,0.0,375.0,,,FALSE,FALSE,FALSE,FALSE,,,,,,,210670003.0,,6.0,-1.0,,,6.0,,,,,,,37.0,0.0,Miquella's Light,,Miquella's Light,,,,,,,,,,,,60.0,,,,
Incantation,Light of Miquella,2006700.0,210670001.0,Light of Miquella - Small Beams,2.0,48.0,0.0,60.0,0.0,0.0,72.0,0.0,,0.0,0.0,0.0,0.0,70.0,,,FALSE,FALSE,FALSE,FALSE,,,,,,,210670008.0,,1.0,-1.0,,,1.0,,,,,,,37.0,0.0,Miquella's Light,,Miquella's Light,,,,,,,,,,,,60.0,,,,
Incantation,Lightning Spear,6900.0,69000.0,Lightning Spear,1.0,18.0,18.0,28.0,36.0,0.0,17.0,0.0,,0.0,0.0,0.0,234.0,0.0,,,FALSE,FALSE,FALSE,FALSE,,,,,,,,,,,,,,,,,,,,22.0,0.0,Dragon Cult,,Dragon Cult,Gravel Stone Seal,,1.15,,Gravel Stone Seal; 1.15x,,,,,,,28.0,,,,
Incantation,Lightning Spear,6900.0,69001.0,Lightning Spear (Water AoE),1.0,18.0,18.0,28.0,36.0,0.0,17.0,0.0,,0.0,0.0,0.0,50.0,0.0,,,FALSE,FALSE,FALSE,FALSE,,,,,,,,,,,,,,,,,,,,22.0,0.0,Dragon Cult,,Dragon Cult,Gravel Stone Seal,,1.15,,Gravel Stone Seal; 1.15x,,,,,,,28.0,,,,
Incantation,Lightning Spear,6900.0,69005.0,Lightning Spear - Charged,1.0,18.0,18.0,28.0,36.0,0.0,17.0,0.0,,0.0,0.0,0.0,293.0,0.0,,,FALSE,FALSE,FALSE,FALSE,,,,,,,,,,,,,,,,,,,,22.0,0.0,Dragon Cult,,Dragon Cult,Gravel Stone Seal,,1.15,,Gravel Stone Seal; 1.15x,,Charged Spell,,,,Charged Spell,36.0,,,,
Incantation,Lightning Spear,6900.0,69006.0,Lightning Spear - Charged (Water AoE),1.0,18.0,18.0,28.0,36.0,0.0,17.0,0.0,,0.0,0.0,0.0,50.0,0.0,,,FALSE,FALSE,FALSE,FALSE,,,,,,,,,,,,,,,,,,,,22.0,0.0,Dragon Cult,,Dragon Cult,Gravel Stone Seal,,1.15,,Gravel Stone Seal; 1.15x,,Charged Spell,,,,Charged Spell,36.0,,,,
Incantation,Knight's Lightning Spear,2006900.0,210690000.0,Knight's Lightning Spear,1.0,29.0,29.0,31.0,40.0,0.0,36.0,0.0,,0.0,0.0,0.0,138.0,0.0,,,FALSE,FALSE,FALSE,FALSE,,,,,,,,,,,,,,,,,,,,22.0,0.0,Dragon Cult,,Dragon Cult,Gravel Stone Seal,,1.15,,Gravel Stone Seal; 1.15x,,Dragon Cult,,,,Dragon Cult,31.0,,,,
Incantation,Knight's Lightning Spear,2006900.0,210690002.0,Knight's Lightning Spear (Above Head - Hits 2x),1.0,29.0,29.0,31.0,40.0,0.0,36.0,0.0,,0.0,0.0,0.0,138.0,0.0,,,FALSE,FALSE,FALSE,FALSE,,,,,,,,,,,,,,,,,,,,22.0,0.0,Dragon Cult,,Dragon Cult,Gravel Stone Seal,,1.15,,Gravel Stone Seal; 1.15x,,Dragon Cult,,,,Dragon Cult,31.0,,,,
Incantation,Knight's Lightning Spear,2006900.0,210690001.0,Knight's Lightning Spear (Water AoE),1.0,29.0,29.0,31.0,40.0,0.0,36.0,0.0,,0.0,0.0,0.0,50.0,0.0,,,FALSE,FALSE,FALSE,FALSE,,,,,,,,,,,,,,,,,,,,22.0,0.0,Dragon Cult,,Dragon Cult,Gravel Stone Seal,,1.15,,Gravel Stone Seal; 1.15x,,Dragon Cult,,,,Dragon Cult,31.0,,,,
Incantation,Knight's Lightning Spear,2006900.0,210690050.0,Knight's Lightning Spear - Charged,1.0,29.0,29.0,31.0,40.0,0.0,36.0,0.0,,0.0,0.0,0.0,164.0,0.0,,,FALSE,FALSE,FALSE,FALSE,,,,,,,,,,,,,,,,,,,,22.0,0.0,Dragon Cult,,Dragon Cult,Gravel Stone Seal,,1.15,,Gravel Stone Seal; 1.15x,,Dragon Cult,Charged Spell,,,Dragon Cult & Charged Spell,40.0,,,,
Incantation,Knight's Lightning Spear,2006900.0,210690052.0,Knight's Lightning Spear - Charged (Above Head - Hits 2x),1.0,29.0,29.0,31.0,40.0,0.0,36.0,0.0,,0.0,0.0,0.0,164.0,0.0,,,FALSE,FALSE,FALSE,FALSE,,,,,,,,,,,,,,,,,,,,22.0,0.0,Dragon Cult,,Dragon Cult,Gravel Stone Seal,,1.15,,Gravel Stone Seal; 1.15x,,Dragon Cult,Charged Spell,,,Dragon Cult & Charged Spell,40.0,,,,
Incantation,Knight's Lightning Spear,2006900.0,210690051.0,Knight's Lightning Spear - Charged (Water AoE),1.0,29.0,29.0,31.0,40.0,0.0,36.0,0.0,,0.0,0.0,0.0,50.0,0.0,,,FALSE,FALSE,FALSE,FALSE,,,,,,,,,,,,,,,,,,,,22.0,0.0,Dragon Cult,,Dragon Cult,Gravel Stone Seal,,1.15,,Gravel Stone Seal; 1.15x,,Dragon Cult,Charged Spell,,,Dragon Cult & Charged Spell,40.0,,,,
Incantation,Lightning Strike,6920.0,69200.0,Lightning Strike,1.0,19.0,0.0,32.0,0.0,0.0,28.0,0.0,,0.0,0.0,0.0,246.0,0.0,,,FALSE,FALSE,FALSE,FALSE,,,,,,,,,,,,,,,,,,,,22.0,0.0,Dragon Cult,,Dragon Cult,Gravel Stone Seal,,1.15,,Gravel Stone Seal; 1.15x,,,,,,,32.0,,,,
Incantation,Lightning Strike,6920.0,69201.0,Lightning Strike (Water AoE),1.0,19.0,0.0,32.0,0.0,0.0,28.0,0.0,,0.0,0.0,0.0,50.0,0.0,,,FALSE,FALSE,FALSE,FALSE,,,,,,,,,,,,,,,,,,,,22.0,0.0,Dragon Cult,,Dragon Cult,Gravel Stone Seal,,1.15,,Gravel Stone Seal; 1.15x,,,,,,,32.0,,,,
Incantation,Honed Bolt,6930.0,69300.0,Honed Bolt,1.0,12.0,0.0,29.0,0.0,0.0,24.0,0.0,,0.0,0.0,0.0,205.0,0.0,,,FALSE,FALSE,FALSE,FALSE,,,,,,,,,,,,,,,,,,,,22.0,0.0,Dragon Cult,,Dragon Cult,Gravel Stone Seal,,1.15,,Gravel Stone Seal; 1.15x,,,,,,,29.0,,,,
Incantation,Honed Bolt,6930.0,69301.0,Honed Bolt (Water AoE),1.0,12.0,0.0,29.0,0.0,0.0,24.0,0.0,,0.0,0.0,0.0,50.0,0.0,,,FALSE,FALSE,FALSE,FALSE,,,,,,,,,,,,,,,,,,,,22.0,0.0,Dragon Cult,,Dragon Cult,Gravel Stone Seal,,1.15,,Gravel Stone Seal; 1.15x,,,,,,,29.0,,,,
Incantation,Ancient Dragons' Lightning Spear,6940.0,69400.0,Ancient Dragons' Lightning Spear,1.0,25.0,0.0,29.0,0.0,0.0,32.0,0.0,,0.0,0.0,0.0,360.0,0.0,,,FALSE,FALSE,FALSE,FALSE,,,,,,,10694000.0,,0.2,-1.0,,,0.2,,,,,,,22.0,0.0,Dragon Cult,,Dragon Cult,Gravel Stone Seal,,1.15,,Gravel Stone Seal; 1.15x,,,,,,,29.0,,,,
Incantation,Ancient Dragons' Lightning Spear,6940.0,69402.0,Ancient Dragons' Lightning Spear,1.0,25.0,0.0,29.0,0.0,0.0,32.0,0.0,,0.0,0.0,0.0,285.0,0.0,,,FALSE,FALSE,FALSE,FALSE,,,,,,,10694001.0,,3.0,3.0,,,3.0,,,,,,,22.0,0.0,Dragon Cult,,Dragon Cult,Gravel Stone Seal,,1.15,,Gravel Stone Seal; 1.15x,,,,,,,29.0,,,,
Incantation,Ancient Dragons' Lightning Spear,6940.0,69401.0,Ancient Dragons' Lightning Spear,1.0,25.0,0.0,29.0,0.0,0.0,32.0,0.0,,0.0,0.0,0.0,122.0,0.0,,,FALSE,FALSE,FALSE,FALSE,,,,,,,10694003.0,,2.0,-1.0,,,2.0,,,,,,,22.0,0.0,Dragon Cult,,Dragon Cult,Gravel Stone Seal,,1.15,,Gravel Stone Seal; 1.15x,,,,,,,29.0,,,,
Incantation,Ancient Dragons' Lightning Strike,6910.0,69100.0,Ancient Dragons' Lightning Strike,1.0,36.0,36.0,31.0,40.0,0.0,26.0,0.0,,0.0,0.0,0.0,317.0,0.0,,,FALSE,FALSE,FALSE,FALSE,,,,,,,,,,,,,,,,,,,,22.0,0.0,Dragon Cult,,Dragon Cult,Gravel Stone Seal,,1.15,,Gravel Stone Seal; 1.15x,,,,,,,31.0,,,,
Incantation,Ancient Dragons' Lightning Strike,6910.0,69101.0,Ancient Dragons' Lightning Strike (Water AoE),1.0,36.0,36.0,31.0,40.0,0.0,26.0,0.0,,0.0,0.0,0.0,50.0,0.0,,,FALSE,FALSE,FALSE,FALSE,,,,,,,,,,,,,,,,,,,,22.0,0.0,Dragon Cult,,Dragon Cult,Gravel Stone Seal,,1.15,,Gravel Stone Seal; 1.15x,,,,,,,31.0,,,,
Incantation,Ancient Dragons' Lightning Strike,6910.0,69105.0,Ancient Dragons' Lightning Strike - Charged,1.0,36.0,36.0,31.0,40.0,0.0,26.0,0.0,,0.0,0.0,0.0,379.0,0.0,,,FALSE,FALSE,FALSE,FALSE,,,,,,,,,,,,,,,,,,,,22.0,0.0,Dragon Cult,,Dragon Cult,Gravel Stone Seal,,1.15,,Gravel Stone Seal; 1.15x,,Charged Spell,,,,Charged Spell,40.0,,,,
Incantation,Ancient Dragons' Lightning Strike,6910.0,69106.0,Ancient Dragons' Lightning Strike - Charged (Water AoE),1.0,36.0,36.0,31.0,40.0,0.0,26.0,0.0,,0.0,0.0,0.0,50.0,0.0,,,FALSE,FALSE,FALSE,FALSE,,,,,,,,,,,,,,,,,,,,22.0,0.0,Dragon Cult,,Dragon Cult,Gravel Stone Seal,,1.15,,Gravel Stone Seal; 1.15x,,Charged Spell,,,,Charged Spell,40.0,,,,
Incantation,Lansseax's Glaive,6950.0,69500.0,Lansseax's Glaive,1.0,22.0,0.0,45.0,0.0,0.0,40.0,0.0,,0.0,0.0,0.0,325.0,0.0,,,FALSE,FALSE,FALSE,FALSE,,,,,,,,,,,,,,,,,,,,22.0,0.0,Dragon Cult,,Dragon Cult,Gravel Stone Seal,,1.15,,Gravel Stone Seal; 1.15x,,,,,,,45.0,,,,
Incantation,Lansseax's Glaive,6950.0,69501.0,Lansseax's Glaive (Offhand),1.0,22.0,0.0,45.0,0.0,0.0,40.0,0.0,,0.0,0.0,0.0,325.0,0.0,,,FALSE,FALSE,FALSE,FALSE,,,,,,,,,,,,,,,,,,,,22.0,0.0,Dragon Cult,,Dragon Cult,Gravel Stone Seal,,1.15,,Gravel Stone Seal; 1.15x,,,,,,,45.0,,,,
Incantation,Lansseax's Glaive,6950.0,69502.0,Lansseax's Glaive - Bullet,1.0,22.0,0.0,45.0,0.0,0.0,40.0,0.0,,0.0,0.0,0.0,167.0,0.0,,,FALSE,FALSE,FALSE,FALSE,,,,,,,10695001.0,,2.0,-1.0,,,2.0,,,,,,,22.0,0.0,Dragon Cult,,Dragon Cult,Gravel Stone Seal,,1.15,,Gravel Stone Seal; 1.15x,,,,,,,45.0,,,,
Incantation,Fortissax's Lightning Spear,6941.0,69410.0,Fortissax's Lightning Spear 1,1.0,35.0,0.0,42.0,0.0,0.0,46.0,0.0,,0.0,0.0,0.0,367.0,0.0,,,FALSE,FALSE,FALSE,FALSE,,,,,,,10694100.0,,0.2,-1.0,,,0.2,,,,,,,22.0,0.0,Dragon Cult,,Dragon Cult,Gravel Stone Seal,,1.15,,Gravel Stone Seal; 1.15x,,,,,,,42.0,,,,
Incantation,Fortissax's Lightning Spear,6941.0,69412.0,Fortissax's Lightning Spear 1,1.0,35.0,0.0,42.0,0.0,0.0,46.0,0.0,,0.0,0.0,0.0,288.0,0.0,,,FALSE,FALSE,FALSE,FALSE,,,,,,,10694101.0,,3.0,3.0,,,3.0,,,,,,,22.0,0.0,Dragon Cult,,Dragon Cult,Gravel Stone Seal,,1.15,,Gravel Stone Seal; 1.15x,,,,,,,42.0,,,,
Incantation,Fortissax's Lightning Spear,6941.0,69411.0,Fortissax's Lightning Spear 1,1.0,35.0,0.0,42.0,0.0,0.0,46.0,0.0,,0.0,0.0,0.0,122.0,0.0,,,FALSE,FALSE,FALSE,FALSE,,,,,,,10694103.0,,2.0,-1.0,,,2.0,,,,,,,22.0,0.0,Dragon Cult,,Dragon Cult,Gravel Stone Seal,,1.15,,Gravel Stone Seal; 1.15x,,,,,,,42.0,,,,
Incantation,Fortissax's Lightning Spear,6941.0,69415.0,Fortissax's Lightning Spear 2,1.0,35.0,0.0,42.0,0.0,0.0,46.0,0.0,,0.0,0.0,0.0,374.0,0.0,,,FALSE,FALSE,FALSE,FALSE,,,,,,,10694150.0,,0.2,-1.0,,,0.2,,,,,,,22.0,0.0,Dragon Cult,,Dragon Cult,Gravel Stone Seal,,1.15,,Gravel Stone Seal; 1.15x,,,,,,,42.0,,,,
Incantation,Fortissax's Lightning Spear,6941.0,69417.0,Fortissax's Lightning Spear 2,1.0,35.0,0.0,42.0,0.0,0.0,46.0,0.0,,0.0,0.0,0.0,292.0,0.0,,,FALSE,FALSE,FALSE,FALSE,,,,,,,10694151.0,,3.0,3.0,,,3.0,,,,,,,22.0,0.0,Dragon Cult,,Dragon Cult,Gravel Stone Seal,,1.15,,Gravel Stone Seal; 1.15x,,,,,,,42.0,,,,
Incantation,Fortissax's Lightning Spear,6941.0,69416.0,Fortissax's Lightning Spear 2,1.0,35.0,0.0,42.0,0.0,0.0,46.0,0.0,,0.0,0.0,0.0,123.0,0.0,,,FALSE,FALSE,FALSE,FALSE,,,,,,,10694153.0,,2.0,-1.0,,,2.0,,,,,,,22.0,0.0,Dragon Cult,,Dragon Cult,Gravel Stone Seal,,1.15,,Gravel Stone Seal; 1.15x,,,,,,,42.0,,,,
Incantation,Frozen Lightning Spear,6921.0,69210.0,Frozen Lightning Spear,1.0,29.0,0.0,39.0,0.0,0.0,34.0,0.0,,0.0,0.0,0.0,240.0,0.0,,,FALSE,FALSE,FALSE,FALSE,,,,,,,,,,,,,,,1692100.0,,FALSE,,Target loses ⌊MaxHP * 0.1⌋ + 30 HP on proc; target damage negation decreased by -20% for 30 seconds,22.0,0.0,Dragon Cult,,Dragon Cult,Gravel Stone Seal,,1.15,,Gravel Stone Seal; 1.15x,,,,,,,39.0,Frost,120.0,120.0,
Incantation,Frozen Lightning Spear,6921.0,69211.0,Frozen Lightning Spear,1.0,29.0,0.0,39.0,0.0,0.0,34.0,0.0,,0.0,0.0,0.0,307.0,0.0,,,FALSE,FALSE,FALSE,FALSE,,,,,,,,,,,,,,,1692100.0,,FALSE,,Target loses ⌊MaxHP * 0.1⌋ + 30 HP on proc; target damage negation decreased by -20% for 30 seconds,22.0,0.0,Dragon Cult,,Dragon Cult,Gravel Stone Seal,,1.15,,Gravel Stone Seal; 1.15x,,,,,,,39.0,Frost,120.0,120.0,
Incantation,Death Lightning,5040.0,50400.0,Death Lightning,2.0,28.0,28.0,32.0,42.0,0.0,47.0,0.0,,0.0,0.0,0.0,513.0,0.0,,,FALSE,FALSE,FALSE,FALSE,,,,,,,,,,,,,,,1504000.0,,FALSE,,Target dies on proc; only works on player-model entities,22.0,0.0,Dragon Cult,,Dragon Cult,Gravel Stone Seal,,1.15,,Gravel Stone Seal; 1.15x,,,,,,,32.0,Death,50.0,50.0,
Incantation,Death Lightning,5040.0,50401.0,Death Lightning,2.0,28.0,28.0,32.0,42.0,0.0,47.0,0.0,,0.0,0.0,0.0,0.0,0.0,,,FALSE,FALSE,FALSE,FALSE,,,,,,,,,,,Creates a cloud that applies death to targets within range; the 30 death ticks 5/s for 3 seconds (15 total ticks),,,,1504001.0,,FALSE,,Target dies on proc; only works on player-model entities,22.0,0.0,Dragon Cult,,Dragon Cult,Gravel Stone Seal,,1.15,,Gravel Stone Seal; 1.15x,,,,,,,32.0,Death,30.0,30.0,
Incantation,Death Lightning,5040.0,50405.0,Death Lightning - Charged,2.0,28.0,28.0,32.0,42.0,0.0,47.0,0.0,,0.0,0.0,0.0,564.0,0.0,,,FALSE,FALSE,FALSE,FALSE,,,,,,,,,,,,,,,1504000.0,,FALSE,,Target dies on proc; only works on player-model entities,22.0,0.0,Dragon Cult,,Dragon Cult,Gravel Stone Seal,,1.15,,Gravel Stone Seal; 1.15x,,Charged Spell,,,,Charged Spell,42.0,Death,50.0,50.0,
Incantation,Death Lightning,5040.0,50406.0,Death Lightning - Charged,2.0,28.0,28.0,32.0,42.0,0.0,47.0,0.0,,0.0,0.0,0.0,0.0,0.0,,,FALSE,FALSE,FALSE,FALSE,,,,,,,,,,,Creates a cloud that applies death to targets within range; the 30 death ticks 5/s for 3 seconds (15 total ticks),,,,1504001.0,,FALSE,,Target dies on proc; only works on player-model entities,22.0,0.0,Dragon Cult,,Dragon Cult,Gravel Stone Seal,,1.15,,Gravel Stone Seal; 1.15x,,Charged Spell,,,,Charged Spell,42.0,Death,30.0,30.0,
Incantation,Electrify Armament,6960.0,,Electrify Armament,1.0,27.0,0.0,10.0,0.0,0.0,15.0,0.0,1696000.0,0.0,0.0,0.0,75.0,0.0,,,FALSE,TRUE,FALSE,TRUE,,,,,1696000.0,,,,,,Adds lightning AR to weapon (0.75 * Spell Buff; only uses faith scaling),90.0,,TRUE,,,,,,22.0,0.0,Dragon Cult,,Dragon Cult,Gravel Stone Seal,,1.15,,Gravel Stone Seal; 1.15x,,,,,,,10.0,,,,
Incantation,Electrocharge,2006920.0,210692001.0,Electrocharge,1.0,26.0,26.0,28.0,36.0,0.0,30.0,0.0,,0.0,0.0,0.0,213.0,0.0,,,FALSE,FALSE,FALSE,FALSE,,,,,,,210692000.0,,3.0,-1.0,,,3.0,,,,,,,22.0,0.0,Dragon Cult,,Dragon Cult,Gravel Stone Seal,,1.15,,Gravel Stone Seal; 1.15x,,Dragon Cult,,,,Dragon Cult,28.0,,,,
Incantation,Electrocharge,2006920.0,210692000.0,Electrocharge (Lingering Effect),1.0,26.0,26.0,28.0,36.0,0.0,30.0,0.0,,0.0,0.0,0.0,45.0,0.0,,,FALSE,FALSE,TRUE,FALSE,,,,,21692000.0,,210692001.0,,2.5,-1.0,Damages enemy in range every 0.2 seconds (does not scale),45.0,2.5,TRUE,,,,,,22.0,0.0,Dragon Cult,,Dragon Cult,Gravel Stone Seal,,1.15,,Gravel Stone Seal; 1.15x,,Dragon Cult,,,,Dragon Cult,28.0,,,,
Incantation,Electrocharge,2006920.0,210692051.0,Electrocharge - Charged,1.0,26.0,26.0,28.0,36.0,0.0,30.0,0.0,,0.0,0.0,0.0,262.0,0.0,,,FALSE,FALSE,FALSE,FALSE,,,,,,,210692050.0,,3.0,-1.0,,,3.0,,,,,,,22.0,0.0,Dragon Cult,,Dragon Cult,Gravel Stone Seal,,1.15,,Gravel Stone Seal; 1.15x,,Dragon Cult,Charged Spell,,,Dragon Cult & Charged Spell,36.0,,,,
Incantation,Electrocharge,2006920.0,210692050.0,Electrocharge (Lingering Effect) - Charged,1.0,26.0,26.0,28.0,36.0,0.0,30.0,0.0,,0.0,0.0,0.0,59.0,0.0,,,FALSE,FALSE,TRUE,FALSE,,,,,21692010.0,,210692051.0,,2.5,-1.0,Damages enemy in range every 0.2 seconds (does not scale),45.0,2.5,TRUE,,,,,,22.0,0.0,Dragon Cult,,Dragon Cult,Gravel Stone Seal,,1.15,,Gravel Stone Seal; 1.15x,,Dragon Cult,Charged Spell,,,Dragon Cult & Charged Spell,36.0,,,,
Incantation,Dragonbolt Blessing,6971.0,,Dragonbolt Blessing,1.0,20.0,0.0,20.0,0.0,0.0,21.0,0.0,1697100.0,0.0,0.0,0.0,0.0,0.0,,,FALSE,FALSE,FALSE,TRUE,,,,,1697100.0,,,,,,"defFlickPower 70 (some attacks are deflected), increases resistances by 30, and decreases lightning damage negation by -35%",70.0,,TRUE,,,,,,22.0,0.0,Dragon Cult,,Dragon Cult,Gravel Stone Seal,,1.15,,Gravel Stone Seal; 1.15x,,,,,,,20.0,,,,
Incantation,Vyke's Dragonbolt,6970.0,,Vyke's Dragonbolt,1.0,35.0,0.0,20.0,0.0,0.0,23.0,0.0,1697000.0,0.0,0.0,0.0,75.0,0.0,,,FALSE,TRUE,FALSE,TRUE,,,,,1697000.0,,,,,,"Adds lightning AR to weapon (0.75 * Spell Buff; only uses faith scaling), increases equip load by 1.15x, and decreases lightning damage negation by -35%",70.0,,TRUE,,,,,,22.0,0.0,Dragon Cult,,Dragon Cult,Gravel Stone Seal,,1.15,,Gravel Stone Seal; 1.15x,,,,,,,20.0,,,,
Incantation,Dragonbolt of Florissax,2006910.0,210691000.0,Dragonbolt of Florissax,1.0,35.0,0.0,20.0,0.0,0.0,52.0,0.0,,0.0,0.0,0.0,0.0,0.0,,,FALSE,FALSE,FALSE,FALSE,21691000.0,21691001.0,21691002.0,,21691000.0,,210691001.0,,2.0,7.0,Increases damage negations by 10% (5% in PvP) and increases guard damage negations by 20% for caster and nearby allies,70.0,7.0,TRUE,,,,,,22.0,0.0,Dragon Cult,,Dragon Cult,Gravel Stone Seal,,1.15,,Gravel Stone Seal; 1.15x,,Dragon Cult,,,,Dragon Cult,20.0,,,,
Incantation,Catch Flame,6000.0,60001.0,Catch Flame,1.0,10.0,0.0,17.0,0.0,0.0,8.0,0.0,,0.0,0.0,225.0,0.0,0.0,,,FALSE,FALSE,FALSE,FALSE,,,,,,,,,,,,,,,,,,,,0.0,0.0,,,,,,,,,,,,,,,17.0,,,,
Incantation,"O, Flame!",6001.0,60011.0,"O, Flame!",1.0,16.0,16.0,24.0,31.0,0.0,16.0,0.0,,0.0,0.0,280.0,0.0,0.0,,,FALSE,FALSE,FALSE,FALSE,,,,,,,,,,,,,,,,,,,,21.0,0.0,Giants' Flame,,Giants' Flame,Giant's Seal,,1.2,,Giant's Seal; 1.2x,,,,,,,24.0,,,,
Incantation,"O, Flame!",6001.0,60016.0,"O, Flame! - Charged",1.0,16.0,16.0,24.0,31.0,0.0,16.0,0.0,,0.0,0.0,385.0,0.0,0.0,,,FALSE,FALSE,FALSE,FALSE,,,,,,,,,,,,,,,,,,,,21.0,0.0,Giants' Flame,,Giants' Flame,Giant's Seal,,1.2,,Giant's Seal; 1.2x,,Charged Spell,,,,Charged Spell,31.0,,,,
Incantation,Flame Sling,6010.0,60100.0,Flame Sling,1.0,11.0,11.0,22.0,29.0,0.0,10.0,0.0,,0.0,0.0,202.0,0.0,0.0,,,FALSE,FALSE,FALSE,FALSE,,,,,,,,,,,,,,,,,,,,0.0,0.0,,,,,,,,,,,,,,,22.0,,,,
Incantation,Flame Sling,6010.0,60101.0,Flame Sling,1.0,11.0,11.0,22.0,29.0,0.0,10.0,0.0,,0.0,0.0,202.0,0.0,0.0,,,FALSE,FALSE,FALSE,FALSE,,,,,,,,,,,,,,,,,,,,0.0,0.0,,,,,,,,,,,,,,,22.0,,,,
Incantation,Flame Sling,6010.0,60102.0,Flame Sling - Charged,1.0,11.0,11.0,22.0,29.0,0.0,10.0,0.0,,0.0,0.0,255.0,0.0,0.0,,,FALSE,FALSE,FALSE,FALSE,,,,,,,,,,,,,,,,,,,,0.0,0.0,,,,,,,,,,Charged Spell,,,,Charged Spell,29.0,,,,
Incantation,Flame Sling,6010.0,60103.0,Flame Sling - Charged,1.0,11.0,11.0,22.0,29.0,0.0,10.0,0.0,,0.0,0.0,255.0,0.0,0.0,,,FALSE,FALSE,FALSE,FALSE,,,,,,,,,,,,,,,,,,,,0.0,0.0,,,,,,,,,,Charged Spell,,,,Charged Spell,29.0,,,,
Incantation,Giantsflame Take Thee,6100.0,61000.0,Giantsflame Take Thee,2.0,30.0,30.0,34.0,44.0,0.0,30.0,0.0,,0.0,0.0,325.0,0.0,0.0,,,FALSE,FALSE,FALSE,FALSE,,,,,,,10610001.0,,2.5,-1.0,,,2.5,,,,,,,21.0,0.0,Giants' Flame,,Giants' Flame,Giant's Seal,,1.2,,Giant's Seal; 1.2x,,,,,,,34.0,,,,
Incantation,Giantsflame Take Thee,6100.0,61005.0,Giantsflame Take Thee - Charged,2.0,30.0,30.0,34.0,44.0,0.0,30.0,0.0,,0.0,0.0,389.0,0.0,0.0,,,FALSE,FALSE,FALSE,FALSE,,,,,,,10610051.0,,3.5,-1.0,,,3.5,,,,,,,21.0,0.0,Giants' Flame,,Giants' Flame,Giant's Seal,,1.2,,Giant's Seal; 1.2x,,Charged Spell,,,,Charged Spell,44.0,,,,
Incantation,"Flame, Fall Upon Them",6020.0,60200.0,"Flame, Fall Upon Them",1.0,16.0,16.0,10.0,13.0,0.0,28.0,0.0,,0.0,0.0,115.0,0.0,0.0,,,FALSE,FALSE,FALSE,FALSE,,,,,,,,,,,,,,,,,,,,21.0,0.0,Giants' Flame,,Giants' Flame,Giant's Seal,,1.2,,Giant's Seal; 1.2x,,,,,,,10.0,,,,
Incantation,"Flame, Fall Upon Them",6020.0,60201.0,"Flame, Fall Upon Them",1.0,16.0,16.0,10.0,13.0,0.0,28.0,0.0,,0.0,0.0,115.0,0.0,0.0,,,FALSE,FALSE,FALSE,FALSE,,,,,,,,,,,,,,,,,,,,21.0,0.0,Giants' Flame,,Giants' Flame,Giant's Seal,,1.2,,Giant's Seal; 1.2x,,,,,,,10.0,,,,
Incantation,"Flame, Fall Upon Them",6020.0,60202.0,"Flame, Fall Upon Them",1.0,16.0,16.0,10.0,13.0,0.0,28.0,0.0,,0.0,0.0,115.0,0.0,0.0,,,FALSE,FALSE,FALSE,FALSE,,,,,,,,,,,,,,,,,,,,21.0,0.0,Giants' Flame,,Giants' Flame,Giant's Seal,,1.2,,Giant's Seal; 1.2x,,,,,,,10.0,,,,
Incantation,"Flame, Fall Upon Them",6020.0,60205.0,"Flame, Fall Upon Them - Charged",1.0,16.0,16.0,10.0,13.0,0.0,28.0,0.0,,0.0,0.0,140.0,0.0,0.0,,,FALSE,FALSE,FALSE,FALSE,,,,,,,,,,,,,,,,,,,,21.0,0.0,Giants' Flame,,Giants' Flame,Giant's Seal,,1.2,,Giant's Seal; 1.2x,,Charged Spell,,,,Charged Spell,13.0,,,,
Incantation,"Flame, Fall Upon Them",6020.0,60206.0,"Flame, Fall Upon Them - Charged",1.0,16.0,16.0,10.0,13.0,0.0,28.0,0.0,,0.0,0.0,140.0,0.0,0.0,,,FALSE,FALSE,FALSE,FALSE,,,,,,,,,,,,,,,,,,,,21.0,0.0,Giants' Flame,,Giants' Flame,Giant's Seal,,1.2,,Giant's Seal; 1.2x,,Charged Spell,,,,Charged Spell,13.0,,,,
Incantation,"Flame, Fall Upon Them",6020.0,60207.0,"Flame, Fall Upon Them - Charged",1.0,16.0,16.0,10.0,13.0,0.0,28.0,0.0,,0.0,0.0,140.0,0.0,0.0,,,FALSE,FALSE,FALSE,FALSE,,,,,,,,,,,,,,,,,,,,21.0,0.0,Giants' Flame,,Giants' Flame,Giant's Seal,,1.2,,Giant's Seal; 1.2x,,Charged Spell,,,,Charged Spell,13.0,,,,
Incantation,Flame of the Fell God,6110.0,61100.0,Flame of the Fell God,2.0,34.0,0.0,42.0,0.0,0.0,41.0,0.0,,0.0,0.0,415.0,0.0,0.0,,,FALSE,FALSE,FALSE,FALSE,,,,,,,10611005.0,,0.1,3.5,,,3.5,,,,,,,21.0,0.0,Giants' Flame,,Giants' Flame,Giant's Seal,,1.2,,Giant's Seal; 1.2x,,,,,,,42.0,,,,
Incantation,Flame of the Fell God,6110.0,61101.0,Flame of the Fell God (Lingering Fire),2.0,34.0,0.0,42.0,0.0,0.0,41.0,0.0,,0.0,0.0,35.0,0.0,0.0,,,FALSE,FALSE,FALSE,FALSE,,,,,,,10611009.0,,1.0,-1.0,,,1.0,,,,,,,21.0,0.0,Giants' Flame,,Giants' Flame,Giant's Seal,,1.2,,Giant's Seal; 1.2x,,,,,,,42.0,,,,
Incantation,"Surge, O Flame!",6220.0,62200.0,"Surge, O Flame!",1.0,1.0,0.0,2.0,0.0,0.0,9.0,0.0,,0.0,0.0,51.0,0.0,0.0,,,FALSE,FALSE,FALSE,FALSE,,,,,,,,,,,,,,,,,,,,21.0,0.0,Giants' Flame,,Giants' Flame,Giant's Seal,,1.2,,Giant's Seal; 1.2x,,,,,,,2.0,,,,
Incantation,"Whirl, O Flame!",6030.0,60300.0,"Whirl, O Flame!",1.0,19.0,19.0,26.0,34.0,0.0,13.0,0.0,,0.0,0.0,96.0,0.0,0.0,,,FALSE,FALSE,FALSE,FALSE,,,,,,,,,,,,,,,,,,,,21.0,0.0,Giants' Flame,,Giants' Flame,Giant's Seal,,1.2,,Giant's Seal; 1.2x,,,,,,,26.0,,,,
Incantation,"Whirl, O Flame!",6030.0,60305.0,"Whirl, O Flame! - Charged",1.0,19.0,19.0,26.0,34.0,0.0,13.0,0.0,,0.0,0.0,121.0,0.0,0.0,,,FALSE,FALSE,FALSE,FALSE,,,,,,,,,,,,,,,,,,,,21.0,0.0,Giants' Flame,,Giants' Flame,Giant's Seal,,1.2,,Giant's Seal; 1.2x,,Charged Spell,,,,Charged Spell,34.0,,,,
Incantation,"Burn, O Flame!",6120.0,61203.0,"Burn, O Flame!",1.0,26.0,30.0,36.0,47.0,0.0,27.0,0.0,,0.0,0.0,288.0,0.0,0.0,,,FALSE,FALSE,FALSE,FALSE,,,,,,,,,,,,,,,,,,,,21.0,0.0,Giants' Flame,,Giants' Flame,Giant's Seal,,1.2,,Giant's Seal; 1.2x,,,,,,,36.0,,,,
Incantation,"Flame, Cleanse Me",6040.0,60400.0,"Flame, Cleanse Me",1.0,14.0,0.0,10.0,0.0,0.0,12.0,0.0,,0.0,0.0,0.0,0.0,0.0,,,FALSE,FALSE,FALSE,FALSE,,,,,,,,,,,Removes buildup for poison/scarlet rot and cures poison/scarlet rot/frostbite; damages caster for 5 HP 3 times (15 HP),,,,,,,,,21.0,0.0,Giants' Flame,,Giants' Flame,Giant's Seal,,1.2,,Giant's Seal; 1.2x,,,,,,,10.0,,,,
Incantation,"Flame, Cleanse Me",6040.0,60400.0,"Flame, Cleanse Me",1.0,14.0,0.0,10.0,0.0,0.0,12.0,0.0,,0.0,0.0,0.0,0.0,0.0,,,FALSE,FALSE,FALSE,FALSE,,,,,,,,,,,Removes buildup for poison/scarlet rot and cures poison/scarlet rot/frostbite; damages caster for 5 HP 3 times (15 HP),,,,,,,,,21.0,0.0,Giants' Flame,,Giants' Flame,Giant's Seal,,1.2,,Giant's Seal; 1.2x,,,,,,,10.0,,,,
Incantation,"Flame, Cleanse Me",6040.0,60400.0,"Flame, Cleanse Me",1.0,14.0,0.0,10.0,0.0,0.0,12.0,0.0,,0.0,0.0,0.0,0.0,0.0,,,FALSE,FALSE,FALSE,FALSE,,,,,,,,,,,Removes buildup for poison/scarlet rot and cures poison/scarlet rot/frostbite; damages caster for 5 HP 3 times (15 HP),,,,,,,,,21.0,0.0,Giants' Flame,,Giants' Flame,Giant's Seal,,1.2,,Giant's Seal; 1.2x,,,,,,,10.0,,,,
Incantation,"Flame, Protect Me",6060.0,,"Flame, Protect Me",1.0,30.0,0.0,20.0,0.0,0.0,24.0,0.0,,0.0,0.0,0.0,0.0,0.0,,,FALSE,FALSE,FALSE,FALSE,,,,,1606000.0,,,,,,Increases fire damage negation by 60% (20% in PvP),70.0,,TRUE,,,,,,21.0,0.0,Giants' Flame,,Giants' Flame,Giant's Seal,,1.2,,Giant's Seal; 1.2x,,,,,,,20.0,,,,
Incantation,"Flame, Grant Me Strength",6050.0,,"Flame, Grant Me Strength",1.0,28.0,0.0,16.0,0.0,0.0,15.0,0.0,,0.0,0.0,0.0,0.0,0.0,,,FALSE,FALSE,FALSE,FALSE,,,,,1605000.0,,,,,,1.2x physical and fire damage (1.15x in PvP) and +5 stamina regen per second,30.0,,TRUE,,,,,,21.0,0.0,Giants' Flame,,Giants' Flame,Giant's Seal,,1.2,,Giant's Seal; 1.2x,,,,,,,16.0,,,,
Incantation,Fire's Deadly Sin,7900.0,79000.0,Fire's Deadly Sin (Lingering Ticks),1.0,26.0,26.0,28.0,36.0,0.0,19.0,0.0,,0.0,0.0,45.0,0.0,0.0,,,FALSE,FALSE,TRUE,FALSE,,,,,1790000.0,,10790000.0,,2.0,-1.0,"Damage ticks 4/s (does not scale), self-damage ticks 2/s for 3 damage per tick",40.0,2.0,TRUE,,,,,,0.0,0.0,,,,,,,,,,,,,,,28.0,,,,
Incantation,Fire's Deadly Sin,7900.0,79001.0,Fire's Deadly Sin (AoE on Cast),1.0,26.0,26.0,28.0,36.0,0.0,19.0,0.0,,0.0,0.0,183.0,0.0,0.0,,,FALSE,FALSE,FALSE,FALSE,,,,,,,10790001.0,,3.0,-1.0,,,3.0,,,,,,,0.0,0.0,,,,,,,,,,,,,,,28.0,,,,
Incantation,Fire's Deadly Sin,7900.0,79005.0,Fire's Deadly Sin - Charged (Lingering Ticks),1.0,26.0,26.0,28.0,36.0,0.0,19.0,0.0,,0.0,0.0,59.0,0.0,0.0,,,FALSE,FALSE,TRUE,FALSE,,,,,1790010.0,,10790050.0,,2.0,-1.0,"Damage ticks 4/s (does not scale), self-damage ticks 2/s for 4 damage per tick",40.0,2.0,TRUE,,,,,,0.0,0.0,,,,,,,,,,Charged Spell,,,,Charged Spell,36.0,,,,
Incantation,Fire's Deadly Sin,7900.0,79006.0,Fire's Deadly Sin - Charged (AoE on Cast),1.0,26.0,26.0,28.0,36.0,0.0,19.0,0.0,,0.0,0.0,212.0,0.0,0.0,,,FALSE,FALSE,FALSE,FALSE,,,,,,,10790051.0,,3.0,-1.0,,,3.0,,,,,,,0.0,0.0,,,,,,,,,,Charged Spell,,,,Charged Spell,36.0,,,,
Incantation,Fire Serpent,2007800.0,210780000.0,Fire Serpent,1.0,11.0,11.0,22.0,29.0,0.0,16.0,0.0,,0.0,0.0,168.0,0.0,0.0,,,FALSE,FALSE,FALSE,FALSE,,,,,,,,,,,,,,,,,,,,33.0,0.0,Messmer's Flame,,Messmer's Flame,Fire Knight's Seal,,1.15,,Fire Knight's Seal; 1.15x,,Messmer's Flame,,,,Messmer's Flame,22.0,,,,
Incantation,Fire Serpent,2007800.0,210780050.0,Fire Serpent - Charged,1.0,11.0,11.0,22.0,29.0,0.0,16.0,0.0,,0.0,0.0,210.0,0.0,0.0,,,FALSE,FALSE,FALSE,FALSE,,,,,,,,,,,,,,,,,,,,33.0,0.0,Messmer's Flame,,Messmer's Flame,Fire Knight's Seal,,1.15,,Fire Knight's Seal; 1.15x,,Messmer's Flame,Charged Spell,,,Messmer's Flame & Charged Spell,29.0,,,,
Incantation,Rain of Fire,2007810.0,210781000.0,Rain of Fire,1.0,27.0,27.0,31.0,40.0,0.0,52.0,0.0,,0.0,0.0,52.0,0.0,0.0,,,FALSE,FALSE,FALSE,FALSE,,,,,,,,,,,,,,,,,,,,33.0,0.0,Messmer's Flame,,Messmer's Flame,Fire Knight's Seal,,1.15,,Fire Knight's Seal; 1.15x,,Messmer's Flame,,,,Messmer's Flame,31.0,,,,
Incantation,Rain of Fire,2007810.0,210781001.0,Rain of Fire,1.0,27.0,27.0,31.0,40.0,0.0,52.0,0.0,,0.0,0.0,52.0,0.0,0.0,,,FALSE,FALSE,FALSE,FALSE,,,,,,,,,,,,,,,,,,,,33.0,0.0,Messmer's Flame,,Messmer's Flame,Fire Knight's Seal,,1.15,,Fire Knight's Seal; 1.15x,,Messmer's Flame,,,,Messmer's Flame,31.0,,,,
Incantation,Rain of Fire,2007810.0,210781050.0,Rain of Fire - Charged,1.0,27.0,27.0,31.0,40.0,0.0,52.0,0.0,,0.0,0.0,63.0,0.0,0.0,,,FALSE,FALSE,FALSE,FALSE,,,,,,,,,,,,,,,,,,,,33.0,0.0,Messmer's Flame,,Messmer's Flame,Fire Knight's Seal,,1.15,,Fire Knight's Seal; 1.15x,,Messmer's Flame,Charged Spell,,,Messmer's Flame & Charged Spell,40.0,,,,
Incantation,Rain of Fire,2007810.0,210781051.0,Rain of Fire - Charged,1.0,27.0,27.0,31.0,40.0,0.0,52.0,0.0,,0.0,0.0,63.0,0.0,0.0,,,FALSE,FALSE,FALSE,FALSE,,,,,,,,,,,,,,,,,,,,33.0,0.0,Messmer's Flame,,Messmer's Flame,Fire Knight's Seal,,1.15,,Fire Knight's Seal; 1.15x,,Messmer's Flame,Charged Spell,,,Messmer's Flame & Charged Spell,40.0,,,,
Incantation,Messmer's Orb,2007820.0,210782000.0,Messmer's Orb,2.0,31.0,31.0,43.0,56.0,0.0,60.0,0.0,,0.0,0.0,50.0,0.0,0.0,,,FALSE,FALSE,FALSE,FALSE,,,,,,,,,,,,,,,,,,,,33.0,0.0,Messmer's Flame,,Messmer's Flame,Fire Knight's Seal,,1.15,,Fire Knight's Seal; 1.15x,,Messmer's Flame,,,,Messmer's Flame,43.0,,,,
Incantation,Messmer's Orb,2007820.0,210782001.0,Messmer's Orb,2.0,31.0,31.0,43.0,56.0,0.0,60.0,0.0,,0.0,0.0,50.0,0.0,0.0,,,FALSE,FALSE,FALSE,FALSE,,,,,,,,,,,,,,,,,,,,33.0,0.0,Messmer's Flame,,Messmer's Flame,Fire Knight's Seal,,1.15,,Fire Knight's Seal; 1.15x,,Messmer's Flame,,,,Messmer's Flame,43.0,,,,
Incantation,Messmer's Orb,2007820.0,210782002.0,Messmer's Orb - Bullet,2.0,31.0,31.0,43.0,56.0,0.0,60.0,0.0,,0.0,0.0,50.0,0.0,0.0,,,FALSE,FALSE,FALSE,FALSE,,,,,,,210782000.0,,1.18,1.18,,,1.18,,,,,,,33.0,0.0,Messmer's Flame,,Messmer's Flame,Fire Knight's Seal,,1.15,,Fire Knight's Seal; 1.15x,,Messmer's Flame,,,,Messmer's Flame,43.0,,,,
Incantation,Messmer's Orb,2007820.0,210782003.0,Messmer's Orb - Bullet,2.0,31.0,31.0,43.0,56.0,0.0,60.0,0.0,,0.0,0.0,308.0,0.0,0.0,,,FALSE,FALSE,FALSE,FALSE,,,,,,,210782001.0,,1.5,4.0,,,4.0,,,,,,,33.0,0.0,Messmer's Flame,,Messmer's Flame,Fire Knight's Seal,,1.15,,Fire Knight's Seal; 1.15x,,Messmer's Flame,,,,Messmer's Flame,43.0,,,,
Incantation,Messmer's Orb,2007820.0,210782050.0,Messmer's Orb - Charged,2.0,31.0,31.0,43.0,56.0,0.0,60.0,0.0,,0.0,0.0,70.0,0.0,0.0,,,FALSE,FALSE,FALSE,FALSE,,,,,,,,,,,,,,,,,,,,33.0,0.0,Messmer's Flame,,Messmer's Flame,Fire Knight's Seal,,1.15,,Fire Knight's Seal; 1.15x,,Messmer's Flame,Charged Spell,,,Messmer's Flame & Charged Spell,56.0,,,,
Incantation,Messmer's Orb,2007820.0,210782051.0,Messmer's Orb - Charged,2.0,31.0,31.0,43.0,56.0,0.0,60.0,0.0,,0.0,0.0,70.0,0.0,0.0,,,FALSE,FALSE,FALSE,FALSE,,,,,,,,,,,,,,,,,,,,33.0,0.0,Messmer's Flame,,Messmer's Flame,Fire Knight's Seal,,1.15,,Fire Knight's Seal; 1.15x,,Messmer's Flame,Charged Spell,,,Messmer's Flame & Charged Spell,56.0,,,,
Incantation,Messmer's Orb,2007820.0,210782052.0,Messmer's Orb - Charged - Bullet,2.0,31.0,31.0,43.0,56.0,0.0,60.0,0.0,,0.0,0.0,70.0,0.0,0.0,,,FALSE,FALSE,FALSE,FALSE,,,,,,,210782050.0,,1.18,1.18,,,1.18,,,,,,,33.0,0.0,Messmer's Flame,,Messmer's Flame,Fire Knight's Seal,,1.15,,Fire Knight's Seal; 1.15x,,Messmer's Flame,Charged Spell,,,Messmer's Flame & Charged Spell,56.0,,,,
Incantation,Messmer's Orb,2007820.0,210782053.0,Messmer's Orb - Charged - Bullet,2.0,31.0,31.0,43.0,56.0,0.0,60.0,0.0,,0.0,0.0,411.0,0.0,0.0,,,FALSE,FALSE,FALSE,FALSE,,,,,,,210782051.0,,2.0,6.0,,,6.0,,,,,,,33.0,0.0,Messmer's Flame,,Messmer's Flame,Fire Knight's Seal,,1.15,,Fire Knight's Seal; 1.15x,,Messmer's Flame,Charged Spell,,,Messmer's Flame & Charged Spell,56.0,,,,
Incantation,Black Flame,6210.0,62101.0,Black Flame,1.0,18.0,18.0,25.0,33.0,0.0,20.0,0.0,,0.0,0.0,244.0,0.0,0.0,,,FALSE,FALSE,FALSE,FALSE,,,,,,,,,,,Damages target for ⌊MaxHP * 0.001⌋ + 1 (ticks 10/s for 2 seconds; 20 total ticks),,,,,,,,,20.0,0.0,Godslayer,,Godslayer,Godslayer's Seal,,1.1,,Godslayer's Seal; 1.1x,,,,,,,25.0,,,,
Incantation,Black Flame,6210.0,62106.0,Black Flame - Charged,1.0,18.0,18.0,25.0,33.0,0.0,20.0,0.0,,0.0,0.0,300.0,0.0,0.0,,,FALSE,FALSE,FALSE,FALSE,,,,,,,,,,,Damages target for ⌊MaxHP * 0.001⌋ + 1 (ticks 10/s for 2 seconds; 20 total ticks),,,,,,,,,20.0,0.0,Godslayer,,Godslayer,Godslayer's Seal,,1.1,,Godslayer's Seal; 1.1x,,Charged Spell,,,,Charged Spell,33.0,,,,
Incantation,Scouring Black Flame,6230.0,62300.0,Scouring Black Flame,1.0,21.0,21.0,29.0,38.0,0.0,28.0,0.0,,0.0,0.0,255.0,0.0,0.0,,,FALSE,FALSE,FALSE,FALSE,,,,,,,,,,,Damages target for ⌊MaxHP * 0.001⌋ + 1 (ticks 10/s for 2 seconds; 20 total ticks),,,,,,,,,20.0,0.0,Godslayer,,Godslayer,Godslayer's Seal,,1.1,,Godslayer's Seal; 1.1x,,,,,,,29.0,,,,
Incantation,Scouring Black Flame,6230.0,62305.0,Scouring Black Flame - Charged,1.0,21.0,21.0,29.0,38.0,0.0,28.0,0.0,,0.0,0.0,299.0,0.0,0.0,,,FALSE,FALSE,FALSE,FALSE,,,,,,,,,,,Damages target for ⌊MaxHP * 0.001⌋ + 1 (ticks 10/s for 2 seconds; 20 total ticks),,,,,,,,,20.0,0.0,Godslayer,,Godslayer,Godslayer's Seal,,1.1,,Godslayer's Seal; 1.1x,,Charged Spell,,,,Charged Spell,38.0,,,,
Incantation,Black Flame Ritual,6240.0,62502.0,Black Flame Ritual,1.0,30.0,30.0,39.0,51.0,0.0,42.0,0.0,,0.0,0.0,106.0,0.0,0.0,,,FALSE,FALSE,FALSE,FALSE,,,,,,,,,,,Damages target for ⌊MaxHP * 0.001⌋ + 1 (ticks 10/s for 2 seconds; 20 total ticks),,,,,,,,,20.0,0.0,Godslayer,,Godslayer,Godslayer's Seal,,1.1,,Godslayer's Seal; 1.1x,,,,,,,39.0,,,,
Incantation,Black Flame Ritual,6240.0,62503.0,Black Flame Ritual,1.0,30.0,30.0,39.0,51.0,0.0,42.0,0.0,,0.0,0.0,106.0,0.0,0.0,,,FALSE,FALSE,FALSE,FALSE,,,,,,,,,,,Damages target for ⌊MaxHP * 0.001⌋ + 1 (ticks 10/s for 2 seconds; 20 total ticks),,,,,,,,,20.0,0.0,Godslayer,,Godslayer,Godslayer's Seal,,1.1,,Godslayer's Seal; 1.1x,,,,,,,39.0,,,,
Incantation,Black Flame Ritual,6240.0,62507.0,Black Flame Ritual - Charged,1.0,30.0,30.0,39.0,51.0,0.0,42.0,0.0,,0.0,0.0,109.0,0.0,0.0,,,FALSE,FALSE,FALSE,FALSE,,,,,,,,,,,Damages target for ⌊MaxHP * 0.001⌋ + 1 (ticks 10/s for 2 seconds; 20 total ticks),,,,,,,,,20.0,0.0,Godslayer,,Godslayer,Godslayer's Seal,,1.1,,Godslayer's Seal; 1.1x,,Charged Spell,,,,Charged Spell,51.0,,,,
Incantation,Black Flame Ritual,6240.0,62508.0,Black Flame Ritual - Charged,1.0,30.0,30.0,39.0,51.0,0.0,42.0,0.0,,0.0,0.0,109.0,0.0,0.0,,,FALSE,FALSE,FALSE,FALSE,,,,,,,,,,,Damages target for ⌊MaxHP * 0.001⌋ + 1 (ticks 10/s for 2 seconds; 20 total ticks),,,,,,,,,20.0,0.0,Godslayer,,Godslayer,Godslayer's Seal,,1.1,,Godslayer's Seal; 1.1x,,Charged Spell,,,,Charged Spell,51.0,,,,
Incantation,Black Flame Blade,6250.0,,Black Flame Blade,1.0,15.0,0.0,10.0,0.0,0.0,17.0,0.0,1626000.0,0.0,0.0,65.0,0.0,0.0,,,FALSE,TRUE,FALSE,TRUE,,,,,1626000.0,,,,,,Adds fire AR to weapon (0.65 * Spell Buff; only uses faith scaling); damages target for ⌊MaxHP * 0.001⌋ + 1 (ticks 10/s for 2 seconds; 20 total ticks),7.0,,TRUE,,,,,,20.0,0.0,Godslayer,,Godslayer,Godslayer's Seal,,1.1,,Godslayer's Seal; 1.1x,,,,,,,10.0,,,,
Incantation,Black Flame's Protection,6260.0,,Black Flame's Protection,1.0,30.0,0.0,13.0,0.0,0.0,30.0,0.0,,0.0,0.0,0.0,0.0,0.0,,,FALSE,FALSE,FALSE,FALSE,,,,,1627000.0,,,,,,Increases physical absortpions by 35% (15% in PvP); decreases healing by 0.8x,70.0,,TRUE,,,,,,20.0,0.0,Godslayer,,Godslayer,Godslayer's Seal,,1.1,,Godslayer's Seal; 1.1x,,,,,,,13.0,,,,
Incantation,Noble Presence,6270.0,62401.0,Noble Presence,1.0,20.0,20.0,28.0,36.0,0.0,26.0,0.0,,0.0,0.0,239.0,0.0,0.0,,,FALSE,FALSE,FALSE,FALSE,,,,,,,10624001.0,,1.3,-1.0,Damages target for ⌊MaxHP * 0.001⌋ + 1 (ticks 10/s for 2 seconds; 20 total ticks),,1.3,,,,,,,27.0,0.0,Noble's Presence,,Noble's Presence,,,,,,,,,,,,28.0,,,,
Incantation,Noble Presence,6270.0,62406.0,Noble Presence - Charged,1.0,20.0,20.0,28.0,36.0,0.0,26.0,0.0,,0.0,0.0,279.0,0.0,0.0,,,FALSE,FALSE,FALSE,FALSE,,,,,,,10624051.0,,2.3,-1.0,Damages target for ⌊MaxHP * 0.001⌋ + 1 (ticks 10/s for 2 seconds; 20 total ticks),,2.3,,,,,,,27.0,0.0,Noble's Presence,,Noble's Presence,,,,,,,Charged Spell,,,,Charged Spell,36.0,,,,
Incantation,Beast Claw,6820.0,68200.0,Beast Claw,1.0,10.0,10.0,27.0,35.0,0.0,8.0,0.0,,193.0,0.0,0.0,0.0,0.0,,,FALSE,FALSE,FALSE,FALSE,,,,,,,,,,,,,,,,,,,,23.0,0.0,Bestial,,Bestial,Clawmark Seal,,1.1,,Clawmark Seal; 1.1x,,,,,,,27.0,,,,
Incantation,Beast Claw,6820.0,68205.0,Beast Claw - Charged,1.0,10.0,10.0,27.0,35.0,0.0,8.0,0.0,,222.0,0.0,0.0,0.0,0.0,,,FALSE,FALSE,FALSE,FALSE,,,,,,,,,,,,,,,,,,,,23.0,0.0,Bestial,,Bestial,Clawmark Seal,,1.1,,Clawmark Seal; 1.1x,,Charged Spell,,,,Charged Spell,35.0,,,,
Incantation,Gurranq's Beast Claw,6830.0,68300.0,Gurranq's Beast Claw,1.0,21.0,0.0,42.0,0.0,0.0,15.0,0.0,,225.0,0.0,0.0,0.0,0.0,,,FALSE,FALSE,FALSE,FALSE,,,,,,,,,,,,,,,,,,,,23.0,0.0,Bestial,,Bestial,Clawmark Seal,,1.1,,Clawmark Seal; 1.1x,,,,,,,42.0,,,,
Incantation,Bestial Sling,6800.0,68000.0,Bestial Sling,1.0,7.0,0.0,19.0,0.0,0.0,10.0,0.0,,87.0,0.0,0.0,0.0,0.0,,,FALSE,FALSE,FALSE,FALSE,,,,,,,,,,,,,,,,,,,,23.0,0.0,Bestial,,Bestial,Clawmark Seal,,1.1,,Clawmark Seal; 1.1x,,,,,,,19.0,,,,
Incantation,Stone of Gurranq,6810.0,68100.0,Stone of Gurranq,1.0,15.0,0.0,37.0,0.0,0.0,13.0,0.0,,245.0,0.0,0.0,0.0,0.0,,,FALSE,FALSE,FALSE,FALSE,,,,,,,10681001.0,,2.0,2.0,,,2.0,,,,,,,23.0,0.0,Bestial,,Bestial,Clawmark Seal,,1.1,,Clawmark Seal; 1.1x,,,,,,,37.0,,,,
Incantation,Bestial Constitution,6850.0,68600.0,Bestial Constitution,1.0,10.0,0.0,10.0,0.0,0.0,9.0,0.0,,0.0,0.0,0.0,0.0,0.0,,,FALSE,FALSE,FALSE,FALSE,,,,,,,,,,,,,,,,,,,,23.0,0.0,Bestial,,Bestial,Clawmark Seal,,1.1,,Clawmark Seal; 1.1x,,,,,,,10.0,,,,
Incantation,Bestial Vitality,6840.0,,Bestial Vitality,1.0,18.0,0.0,10.0,0.0,0.0,12.0,0.0,,0.0,0.0,0.0,0.0,0.0,1685000.0,-5.0,FALSE,FALSE,FALSE,TRUE,,,,,1685000.0,,,,,,Heals caster for 5 HP/s,120.0,,TRUE,,,,,,23.0,0.0,Bestial,,Bestial,Clawmark Seal,,1.1,,Clawmark Seal; 1.1x,,,,,,,10.0,,,,
Incantation,Roar of Rugalea,2006800.0,210680000.0,Roar of Rugalea,1.0,17.0,0.0,35.0,3.0,0.0,14.0,0.0,,355.0,0.0,0.0,0.0,0.0,,,FALSE,FALSE,FALSE,FALSE,,,,,,,,,,,,,,,,,,,,31.0,0.0,Bear Communion,,Bear Communion,,,,,,,Breath Attack,,,,Breath Attack,35.0,,,,
Incantation,Roar of Rugalea,2006800.0,210680050.0,Roar of Rugalea - Charged,1.0,17.0,0.0,35.0,3.0,0.0,14.0,0.0,,250.0,0.0,0.0,0.0,0.0,,,FALSE,FALSE,FALSE,FALSE,,,,,,,,,,,,,,,,,,,,31.0,0.0,Bear Communion,,Bear Communion,,,,,,,Breath Attack,Charged Spell,,,Breath Attack & Charged Spell,3.0,,,,
Incantation,Roar of Rugalea,2006800.0,210680051.0,Roar of Rugalea - Charged,1.0,17.0,0.0,35.0,3.0,0.0,14.0,0.0,,30.0,0.0,0.0,0.0,0.0,,,FALSE,FALSE,FALSE,FALSE,,,,,,,,,,,,,,,,,,,,31.0,0.0,Bear Communion,,Bear Communion,,,,,,,Breath Attack,Charged Spell,,,Breath Attack & Charged Spell,3.0,,,,
Incantation,Roar of Rugalea,2006800.0,210680052.0,Roar of Rugalea - Charged,1.0,17.0,0.0,35.0,3.0,0.0,14.0,0.0,,200.0,0.0,0.0,0.0,0.0,,,FALSE,FALSE,FALSE,FALSE,,,,,,,,,,,,,,,,,,,,31.0,0.0,Bear Communion,,Bear Communion,,,,,,,Breath Attack,Charged Spell,,,Breath Attack & Charged Spell,3.0,,,,
Incantation,Roar of Rugalea,2006800.0,210680053.0,Roar of Rugalea - Charged,1.0,17.0,0.0,35.0,3.0,0.0,14.0,0.0,,100.0,0.0,0.0,0.0,0.0,,,FALSE,FALSE,FALSE,FALSE,,,,,,,,,,,,,,,,,,,,31.0,0.0,Bear Communion,,Bear Communion,,,,,,,Breath Attack,Charged Spell,,,Breath Attack & Charged Spell,3.0,,,,
Incantation,Swarm of Flies,7210.0,72100.0,Swarm of Flies,1.0,14.0,0.0,24.0,0.0,0.0,11.0,16.0,,52.0,0.0,0.0,0.0,0.0,,,FALSE,FALSE,FALSE,FALSE,,,,,,,,,,,,,,,,,,,,0.0,0.0,,,,,,,,,,,,,,,24.0,,,,
Incantation,Swarm of Flies,7210.0,72101.0,Swarm of Flies,1.0,14.0,0.0,24.0,0.0,0.0,11.0,16.0,,15.0,0.0,0.0,0.0,0.0,,,FALSE,FALSE,FALSE,FALSE,,,,,,,,,,,The 4 bleed ticks 10/s for 2 seconds (20 total ticks),,,,3126.0,1721001.0,TRUE,FALSE,Target loses ⌊MaxHP * 0.15⌋ + 100 HP on proc,0.0,0.0,,,,,,,,,,,,,,,24.0,Bleed,70 + 4,70.0,4.0
Incantation,Bloodflame Talons,6300.0,63000.0,Bloodflame Talons,1.0,12.0,0.0,21.0,0.0,0.0,13.0,15.0,,0.0,0.0,236.0,0.0,0.0,,,FALSE,FALSE,FALSE,FALSE,,,,,,,,,,,The 5 bleed ticks 10/s for 2 seconds (20 total ticks),,,,1630001.0,,FALSE,,Target loses ⌊MaxHP * 0.15⌋ + 100 HP on proc,0.0,0.0,,,,,,,,,,,,,,,21.0,Bleed,5.0,5.0,
Incantation,Furious Blade of Ansbach,2006300.0,210630000.0,Furious Blade of Ansbach,1.0,18.0,18.0,21.0,27.0,0.0,19.0,27.0,,0.0,0.0,97.0,0.0,0.0,,,FALSE,FALSE,FALSE,FALSE,,,,,,,,,,,The 3 bleed ticks 10/s for 2 seconds (20 total ticks),,,,21630001.0,,FALSE,,Target loses ⌊MaxHP * 0.15⌋ + 100 HP on proc,0.0,0.0,,,,,,,,,,,,,,,21.0,Bleed,3.0,3.0,
Incantation,Furious Blade of Ansbach,2006300.0,210630001.0,Furious Blade of Ansbach,1.0,18.0,18.0,21.0,27.0,0.0,19.0,27.0,,0.0,0.0,97.0,0.0,0.0,,,FALSE,FALSE,FALSE,FALSE,,,,,,,,,,,The 3 bleed ticks 10/s for 2 seconds (20 total ticks),,,,21630001.0,,FALSE,,Target loses ⌊MaxHP * 0.15⌋ + 100 HP on proc,0.0,0.0,,,,,,,,,,,,,,,21.0,Bleed,3.0,3.0,
Incantation,Furious Blade of Ansbach,2006300.0,210630010.0,Furious Blade of Ansbach - Bullet,1.0,18.0,18.0,21.0,27.0,0.0,19.0,27.0,,0.0,0.0,154.0,0.0,0.0,,,FALSE,FALSE,FALSE,FALSE,,,,,,,,,,,The 3 bleed ticks 10/s for 2 seconds (20 total ticks),,,,21630003.0,,FALSE,,Target loses ⌊MaxHP * 0.15⌋ + 100 HP on proc,0.0,0.0,,,,,,,,,,,,,,,21.0,Bleed,3.0,3.0,
Incantation,Furious Blade of Ansbach,2006300.0,210630050.0,Furious Blade of Ansbach - Charged,1.0,18.0,18.0,21.0,27.0,0.0,19.0,27.0,,0.0,0.0,98.0,0.0,0.0,,,FALSE,FALSE,FALSE,FALSE,,,,,,,,,,,The 3 bleed ticks 10/s for 2 seconds (20 total ticks),,,,21630011.0,,FALSE,,Target loses ⌊MaxHP * 0.15⌋ + 100 HP on proc,0.0,0.0,,,,,,,,,,Charged Spell,,,,Charged Spell,27.0,Bleed,3.0,3.0,
Incantation,Furious Blade of Ansbach,2006300.0,210630051.0,Furious Blade of Ansbach - Charged,1.0,18.0,18.0,21.0,27.0,0.0,19.0,27.0,,0.0,0.0,98.0,0.0,0.0,,,FALSE,FALSE,FALSE,FALSE,,,,,,,,,,,The 3 bleed ticks 10/s for 2 seconds (20 total ticks),,,,21630011.0,,FALSE,,Target loses ⌊MaxHP * 0.15⌋ + 100 HP on proc,0.0,0.0,,,,,,,,,,Charged Spell,,,,Charged Spell,27.0,Bleed,3.0,3.0,
Incantation,Furious Blade of Ansbach,2006300.0,210630060.0,Furious Blade of Ansbach - Charged - Bullet,1.0,18.0,18.0,21.0,27.0,0.0,19.0,27.0,,0.0,0.0,163.0,0.0,0.0,,,FALSE,FALSE,FALSE,FALSE,,,,,,,,,,,The 3 bleed ticks 10/s for 2 seconds (20 total ticks),,,,21630013.0,,FALSE,,Target loses ⌊MaxHP * 0.15⌋ + 100 HP on proc,0.0,0.0,,,,,,,,,,Charged Spell,,,,Charged Spell,27.0,Bleed,3.0,3.0,
Incantation,Bloodboon,6310.0,63100.0,Bloodboon,1.0,13.0,0.0,34.0,0.0,0.0,14.0,17.0,,0.0,0.0,159.0,0.0,0.0,,,FALSE,FALSE,FALSE,FALSE,,,,,,,,,,,The 3 bleed ticks 10/s for 2 seconds (20 total ticks),,,,1631001.0,,FALSE,,Target loses ⌊MaxHP * 0.15⌋ + 100 HP on proc,0.0,0.0,,,,,,,,,,,,,,,34.0,Bleed,3.0,3.0,
Incantation,Bloodboon,6310.0,63101.0,Bloodboon,1.0,13.0,0.0,34.0,0.0,0.0,14.0,17.0,,0.0,0.0,44.0,0.0,0.0,,,FALSE,FALSE,FALSE,FALSE,,,,,,,,,,,The 3 bleed ticks 10/s for 2 seconds (20 total ticks),,,,1631001.0,,FALSE,,Target loses ⌊MaxHP * 0.15⌋ + 100 HP on proc,0.0,0.0,,,,,,,,,,,,,,,34.0,Bleed,3.0,3.0,
Incantation,Bloodflame Blade,6320.0,,Bloodflame Blade,1.0,20.0,0.0,10.0,0.0,0.0,12.0,10.0,1632000.0,0.0,0.0,40.0,0.0,0.0,,,FALSE,TRUE,FALSE,TRUE,,,,,1632000.0,,,,,,Adds fire AR to weapon (0.4 * Spell Buff; only uses faith scaling) and bleed buildup to weapon; the 2 bleed ticks 10/s for 2 seconds (20 total ticks),60.0,,TRUE,1632002.0,,FALSE,,Target loses ⌊MaxHP * 0.15⌋ + 100 HP on proc,0.0,0.0,,,,,,,,,,,,,,,10.0,Bleed,2.0,2.0,
Incantation,Poison Mist,7220.0,72200.0,Poison Mist,1.0,18.0,0.0,10.0,0.0,0.0,12.0,0.0,,0.0,0.0,0.0,0.0,0.0,,,FALSE,FALSE,FALSE,FALSE,,,,,,10722001.0,10722001.0,,0.5,2.8,Creates a mist that applies poison to targets within range; the 20 poison ticks 5/s for 16 seconds (80 total ticks),15.0,2.8,FALSE,1722000.0,,TRUE,,Target loses ⌊MaxHP * 0.0007⌋ + 7 HP/s for 90 seconds on proc,0.0,0.0,,,,,,,,,,,,,,,10.0,Poison,20.0,20.0,
Incantation,Poison Armament,7230.0,,Poison Armament,1.0,15.0,0.0,10.0,0.0,0.0,10.0,0.0,,0.0,0.0,0.0,0.0,0.0,,,FALSE,FALSE,FALSE,FALSE,,,,,1723000.0,,,,,,Adds poison buildup to weapon,60.0,,TRUE,1723001.0,,FALSE,,Target loses ⌊MaxHP * 0.0007⌋ + 7 HP/s for 90 seconds on proc,0.0,0.0,,,,,,,,,,,,,,,10.0,Poison,70.0,70.0,
Incantation,Pest Threads,7200.0,72000.0,Pest Threads,1.0,19.0,0.0,29.0,0.0,0.0,11.0,0.0,,60.0,0.0,0.0,0.0,0.0,,,FALSE,FALSE,FALSE,FALSE,,,,,,,,,,,,,,,,,,,,0.0,0.0,,,,,,,,,,,,,,,29.0,,,,
Incantation,Pest-Thread Spears,2007210.0,210721000.0,Pest-Thread Spears,1.0,28.0,28.0,29.0,38.0,0.0,26.0,0.0,,180.0,0.0,0.0,0.0,0.0,,,FALSE,FALSE,FALSE,FALSE,,,,,,,,,,,,,,,,,,,,0.0,0.0,,,,,,,,,,,,,,,29.0,,,,
Incantation,Pest-Thread Spears,2007210.0,210721050.0,Pest-Thread Spears - Charged,1.0,28.0,28.0,29.0,38.0,0.0,26.0,0.0,,230.0,0.0,0.0,0.0,0.0,,,FALSE,FALSE,FALSE,FALSE,,,,,,,,,,,,,,,,,,,,0.0,0.0,,,,,,,,,,Charged Spell,,,,Charged Spell,38.0,,,,
Incantation,Scarlet Aeonia,7240.0,72400.0,Scarlet Aeonia,3.0,48.0,0.0,50.0,0.0,0.0,35.0,0.0,,40.0,0.0,0.0,0.0,0.0,,,FALSE,FALSE,FALSE,FALSE,,,,,,,,,,,,,,,,,,,,0.0,0.0,,,,,,,,,,,,,,,50.0,,,,
Incantation,Scarlet Aeonia,7240.0,72401.0,Scarlet Aeonia - Bullet,3.0,48.0,0.0,50.0,0.0,0.0,35.0,0.0,,362.0,0.0,0.0,0.0,0.0,,,FALSE,FALSE,FALSE,FALSE,,,,,,,10724000.0,,4.0,-1.0,,,4.0,,,,,,,0.0,0.0,,,,,,,,,,,,,,,50.0,,,,
Incantation,Scarlet Aeonia,7240.0,72402.0,Scarlet Aeonia - Bullet,3.0,48.0,0.0,50.0,0.0,0.0,35.0,0.0,,60.0,0.0,0.0,0.0,0.0,,,FALSE,FALSE,FALSE,FALSE,,,,,,10724001.0,10724001.0,10724001.0,5.0,-1.0,The 150 scarlet rot ticks 1.429/s for 4.2 seconds (6 total ticks),4.2,5.0,FALSE,1724000.0,,FALSE,,Target loses ⌊MaxHP * 0.0033⌋ + 13 HP/s for 90 seconds on proc,0.0,0.0,,,,,,,,,,,,,,,50.0,Scarlet Rot,150.0,150.0,
Incantation,Rotten Butterflies,2007200.0,210720000.0,Rotten Butterflies,1.0,48.0,48.0,50.0,65.0,0.0,33.0,0.0,,100.0,0.0,0.0,0.0,0.0,,,FALSE,FALSE,FALSE,FALSE,,,,,,,,,,,,,,,,,,,,0.0,0.0,,,,,,,,,,,,,,,50.0,,,,
Incantation,Rotten Butterflies,2007200.0,,Rotten Butterflies - Bullet,1.0,48.0,48.0,50.0,65.0,0.0,33.0,0.0,,0.0,0.0,0.0,0.0,0.0,,,FALSE,FALSE,FALSE,FALSE,,,,,,,210720007.0,,2.8,-1.0,,,2.8,,21720001.0,,,,,0.0,0.0,,,,,,,,,,,,,,,50.0,Scarlet Rot,20.0,20.0,
Incantation,Rotten Butterflies,2007200.0,210720001.0,Rotten Butterflies - Bullet,1.0,48.0,48.0,50.0,65.0,0.0,33.0,0.0,,100.0,0.0,0.0,0.0,0.0,,,FALSE,FALSE,FALSE,FALSE,,,,,,,210720008.0,,2.8,-1.0,,,2.8,,21720000.0,,FALSE,,Target loses ⌊MaxHP * 0.0033⌋ + 13 HP/s for 90 seconds on proc,0.0,0.0,,,,,,,,,,,,,,,50.0,Scarlet Rot,80.0,80.0,
Incantation,The Flame of Frenzy,7310.0,73100.0,The Flame of Frenzy,1.0,16.0,16.0,30.0,39.0,0.0,16.0,0.0,,0.0,0.0,107.0,0.0,0.0,,,FALSE,FALSE,FALSE,FALSE,,,,,,,,,,,,,,,1731000.0,,TRUE,,Target loses ⌊MaxHP * 0.15⌋ + 100 HP and ⌊MaxFP * 0.1⌋ + 30 FP on proc; only works on player-model entities,26.0,0.0,Frenzied Flame,,Frenzied Flame,Frenzied Flame Seal,,1.2,,Frenzied Flame Seal; 1.2x,,,,,,,30.0,Madness,21.0,21.0,
Incantation,The Flame of Frenzy,7310.0,73101.0,The Flame of Frenzy,1.0,16.0,16.0,30.0,39.0,0.0,16.0,0.0,,0.0,0.0,107.0,0.0,0.0,,,FALSE,FALSE,FALSE,FALSE,,,,,,,,,,,,,,,1731000.0,,TRUE,,Target loses ⌊MaxHP * 0.15⌋ + 100 HP and ⌊MaxFP * 0.1⌋ + 30 FP on proc; only works on player-model entities,26.0,0.0,Frenzied Flame,,Frenzied Flame,Frenzied Flame Seal,,1.2,,Frenzied Flame Seal; 1.2x,,,,,,,30.0,Madness,21.0,21.0,
Incantation,The Flame of Frenzy,7310.0,73109.0,The Flame of Frenzy - Self-Madness,1.0,16.0,16.0,30.0,39.0,0.0,16.0,0.0,,0.0,0.0,0.0,0.0,0.0,,,FALSE,FALSE,FALSE,FALSE,,,,,,,,,,,,,,,1731002.0,,FALSE,,Caster loses ⌊MaxHP * 0.15⌋ + 100 HP and ⌊MaxFP * 0.1⌋ + 30 FP on proc; only works on player-model entities,26.0,0.0,Frenzied Flame,,Frenzied Flame,Frenzied Flame Seal,,1.2,,Frenzied Flame Seal; 1.2x,,,,,,,30.0,Madness,4.0,4.0,
Incantation,The Flame of Frenzy,7310.0,73105.0,The Flame of Frenzy - Charged,1.0,16.0,16.0,30.0,39.0,0.0,16.0,0.0,,0.0,0.0,124.0,0.0,0.0,,,FALSE,FALSE,FALSE,FALSE,,,,,,,,,,,,,,,1731001.0,,TRUE,,Target loses ⌊MaxHP * 0.15⌋ + 100 HP and ⌊MaxFP * 0.1⌋ + 30 FP on proc; only works on player-model entities,26.0,0.0,Frenzied Flame,,Frenzied Flame,Frenzied Flame Seal,,1.2,,Frenzied Flame Seal; 1.2x,,Charged Spell,,,,Charged Spell,39.0,Madness,28.0,28.0,
Incantation,The Flame of Frenzy,7310.0,73106.0,The Flame of Frenzy - Charged,1.0,16.0,16.0,30.0,39.0,0.0,16.0,0.0,,0.0,0.0,124.0,0.0,0.0,,,FALSE,FALSE,FALSE,FALSE,,,,,,,,,,,,,,,1731001.0,,TRUE,,Target loses ⌊MaxHP * 0.15⌋ + 100 HP and ⌊MaxFP * 0.1⌋ + 30 FP on proc; only works on player-model entities,26.0,0.0,Frenzied Flame,,Frenzied Flame,Frenzied Flame Seal,,1.2,,Frenzied Flame Seal; 1.2x,,Charged Spell,,,,Charged Spell,39.0,Madness,28.0,28.0,
Incantation,The Flame of Frenzy,7310.0,73109.0,The Flame of Frenzy - Self-Madness - Charged,1.0,16.0,16.0,30.0,39.0,0.0,16.0,0.0,,0.0,0.0,0.0,0.0,0.0,,,FALSE,FALSE,FALSE,FALSE,,,,,,,,,,,,,,,1731003.0,,FALSE,,Caster loses ⌊MaxHP * 0.15⌋ + 100 HP and ⌊MaxFP * 0.1⌋ + 30 FP on proc; only works on player-model entities,26.0,0.0,Frenzied Flame,,Frenzied Flame,Frenzied Flame Seal,,1.2,,Frenzied Flame Seal; 1.2x,,,,,,,39.0,Madness,4.0,4.0,
Incantation,Unendurable Frenzy,7311.0,73110.0,Unendurable Frenzy,1.0,22.0,6.0,40.0,0.0,0.0,31.0,0.0,,0.0,0.0,125.0,0.0,0.0,,,FALSE,FALSE,FALSE,FALSE,,,,,,,,,,,,,,,1731100.0,,TRUE,,Target loses ⌊MaxHP * 0.15⌋ + 100 HP and ⌊MaxFP * 0.1⌋ + 30 FP on proc; only works on player-model entities,26.0,0.0,Frenzied Flame,,Frenzied Flame,Frenzied Flame Seal,,1.2,,Frenzied Flame Seal; 1.2x,,,,,,,40.0,Madness,40.0,40.0,
Incantation,Unendurable Frenzy,7311.0,73111.0,Unendurable Frenzy,1.0,22.0,6.0,40.0,0.0,0.0,31.0,0.0,,0.0,0.0,125.0,0.0,0.0,,,FALSE,FALSE,FALSE,FALSE,,,,,,,,,,,,,,,1731100.0,,TRUE,,Target loses ⌊MaxHP * 0.15⌋ + 100 HP and ⌊MaxFP * 0.1⌋ + 30 FP on proc; only works on player-model entities,26.0,0.0,Frenzied Flame,,Frenzied Flame,Frenzied Flame Seal,,1.2,,Frenzied Flame Seal; 1.2x,,,,,,,40.0,Madness,40.0,40.0,
Incantation,Unendurable Frenzy,7311.0,73112.0,Unendurable Frenzy - Self-Madness,1.0,22.0,6.0,40.0,0.0,0.0,31.0,0.0,,0.0,0.0,0.0,0.0,0.0,,,FALSE,FALSE,FALSE,FALSE,,,,,,,,,,,,,,,1731101.0,,FALSE,,Caster loses ⌊MaxHP * 0.15⌋ + 100 HP and ⌊MaxFP * 0.1⌋ + 30 FP on proc; only works on player-model entities,26.0,0.0,Frenzied Flame,,Frenzied Flame,Frenzied Flame Seal,,1.2,,Frenzied Flame Seal; 1.2x,,,,,,,40.0,Madness,3.0,3.0,
Incantation,Midra's Flame of Frenzy,2007300.0,210730000.0,Midra's Flame of Frenzy,2.0,22.0,5.0,20.0,0.0,0.0,41.0,0.0,,0.0,0.0,75.0,0.0,0.0,,,FALSE,FALSE,FALSE,FALSE,,,,,,,,,,,,,,,21730000.0,,TRUE,,Target loses ⌊MaxHP * 0.15⌋ + 100 HP and ⌊MaxFP * 0.1⌋ + 30 FP on proc; only works on player-model entities,26.0,0.0,Frenzied Flame,,Frenzied Flame,Frenzied Flame Seal,,1.2,,Frenzied Flame Seal; 1.2x,,Frenzied Flame,,,,Frenzied Flame,20.0,Madness,30.0,30.0,
Incantation,Midra's Flame of Frenzy,2007300.0,,Midra's Flame of Frenzy,2.0,22.0,5.0,20.0,0.0,0.0,41.0,0.0,,0.0,0.0,0.0,0.0,0.0,,,FALSE,FALSE,FALSE,FALSE,,,,,,,210730011.0,210730011.0,6.0,6.0,The 10 madness ticks 2.5/s for 1 seconds (3 total ticks),,6.0,,21730002.0,,TRUE,,Target loses ⌊MaxHP * 0.15⌋ + 100 HP and ⌊MaxFP * 0.1⌋ + 30 FP on proc; only works on player-model entities,26.0,0.0,Frenzied Flame,,Frenzied Flame,Frenzied Flame Seal,,1.2,,Frenzied Flame Seal; 1.2x,,,,,,,20.0,Madness,10.0,10.0,
Incantation,Midra's Flame of Frenzy,2007300.0,210730010.0,Midra's Flame of Frenzy - Self-Madness,2.0,22.0,5.0,20.0,0.0,0.0,41.0,0.0,,0.0,0.0,0.0,0.0,0.0,,,FALSE,FALSE,FALSE,FALSE,,,,,,,,,,,,,,,21730001.0,,FALSE,,Caster loses ⌊MaxHP * 0.15⌋ + 100 HP and ⌊MaxFP * 0.1⌋ + 30 FP on proc; only works on player-model entities,26.0,0.0,Frenzied Flame,,Frenzied Flame,Frenzied Flame Seal,,1.2,,Frenzied Flame Seal; 1.2x,,,,,,,20.0,Madness,6.0,6.0,
Incantation,Frenzied Burst,7320.0,73200.0,Frenzied Burst,1.0,24.0,24.0,33.0,43.0,0.0,22.0,0.0,,0.0,0.0,250.0,0.0,0.0,,,FALSE,FALSE,FALSE,FALSE,,,,,,,,,,,,,,,1732000.0,,TRUE,,Target loses ⌊MaxHP * 0.15⌋ + 100 HP and ⌊MaxFP * 0.1⌋ + 30 FP on proc; only works on player-model entities,26.0,0.0,Frenzied Flame,,Frenzied Flame,Frenzied Flame Seal,,1.2,,Frenzied Flame Seal; 1.2x,,,,,,,33.0,Madness,90.0,90.0,
Incantation,Frenzied Burst,7320.0,,Frenzied Burst - Self-Madness,1.0,24.0,24.0,33.0,43.0,0.0,22.0,0.0,,0.0,0.0,0.0,0.0,0.0,,,FALSE,FALSE,FALSE,FALSE,,,,,,,,,,,,,,,1732002.0,,FALSE,,Caster loses ⌊MaxHP * 0.15⌋ + 100 HP and ⌊MaxFP * 0.1⌋ + 30 FP on proc; only works on player-model entities,26.0,0.0,Frenzied Flame,,Frenzied Flame,Frenzied Flame Seal,,1.2,,Frenzied Flame Seal; 1.2x,,,,,,,33.0,Madness,20.0,20.0,
Incantation,Frenzied Burst,7320.0,73205.0,Frenzied Burst - Charged,1.0,24.0,24.0,33.0,43.0,0.0,22.0,0.0,,0.0,0.0,309.0,0.0,0.0,,,FALSE,FALSE,FALSE,FALSE,,,,,,,,,,,,,,,1732001.0,,TRUE,,Target loses ⌊MaxHP * 0.15⌋ + 100 HP and ⌊MaxFP * 0.1⌋ + 30 FP on proc; only works on player-model entities,26.0,0.0,Frenzied Flame,,Frenzied Flame,Frenzied Flame Seal,,1.2,,Frenzied Flame Seal; 1.2x,,Charged Spell,,,,Charged Spell,43.0,Madness,105.0,105.0,
Incantation,Frenzied Burst,7320.0,,Frenzied Burst - Self-Madness - Charged,1.0,24.0,24.0,33.0,43.0,0.0,22.0,0.0,,0.0,0.0,0.0,0.0,0.0,,,FALSE,FALSE,FALSE,FALSE,,,,,,,,,,,,,,,1732003.0,,FALSE,,Caster loses ⌊MaxHP * 0.15⌋ + 100 HP and ⌊MaxFP * 0.1⌋ + 30 FP on proc; only works on player-model entities,26.0,0.0,Frenzied Flame,,Frenzied Flame,Frenzied Flame Seal,,1.2,,Frenzied Flame Seal; 1.2x,,,,,,,43.0,Madness,30.0,30.0,
Incantation,Howl of Shabriri,7330.0,73300.0,Howl of Shabriri,1.0,21.0,0.0,38.0,0.0,0.0,33.0,0.0,,22.0,0.0,0.0,0.0,0.0,,,FALSE,FALSE,FALSE,FALSE,,,,,,,10733000.0,,3.8,3.8,Caster does 1.25x damage and has decreased damage negation by -30% for 40 seconds with additional -20% damage negation during cast,,3.8,,1733001.0,,TRUE,,Target loses ⌊MaxHP * 0.15⌋ + 100 HP and ⌊MaxFP * 0.1⌋ + 30 FP on proc; only works on player-model entities,26.0,0.0,Frenzied Flame,,Frenzied Flame,Frenzied Flame Seal,,1.2,,Frenzied Flame Seal; 1.2x,,Roar Attack,,,,Roar Attack,38.0,Madness,35.0,35.0,
Incantation,Howl of Shabriri,7330.0,73301.0,Howl of Shabriri - Self-Madness,1.0,21.0,0.0,38.0,0.0,0.0,33.0,0.0,,0.0,0.0,0.0,0.0,0.0,,,FALSE,FALSE,FALSE,FALSE,,,,,,,10733001.0,,0.5,-1.0,Madness from the above is also applied to caster,,0.5,,1733002.0,,TRUE,,Caster loses ⌊MaxHP * 0.15⌋ + 100 HP and ⌊MaxFP * 0.1⌋ + 30 FP on proc; only works on player-model entities,26.0,0.0,Frenzied Flame,,Frenzied Flame,Frenzied Flame Seal,,1.2,,Frenzied Flame Seal; 1.2x,,,,,,,38.0,Madness,6.0,6.0,
Incantation,Inescapable Frenzy,7300.0,73000.0,Inescapable Frenzy,1.0,22.0,0.0,31.0,0.0,0.0,21.0,0.0,,70.0,0.0,0.0,0.0,0.0,,,FALSE,FALSE,FALSE,FALSE,,,,,,,,,,,,,,,1730000.0,,TRUE,,Target loses ⌊MaxHP * 0.15⌋ + 100 HP and ⌊MaxFP * 0.1⌋ + 30 FP on proc; only works on player-model entities,26.0,0.0,Frenzied Flame,,Frenzied Flame,Frenzied Flame Seal,,1.2,,Frenzied Flame Seal; 1.2x,,,,,,,31.0,Madness,50.0,50.0,
Incantation,Inescapable Frenzy,7300.0,73002.0,Inescapable Frenzy,1.0,22.0,0.0,31.0,0.0,0.0,21.0,0.0,,70.0,0.0,0.0,0.0,0.0,,,FALSE,FALSE,FALSE,FALSE,,,,,,,,,,,,,,,1730000.0,,TRUE,,Target loses ⌊MaxHP * 0.15⌋ + 100 HP and ⌊MaxFP * 0.1⌋ + 30 FP on proc; only works on player-model entities,26.0,0.0,Frenzied Flame,,Frenzied Flame,Frenzied Flame Seal,,1.2,,Frenzied Flame Seal; 1.2x,,,,,,,31.0,Madness,50.0,50.0,
Incantation,Inescapable Frenzy,7300.0,73001.0,Inescapable Frenzy - Confirmed Grab,1.0,22.0,0.0,31.0,0.0,0.0,21.0,0.0,,0.0,0.0,180.0,0.0,0.0,,,FALSE,TRUE,FALSE,FALSE,,,,,,,,,,,Only uses faith scaling,,,,1730000.0,,TRUE,,Target loses ⌊MaxHP * 0.15⌋ + 100 HP and ⌊MaxFP * 0.1⌋ + 30 FP on proc; only works on player-model entities,26.0,0.0,Frenzied Flame,,Frenzied Flame,Frenzied Flame Seal,,1.2,,Frenzied Flame Seal; 1.2x,,,,,,,31.0,Madness,50.0,50.0,
Incantation,Inescapable Frenzy,7300.0,73010.0,Inescapable Frenzy - Self-Madness,1.0,22.0,0.0,31.0,0.0,0.0,21.0,0.0,,0.0,0.0,0.0,0.0,0.0,,,FALSE,FALSE,FALSE,FALSE,,,,,,,,,,,,,,,1730001.0,,FALSE,,Caster loses ⌊MaxHP * 0.15⌋ + 100 HP and ⌊MaxFP * 0.1⌋ + 30 FP on proc; only works on player-model entities,26.0,0.0,Frenzied Flame,,Frenzied Flame,Frenzied Flame Seal,,1.2,,Frenzied Flame Seal; 1.2x,,,,,,,31.0,Madness,14.0,14.0,
Incantation,Inescapable Frenzy,7300.0,73010.0,Inescapable Frenzy - Self-Madness,1.0,22.0,0.0,31.0,0.0,0.0,21.0,0.0,,0.0,0.0,0.0,0.0,0.0,,,FALSE,FALSE,FALSE,FALSE,,,,,,,,,,,,,,,1730002.0,,FALSE,,Caster loses ⌊MaxHP * 0.15⌋ + 100 HP and ⌊MaxFP * 0.1⌋ + 30 FP on proc; only works on player-model entities,26.0,0.0,Frenzied Flame,,Frenzied Flame,Frenzied Flame Seal,,1.2,,Frenzied Flame Seal; 1.2x,,,,,,,31.0,Madness,9.0,9.0,
Incantation,Dragonfire,7000.0,70000.0,Dragonfire,1.0,28.0,4.0,40.0,0.0,0.0,15.0,12.0,,0.0,0.0,144.0,0.0,0.0,,,FALSE,FALSE,FALSE,FALSE,,,,,,,,,,,,,,,,,,,,25.0,0.0,Dragon Communion,,Dragon Communion,Dragon Communion Seal,,1.15,,Dragon Communion Seal; 1.15x,,Breath Attack,,,,Breath Attack,40.0,,,,
Incantation,Agheel's Flame,7001.0,70010.0,Agheel's Flame,1.0,36.0,6.0,60.0,0.0,0.0,23.0,15.0,,0.0,0.0,169.0,0.0,0.0,,,FALSE,FALSE,FALSE,FALSE,,,,,,,,,,,,,,,,,,,,25.0,0.0,Dragon Communion,,Dragon Communion,Dragon Communion Seal,,1.15,,Dragon Communion Seal; 1.15x,,Breath Attack,,,,Breath Attack,60.0,,,,
Incantation,Magma Breath,7010.0,70100.0,Magma Breath,1.0,30.0,0.0,40.0,0.0,0.0,14.0,10.0,,0.0,0.0,223.0,0.0,0.0,,,FALSE,FALSE,FALSE,FALSE,,,,,,,,,,,,,,,,,,,,25.0,123.0,Dragon Communion,Magma Attack,Dragon Communion & Magma Attack,Dragon Communion Seal,,1.15,,Dragon Communion Seal; 1.15x,,Breath Attack,Magma Attack,,,Breath Attack & Magma Attack,40.0,,,,
Incantation,Magma Breath,7010.0,70101.0,Magma Breath,1.0,30.0,0.0,40.0,0.0,0.0,14.0,10.0,,0.0,0.0,34.0,0.0,0.0,,,FALSE,FALSE,FALSE,FALSE,,,,,,,,,,,,,,,,,,,,25.0,123.0,Dragon Communion,Magma Attack,Dragon Communion & Magma Attack,Dragon Communion Seal,,1.15,,Dragon Communion Seal; 1.15x,,,Magma Attack,,,Magma Attack,40.0,,,,
Incantation,Magma Breath,7010.0,70102.0,Magma Breath,1.0,30.0,0.0,40.0,0.0,0.0,14.0,10.0,,0.0,0.0,223.0,0.0,0.0,,,FALSE,FALSE,FALSE,FALSE,,,,,,,,,,,,,,,,,,,,25.0,123.0,Dragon Communion,Magma Attack,Dragon Communion & Magma Attack,Dragon Communion Seal,,1.15,,Dragon Communion Seal; 1.15x,,Breath Attack,Magma Attack,,,Breath Attack & Magma Attack,40.0,,,,
Incantation,Theodorix's Magma,7011.0,70110.0,Theodorix's Magma,1.0,45.0,0.0,60.0,0.0,0.0,21.0,14.0,,0.0,0.0,315.0,0.0,0.0,,,FALSE,FALSE,FALSE,FALSE,,,,,,,,,,,,,,,,,,,,25.0,123.0,Dragon Communion,Magma Attack,Dragon Communion & Magma Attack,Dragon Communion Seal,,1.15,,Dragon Communion Seal; 1.15x,,Breath Attack,Magma Attack,,,Breath Attack & Magma Attack,60.0,,,,
Incantation,Theodorix's Magma,7011.0,70111.0,Theodorix's Magma,1.0,45.0,0.0,60.0,0.0,0.0,21.0,14.0,,0.0,0.0,40.0,0.0,0.0,,,FALSE,FALSE,FALSE,FALSE,,,,,,,,,,,,,,,,,,,,25.0,123.0,Dragon Communion,Magma Attack,Dragon Communion & Magma Attack,Dragon Communion Seal,,1.15,,Dragon Communion Seal; 1.15x,,,Magma Attack,,,Magma Attack,60.0,,,,
Incantation,Theodorix's Magma,7011.0,70112.0,Theodorix's Magma,1.0,45.0,0.0,60.0,0.0,0.0,21.0,14.0,,0.0,0.0,315.0,0.0,0.0,,,FALSE,FALSE,FALSE,FALSE,,,,,,,,,,,,,,,,,,,,25.0,123.0,Dragon Communion,Magma Attack,Dragon Communion & Magma Attack,Dragon Communion Seal,,1.15,,Dragon Communion Seal; 1.15x,,Breath Attack,Magma Attack,,,Breath Attack & Magma Attack,60.0,,,,
Incantation,Glintstone Breath,7040.0,70400.0,Glintstone Breath,1.0,28.0,4.0,40.0,0.0,0.0,15.0,12.0,,0.0,159.0,0.0,0.0,0.0,,,FALSE,FALSE,FALSE,FALSE,,,,,,,,,,,,,,,,,,,,25.0,0.0,Dragon Communion,,Dragon Communion,Dragon Communion Seal,,1.15,,Dragon Communion Seal; 1.15x,,Breath Attack,,,,Breath Attack,40.0,,,,
Incantation,Smarag's Glintstone Breath,7041.0,70410.0,Smarag's Glintstone Breath,1.0,36.0,6.0,60.0,0.0,0.0,23.0,15.0,,0.0,188.0,0.0,0.0,0.0,,,FALSE,FALSE,FALSE,FALSE,,,,,,,,,,,,,,,,,,,,25.0,0.0,Dragon Communion,,Dragon Communion,Dragon Communion Seal,,1.15,,Dragon Communion Seal; 1.15x,,Breath Attack,,,,Breath Attack,60.0,,,,
Incantation,Rotten Breath,7030.0,70300.0,Rotten Breath,1.0,36.0,4.0,48.0,0.0,0.0,15.0,12.0,,131.0,0.0,0.0,0.0,0.0,,,FALSE,FALSE,FALSE,FALSE,,,,,,,,,,,,,,,1703000.0,,FALSE,,Target loses ⌊MaxHP * 0.0033⌋ + 13 HP/s for 90 seconds on proc,25.0,0.0,Dragon Communion,,Dragon Communion,Dragon Communion Seal,,1.15,,Dragon Communion Seal; 1.15x,,Breath Attack,,,,Breath Attack,48.0,Scarlet Rot,65.0,65.0,
Incantation,Ekzykes's Decay,7031.0,70310.0,Ekzykes's Decay,1.0,48.0,6.0,60.0,0.0,0.0,23.0,15.0,,155.0,0.0,0.0,0.0,0.0,,,FALSE,FALSE,FALSE,FALSE,,,,,,,,,,,,,,,1703100.0,,FALSE,,Target loses ⌊MaxHP * 0.0033⌋ + 13 HP/s for 90 seconds on proc,25.0,0.0,Dragon Communion,,Dragon Communion,Dragon Communion Seal,,1.15,,Dragon Communion Seal; 1.15x,,Breath Attack,,,,Breath Attack,60.0,Scarlet Rot,65.0,65.0,
Incantation,Dragonice,7020.0,70200.0,Dragonice,1.0,36.0,4.0,48.0,0.0,0.0,15.0,12.0,,0.0,135.0,0.0,0.0,0.0,,,FALSE,FALSE,FALSE,FALSE,,,,,,,,,,,,,,,1702000.0,,FALSE,,Target loses ⌊MaxHP * 0.1⌋ + 30 HP on proc; target damage negation decreased by -20% for 30 seconds,25.0,0.0,Dragon Communion,,Dragon Communion,Dragon Communion Seal,,1.15,,Dragon Communion Seal; 1.15x,,Breath Attack,,,,Breath Attack,48.0,Frost,110.0,110.0,
Incantation,Borealis's Mist,7021.0,70210.0,Borealis's Mist,1.0,48.0,6.0,60.0,0.0,0.0,23.0,15.0,,0.0,158.0,0.0,0.0,0.0,,,FALSE,FALSE,FALSE,FALSE,,,,,,,,,,,,,,,1702100.0,,FALSE,,Target loses ⌊MaxHP * 0.1⌋ + 30 HP on proc; target damage negation decreased by -20% for 30 seconds,25.0,0.0,Dragon Communion,,Dragon Communion,Dragon Communion Seal,,1.15,,Dragon Communion Seal; 1.15x,,Breath Attack,,,,Breath Attack,60.0,Frost,110.0,110.0,
Incantation,Ghostflame Breath,2007020.0,210702000.0,Ghostflame Breath,1.0,36.0,6.0,60.0,0.0,0.0,23.0,15.0,,0.0,168.0,0.0,0.0,0.0,,,FALSE,FALSE,FALSE,FALSE,,,,,,,,,,,,,,,21702000.0,,FALSE,,Target loses ⌊MaxHP * 0.1⌋ + 30 HP on proc; target damage negation decreased by -20% for 30 seconds,25.0,0.0,Dragon Communion,,Dragon Communion,Dragon Communion Seal,,1.15,,Dragon Communion Seal; 1.15x,,Dragon Communion,Breath Attack,,,Dragon Communion & Breath Attack,60.0,Frost,55.0,55.0,
Incantation,Placidusax's Ruin,7050.0,70502.0,Placidusax's Ruin - Startup AoE,3.0,62.0,0.0,75.0,0.0,0.0,36.0,0.0,,0.0,0.0,0.0,241.0,0.0,,,FALSE,FALSE,FALSE,FALSE,,,,,,,10705010.0,,3.0,4.5,,,4.5,,,,,,,0.0,0.0,,,,,,,,,,,,,,,75.0,,,,
Incantation,Placidusax's Ruin,7050.0,70500.0,Placidusax's Ruin - Laser,3.0,62.0,0.0,75.0,0.0,0.0,36.0,0.0,,0.0,0.0,356.0,0.0,0.0,,,FALSE,FALSE,FALSE,FALSE,,,,,,,10705000.0,,0.5,0.0,,,0.5,,,,,,,0.0,0.0,,,,,,,,,,Breath Attack,,,,Breath Attack,75.0,,,,
Incantation,Placidusax's Ruin,7050.0,70501.0,Placidusax's Ruin - Laser (Impact AoE),3.0,62.0,0.0,75.0,0.0,0.0,36.0,0.0,,0.0,0.0,356.0,0.0,0.0,,,FALSE,FALSE,FALSE,FALSE,,,,,,,10705001.0,,1.5,-1.0,,,1.5,,,,,,,0.0,0.0,,,,,,,,,,Breath Attack,,,,Breath Attack,75.0,,,,
Incantation,Dragonclaw,7060.0,70600.0,Dragonclaw #1 - Direct,1.0,24.0,0.0,35.0,0.0,0.0,17.0,13.0,,395.0,0.0,0.0,0.0,0.0,,,FALSE,FALSE,FALSE,FALSE,,,,,,,,,,,,,,,,,,,,25.0,0.0,Dragon Communion,,Dragon Communion,Dragon Communion Seal,,1.15,,Dragon Communion Seal; 1.15x,,,,,,,35.0,,,,
Incantation,Dragonclaw,7060.0,70601.0,Dragonclaw #2 - Direct,1.0,24.0,0.0,35.0,0.0,0.0,17.0,13.0,,410.0,0.0,0.0,0.0,0.0,,,FALSE,FALSE,FALSE,FALSE,,,,,,,,,,,,,,,,,,,,25.0,0.0,Dragon Communion,,Dragon Communion,Dragon Communion Seal,,1.15,,Dragon Communion Seal; 1.15x,,,,,,,35.0,,,,
Incantation,Dragonclaw,7060.0,70602.0,Dragonclaw #1 - DIrect (Offhand),1.0,24.0,0.0,35.0,0.0,0.0,17.0,13.0,,395.0,0.0,0.0,0.0,0.0,,,FALSE,FALSE,FALSE,FALSE,,,,,,,,,,,,,,,,,,,,25.0,0.0,Dragon Communion,,Dragon Communion,Dragon Communion Seal,,1.15,,Dragon Communion Seal; 1.15x,,,,,,,35.0,,,,
Incantation,Dragonclaw,7060.0,70603.0,Dragonclaw #2 - Direct (Offhand),1.0,24.0,0.0,35.0,0.0,0.0,17.0,13.0,,410.0,0.0,0.0,0.0,0.0,,,FALSE,FALSE,FALSE,FALSE,,,,,,,,,,,,,,,,,,,,25.0,0.0,Dragon Communion,,Dragon Communion,Dragon Communion Seal,,1.15,,Dragon Communion Seal; 1.15x,,,,,,,35.0,,,,
Incantation,Dragonclaw,7060.0,70605.0,Dragonclaw #1 - Indirect,1.0,24.0,0.0,35.0,0.0,0.0,17.0,13.0,,253.0,0.0,0.0,0.0,0.0,,,FALSE,FALSE,FALSE,FALSE,,,,,,,10706001.0,,3.0,-1.0,,,3.0,,,,,,,25.0,0.0,Dragon Communion,,Dragon Communion,Dragon Communion Seal,,1.15,,Dragon Communion Seal; 1.15x,,,,,,,35.0,,,,
Incantation,Dragonclaw,7060.0,70606.0,Dragonclaw #2 - Indirect,1.0,24.0,0.0,35.0,0.0,0.0,17.0,13.0,,263.0,0.0,0.0,0.0,0.0,,,FALSE,FALSE,FALSE,FALSE,,,,,,,10706003.0,,4.0,-1.0,,,4.0,,,,,,,25.0,0.0,Dragon Communion,,Dragon Communion,Dragon Communion Seal,,1.15,,Dragon Communion Seal; 1.15x,,,,,,,35.0,,,,
Incantation,Dragonmaw,7080.0,70800.0,Dragonmaw,1.0,34.0,0.0,50.0,0.0,0.0,24.0,16.0,,628.0,0.0,0.0,0.0,0.0,,,FALSE,FALSE,FALSE,FALSE,,,,,,,,,,,,,,,,,,,,25.0,0.0,Dragon Communion,,Dragon Communion,Dragon Communion Seal,,1.15,,Dragon Communion Seal; 1.15x,,,,,,,50.0,,,,
Incantation,Greyoll's Roar,7090.0,70900.0,Greyoll's Roar,2.0,50.0,0.0,72.0,0.0,0.0,28.0,17.0,,320.0,0.0,0.0,0.0,0.0,,,FALSE,FALSE,FALSE,FALSE,,,,,1709000.0,,10709000.0,,5.0,7.0,Decreases target(s) damage by 0.85x and damage negation by -10%,60.0,7.0,FALSE,,,,,,25.0,0.0,Dragon Communion,,Dragon Communion,Dragon Communion Seal,,1.15,,Dragon Communion Seal; 1.15x,,Breath Attack,,,,Breath Attack,72.0,,,,
Incantation,Bayle's Tyranny,2007000.0,210700001.0,Bayle's Tyranny - Startup Lightning,2.0,46.0,0.0,72.0,0.0,0.0,0.0,49.0,,0.0,0.0,50.0,20.0,0.0,,,FALSE,FALSE,FALSE,FALSE,,,,,,,210700000.0,,3.0,5.0,,,5.0,,,,,,,25.0,123.0,Dragon Communion,Magma Attack,Dragon Communion & Magma Attack,Dragon Communion Seal,,1.15,,Dragon Communion Seal; 1.15x,,Dragon Communion,Magma Attack,,,Dragon Communion & Magma Attack,72.0,,,,
Incantation,Bayle's Tyranny,2007000.0,210700000.0,Bayle's Tyranny - Exposions,2.0,46.0,0.0,72.0,0.0,0.0,0.0,49.0,,0.0,0.0,325.0,210.0,0.0,,,FALSE,FALSE,FALSE,FALSE,,,,,,,210700004.0,,2.2,2.2,,,2.2,,,,,,,25.0,123.0,Dragon Communion,Magma Attack,Dragon Communion & Magma Attack,Dragon Communion Seal,,1.15,,Dragon Communion Seal; 1.15x,,Dragon Communion,Magma Attack,,,Dragon Communion & Magma Attack,72.0,,,,
Incantation,Bayle's Flame Lightning,2007010.0,210701000.0,Bayle's Flame Lightning - Arm,2.0,43.0,0.0,35.0,0.0,0.0,0.0,53.0,,280.0,0.0,220.0,280.0,0.0,,,FALSE,FALSE,FALSE,FALSE,,,,,,,,,,,,,,,,,,,,25.0,0.0,Dragon Communion,,Dragon Communion,Dragon Communion Seal,,1.15,,Dragon Communion Seal; 1.15x,,Dragon Communion,,,,Dragon Communion,35.0,,,,
Incantation,Bayle's Flame Lightning,2007010.0,210701001.0,Bayle's Flame Lightning - Lightning [1],2.0,43.0,0.0,35.0,0.0,0.0,0.0,53.0,,0.0,0.0,30.0,15.0,0.0,,,FALSE,FALSE,FALSE,FALSE,,,,,,,210701002.0,,2.5,2.5,,,2.5,,,,,,,25.0,0.0,Dragon Communion,,Dragon Communion,Dragon Communion Seal,,1.15,,Dragon Communion Seal; 1.15x,,Dragon Communion,,,,Dragon Communion,35.0,,,,
Incantation,Bayle's Flame Lightning,2007010.0,210701002.0,Bayle's Flame Lightning - Lightning [2],2.0,43.0,0.0,35.0,0.0,0.0,0.0,53.0,,0.0,0.0,150.0,200.0,0.0,,,FALSE,FALSE,FALSE,FALSE,,,,,,,210701003.0,,2.0,2.0,,,2.0,,,,,,,25.0,0.0,Dragon Communion,,Dragon Communion,Dragon Communion Seal,,1.15,,Dragon Communion Seal; 1.15x,,Dragon Communion,,,,Dragon Communion,35.0,,,,
Incantation,Golden Arcs,2007700.0,210770000.0,Golden Arcs,1.0,12.0,12.0,20.0,26.0,0.0,22.0,0.0,,0.0,0.0,0.0,0.0,80.0,,,FALSE,FALSE,FALSE,FALSE,,,,,,,,,,,,,,,,,,,,36.0,0.0,Spiral,,Spiral,Spiraltree Seal,,1.2,,Spiraltree Seal; 1.2x,,Spiral,,,,Spiral,20.0,,,,
Incantation,Golden Arcs,2007700.0,210770050.0,Golden Arcs - Charged,1.0,12.0,12.0,20.0,26.0,0.0,22.0,0.0,,0.0,0.0,0.0,0.0,95.0,,,FALSE,FALSE,FALSE,FALSE,,,,,,,,,,,,,,,,,,,,36.0,0.0,Spiral,,Spiral,Spiraltree Seal,,1.2,,Spiraltree Seal; 1.2x,,Spiral,Charged Spell,,,Spiral & Charged Spell,26.0,,,,
Incantation,Giant Golden Arc,2007710.0,210771000.0,Giant Golden Arc,1.0,24.0,24.0,20.0,26.0,0.0,34.0,0.0,,0.0,0.0,0.0,0.0,215.0,,,FALSE,FALSE,FALSE,FALSE,,,,,,,,,,,,,,,,,,,,36.0,0.0,Spiral,,Spiral,Spiraltree Seal,,1.2,,Spiraltree Seal; 1.2x,,Spiral,,,,Spiral,20.0,,,,
Incantation,Giant Golden Arc,2007710.0,210771050.0,Giant Golden Arc - Charged,1.0,24.0,24.0,20.0,26.0,0.0,34.0,0.0,,0.0,0.0,0.0,0.0,265.0,,,FALSE,FALSE,FALSE,FALSE,,,,,,,,,,,,,,,,,,,,36.0,0.0,Spiral,,Spiral,Spiraltree Seal,,1.2,,Spiraltree Seal; 1.2x,,Spiral,Charged Spell,,,Spiral & Charged Spell,26.0,,,,
Incantation,Spira,2007720.0,210772000.0,Spira,2.0,10.0,10.0,14.0,0.0,0.0,48.0,0.0,,0.0,0.0,0.0,0.0,160.0,,,FALSE,FALSE,FALSE,FALSE,,,,,,,210772003.0,,1.0,1.0,,,1.0,,,,,,,36.0,0.0,Spiral,,Spiral,Spiraltree Seal,,1.2,,Spiraltree Seal; 1.2x,,Spiral,,,,Spiral,14.0,,,,
Incantation,Watchful Spirit,2007600.0,210760000.0,Watchful Spirit,1.0,12.0,0.0,20.0,0.0,0.0,26.0,0.0,,0.0,0.0,0.0,0.0,100.0,,,FALSE,FALSE,FALSE,FALSE,,,,,,,,,,,,,,,,,,,,32.0,0.0,Watchful / Vengeful Spirits,,Watchful / Vengeful Spirits,,,,,,,,,,,,20.0,,,,
Incantation,Divine Bird Feathers,2007740.0,210774000.0,Divine Bird Feathers,1.0,3.0,3.0,3.0,0.0,0.0,24.0,0.0,,42.0,0.0,0.0,0.0,0.0,,,FALSE,FALSE,FALSE,FALSE,,,,,,,,,,,,,,,,,,,,35.0,0.0,Divine Bird Feathers,,Divine Bird Feathers,,,,,,,,,,,,3.0,,,,
Incantation,Divine Beast Tornado,2007730.0,210773010.0,Divine Beast Tornado - Casting AoE,1.0,24.0,24.0,20.0,26.0,0.0,28.0,0.0,,0.0,0.0,0.0,0.0,0.0,,,FALSE,FALSE,FALSE,FALSE,,,,,,,210773010.0,,2.0,2.5,,,2.5,,,,,,,0.0,0.0,,,,,,,,,,,Storm Attack,,,Storm Attack,20.0,,,,
Incantation,Divine Beast Tornado,2007730.0,210773000.0,Divine Beast Tornado,1.0,24.0,24.0,20.0,26.0,0.0,28.0,0.0,,220.0,0.0,0.0,0.0,0.0,,,FALSE,FALSE,FALSE,FALSE,,,,,,,210773001.0,,1.8,1.0,,,1.8,,,,,,,0.0,0.0,,,,,,,,,,,Storm Attack,,,Storm Attack,20.0,,,,
Incantation,Divine Beast Tornado,2007730.0,210773050.0,Divine Beast Tornado - Charged,1.0,24.0,24.0,20.0,26.0,0.0,28.0,0.0,,275.0,0.0,0.0,0.0,0.0,,,FALSE,FALSE,FALSE,FALSE,,,,,,,210773051.0,,3.2,3.0,,,3.2,,,,,,,0.0,0.0,,,,,,,,,,Charged Spell,Storm Attack,,,Charged Spell & Storm Attack,26.0,,,,
