ID,Name,physicsAtkRate,magicAtkRate,fireAtkRate,thunderAtkRate,staminaAtkRate,saWeaponAtkRate,saDurabilityRate,correctStrengthRate,correctAgilityRate,correctMagicRate,correctFaithRate,physicsGuardCutRate,magicGuardCutRate,fireGuardCutRate,thunderGuardCutRate,poisonGuardResistRate,diseaseGuardResistRate,bloodGuardResistRate,curseGuardResistRate,staminaGuardDefRate,spEffectId1,spEffectId2,spEffectId3,darkAtkRate,darkGuardCutRate,correctLuckRate,freezeGuardDefRate,sleepGuardDefRate,madnessGuardDefRate,baseAtkRate
,,(物理攻撃力基本値 - 物理攻撃力の補正値),(魔法攻撃力基本値 - 魔法攻撃力の補正値),(炎攻撃力基本値 - 炎攻撃力の補正値),(電撃攻撃力基本値 - 電撃攻撃力の補正値),(スタミナ攻撃力 - スタミナ攻撃力の補正値),(SA武器攻撃力 - スーパーアーマー武器攻撃色の補正値),(SA耐久値 - SA耐久力の補正値),(筋力補正 - 筋力補正の補正値),(俊敏補正 - 俊敏補正の補正値),(魔力補正 - 魔力補正の補正値),(信仰補正 - 信仰補正の補正値),(ガード時物理攻撃カット率 - ガード時物理攻撃カット率の補正値),(ガード時魔法攻撃カット率 - ガード時魔法攻撃カット率の補正値),(ガード時炎攻撃カット率 - ガード時炎攻撃カット率の補正値),(ガード時電撃攻撃カット率 - ガード時電撃攻撃カット率の補正値),(ガード時毒攻撃カット率 - ガード時毒攻撃カット率の補正値),(ガード時疫病攻撃カット率 - ガード時疫病攻撃カット率の補正値),(ガード時出血攻撃カット率 - ガード時出血攻撃カット率の補正値),(ガード時呪攻撃カット率 - ガード時呪い攻撃カット率の補正値),(ガード時スタミナ防御力 - ガード時スタミナ防御力の補正値),(特殊効果ID1 - 特殊効果ID1の加算補正値),(特殊効果ID2 - 特殊効果ID2の加算補正値),(特殊効果ID3 - 特殊効果ID3の加算補正値),(闇攻撃力基本値 - 闇攻撃力の補正値),(ガード時闇攻撃カット率 - ガード時闇攻撃カット率の補正値),(運補正 - 運補正の補正値),(ガード時冷気攻撃カット率 - ガード時冷気攻撃カット率の補正値),(ガード時睡眠攻撃カット率 - ガード時睡眠攻撃カット率の補正値),(ガード時発狂攻撃カット率 - ガード時発狂攻撃カット率の補正値),(加算攻撃力倍率 - 加算攻撃力倍率)
0.0,Default,1.0,1.0,1.0,1.0,1.0,1.0,1.0,1.0,1.0,1.0,1.0,1.0,1.0,1.0,1.0,1.0,1.0,1.0,1.0,1.0,0.0,0.0,0.0,1.0,1.0,1.0,1.0,1.0,1.0,1.0
1.0,,1.058,1.058,1.058,1.058,1.04,1.0,1.0,1.02,1.02,1.04,1.04,1.0,1.0,1.0,1.0,1.0,1.0,1.0,1.0,1.01,0.0,0.0,0.0,1.058,1.0,1.04,1.0,1.0,1.0,1.12
2.0,,1.116,1.116,1.116,1.116,1.08,1.0,1.0,1.04,1.04,1.08,1.08,1.0,1.0,1.0,1.0,1.0,1.0,1.0,1.0,1.02,0.0,0.0,0.0,1.116,1.0,1.08,1.0,1.0,1.0,1.24
3.0,,1.174,1.174,1.174,1.174,1.12,1.0,1.0,1.06,1.06,1.12,1.12,1.0,1.0,1.0,1.0,1.0,1.0,1.0,1.0,1.03,0.0,0.0,0.0,1.174,1.0,1.12,1.0,1.0,1.0,1.36
4.0,,1.232,1.232,1.232,1.232,1.16,1.0,1.0,1.08,1.08,1.16,1.16,1.0,1.0,1.0,1.0,1.0,1.0,1.0,1.0,1.04,0.0,0.0,0.0,1.232,1.0,1.16,1.0,1.0,1.0,1.48
5.0,,1.29,1.29,1.29,1.29,1.2,1.0,1.0,1.1,1.1,1.2,1.2,1.0,1.0,1.0,1.0,1.0,1.0,1.0,1.0,1.05,0.0,0.0,0.0,1.29,1.0,1.2,1.0,1.0,1.0,1.6
6.0,,1.348,1.348,1.348,1.348,1.24,1.0,1.0,1.12,1.12,1.24,1.24,1.0,1.0,1.0,1.0,1.0,1.0,1.0,1.0,1.06,0.0,0.0,0.0,1.348,1.0,1.24,1.0,1.0,1.0,1.72
7.0,,1.406,1.406,1.406,1.406,1.28,1.0,1.0,1.14,1.14,1.28,1.28,1.0,1.0,1.0,1.0,1.0,1.0,1.0,1.0,1.07,0.0,0.0,0.0,1.406,1.0,1.28,1.0,1.0,1.0,1.84
8.0,,1.464,1.464,1.464,1.464,1.32,1.0,1.0,1.16,1.16,1.32,1.32,1.0,1.0,1.0,1.0,1.0,1.0,1.0,1.0,1.08,0.0,0.0,0.0,1.464,1.0,1.32,1.0,1.0,1.0,1.96
9.0,,1.522,1.522,1.522,1.522,1.36,1.0,1.0,1.18,1.18,1.36,1.36,1.0,1.0,1.0,1.0,1.0,1.0,1.0,1.0,1.09,0.0,0.0,0.0,1.522,1.0,1.36,1.0,1.0,1.0,2.08
10.0,,1.58,1.58,1.58,1.58,1.4,1.0,1.0,1.2,1.2,1.4,1.4,1.0,1.0,1.0,1.0,1.0,1.0,1.0,1.0,1.1,0.0,0.0,0.0,1.58,1.0,1.4,1.0,1.0,1.0,2.2
11.0,,1.638,1.638,1.638,1.638,1.44,1.0,1.0,1.22,1.22,1.43,1.43,1.0,1.0,1.0,1.0,1.0,1.0,1.0,1.0,1.11,0.0,0.0,0.0,1.638,1.0,1.43,1.0,1.0,1.0,2.32
12.0,,1.696,1.696,1.696,1.696,1.48,1.0,1.0,1.24,1.24,1.46,1.46,1.0,1.0,1.0,1.0,1.0,1.0,1.0,1.0,1.12,0.0,0.0,0.0,1.696,1.0,1.46,1.0,1.0,1.0,2.44
13.0,,1.754,1.754,1.754,1.754,1.52,1.0,1.0,1.26,1.26,1.49,1.49,1.0,1.0,1.0,1.0,1.0,1.0,1.0,1.0,1.13,0.0,0.0,0.0,1.754,1.0,1.49,1.0,1.0,1.0,2.56
14.0,,1.812,1.812,1.812,1.812,1.56,1.0,1.0,1.28,1.28,1.52,1.52,1.0,1.0,1.0,1.0,1.0,1.0,1.0,1.0,1.14,0.0,0.0,0.0,1.812,1.0,1.52,1.0,1.0,1.0,2.68
15.0,,1.87,1.87,1.87,1.87,1.6,1.0,1.0,1.3,1.3,1.55,1.55,1.0,1.0,1.0,1.0,1.0,1.0,1.0,1.0,1.15,0.0,0.0,0.0,1.87,1.0,1.55,1.0,1.0,1.0,2.8
16.0,,1.928,1.928,1.928,1.928,1.64,1.0,1.0,1.32,1.32,1.58,1.58,1.0,1.0,1.0,1.0,1.0,1.0,1.0,1.0,1.16,0.0,0.0,0.0,1.928,1.0,1.58,1.0,1.0,1.0,2.92
17.0,,1.986,1.986,1.986,1.986,1.68,1.0,1.0,1.34,1.34,1.61,1.61,1.0,1.0,1.0,1.0,1.0,1.0,1.0,1.0,1.16,0.0,0.0,0.0,1.986,1.0,1.61,1.0,1.0,1.0,3.04
18.0,,2.044,2.044,2.044,2.044,1.72,1.0,1.0,1.36,1.36,1.64,1.64,1.0,1.0,1.0,1.0,1.0,1.0,1.0,1.0,1.17,0.0,0.0,0.0,2.044,1.0,1.64,1.0,1.0,1.0,3.16
19.0,,2.102,2.102,2.102,2.102,1.76,1.0,1.0,1.38,1.38,1.67,1.67,1.0,1.0,1.0,1.0,1.0,1.0,1.0,1.0,1.17,0.0,0.0,0.0,2.102,1.0,1.67,1.0,1.0,1.0,3.28
20.0,,2.16,2.16,2.16,2.16,1.8,1.0,1.0,1.4,1.4,1.7,1.7,1.0,1.0,1.0,1.0,1.0,1.0,1.0,1.0,1.18,0.0,0.0,0.0,2.16,1.0,1.7,1.0,1.0,1.0,3.4
21.0,,2.218,2.218,2.218,2.218,1.84,1.0,1.0,1.42,1.42,1.72,1.72,1.0,1.0,1.0,1.0,1.0,1.0,1.0,1.0,1.18,0.0,0.0,0.0,2.218,1.0,1.72,1.0,1.0,1.0,3.52
22.0,,2.276,2.276,2.276,2.276,1.88,1.0,1.0,1.44,1.44,1.74,1.74,1.0,1.0,1.0,1.0,1.0,1.0,1.0,1.0,1.18,0.0,0.0,0.0,2.276,1.0,1.74,1.0,1.0,1.0,3.64
23.0,,2.334,2.334,2.334,2.334,1.92,1.0,1.0,1.46,1.46,1.76,1.76,1.0,1.0,1.0,1.0,1.0,1.0,1.0,1.0,1.19,0.0,0.0,0.0,2.334,1.0,1.76,1.0,1.0,1.0,3.76
24.0,,2.392,2.392,2.392,2.392,1.96,1.0,1.0,1.48,1.48,1.78,1.78,1.0,1.0,1.0,1.0,1.0,1.0,1.0,1.0,1.19,0.0,0.0,0.0,2.392,1.0,1.78,1.0,1.0,1.0,3.88
25.0,,2.45,2.45,2.45,2.45,2.0,1.0,1.0,1.5,1.5,1.8,1.8,1.0,1.0,1.0,1.0,1.0,1.0,1.0,1.0,1.2,0.0,0.0,0.0,2.45,1.0,1.8,1.0,1.0,1.0,4.0
100.0,Heavy - High,0.95,0.95,0.95,0.95,1.0,1.0,1.0,1.8,0.0,1.0,1.0,1.0,1.0,1.0,1.0,1.0,1.0,1.0,1.0,1.0,0.0,0.0,0.0,0.95,1.0,1.0,1.0,1.0,1.0,1.0
101.0,,1.006,1.006,1.006,1.006,1.04,1.0,1.0,1.85,0.0,1.04,1.04,1.0,1.0,1.0,1.0,1.0,1.0,1.0,1.0,1.01,0.0,0.0,0.0,1.006,1.0,1.04,1.0,1.0,1.0,1.12
102.0,,1.062,1.062,1.062,1.062,1.08,1.0,1.0,1.9,0.0,1.08,1.08,1.0,1.0,1.0,1.0,1.0,1.0,1.0,1.0,1.01,0.0,0.0,0.0,1.062,1.0,1.08,1.0,1.0,1.0,1.24
103.0,,1.118,1.118,1.118,1.118,1.12,1.0,1.0,1.95,0.0,1.12,1.12,1.0,1.0,1.0,1.0,1.0,1.0,1.0,1.0,1.02,0.0,0.0,0.0,1.118,1.0,1.12,1.0,1.0,1.0,1.36
104.0,,1.174,1.174,1.174,1.174,1.16,1.0,1.0,2.0,0.0,1.16,1.16,1.0,1.0,1.0,1.0,1.0,1.0,1.0,1.0,1.02,0.0,0.0,0.0,1.174,1.0,1.16,1.0,1.0,1.0,1.48
105.0,,1.23,1.23,1.23,1.23,1.2,1.0,1.0,2.05,0.0,1.2,1.2,1.0,1.0,1.0,1.0,1.0,1.0,1.0,1.0,1.03,0.0,0.0,0.0,1.23,1.0,1.2,1.0,1.0,1.0,1.6
106.0,,1.286,1.286,1.286,1.286,1.24,1.0,1.0,2.1,0.0,1.24,1.24,1.0,1.0,1.0,1.0,1.0,1.0,1.0,1.0,1.03,0.0,0.0,0.0,1.286,1.0,1.24,1.0,1.0,1.0,1.72
107.0,,1.342,1.342,1.342,1.342,1.28,1.0,1.0,2.15,0.0,1.28,1.28,1.0,1.0,1.0,1.0,1.0,1.0,1.0,1.0,1.04,0.0,0.0,0.0,1.342,1.0,1.28,1.0,1.0,1.0,1.84
108.0,,1.398,1.398,1.398,1.398,1.32,1.0,1.0,2.2,0.0,1.32,1.32,1.0,1.0,1.0,1.0,1.0,1.0,1.0,1.0,1.04,0.0,0.0,0.0,1.398,1.0,1.32,1.0,1.0,1.0,1.96
109.0,,1.454,1.454,1.454,1.454,1.36,1.0,1.0,2.25,0.0,1.36,1.36,1.0,1.0,1.0,1.0,1.0,1.0,1.0,1.0,1.04,0.0,0.0,0.0,1.454,1.0,1.36,1.0,1.0,1.0,2.08
110.0,,1.51,1.51,1.51,1.51,1.4,1.0,1.0,2.3,0.0,1.4,1.4,1.0,1.0,1.0,1.0,1.0,1.0,1.0,1.0,1.05,0.0,0.0,0.0,1.51,1.0,1.4,1.0,1.0,1.0,2.2
111.0,,1.566,1.566,1.566,1.566,1.44,1.0,1.0,2.34,0.0,1.43,1.43,1.0,1.0,1.0,1.0,1.0,1.0,1.0,1.0,1.05,0.0,0.0,0.0,1.566,1.0,1.43,1.0,1.0,1.0,2.32
112.0,,1.622,1.622,1.622,1.622,1.48,1.0,1.0,2.38,0.0,1.46,1.46,1.0,1.0,1.0,1.0,1.0,1.0,1.0,1.0,1.05,0.0,0.0,0.0,1.622,1.0,1.46,1.0,1.0,1.0,2.44
113.0,,1.678,1.678,1.678,1.678,1.52,1.0,1.0,2.42,0.0,1.49,1.49,1.0,1.0,1.0,1.0,1.0,1.0,1.0,1.0,1.06,0.0,0.0,0.0,1.678,1.0,1.49,1.0,1.0,1.0,2.56
114.0,,1.734,1.734,1.734,1.734,1.56,1.0,1.0,2.46,0.0,1.52,1.52,1.0,1.0,1.0,1.0,1.0,1.0,1.0,1.0,1.06,0.0,0.0,0.0,1.734,1.0,1.52,1.0,1.0,1.0,2.68
115.0,,1.79,1.79,1.79,1.79,1.6,1.0,1.0,2.5,0.0,1.55,1.55,1.0,1.0,1.0,1.0,1.0,1.0,1.0,1.0,1.06,0.0,0.0,0.0,1.79,1.0,1.55,1.0,1.0,1.0,2.8
116.0,,1.846,1.846,1.846,1.846,1.64,1.0,1.0,2.54,0.0,1.58,1.58,1.0,1.0,1.0,1.0,1.0,1.0,1.0,1.0,1.07,0.0,0.0,0.0,1.846,1.0,1.58,1.0,1.0,1.0,2.92
117.0,,1.902,1.902,1.902,1.902,1.68,1.0,1.0,2.58,0.0,1.61,1.61,1.0,1.0,1.0,1.0,1.0,1.0,1.0,1.0,1.07,0.0,0.0,0.0,1.902,1.0,1.61,1.0,1.0,1.0,3.04
118.0,,1.958,1.958,1.958,1.958,1.72,1.0,1.0,2.62,0.0,1.64,1.64,1.0,1.0,1.0,1.0,1.0,1.0,1.0,1.0,1.07,0.0,0.0,0.0,1.958,1.0,1.64,1.0,1.0,1.0,3.16
119.0,,2.014,2.014,2.014,2.014,1.76,1.0,1.0,2.66,0.0,1.67,1.67,1.0,1.0,1.0,1.0,1.0,1.0,1.0,1.0,1.08,0.0,0.0,0.0,2.014,1.0,1.67,1.0,1.0,1.0,3.28
120.0,,2.07,2.07,2.07,2.07,1.8,1.0,1.0,2.7,0.0,1.7,1.7,1.0,1.0,1.0,1.0,1.0,1.0,1.0,1.0,1.08,0.0,0.0,0.0,2.07,1.0,1.7,1.0,1.0,1.0,3.4
121.0,,2.126,2.126,2.126,2.126,1.84,1.0,1.0,2.72,0.0,1.72,1.72,1.0,1.0,1.0,1.0,1.0,1.0,1.0,1.0,1.08,0.0,0.0,0.0,2.126,1.0,1.72,1.0,1.0,1.0,3.52
122.0,,2.182,2.182,2.182,2.182,1.88,1.0,1.0,2.74,0.0,1.74,1.74,1.0,1.0,1.0,1.0,1.0,1.0,1.0,1.0,1.09,0.0,0.0,0.0,2.182,1.0,1.74,1.0,1.0,1.0,3.64
123.0,,2.238,2.238,2.238,2.238,1.92,1.0,1.0,2.76,0.0,1.76,1.76,1.0,1.0,1.0,1.0,1.0,1.0,1.0,1.0,1.09,0.0,0.0,0.0,2.238,1.0,1.76,1.0,1.0,1.0,3.76
124.0,,2.294,2.294,2.294,2.294,1.96,1.0,1.0,2.78,0.0,1.78,1.78,1.0,1.0,1.0,1.0,1.0,1.0,1.0,1.0,1.09,0.0,0.0,0.0,2.294,1.0,1.78,1.0,1.0,1.0,3.88
125.0,,2.35,2.35,2.35,2.35,2.0,1.0,1.0,2.8,0.0,1.8,1.8,1.0,1.0,1.0,1.0,1.0,1.0,1.0,1.0,1.1,0.0,0.0,0.0,2.35,1.0,1.8,1.0,1.0,1.0,4.0
200.0,Keen - High,0.95,0.95,0.95,0.95,1.0,1.0,1.0,0.5,1.8,1.0,1.0,1.0,1.0,1.0,1.0,1.0,1.0,1.0,1.0,1.0,0.0,0.0,0.0,0.95,1.0,1.0,1.0,1.0,1.0,1.0
201.0,,1.006,1.006,1.006,1.006,1.04,1.0,1.0,0.53,1.85,1.04,1.04,1.0,1.0,1.0,1.0,1.0,1.0,1.0,1.0,1.01,0.0,0.0,0.0,1.006,1.0,1.04,1.0,1.0,1.0,1.12
202.0,,1.062,1.062,1.062,1.062,1.08,1.0,1.0,0.56,1.9,1.08,1.08,1.0,1.0,1.0,1.0,1.0,1.0,1.0,1.0,1.01,0.0,0.0,0.0,1.062,1.0,1.08,1.0,1.0,1.0,1.24
203.0,,1.118,1.118,1.118,1.118,1.12,1.0,1.0,0.59,1.95,1.12,1.12,1.0,1.0,1.0,1.0,1.0,1.0,1.0,1.0,1.02,0.0,0.0,0.0,1.118,1.0,1.12,1.0,1.0,1.0,1.36
204.0,,1.174,1.174,1.174,1.174,1.16,1.0,1.0,0.62,2.0,1.16,1.16,1.0,1.0,1.0,1.0,1.0,1.0,1.0,1.0,1.02,0.0,0.0,0.0,1.174,1.0,1.16,1.0,1.0,1.0,1.48
205.0,,1.23,1.23,1.23,1.23,1.2,1.0,1.0,0.65,2.05,1.2,1.2,1.0,1.0,1.0,1.0,1.0,1.0,1.0,1.0,1.03,0.0,0.0,0.0,1.23,1.0,1.2,1.0,1.0,1.0,1.6
206.0,,1.286,1.286,1.286,1.286,1.24,1.0,1.0,0.68,2.1,1.24,1.24,1.0,1.0,1.0,1.0,1.0,1.0,1.0,1.0,1.03,0.0,0.0,0.0,1.286,1.0,1.24,1.0,1.0,1.0,1.72
207.0,,1.342,1.342,1.342,1.342,1.28,1.0,1.0,0.71,2.15,1.28,1.28,1.0,1.0,1.0,1.0,1.0,1.0,1.0,1.0,1.04,0.0,0.0,0.0,1.342,1.0,1.28,1.0,1.0,1.0,1.84
208.0,,1.398,1.398,1.398,1.398,1.32,1.0,1.0,0.74,2.2,1.32,1.32,1.0,1.0,1.0,1.0,1.0,1.0,1.0,1.0,1.04,0.0,0.0,0.0,1.398,1.0,1.32,1.0,1.0,1.0,1.96
209.0,,1.454,1.454,1.454,1.454,1.36,1.0,1.0,0.77,2.25,1.36,1.36,1.0,1.0,1.0,1.0,1.0,1.0,1.0,1.0,1.04,0.0,0.0,0.0,1.454,1.0,1.36,1.0,1.0,1.0,2.08
210.0,,1.51,1.51,1.51,1.51,1.4,1.0,1.0,0.8,2.3,1.4,1.4,1.0,1.0,1.0,1.0,1.0,1.0,1.0,1.0,1.05,0.0,0.0,0.0,1.51,1.0,1.4,1.0,1.0,1.0,2.2
211.0,,1.566,1.566,1.566,1.566,1.44,1.0,1.0,0.82,2.34,1.43,1.43,1.0,1.0,1.0,1.0,1.0,1.0,1.0,1.0,1.05,0.0,0.0,0.0,1.566,1.0,1.43,1.0,1.0,1.0,2.32
212.0,,1.622,1.622,1.622,1.622,1.48,1.0,1.0,0.84,2.38,1.46,1.46,1.0,1.0,1.0,1.0,1.0,1.0,1.0,1.0,1.05,0.0,0.0,0.0,1.622,1.0,1.46,1.0,1.0,1.0,2.44
213.0,,1.678,1.678,1.678,1.678,1.52,1.0,1.0,0.86,2.42,1.49,1.49,1.0,1.0,1.0,1.0,1.0,1.0,1.0,1.0,1.06,0.0,0.0,0.0,1.678,1.0,1.49,1.0,1.0,1.0,2.56
214.0,,1.734,1.734,1.734,1.734,1.56,1.0,1.0,0.88,2.46,1.52,1.52,1.0,1.0,1.0,1.0,1.0,1.0,1.0,1.0,1.06,0.0,0.0,0.0,1.734,1.0,1.52,1.0,1.0,1.0,2.68
215.0,,1.79,1.79,1.79,1.79,1.6,1.0,1.0,0.9,2.5,1.55,1.55,1.0,1.0,1.0,1.0,1.0,1.0,1.0,1.0,1.06,0.0,0.0,0.0,1.79,1.0,1.55,1.0,1.0,1.0,2.8
216.0,,1.846,1.846,1.846,1.846,1.64,1.0,1.0,0.92,2.54,1.58,1.58,1.0,1.0,1.0,1.0,1.0,1.0,1.0,1.0,1.07,0.0,0.0,0.0,1.846,1.0,1.58,1.0,1.0,1.0,2.92
217.0,,1.902,1.902,1.902,1.902,1.68,1.0,1.0,0.94,2.58,1.61,1.61,1.0,1.0,1.0,1.0,1.0,1.0,1.0,1.0,1.07,0.0,0.0,0.0,1.902,1.0,1.61,1.0,1.0,1.0,3.04
218.0,,1.958,1.958,1.958,1.958,1.72,1.0,1.0,0.96,2.62,1.64,1.64,1.0,1.0,1.0,1.0,1.0,1.0,1.0,1.0,1.07,0.0,0.0,0.0,1.958,1.0,1.64,1.0,1.0,1.0,3.16
219.0,,2.014,2.014,2.014,2.014,1.76,1.0,1.0,0.98,2.66,1.67,1.67,1.0,1.0,1.0,1.0,1.0,1.0,1.0,1.0,1.08,0.0,0.0,0.0,2.014,1.0,1.67,1.0,1.0,1.0,3.28
220.0,,2.07,2.07,2.07,2.07,1.8,1.0,1.0,1.0,2.7,1.7,1.7,1.0,1.0,1.0,1.0,1.0,1.0,1.0,1.0,1.08,0.0,0.0,0.0,2.07,1.0,1.7,1.0,1.0,1.0,3.4
221.0,,2.126,2.126,2.126,2.126,1.84,1.0,1.0,1.06,2.72,1.72,1.72,1.0,1.0,1.0,1.0,1.0,1.0,1.0,1.0,1.08,0.0,0.0,0.0,2.126,1.0,1.72,1.0,1.0,1.0,3.52
222.0,,2.182,2.182,2.182,2.182,1.88,1.0,1.0,1.12,2.74,1.74,1.74,1.0,1.0,1.0,1.0,1.0,1.0,1.0,1.0,1.09,0.0,0.0,0.0,2.182,1.0,1.74,1.0,1.0,1.0,3.64
223.0,,2.238,2.238,2.238,2.238,1.92,1.0,1.0,1.18,2.76,1.76,1.76,1.0,1.0,1.0,1.0,1.0,1.0,1.0,1.0,1.09,0.0,0.0,0.0,2.238,1.0,1.76,1.0,1.0,1.0,3.76
224.0,,2.294,2.294,2.294,2.294,1.96,1.0,1.0,1.24,2.78,1.78,1.78,1.0,1.0,1.0,1.0,1.0,1.0,1.0,1.0,1.09,0.0,0.0,0.0,2.294,1.0,1.78,1.0,1.0,1.0,3.88
225.0,,2.35,2.35,2.35,2.35,2.0,1.0,1.0,1.3,2.8,1.8,1.8,1.0,1.0,1.0,1.0,1.0,1.0,1.0,1.0,1.1,0.0,0.0,0.0,2.35,1.0,1.8,1.0,1.0,1.0,4.0
300.0,Quality,0.9,0.9,0.9,0.9,1.0,1.0,1.0,1.0,1.0,1.0,1.0,1.0,1.0,1.0,1.0,1.0,1.0,1.0,1.0,1.0,0.0,0.0,0.0,0.9,1.0,1.0,1.0,1.0,1.0,1.0
301.0,,0.946,0.946,0.946,0.946,1.04,1.0,1.0,1.05,1.05,1.04,1.04,1.0,1.0,1.0,1.0,1.0,1.0,1.0,1.0,1.01,0.0,0.0,0.0,0.946,1.0,1.04,1.0,1.0,1.0,1.12
302.0,,0.992,0.992,0.992,0.992,1.08,1.0,1.0,1.1,1.1,1.08,1.08,1.0,1.0,1.0,1.0,1.0,1.0,1.0,1.0,1.01,0.0,0.0,0.0,0.992,1.0,1.08,1.0,1.0,1.0,1.24
303.0,,1.038,1.038,1.038,1.038,1.12,1.0,1.0,1.15,1.15,1.12,1.12,1.0,1.0,1.0,1.0,1.0,1.0,1.0,1.0,1.02,0.0,0.0,0.0,1.038,1.0,1.12,1.0,1.0,1.0,1.36
304.0,,1.084,1.084,1.084,1.084,1.16,1.0,1.0,1.2,1.2,1.16,1.16,1.0,1.0,1.0,1.0,1.0,1.0,1.0,1.0,1.02,0.0,0.0,0.0,1.084,1.0,1.16,1.0,1.0,1.0,1.48
305.0,,1.13,1.13,1.13,1.13,1.2,1.0,1.0,1.25,1.25,1.2,1.2,1.0,1.0,1.0,1.0,1.0,1.0,1.0,1.0,1.03,0.0,0.0,0.0,1.13,1.0,1.2,1.0,1.0,1.0,1.6
306.0,,1.176,1.176,1.176,1.176,1.24,1.0,1.0,1.3,1.3,1.24,1.24,1.0,1.0,1.0,1.0,1.0,1.0,1.0,1.0,1.03,0.0,0.0,0.0,1.176,1.0,1.24,1.0,1.0,1.0,1.72
307.0,,1.222,1.222,1.222,1.222,1.28,1.0,1.0,1.35,1.35,1.28,1.28,1.0,1.0,1.0,1.0,1.0,1.0,1.0,1.0,1.04,0.0,0.0,0.0,1.222,1.0,1.28,1.0,1.0,1.0,1.84
308.0,,1.268,1.268,1.268,1.268,1.32,1.0,1.0,1.4,1.4,1.32,1.32,1.0,1.0,1.0,1.0,1.0,1.0,1.0,1.0,1.04,0.0,0.0,0.0,1.268,1.0,1.32,1.0,1.0,1.0,1.96
309.0,,1.314,1.314,1.314,1.314,1.36,1.0,1.0,1.45,1.45,1.36,1.36,1.0,1.0,1.0,1.0,1.0,1.0,1.0,1.0,1.04,0.0,0.0,0.0,1.314,1.0,1.36,1.0,1.0,1.0,2.08
310.0,,1.36,1.36,1.36,1.36,1.4,1.0,1.0,1.5,1.5,1.4,1.4,1.0,1.0,1.0,1.0,1.0,1.0,1.0,1.0,1.05,0.0,0.0,0.0,1.36,1.0,1.4,1.0,1.0,1.0,2.2
311.0,,1.406,1.406,1.406,1.406,1.44,1.0,1.0,1.53,1.53,1.43,1.43,1.0,1.0,1.0,1.0,1.0,1.0,1.0,1.0,1.05,0.0,0.0,0.0,1.406,1.0,1.43,1.0,1.0,1.0,2.32
312.0,,1.452,1.452,1.452,1.452,1.48,1.0,1.0,1.56,1.56,1.46,1.46,1.0,1.0,1.0,1.0,1.0,1.0,1.0,1.0,1.05,0.0,0.0,0.0,1.452,1.0,1.46,1.0,1.0,1.0,2.44
313.0,,1.498,1.498,1.498,1.498,1.52,1.0,1.0,1.59,1.59,1.49,1.49,1.0,1.0,1.0,1.0,1.0,1.0,1.0,1.0,1.06,0.0,0.0,0.0,1.498,1.0,1.49,1.0,1.0,1.0,2.56
314.0,,1.544,1.544,1.544,1.544,1.56,1.0,1.0,1.62,1.62,1.52,1.52,1.0,1.0,1.0,1.0,1.0,1.0,1.0,1.0,1.06,0.0,0.0,0.0,1.544,1.0,1.52,1.0,1.0,1.0,2.68
315.0,,1.59,1.59,1.59,1.59,1.6,1.0,1.0,1.65,1.65,1.55,1.55,1.0,1.0,1.0,1.0,1.0,1.0,1.0,1.0,1.06,0.0,0.0,0.0,1.59,1.0,1.55,1.0,1.0,1.0,2.8
316.0,,1.636,1.636,1.636,1.636,1.64,1.0,1.0,1.68,1.68,1.58,1.58,1.0,1.0,1.0,1.0,1.0,1.0,1.0,1.0,1.07,0.0,0.0,0.0,1.636,1.0,1.58,1.0,1.0,1.0,2.92
317.0,,1.682,1.682,1.682,1.682,1.68,1.0,1.0,1.71,1.71,1.61,1.61,1.0,1.0,1.0,1.0,1.0,1.0,1.0,1.0,1.07,0.0,0.0,0.0,1.682,1.0,1.61,1.0,1.0,1.0,3.04
318.0,,1.728,1.728,1.728,1.728,1.72,1.0,1.0,1.74,1.74,1.64,1.64,1.0,1.0,1.0,1.0,1.0,1.0,1.0,1.0,1.07,0.0,0.0,0.0,1.728,1.0,1.64,1.0,1.0,1.0,3.16
319.0,,1.774,1.774,1.774,1.774,1.76,1.0,1.0,1.77,1.77,1.67,1.67,1.0,1.0,1.0,1.0,1.0,1.0,1.0,1.0,1.08,0.0,0.0,0.0,1.774,1.0,1.67,1.0,1.0,1.0,3.28
320.0,,1.82,1.82,1.82,1.82,1.8,1.0,1.0,1.8,1.8,1.7,1.7,1.0,1.0,1.0,1.0,1.0,1.0,1.0,1.0,1.08,0.0,0.0,0.0,1.82,1.0,1.7,1.0,1.0,1.0,3.4
321.0,,1.866,1.866,1.866,1.866,1.84,1.0,1.0,1.82,1.82,1.72,1.72,1.0,1.0,1.0,1.0,1.0,1.0,1.0,1.0,1.08,0.0,0.0,0.0,1.866,1.0,1.72,1.0,1.0,1.0,3.52
322.0,,1.912,1.912,1.912,1.912,1.88,1.0,1.0,1.84,1.84,1.74,1.74,1.0,1.0,1.0,1.0,1.0,1.0,1.0,1.0,1.09,0.0,0.0,0.0,1.912,1.0,1.74,1.0,1.0,1.0,3.64
323.0,,1.958,1.958,1.958,1.958,1.92,1.0,1.0,1.86,1.86,1.76,1.76,1.0,1.0,1.0,1.0,1.0,1.0,1.0,1.0,1.09,0.0,0.0,0.0,1.958,1.0,1.76,1.0,1.0,1.0,3.76
324.0,,2.004,2.004,2.004,2.004,1.96,1.0,1.0,1.88,1.88,1.78,1.78,1.0,1.0,1.0,1.0,1.0,1.0,1.0,1.0,1.09,0.0,0.0,0.0,2.004,1.0,1.78,1.0,1.0,1.0,3.88
325.0,,2.05,2.05,2.05,2.05,2.0,1.0,1.0,1.9,1.9,1.8,1.8,1.0,1.0,1.0,1.0,1.0,1.0,1.0,1.0,1.1,0.0,0.0,0.0,2.05,1.0,1.8,1.0,1.0,1.0,4.0
400.0,Fire,0.8,0.8,0.8,0.8,1.0,1.0,1.0,1.3,0.5,1.0,1.0,0.95,0.95,1.15,1.05,0.95,0.95,0.95,0.95,1.0,0.0,0.0,0.0,0.8,0.95,1.0,0.95,0.95,0.95,1.0
401.0,,0.836,0.836,0.836,0.836,1.04,1.0,1.0,1.34,0.53,1.04,1.04,0.95,0.95,1.15,1.05,0.95,0.95,0.95,0.95,1.0,0.0,0.0,0.0,0.836,0.95,1.04,0.95,0.95,0.95,1.12
402.0,,0.872,0.872,0.872,0.872,1.08,1.0,1.0,1.38,0.56,1.08,1.08,0.95,0.95,1.16,1.06,0.95,0.95,0.95,0.95,1.0,0.0,0.0,0.0,0.872,0.95,1.08,0.95,0.95,0.95,1.24
403.0,,0.908,0.908,0.908,0.908,1.12,1.0,1.0,1.42,0.59,1.12,1.12,0.95,0.95,1.16,1.06,0.95,0.95,0.95,0.95,1.0,0.0,0.0,0.0,0.908,0.95,1.12,0.95,0.95,0.95,1.36
404.0,,0.944,0.944,0.944,0.944,1.16,1.0,1.0,1.46,0.62,1.16,1.16,0.95,0.95,1.17,1.07,0.95,0.95,0.95,0.95,1.0,0.0,0.0,0.0,0.944,0.95,1.16,0.95,0.95,0.95,1.48
405.0,,0.98,0.98,0.98,0.98,1.2,1.0,1.0,1.5,0.65,1.2,1.2,0.95,0.95,1.17,1.07,0.95,0.95,0.95,0.95,1.0,0.0,0.0,0.0,0.98,0.95,1.2,0.95,0.95,0.95,1.6
406.0,,1.016,1.016,1.016,1.016,1.24,1.0,1.0,1.54,0.68,1.24,1.24,0.95,0.95,1.18,1.08,0.95,0.95,0.95,0.95,1.0,0.0,0.0,0.0,1.016,0.95,1.24,0.95,0.95,0.95,1.72
407.0,,1.052,1.052,1.052,1.052,1.28,1.0,1.0,1.58,0.71,1.28,1.28,0.95,0.95,1.18,1.08,0.95,0.95,0.95,0.95,1.0,0.0,0.0,0.0,1.052,0.95,1.28,0.95,0.95,0.95,1.84
408.0,,1.088,1.088,1.088,1.088,1.32,1.0,1.0,1.62,0.74,1.32,1.32,0.95,0.95,1.19,1.09,0.95,0.95,0.95,0.95,1.0,0.0,0.0,0.0,1.088,0.95,1.32,0.95,0.95,0.95,1.96
409.0,,1.124,1.124,1.124,1.124,1.36,1.0,1.0,1.66,0.77,1.36,1.36,0.95,0.95,1.19,1.09,0.95,0.95,0.95,0.95,1.0,0.0,0.0,0.0,1.124,0.95,1.36,0.95,0.95,0.95,2.08
410.0,,1.16,1.16,1.16,1.16,1.4,1.0,1.0,1.7,0.8,1.4,1.4,0.95,0.95,1.2,1.1,0.95,0.95,0.95,0.95,1.0,0.0,0.0,0.0,1.16,0.95,1.4,0.95,0.95,0.95,2.2
411.0,,1.196,1.196,1.196,1.196,1.44,1.0,1.0,1.73,0.83,1.43,1.43,0.95,0.95,1.2,1.1,0.95,0.95,0.95,0.95,1.0,0.0,0.0,0.0,1.196,0.95,1.43,0.95,0.95,0.95,2.32
412.0,,1.232,1.232,1.232,1.232,1.48,1.0,1.0,1.76,0.86,1.46,1.46,0.95,0.95,1.21,1.11,0.95,0.95,0.95,0.95,1.0,0.0,0.0,0.0,1.232,0.95,1.46,0.95,0.95,0.95,2.44
413.0,,1.268,1.268,1.268,1.268,1.52,1.0,1.0,1.79,0.89,1.49,1.49,0.95,0.95,1.21,1.11,0.95,0.95,0.95,0.95,1.0,0.0,0.0,0.0,1.268,0.95,1.49,0.95,0.95,0.95,2.56
414.0,,1.304,1.304,1.304,1.304,1.56,1.0,1.0,1.82,0.92,1.52,1.52,0.95,0.95,1.21,1.11,0.95,0.95,0.95,0.95,1.0,0.0,0.0,0.0,1.304,0.95,1.52,0.95,0.95,0.95,2.68
415.0,,1.34,1.34,1.34,1.34,1.6,1.0,1.0,1.85,0.95,1.55,1.55,0.95,0.95,1.22,1.12,0.95,0.95,0.95,0.95,1.0,0.0,0.0,0.0,1.34,0.95,1.55,0.95,0.95,0.95,2.8
416.0,,1.376,1.376,1.376,1.376,1.64,1.0,1.0,1.88,0.98,1.58,1.58,0.95,0.95,1.22,1.12,0.95,0.95,0.95,0.95,1.0,0.0,0.0,0.0,1.376,0.95,1.58,0.95,0.95,0.95,2.92
417.0,,1.412,1.412,1.412,1.412,1.68,1.0,1.0,1.91,1.01,1.61,1.61,0.95,0.95,1.22,1.12,0.95,0.95,0.95,0.95,1.0,0.0,0.0,0.0,1.412,0.95,1.61,0.95,0.95,0.95,3.04
418.0,,1.448,1.448,1.448,1.448,1.72,1.0,1.0,1.94,1.04,1.64,1.64,0.95,0.95,1.23,1.13,0.95,0.95,0.95,0.95,1.0,0.0,0.0,0.0,1.448,0.95,1.64,0.95,0.95,0.95,3.16
419.0,,1.484,1.484,1.484,1.484,1.76,1.0,1.0,1.97,1.07,1.67,1.67,0.95,0.95,1.23,1.13,0.95,0.95,0.95,0.95,1.0,0.0,0.0,0.0,1.484,0.95,1.67,0.95,0.95,0.95,3.28
420.0,,1.52,1.52,1.52,1.52,1.8,1.0,1.0,2.0,1.1,1.7,1.7,0.95,0.95,1.23,1.13,0.95,0.95,0.95,0.95,1.0,0.0,0.0,0.0,1.52,0.95,1.7,0.95,0.95,0.95,3.4
421.0,,1.556,1.556,1.556,1.556,1.84,1.0,1.0,2.02,1.12,1.72,1.72,0.95,0.95,1.24,1.14,0.95,0.95,0.95,0.95,1.0,0.0,0.0,0.0,1.556,0.95,1.72,0.95,0.95,0.95,3.52
422.0,,1.592,1.592,1.592,1.592,1.88,1.0,1.0,2.04,1.14,1.74,1.74,0.95,0.95,1.24,1.14,0.95,0.95,0.95,0.95,1.0,0.0,0.0,0.0,1.592,0.95,1.74,0.95,0.95,0.95,3.64
423.0,,1.628,1.628,1.628,1.628,1.92,1.0,1.0,2.06,1.16,1.76,1.76,0.95,0.95,1.24,1.14,0.95,0.95,0.95,0.95,1.0,0.0,0.0,0.0,1.628,0.95,1.76,0.95,0.95,0.95,3.76
424.0,,1.664,1.664,1.664,1.664,1.96,1.0,1.0,2.08,1.18,1.78,1.78,0.95,0.95,1.24,1.14,0.95,0.95,0.95,0.95,1.0,0.0,0.0,0.0,1.664,0.95,1.78,0.95,0.95,0.95,3.88
425.0,,1.7,1.7,1.7,1.7,2.0,1.0,1.0,2.1,1.2,1.8,1.8,0.95,0.95,1.25,1.15,0.95,0.95,0.95,0.95,1.0,0.0,0.0,0.0,1.7,0.95,1.8,0.95,0.95,0.95,4.0
500.0,Flame Art,0.85,0.85,0.85,0.85,1.0,1.0,1.0,0.8,0.8,1.0,1.0,0.95,0.95,1.15,1.05,0.95,0.95,0.95,0.95,1.0,0.0,0.0,0.0,0.85,0.95,1.0,0.95,0.95,0.95,1.0
501.0,,0.896,0.896,0.896,0.896,1.04,1.0,1.0,0.85,0.85,1.04,1.07,0.95,0.95,1.15,1.05,0.95,0.95,0.95,0.95,1.0,0.0,0.0,0.0,0.896,0.95,1.04,0.95,0.95,0.95,1.12
502.0,,0.942,0.942,0.942,0.942,1.08,1.0,1.0,0.9,0.9,1.08,1.14,0.95,0.95,1.16,1.06,0.95,0.95,0.95,0.95,1.0,0.0,0.0,0.0,0.942,0.95,1.08,0.95,0.95,0.95,1.24
503.0,,0.988,0.988,0.988,0.988,1.12,1.0,1.0,0.95,0.95,1.12,1.21,0.95,0.95,1.16,1.06,0.95,0.95,0.95,0.95,1.0,0.0,0.0,0.0,0.988,0.95,1.12,0.95,0.95,0.95,1.36
504.0,,1.034,1.034,1.034,1.034,1.16,1.0,1.0,1.0,1.0,1.16,1.28,0.95,0.95,1.17,1.07,0.95,0.95,0.95,0.95,1.0,0.0,0.0,0.0,1.034,0.95,1.16,0.95,0.95,0.95,1.48
505.0,,1.08,1.08,1.08,1.08,1.2,1.0,1.0,1.05,1.05,1.2,1.35,0.95,0.95,1.17,1.07,0.95,0.95,0.95,0.95,1.0,0.0,0.0,0.0,1.08,0.95,1.2,0.95,0.95,0.95,1.6
506.0,,1.126,1.126,1.126,1.126,1.24,1.0,1.0,1.1,1.1,1.24,1.42,0.95,0.95,1.18,1.08,0.95,0.95,0.95,0.95,1.0,0.0,0.0,0.0,1.126,0.95,1.24,0.95,0.95,0.95,1.72
507.0,,1.172,1.172,1.172,1.172,1.28,1.0,1.0,1.15,1.15,1.28,1.49,0.95,0.95,1.18,1.08,0.95,0.95,0.95,0.95,1.0,0.0,0.0,0.0,1.172,0.95,1.28,0.95,0.95,0.95,1.84
508.0,,1.218,1.218,1.218,1.218,1.32,1.0,1.0,1.2,1.2,1.32,1.56,0.95,0.95,1.19,1.09,0.95,0.95,0.95,0.95,1.0,0.0,0.0,0.0,1.218,0.95,1.32,0.95,0.95,0.95,1.96
509.0,,1.264,1.264,1.264,1.264,1.36,1.0,1.0,1.25,1.25,1.36,1.63,0.95,0.95,1.19,1.09,0.95,0.95,0.95,0.95,1.0,0.0,0.0,0.0,1.264,0.95,1.36,0.95,0.95,0.95,2.08
510.0,,1.31,1.31,1.31,1.31,1.4,1.0,1.0,1.3,1.3,1.4,1.7,0.95,0.95,1.2,1.1,0.95,0.95,0.95,0.95,1.0,0.0,0.0,0.0,1.31,0.95,1.4,0.95,0.95,0.95,2.2
511.0,,1.356,1.356,1.356,1.356,1.44,1.0,1.0,1.34,1.34,1.43,1.75,0.95,0.95,1.2,1.1,0.95,0.95,0.95,0.95,1.0,0.0,0.0,0.0,1.356,0.95,1.43,0.95,0.95,0.95,2.32
512.0,,1.402,1.402,1.402,1.402,1.48,1.0,1.0,1.38,1.38,1.46,1.8,0.95,0.95,1.21,1.11,0.95,0.95,0.95,0.95,1.0,0.0,0.0,0.0,1.402,0.95,1.46,0.95,0.95,0.95,2.44
513.0,,1.448,1.448,1.448,1.448,1.52,1.0,1.0,1.42,1.42,1.49,1.85,0.95,0.95,1.21,1.11,0.95,0.95,0.95,0.95,1.0,0.0,0.0,0.0,1.448,0.95,1.49,0.95,0.95,0.95,2.56
514.0,,1.494,1.494,1.494,1.494,1.56,1.0,1.0,1.46,1.46,1.52,1.9,0.95,0.95,1.21,1.11,0.95,0.95,0.95,0.95,1.0,0.0,0.0,0.0,1.494,0.95,1.52,0.95,0.95,0.95,2.68
515.0,,1.54,1.54,1.54,1.54,1.6,1.0,1.0,1.5,1.5,1.55,1.95,0.95,0.95,1.22,1.12,0.95,0.95,0.95,0.95,1.0,0.0,0.0,0.0,1.54,0.95,1.55,0.95,0.95,0.95,2.8
516.0,,1.586,1.586,1.586,1.586,1.64,1.0,1.0,1.54,1.54,1.58,2.0,0.95,0.95,1.22,1.12,0.95,0.95,0.95,0.95,1.0,0.0,0.0,0.0,1.586,0.95,1.58,0.95,0.95,0.95,2.92
517.0,,1.632,1.632,1.632,1.632,1.68,1.0,1.0,1.58,1.58,1.61,2.05,0.95,0.95,1.22,1.12,0.95,0.95,0.95,0.95,1.0,0.0,0.0,0.0,1.632,0.95,1.61,0.95,0.95,0.95,3.04
518.0,,1.678,1.678,1.678,1.678,1.72,1.0,1.0,1.62,1.62,1.64,2.1,0.95,0.95,1.23,1.13,0.95,0.95,0.95,0.95,1.0,0.0,0.0,0.0,1.678,0.95,1.64,0.95,0.95,0.95,3.16
519.0,,1.724,1.724,1.724,1.724,1.76,1.0,1.0,1.66,1.66,1.67,2.15,0.95,0.95,1.23,1.13,0.95,0.95,0.95,0.95,1.0,0.0,0.0,0.0,1.724,0.95,1.67,0.95,0.95,0.95,3.28
520.0,,1.77,1.77,1.77,1.77,1.8,1.0,1.0,1.7,1.7,1.7,2.2,0.95,0.95,1.23,1.13,0.95,0.95,0.95,0.95,1.0,0.0,0.0,0.0,1.77,0.95,1.7,0.95,0.95,0.95,3.4
521.0,,1.816,1.816,1.816,1.816,1.84,1.0,1.0,1.72,1.72,1.72,2.22,0.95,0.95,1.24,1.14,0.95,0.95,0.95,0.95,1.0,0.0,0.0,0.0,1.816,0.95,1.72,0.95,0.95,0.95,3.52
522.0,,1.862,1.862,1.862,1.862,1.88,1.0,1.0,1.74,1.74,1.74,2.24,0.95,0.95,1.24,1.14,0.95,0.95,0.95,0.95,1.0,0.0,0.0,0.0,1.862,0.95,1.74,0.95,0.95,0.95,3.64
523.0,,1.908,1.908,1.908,1.908,1.92,1.0,1.0,1.76,1.76,1.76,2.26,0.95,0.95,1.24,1.14,0.95,0.95,0.95,0.95,1.0,0.0,0.0,0.0,1.908,0.95,1.76,0.95,0.95,0.95,3.76
524.0,,1.954,1.954,1.954,1.954,1.96,1.0,1.0,1.78,1.78,1.78,2.28,0.95,0.95,1.24,1.14,0.95,0.95,0.95,0.95,1.0,0.0,0.0,0.0,1.954,0.95,1.78,0.95,0.95,0.95,3.88
525.0,,2.0,2.0,2.0,2.0,2.0,1.0,1.0,1.8,1.8,1.8,2.3,0.95,0.95,1.25,1.15,0.95,0.95,0.95,0.95,1.0,0.0,0.0,0.0,2.0,0.95,1.8,0.95,0.95,0.95,4.0
600.0,Lightning,0.8,0.8,0.8,0.8,1.0,1.0,1.0,0.5,1.3,1.0,1.0,0.95,0.95,1.05,1.15,0.95,0.95,0.95,0.95,1.0,0.0,0.0,0.0,0.8,0.95,1.0,0.95,0.95,0.95,1.0
601.0,,0.8376,0.8376,0.8376,0.8376,1.04,1.0,1.0,0.53,1.34,1.04,1.04,0.95,0.95,1.05,1.15,0.95,0.95,0.95,0.95,1.0,0.0,0.0,0.0,0.8376,0.95,1.04,0.95,0.95,0.95,1.12
602.0,,0.8752,0.8752,0.8752,0.8752,1.08,1.0,1.0,0.56,1.38,1.08,1.08,0.95,0.95,1.06,1.16,0.95,0.95,0.95,0.95,1.0,0.0,0.0,0.0,0.8752,0.95,1.08,0.95,0.95,0.95,1.24
603.0,,0.9128,0.9128,0.9128,0.9128,1.12,1.0,1.0,0.59,1.42,1.12,1.12,0.95,0.95,1.06,1.16,0.95,0.95,0.95,0.95,1.0,0.0,0.0,0.0,0.9128,0.95,1.12,0.95,0.95,0.95,1.36
604.0,,0.9504,0.9504,0.9504,0.9504,1.16,1.0,1.0,0.62,1.46,1.16,1.16,0.95,0.95,1.07,1.17,0.95,0.95,0.95,0.95,1.0,0.0,0.0,0.0,0.9504,0.95,1.16,0.95,0.95,0.95,1.48
605.0,,0.988,0.988,0.988,0.988,1.2,1.0,1.0,0.65,1.5,1.2,1.2,0.95,0.95,1.07,1.17,0.95,0.95,0.95,0.95,1.0,0.0,0.0,0.0,0.988,0.95,1.2,0.95,0.95,0.95,1.6
606.0,,1.0256,1.0256,1.0256,1.0256,1.24,1.0,1.0,0.68,1.54,1.24,1.24,0.95,0.95,1.08,1.18,0.95,0.95,0.95,0.95,1.0,0.0,0.0,0.0,1.0256,0.95,1.24,0.95,0.95,0.95,1.72
607.0,,1.0632,1.0632,1.0632,1.0632,1.28,1.0,1.0,0.71,1.58,1.28,1.28,0.95,0.95,1.08,1.18,0.95,0.95,0.95,0.95,1.0,0.0,0.0,0.0,1.0632,0.95,1.28,0.95,0.95,0.95,1.84
608.0,,1.1008,1.1008,1.1008,1.1008,1.32,1.0,1.0,0.74,1.62,1.32,1.32,0.95,0.95,1.09,1.19,0.95,0.95,0.95,0.95,1.0,0.0,0.0,0.0,1.1008,0.95,1.32,0.95,0.95,0.95,1.96
609.0,,1.1384,1.1384,1.1384,1.1384,1.36,1.0,1.0,0.77,1.66,1.36,1.36,0.95,0.95,1.09,1.19,0.95,0.95,0.95,0.95,1.0,0.0,0.0,0.0,1.1384,0.95,1.36,0.95,0.95,0.95,2.08
610.0,,1.176,1.176,1.176,1.176,1.4,1.0,1.0,0.8,1.7,1.4,1.4,0.95,0.95,1.1,1.2,0.95,0.95,0.95,0.95,1.0,0.0,0.0,0.0,1.176,0.95,1.4,0.95,0.95,0.95,2.2
611.0,,1.2136,1.2136,1.2136,1.2136,1.44,1.0,1.0,0.83,1.73,1.43,1.43,0.95,0.95,1.1,1.2,0.95,0.95,0.95,0.95,1.0,0.0,0.0,0.0,1.2136,0.95,1.43,0.95,0.95,0.95,2.32
612.0,,1.2512,1.2512,1.2512,1.2512,1.48,1.0,1.0,0.86,1.76,1.46,1.46,0.95,0.95,1.11,1.21,0.95,0.95,0.95,0.95,1.0,0.0,0.0,0.0,1.2512,0.95,1.46,0.95,0.95,0.95,2.44
613.0,,1.2888,1.2888,1.2888,1.2888,1.52,1.0,1.0,0.89,1.79,1.49,1.49,0.95,0.95,1.11,1.21,0.95,0.95,0.95,0.95,1.0,0.0,0.0,0.0,1.2888,0.95,1.49,0.95,0.95,0.95,2.56
614.0,,1.3264,1.3264,1.3264,1.3264,1.56,1.0,1.0,0.92,1.82,1.52,1.52,0.95,0.95,1.11,1.21,0.95,0.95,0.95,0.95,1.0,0.0,0.0,0.0,1.3264,0.95,1.52,0.95,0.95,0.95,2.68
615.0,,1.364,1.364,1.364,1.364,1.6,1.0,1.0,0.95,1.85,1.55,1.55,0.95,0.95,1.12,1.22,0.95,0.95,0.95,0.95,1.0,0.0,0.0,0.0,1.364,0.95,1.55,0.95,0.95,0.95,2.8
616.0,,1.4016,1.4016,1.4016,1.4016,1.64,1.0,1.0,0.98,1.88,1.58,1.58,0.95,0.95,1.12,1.22,0.95,0.95,0.95,0.95,1.0,0.0,0.0,0.0,1.4016,0.95,1.58,0.95,0.95,0.95,2.92
617.0,,1.4392,1.4392,1.4392,1.4392,1.68,1.0,1.0,1.01,1.91,1.61,1.61,0.95,0.95,1.12,1.22,0.95,0.95,0.95,0.95,1.0,0.0,0.0,0.0,1.4392,0.95,1.61,0.95,0.95,0.95,3.04
618.0,,1.4768,1.4768,1.4768,1.4768,1.72,1.0,1.0,1.04,1.94,1.64,1.64,0.95,0.95,1.13,1.23,0.95,0.95,0.95,0.95,1.0,0.0,0.0,0.0,1.4768,0.95,1.64,0.95,0.95,0.95,3.16
619.0,,1.5144,1.5144,1.5144,1.5144,1.76,1.0,1.0,1.07,1.97,1.67,1.67,0.95,0.95,1.13,1.23,0.95,0.95,0.95,0.95,1.0,0.0,0.0,0.0,1.5144,0.95,1.67,0.95,0.95,0.95,3.28
620.0,,1.552,1.552,1.552,1.552,1.8,1.0,1.0,1.1,2.0,1.7,1.7,0.95,0.95,1.13,1.23,0.95,0.95,0.95,0.95,1.0,0.0,0.0,0.0,1.552,0.95,1.7,0.95,0.95,0.95,3.4
621.0,,1.5896,1.5896,1.5896,1.5896,1.84,1.0,1.0,1.12,2.02,1.72,1.72,0.95,0.95,1.14,1.24,0.95,0.95,0.95,0.95,1.0,0.0,0.0,0.0,1.5896,0.95,1.72,0.95,0.95,0.95,3.52
622.0,,1.6272,1.6272,1.6272,1.6272,1.88,1.0,1.0,1.14,2.04,1.74,1.74,0.95,0.95,1.14,1.24,0.95,0.95,0.95,0.95,1.0,0.0,0.0,0.0,1.6272,0.95,1.74,0.95,0.95,0.95,3.64
623.0,,1.6648,1.6648,1.6648,1.6648,1.92,1.0,1.0,1.16,2.06,1.76,1.76,0.95,0.95,1.14,1.24,0.95,0.95,0.95,0.95,1.0,0.0,0.0,0.0,1.6648,0.95,1.76,0.95,0.95,0.95,3.76
624.0,,1.7024,1.7024,1.7024,1.7024,1.96,1.0,1.0,1.18,2.08,1.78,1.78,0.95,0.95,1.14,1.24,0.95,0.95,0.95,0.95,1.0,0.0,0.0,0.0,1.7024,0.95,1.78,0.95,0.95,0.95,3.88
625.0,,1.74,1.74,1.74,1.74,2.0,1.0,1.0,1.2,2.1,1.8,1.8,0.95,0.95,1.15,1.25,0.95,0.95,0.95,0.95,1.0,0.0,0.0,0.0,1.74,0.95,1.8,0.95,0.95,0.95,4.0
700.0,Sacred,0.75,0.75,0.75,0.75,1.0,1.0,1.0,1.0,1.0,1.0,1.0,0.95,1.05,0.95,0.95,0.95,0.95,0.95,0.95,1.0,0.0,0.0,0.0,0.75,1.15,1.0,0.95,0.95,0.95,1.0
701.0,,0.8,0.8,0.8,0.8,1.04,1.0,1.0,1.04,1.04,1.04,1.07,0.95,1.05,0.95,0.95,0.95,0.95,0.95,0.95,1.0,0.0,0.0,0.0,0.8,1.15,1.04,0.95,0.95,0.95,1.12
702.0,,0.85,0.85,0.85,0.85,1.08,1.0,1.0,1.08,1.08,1.08,1.14,0.95,1.06,0.95,0.95,0.95,0.95,0.95,0.95,1.0,0.0,0.0,0.0,0.85,1.16,1.08,0.95,0.95,0.95,1.24
703.0,,0.9,0.9,0.9,0.9,1.12,1.0,1.0,1.12,1.12,1.12,1.21,0.95,1.06,0.95,0.95,0.95,0.95,0.95,0.95,1.0,0.0,0.0,0.0,0.9,1.16,1.12,0.95,0.95,0.95,1.36
704.0,,0.95,0.95,0.95,0.95,1.16,1.0,1.0,1.16,1.16,1.16,1.28,0.95,1.07,0.95,0.95,0.95,0.95,0.95,0.95,1.0,0.0,0.0,0.0,0.95,1.17,1.16,0.95,0.95,0.95,1.48
705.0,,1.0,1.0,1.0,1.0,1.2,1.0,1.0,1.2,1.2,1.2,1.35,0.95,1.07,0.95,0.95,0.95,0.95,0.95,0.95,1.0,0.0,0.0,0.0,1.0,1.17,1.2,0.95,0.95,0.95,1.6
706.0,,1.05,1.05,1.05,1.05,1.24,1.0,1.0,1.24,1.24,1.24,1.42,0.95,1.08,0.95,0.95,0.95,0.95,0.95,0.95,1.0,0.0,0.0,0.0,1.05,1.18,1.24,0.95,0.95,0.95,1.72
707.0,,1.1,1.1,1.1,1.1,1.28,1.0,1.0,1.28,1.28,1.28,1.49,0.95,1.08,0.95,0.95,0.95,0.95,0.95,0.95,1.0,0.0,0.0,0.0,1.1,1.18,1.28,0.95,0.95,0.95,1.84
708.0,,1.15,1.15,1.15,1.15,1.32,1.0,1.0,1.32,1.32,1.32,1.56,0.95,1.09,0.95,0.95,0.95,0.95,0.95,0.95,1.0,0.0,0.0,0.0,1.15,1.19,1.32,0.95,0.95,0.95,1.96
709.0,,1.2,1.2,1.2,1.2,1.36,1.0,1.0,1.36,1.36,1.36,1.63,0.95,1.09,0.95,0.95,0.95,0.95,0.95,0.95,1.0,0.0,0.0,0.0,1.2,1.19,1.36,0.95,0.95,0.95,2.08
710.0,,1.25,1.25,1.25,1.25,1.4,1.0,1.0,1.4,1.4,1.4,1.7,0.95,1.1,0.95,0.95,0.95,0.95,0.95,0.95,1.0,0.0,0.0,0.0,1.25,1.2,1.4,0.95,0.95,0.95,2.2
711.0,,1.3,1.3,1.3,1.3,1.44,1.0,1.0,1.43,1.43,1.43,1.75,0.95,1.1,0.95,0.95,0.95,0.95,0.95,0.95,1.0,0.0,0.0,0.0,1.3,1.2,1.43,0.95,0.95,0.95,2.32
712.0,,1.35,1.35,1.35,1.35,1.48,1.0,1.0,1.46,1.46,1.46,1.8,0.95,1.11,0.95,0.95,0.95,0.95,0.95,0.95,1.0,0.0,0.0,0.0,1.35,1.21,1.46,0.95,0.95,0.95,2.44
713.0,,1.4,1.4,1.4,1.4,1.52,1.0,1.0,1.49,1.49,1.49,1.85,0.95,1.11,0.95,0.95,0.95,0.95,0.95,0.95,1.0,0.0,0.0,0.0,1.4,1.21,1.49,0.95,0.95,0.95,2.56
714.0,,1.45,1.45,1.45,1.45,1.56,1.0,1.0,1.52,1.52,1.52,1.9,0.95,1.11,0.95,0.95,0.95,0.95,0.95,0.95,1.0,0.0,0.0,0.0,1.45,1.21,1.52,0.95,0.95,0.95,2.68
715.0,,1.5,1.5,1.5,1.5,1.6,1.0,1.0,1.55,1.55,1.55,1.95,0.95,1.12,0.95,0.95,0.95,0.95,0.95,0.95,1.0,0.0,0.0,0.0,1.5,1.22,1.55,0.95,0.95,0.95,2.8
716.0,,1.55,1.55,1.55,1.55,1.64,1.0,1.0,1.58,1.58,1.58,2.0,0.95,1.12,0.95,0.95,0.95,0.95,0.95,0.95,1.0,0.0,0.0,0.0,1.55,1.22,1.58,0.95,0.95,0.95,2.92
717.0,,1.6,1.6,1.6,1.6,1.68,1.0,1.0,1.61,1.61,1.61,2.05,0.95,1.12,0.95,0.95,0.95,0.95,0.95,0.95,1.0,0.0,0.0,0.0,1.6,1.22,1.61,0.95,0.95,0.95,3.04
718.0,,1.65,1.65,1.65,1.65,1.72,1.0,1.0,1.64,1.64,1.64,2.1,0.95,1.13,0.95,0.95,0.95,0.95,0.95,0.95,1.0,0.0,0.0,0.0,1.65,1.23,1.64,0.95,0.95,0.95,3.16
719.0,,1.7,1.7,1.7,1.7,1.76,1.0,1.0,1.67,1.67,1.67,2.15,0.95,1.13,0.95,0.95,0.95,0.95,0.95,0.95,1.0,0.0,0.0,0.0,1.7,1.23,1.67,0.95,0.95,0.95,3.28
720.0,,1.75,1.75,1.75,1.75,1.8,1.0,1.0,1.7,1.7,1.7,2.2,0.95,1.13,0.95,0.95,0.95,0.95,0.95,0.95,1.0,0.0,0.0,0.0,1.75,1.23,1.7,0.95,0.95,0.95,3.4
721.0,,1.8,1.8,1.8,1.8,1.84,1.0,1.0,1.72,1.72,1.72,2.22,0.95,1.14,0.95,0.95,0.95,0.95,0.95,0.95,1.0,0.0,0.0,0.0,1.8,1.24,1.72,0.95,0.95,0.95,3.52
722.0,,1.85,1.85,1.85,1.85,1.88,1.0,1.0,1.74,1.74,1.74,2.24,0.95,1.14,0.95,0.95,0.95,0.95,0.95,0.95,1.0,0.0,0.0,0.0,1.85,1.24,1.74,0.95,0.95,0.95,3.64
723.0,,1.9,1.9,1.9,1.9,1.92,1.0,1.0,1.76,1.76,1.76,2.26,0.95,1.14,0.95,0.95,0.95,0.95,0.95,0.95,1.0,0.0,0.0,0.0,1.9,1.24,1.76,0.95,0.95,0.95,3.76
724.0,,1.95,1.95,1.95,1.95,1.96,1.0,1.0,1.78,1.78,1.78,2.28,0.95,1.14,0.95,0.95,0.95,0.95,0.95,0.95,1.0,0.0,0.0,0.0,1.95,1.24,1.78,0.95,0.95,0.95,3.88
725.0,,2.0,2.0,2.0,2.0,2.0,1.0,1.0,1.8,1.8,1.8,2.3,0.95,1.15,0.95,0.95,0.95,0.95,0.95,0.95,1.0,0.0,0.0,0.0,2.0,1.25,1.8,0.95,0.95,0.95,4.0
800.0,Magic,0.75,0.75,0.75,0.75,1.0,1.0,1.0,0.8,0.8,1.0,1.0,0.95,1.15,0.95,0.95,0.95,0.95,0.95,0.95,1.0,0.0,0.0,0.0,0.75,1.05,1.0,0.95,0.95,0.95,1.0
801.0,,0.8,0.8,0.8,0.8,1.04,1.0,1.0,0.83,0.83,1.07,1.04,0.95,1.15,0.95,0.95,0.95,0.95,0.95,0.95,1.0,0.0,0.0,0.0,0.8,1.05,1.04,0.95,0.95,0.95,1.12
802.0,,0.85,0.85,0.85,0.85,1.08,1.0,1.0,0.86,0.86,1.14,1.08,0.95,1.16,0.95,0.95,0.95,0.95,0.95,0.95,1.0,0.0,0.0,0.0,0.85,1.06,1.08,0.95,0.95,0.95,1.24
803.0,,0.9,0.9,0.9,0.9,1.12,1.0,1.0,0.89,0.89,1.21,1.12,0.95,1.16,0.95,0.95,0.95,0.95,0.95,0.95,1.0,0.0,0.0,0.0,0.9,1.06,1.12,0.95,0.95,0.95,1.36
804.0,,0.95,0.95,0.95,0.95,1.16,1.0,1.0,0.92,0.92,1.28,1.16,0.95,1.17,0.95,0.95,0.95,0.95,0.95,0.95,1.0,0.0,0.0,0.0,0.95,1.07,1.16,0.95,0.95,0.95,1.48
805.0,,1.0,1.0,1.0,1.0,1.2,1.0,1.0,0.95,0.95,1.35,1.2,0.95,1.17,0.95,0.95,0.95,0.95,0.95,0.95,1.0,0.0,0.0,0.0,1.0,1.07,1.2,0.95,0.95,0.95,1.6
806.0,,1.05,1.05,1.05,1.05,1.24,1.0,1.0,0.98,0.98,1.42,1.24,0.95,1.18,0.95,0.95,0.95,0.95,0.95,0.95,1.0,0.0,0.0,0.0,1.05,1.08,1.24,0.95,0.95,0.95,1.72
807.0,,1.1,1.1,1.1,1.1,1.28,1.0,1.0,1.01,1.01,1.49,1.28,0.95,1.18,0.95,0.95,0.95,0.95,0.95,0.95,1.0,0.0,0.0,0.0,1.1,1.08,1.28,0.95,0.95,0.95,1.84
808.0,,1.15,1.15,1.15,1.15,1.32,1.0,1.0,1.04,1.04,1.56,1.32,0.95,1.19,0.95,0.95,0.95,0.95,0.95,0.95,1.0,0.0,0.0,0.0,1.15,1.09,1.32,0.95,0.95,0.95,1.96
809.0,,1.2,1.2,1.2,1.2,1.36,1.0,1.0,1.07,1.07,1.63,1.36,0.95,1.19,0.95,0.95,0.95,0.95,0.95,0.95,1.0,0.0,0.0,0.0,1.2,1.09,1.36,0.95,0.95,0.95,2.08
810.0,,1.25,1.25,1.25,1.25,1.4,1.0,1.0,1.1,1.1,1.7,1.4,0.95,1.2,0.95,0.95,0.95,0.95,0.95,0.95,1.0,0.0,0.0,0.0,1.25,1.1,1.4,0.95,0.95,0.95,2.2
811.0,,1.3,1.3,1.3,1.3,1.44,1.0,1.0,1.11,1.11,1.75,1.43,0.95,1.2,0.95,0.95,0.95,0.95,0.95,0.95,1.0,0.0,0.0,0.0,1.3,1.1,1.43,0.95,0.95,0.95,2.32
812.0,,1.35,1.35,1.35,1.35,1.48,1.0,1.0,1.12,1.12,1.8,1.46,0.95,1.21,0.95,0.95,0.95,0.95,0.95,0.95,1.0,0.0,0.0,0.0,1.35,1.11,1.46,0.95,0.95,0.95,2.44
813.0,,1.4,1.4,1.4,1.4,1.52,1.0,1.0,1.13,1.13,1.85,1.49,0.95,1.21,0.95,0.95,0.95,0.95,0.95,0.95,1.0,0.0,0.0,0.0,1.4,1.11,1.49,0.95,0.95,0.95,2.56
814.0,,1.45,1.45,1.45,1.45,1.56,1.0,1.0,1.14,1.14,1.9,1.52,0.95,1.21,0.95,0.95,0.95,0.95,0.95,0.95,1.0,0.0,0.0,0.0,1.45,1.11,1.52,0.95,0.95,0.95,2.68
815.0,,1.5,1.5,1.5,1.5,1.6,1.0,1.0,1.15,1.15,1.95,1.55,0.95,1.22,0.95,0.95,0.95,0.95,0.95,0.95,1.0,0.0,0.0,0.0,1.5,1.12,1.55,0.95,0.95,0.95,2.8
816.0,,1.55,1.55,1.55,1.55,1.64,1.0,1.0,1.16,1.16,2.0,1.58,0.95,1.22,0.95,0.95,0.95,0.95,0.95,0.95,1.0,0.0,0.0,0.0,1.55,1.12,1.58,0.95,0.95,0.95,2.92
817.0,,1.6,1.6,1.6,1.6,1.68,1.0,1.0,1.17,1.17,2.05,1.61,0.95,1.22,0.95,0.95,0.95,0.95,0.95,0.95,1.0,0.0,0.0,0.0,1.6,1.12,1.61,0.95,0.95,0.95,3.04
818.0,,1.65,1.65,1.65,1.65,1.72,1.0,1.0,1.18,1.18,2.1,1.64,0.95,1.23,0.95,0.95,0.95,0.95,0.95,0.95,1.0,0.0,0.0,0.0,1.65,1.13,1.64,0.95,0.95,0.95,3.16
819.0,,1.7,1.7,1.7,1.7,1.76,1.0,1.0,1.19,1.19,2.15,1.67,0.95,1.23,0.95,0.95,0.95,0.95,0.95,0.95,1.0,0.0,0.0,0.0,1.7,1.13,1.67,0.95,0.95,0.95,3.28
820.0,,1.75,1.75,1.75,1.75,1.8,1.0,1.0,1.2,1.2,2.2,1.7,0.95,1.23,0.95,0.95,0.95,0.95,0.95,0.95,1.0,0.0,0.0,0.0,1.75,1.13,1.7,0.95,0.95,0.95,3.4
821.0,,1.8,1.8,1.8,1.8,1.84,1.0,1.0,1.22,1.22,2.23,1.72,0.95,1.24,0.95,0.95,0.95,0.95,0.95,0.95,1.0,0.0,0.0,0.0,1.8,1.14,1.72,0.95,0.95,0.95,3.52
822.0,,1.85,1.85,1.85,1.85,1.88,1.0,1.0,1.24,1.24,2.26,1.74,0.95,1.24,0.95,0.95,0.95,0.95,0.95,0.95,1.0,0.0,0.0,0.0,1.85,1.14,1.74,0.95,0.95,0.95,3.64
823.0,,1.9,1.9,1.9,1.9,1.92,1.0,1.0,1.26,1.26,2.29,1.76,0.95,1.24,0.95,0.95,0.95,0.95,0.95,0.95,1.0,0.0,0.0,0.0,1.9,1.14,1.76,0.95,0.95,0.95,3.76
824.0,,1.95,1.95,1.95,1.95,1.96,1.0,1.0,1.28,1.28,2.32,1.78,0.95,1.24,0.95,0.95,0.95,0.95,0.95,0.95,1.0,0.0,0.0,0.0,1.95,1.14,1.78,0.95,0.95,0.95,3.88
825.0,,2.0,2.0,2.0,2.0,2.0,1.0,1.0,1.3,1.3,2.35,1.8,0.95,1.25,0.95,0.95,0.95,0.95,0.95,0.95,1.0,0.0,0.0,0.0,2.0,1.15,1.8,0.95,0.95,0.95,4.0
900.0,Cold,0.85,0.85,0.85,0.85,1.0,1.0,1.0,1.0,1.0,1.0,1.0,0.95,1.05,0.95,0.95,0.95,0.95,0.95,0.95,1.0,0.0,0.0,0.0,0.85,0.95,1.0,1.0,0.95,0.95,1.0
901.0,,0.888,0.888,0.888,0.888,1.04,1.0,1.0,1.05,1.05,1.05,1.04,0.95,1.05,0.95,0.95,0.95,0.95,0.95,0.95,1.0,0.0,1.0,0.0,0.888,0.95,1.04,1.0,0.95,0.95,1.12
902.0,,0.926,0.926,0.926,0.926,1.08,1.0,1.0,1.1,1.1,1.1,1.08,0.95,1.06,0.95,0.95,0.95,0.95,0.95,0.95,1.0,0.0,2.0,0.0,0.926,0.95,1.08,1.0,0.95,0.95,1.24
903.0,,0.964,0.964,0.964,0.964,1.12,1.0,1.0,1.15,1.15,1.15,1.12,0.95,1.06,0.95,0.95,0.95,0.95,0.95,0.95,1.0,0.0,3.0,0.0,0.964,0.95,1.12,1.0,0.95,0.95,1.36
904.0,,1.002,1.002,1.002,1.002,1.16,1.0,1.0,1.2,1.2,1.2,1.16,0.95,1.07,0.95,0.95,0.95,0.95,0.95,0.95,1.0,0.0,4.0,0.0,1.002,0.95,1.16,1.0,0.95,0.95,1.48
905.0,,1.04,1.04,1.04,1.04,1.2,1.0,1.0,1.25,1.25,1.25,1.2,0.95,1.07,0.95,0.95,0.95,0.95,0.95,0.95,1.0,0.0,5.0,0.0,1.04,0.95,1.2,1.0,0.95,0.95,1.6
906.0,,1.078,1.078,1.078,1.078,1.24,1.0,1.0,1.3,1.3,1.3,1.24,0.95,1.08,0.95,0.95,0.95,0.95,0.95,0.95,1.0,0.0,6.0,0.0,1.078,0.95,1.24,1.0,0.95,0.95,1.72
907.0,,1.116,1.116,1.116,1.116,1.28,1.0,1.0,1.35,1.35,1.35,1.28,0.95,1.08,0.95,0.95,0.95,0.95,0.95,0.95,1.0,0.0,7.0,0.0,1.116,0.95,1.28,1.0,0.95,0.95,1.84
908.0,,1.154,1.154,1.154,1.154,1.32,1.0,1.0,1.4,1.4,1.4,1.32,0.95,1.09,0.95,0.95,0.95,0.95,0.95,0.95,1.0,0.0,8.0,0.0,1.154,0.95,1.32,1.0,0.95,0.95,1.96
909.0,,1.192,1.192,1.192,1.192,1.36,1.0,1.0,1.45,1.45,1.45,1.36,0.95,1.09,0.95,0.95,0.95,0.95,0.95,0.95,1.0,0.0,9.0,0.0,1.192,0.95,1.36,1.0,0.95,0.95,2.08
910.0,,1.23,1.23,1.23,1.23,1.4,1.0,1.0,1.5,1.5,1.5,1.4,0.95,1.09,0.95,0.95,0.95,0.95,0.95,0.95,1.0,0.0,10.0,0.0,1.23,0.95,1.4,1.0,0.95,0.95,2.2
911.0,,1.268,1.268,1.268,1.268,1.44,1.0,1.0,1.53,1.53,1.54,1.43,0.95,1.1,0.95,0.95,0.95,0.95,0.95,0.95,1.0,0.0,11.0,0.0,1.268,0.95,1.43,1.0,0.95,0.95,2.32
912.0,,1.306,1.306,1.306,1.306,1.48,1.0,1.0,1.56,1.56,1.58,1.46,0.95,1.1,0.95,0.95,0.95,0.95,0.95,0.95,1.0,0.0,12.0,0.0,1.306,0.95,1.46,1.0,0.95,0.95,2.44
913.0,,1.344,1.344,1.344,1.344,1.52,1.0,1.0,1.59,1.59,1.62,1.49,0.95,1.1,0.95,0.95,0.95,0.95,0.95,0.95,1.0,0.0,13.0,0.0,1.344,0.95,1.49,1.0,0.95,0.95,2.56
914.0,,1.382,1.382,1.382,1.382,1.56,1.0,1.0,1.62,1.62,1.66,1.52,0.95,1.11,0.95,0.95,0.95,0.95,0.95,0.95,1.0,0.0,14.0,0.0,1.382,0.95,1.52,1.0,0.95,0.95,2.68
915.0,,1.42,1.42,1.42,1.42,1.6,1.0,1.0,1.65,1.65,1.7,1.55,0.95,1.11,0.95,0.95,0.95,0.95,0.95,0.95,1.0,0.0,15.0,0.0,1.42,0.95,1.55,1.0,0.95,0.95,2.8
916.0,,1.458,1.458,1.458,1.458,1.64,1.0,1.0,1.68,1.68,1.74,1.58,0.95,1.12,0.95,0.95,0.95,0.95,0.95,0.95,1.0,0.0,16.0,0.0,1.458,0.95,1.58,1.0,0.95,0.95,2.92
917.0,,1.496,1.496,1.496,1.496,1.68,1.0,1.0,1.71,1.71,1.78,1.61,0.95,1.12,0.95,0.95,0.95,0.95,0.95,0.95,1.0,0.0,17.0,0.0,1.496,0.95,1.61,1.0,0.95,0.95,3.04
918.0,,1.534,1.534,1.534,1.534,1.72,1.0,1.0,1.74,1.74,1.82,1.64,0.95,1.12,0.95,0.95,0.95,0.95,0.95,0.95,1.0,0.0,18.0,0.0,1.534,0.95,1.64,1.0,0.95,0.95,3.16
919.0,,1.572,1.572,1.572,1.572,1.76,1.0,1.0,1.77,1.77,1.86,1.67,0.95,1.13,0.95,0.95,0.95,0.95,0.95,0.95,1.0,0.0,19.0,0.0,1.572,0.95,1.67,1.0,0.95,0.95,3.28
920.0,,1.61,1.61,1.61,1.61,1.8,1.0,1.0,1.8,1.8,1.9,1.7,0.95,1.13,0.95,0.95,0.95,0.95,0.95,0.95,1.0,0.0,20.0,0.0,1.61,0.95,1.7,1.0,0.95,0.95,3.4
921.0,,1.648,1.648,1.648,1.648,1.84,1.0,1.0,1.82,1.82,1.92,1.72,0.95,1.13,0.95,0.95,0.95,0.95,0.95,0.95,1.0,0.0,21.0,0.0,1.648,0.95,1.72,1.0,0.95,0.95,3.52
922.0,,1.686,1.686,1.686,1.686,1.88,1.0,1.0,1.84,1.84,1.94,1.74,0.95,1.14,0.95,0.95,0.95,0.95,0.95,0.95,1.0,0.0,22.0,0.0,1.686,0.95,1.74,1.0,0.95,0.95,3.64
923.0,,1.724,1.724,1.724,1.724,1.92,1.0,1.0,1.86,1.86,1.96,1.76,0.95,1.14,0.95,0.95,0.95,0.95,0.95,0.95,1.0,0.0,23.0,0.0,1.724,0.95,1.76,1.0,0.95,0.95,3.76
924.0,,1.762,1.762,1.762,1.762,1.96,1.0,1.0,1.88,1.88,1.98,1.78,0.95,1.14,0.95,0.95,0.95,0.95,0.95,0.95,1.0,0.0,24.0,0.0,1.762,0.95,1.78,1.0,0.95,0.95,3.88
925.0,,1.8,1.8,1.8,1.8,2.0,1.0,1.0,1.9,1.9,2.0,1.8,0.95,1.15,0.95,0.95,0.95,0.95,0.95,0.95,1.0,0.0,25.0,0.0,1.8,0.95,1.8,1.0,0.95,0.95,4.0
1000.0,Poison,0.85,0.85,0.85,0.85,1.0,1.0,1.0,1.0,1.0,1.0,1.0,0.95,0.95,0.95,0.95,1.0,1.0,0.95,0.95,1.0,0.0,0.0,0.0,0.85,0.95,1.0,0.95,0.95,0.95,1.0
1001.0,,0.902,0.902,0.902,0.902,1.04,1.0,1.0,1.04,1.04,1.04,1.04,0.95,0.95,0.95,0.95,1.0,1.0,0.95,0.95,1.0,0.0,1.0,0.0,0.902,0.95,1.03,0.95,0.95,0.95,1.12
1002.0,,0.954,0.954,0.954,0.954,1.08,1.0,1.0,1.08,1.08,1.08,1.08,0.95,0.95,0.95,0.95,1.0,1.0,0.95,0.95,1.0,0.0,2.0,0.0,0.954,0.95,1.06,0.95,0.95,0.95,1.24
1003.0,,1.006,1.006,1.006,1.006,1.12,1.0,1.0,1.12,1.12,1.12,1.12,0.95,0.95,0.95,0.95,1.0,1.0,0.95,0.95,1.0,0.0,3.0,0.0,1.006,0.95,1.09,0.95,0.95,0.95,1.36
1004.0,,1.058,1.058,1.058,1.058,1.16,1.0,1.0,1.16,1.16,1.16,1.16,0.95,0.95,0.95,0.95,1.0,1.0,0.95,0.95,1.0,0.0,4.0,0.0,1.058,0.95,1.12,0.95,0.95,0.95,1.48
1005.0,,1.11,1.11,1.11,1.11,1.2,1.0,1.0,1.2,1.2,1.2,1.2,0.95,0.95,0.95,0.95,1.0,1.0,0.95,0.95,1.0,0.0,5.0,0.0,1.11,0.95,1.15,0.95,0.95,0.95,1.6
1006.0,,1.162,1.162,1.162,1.162,1.24,1.0,1.0,1.24,1.24,1.24,1.24,0.95,0.95,0.95,0.95,1.0,1.0,0.95,0.95,1.0,0.0,6.0,0.0,1.162,0.95,1.18,0.95,0.95,0.95,1.72
1007.0,,1.214,1.214,1.214,1.214,1.28,1.0,1.0,1.28,1.28,1.28,1.28,0.95,0.95,0.95,0.95,1.0,1.0,0.95,0.95,1.0,0.0,7.0,0.0,1.214,0.95,1.21,0.95,0.95,0.95,1.84
1008.0,,1.266,1.266,1.266,1.266,1.32,1.0,1.0,1.32,1.32,1.32,1.32,0.95,0.95,0.95,0.95,1.0,1.0,0.95,0.95,1.0,0.0,8.0,0.0,1.266,0.95,1.24,0.95,0.95,0.95,1.96
1009.0,,1.318,1.318,1.318,1.318,1.36,1.0,1.0,1.36,1.36,1.36,1.36,0.95,0.95,0.95,0.95,1.0,1.0,0.95,0.95,1.0,0.0,9.0,0.0,1.318,0.95,1.27,0.95,0.95,0.95,2.08
1010.0,,1.37,1.37,1.37,1.37,1.4,1.0,1.0,1.4,1.4,1.4,1.4,0.95,0.95,0.95,0.95,1.0,1.0,0.95,0.95,1.0,0.0,10.0,0.0,1.37,0.95,1.3,0.95,0.95,0.95,2.2
1011.0,,1.422,1.422,1.422,1.422,1.44,1.0,1.0,1.43,1.43,1.43,1.43,0.95,0.95,0.95,0.95,1.0,1.0,0.95,0.95,1.0,0.0,11.0,0.0,1.422,0.95,1.31,0.95,0.95,0.95,2.32
1012.0,,1.474,1.474,1.474,1.474,1.48,1.0,1.0,1.46,1.46,1.46,1.46,0.95,0.95,0.95,0.95,1.0,1.0,0.95,0.95,1.0,0.0,12.0,0.0,1.474,0.95,1.32,0.95,0.95,0.95,2.44
1013.0,,1.526,1.526,1.526,1.526,1.52,1.0,1.0,1.49,1.49,1.49,1.49,0.95,0.95,0.95,0.95,1.0,1.0,0.95,0.95,1.0,0.0,13.0,0.0,1.526,0.95,1.33,0.95,0.95,0.95,2.56
1014.0,,1.578,1.578,1.578,1.578,1.56,1.0,1.0,1.52,1.52,1.52,1.52,0.95,0.95,0.95,0.95,1.0,1.0,0.95,0.95,1.0,0.0,14.0,0.0,1.578,0.95,1.34,0.95,0.95,0.95,2.68
1015.0,,1.63,1.63,1.63,1.63,1.6,1.0,1.0,1.55,1.55,1.55,1.55,0.95,0.95,0.95,0.95,1.0,1.0,0.95,0.95,1.0,0.0,15.0,0.0,1.63,0.95,1.35,0.95,0.95,0.95,2.8
1016.0,,1.682,1.682,1.682,1.682,1.64,1.0,1.0,1.58,1.58,1.58,1.58,0.95,0.95,0.95,0.95,1.0,1.0,0.95,0.95,1.0,0.0,16.0,0.0,1.682,0.95,1.36,0.95,0.95,0.95,2.92
1017.0,,1.734,1.734,1.734,1.734,1.68,1.0,1.0,1.61,1.61,1.61,1.61,0.95,0.95,0.95,0.95,1.0,1.0,0.95,0.95,1.0,0.0,17.0,0.0,1.734,0.95,1.37,0.95,0.95,0.95,3.04
1018.0,,1.786,1.786,1.786,1.786,1.72,1.0,1.0,1.64,1.64,1.64,1.64,0.95,0.95,0.95,0.95,1.0,1.0,0.95,0.95,1.0,0.0,18.0,0.0,1.786,0.95,1.38,0.95,0.95,0.95,3.16
1019.0,,1.838,1.838,1.838,1.838,1.76,1.0,1.0,1.67,1.67,1.67,1.67,0.95,0.95,0.95,0.95,1.0,1.0,0.95,0.95,1.0,0.0,19.0,0.0,1.838,0.95,1.39,0.95,0.95,0.95,3.28
1020.0,,1.89,1.89,1.89,1.89,1.8,1.0,1.0,1.7,1.7,1.7,1.7,0.95,0.95,0.95,0.95,1.0,1.0,0.95,0.95,1.0,0.0,20.0,0.0,1.89,0.95,1.4,0.95,0.95,0.95,3.4
1021.0,,1.942,1.942,1.942,1.942,1.84,1.0,1.0,1.74,1.74,1.74,1.74,0.95,0.95,0.95,0.95,1.0,1.0,0.95,0.95,1.0,0.0,21.0,0.0,1.942,0.95,1.41,0.95,0.95,0.95,3.52
1022.0,,1.994,1.994,1.994,1.994,1.88,1.0,1.0,1.78,1.78,1.78,1.78,0.95,0.95,0.95,0.95,1.0,1.0,0.95,0.95,1.0,0.0,22.0,0.0,1.994,0.95,1.42,0.95,0.95,0.95,3.64
1023.0,,2.046,2.046,2.046,2.046,1.92,1.0,1.0,1.82,1.82,1.82,1.82,0.95,0.95,0.95,0.95,1.0,1.0,0.95,0.95,1.0,0.0,23.0,0.0,2.046,0.95,1.43,0.95,0.95,0.95,3.76
1024.0,,2.098,2.098,2.098,2.098,1.96,1.0,1.0,1.86,1.86,1.86,1.86,0.95,0.95,0.95,0.95,1.0,1.0,0.95,0.95,1.0,0.0,24.0,0.0,2.098,0.95,1.44,0.95,0.95,0.95,3.88
1025.0,,2.15,2.15,2.15,2.15,2.0,1.0,1.0,1.9,1.9,1.9,1.9,0.95,0.95,0.95,0.95,1.0,1.0,0.95,0.95,1.0,0.0,25.0,0.0,2.15,0.95,1.45,0.95,0.95,0.95,4.0
1100.0,Blood,0.85,0.85,0.85,0.85,1.0,1.0,1.0,1.0,1.0,1.0,1.0,0.95,0.95,0.95,0.95,0.95,0.95,1.0,0.95,1.0,0.0,0.0,0.0,0.85,0.95,1.0,0.95,0.95,0.95,1.0
1101.0,,0.902,0.902,0.902,0.902,1.04,1.0,1.0,1.04,1.04,1.04,1.04,0.95,0.95,0.95,0.95,0.95,0.95,1.0,0.95,1.0,1.0,0.0,0.0,0.902,0.95,1.03,0.95,0.95,0.95,1.12
1102.0,,0.954,0.954,0.954,0.954,1.08,1.0,1.0,1.08,1.08,1.08,1.08,0.95,0.95,0.95,0.95,0.95,0.95,1.0,0.95,1.0,2.0,0.0,0.0,0.954,0.95,1.06,0.95,0.95,0.95,1.24
1103.0,,1.006,1.006,1.006,1.006,1.12,1.0,1.0,1.12,1.12,1.12,1.12,0.95,0.95,0.95,0.95,0.95,0.95,1.0,0.95,1.0,3.0,0.0,0.0,1.006,0.95,1.09,0.95,0.95,0.95,1.36
1104.0,,1.058,1.058,1.058,1.058,1.16,1.0,1.0,1.16,1.16,1.16,1.16,0.95,0.95,0.95,0.95,0.95,0.95,1.0,0.95,1.0,4.0,0.0,0.0,1.058,0.95,1.12,0.95,0.95,0.95,1.48
1105.0,,1.11,1.11,1.11,1.11,1.2,1.0,1.0,1.2,1.2,1.2,1.2,0.95,0.95,0.95,0.95,0.95,0.95,1.0,0.95,1.0,5.0,0.0,0.0,1.11,0.95,1.15,0.95,0.95,0.95,1.6
1106.0,,1.162,1.162,1.162,1.162,1.24,1.0,1.0,1.24,1.24,1.24,1.24,0.95,0.95,0.95,0.95,0.95,0.95,1.0,0.95,1.0,6.0,0.0,0.0,1.162,0.95,1.18,0.95,0.95,0.95,1.72
1107.0,,1.214,1.214,1.214,1.214,1.28,1.0,1.0,1.28,1.28,1.28,1.28,0.95,0.95,0.95,0.95,0.95,0.95,1.0,0.95,1.0,7.0,0.0,0.0,1.214,0.95,1.21,0.95,0.95,0.95,1.84
1108.0,,1.266,1.266,1.266,1.266,1.32,1.0,1.0,1.32,1.32,1.32,1.32,0.95,0.95,0.95,0.95,0.95,0.95,1.0,0.95,1.0,8.0,0.0,0.0,1.266,0.95,1.24,0.95,0.95,0.95,1.96
1109.0,,1.318,1.318,1.318,1.318,1.36,1.0,1.0,1.36,1.36,1.36,1.36,0.95,0.95,0.95,0.95,0.95,0.95,1.0,0.95,1.0,9.0,0.0,0.0,1.318,0.95,1.27,0.95,0.95,0.95,2.08
1110.0,,1.37,1.37,1.37,1.37,1.4,1.0,1.0,1.4,1.4,1.4,1.4,0.95,0.95,0.95,0.95,0.95,0.95,1.0,0.95,1.0,10.0,0.0,0.0,1.37,0.95,1.3,0.95,0.95,0.95,2.2
1111.0,,1.422,1.422,1.422,1.422,1.44,1.0,1.0,1.43,1.43,1.43,1.43,0.95,0.95,0.95,0.95,0.95,0.95,1.0,0.95,1.0,11.0,0.0,0.0,1.422,0.95,1.31,0.95,0.95,0.95,2.32
1112.0,,1.474,1.474,1.474,1.474,1.48,1.0,1.0,1.46,1.46,1.46,1.46,0.95,0.95,0.95,0.95,0.95,0.95,1.0,0.95,1.0,12.0,0.0,0.0,1.474,0.95,1.32,0.95,0.95,0.95,2.44
1113.0,,1.526,1.526,1.526,1.526,1.52,1.0,1.0,1.49,1.49,1.49,1.49,0.95,0.95,0.95,0.95,0.95,0.95,1.0,0.95,1.0,13.0,0.0,0.0,1.526,0.95,1.33,0.95,0.95,0.95,2.56
1114.0,,1.578,1.578,1.578,1.578,1.56,1.0,1.0,1.52,1.52,1.52,1.52,0.95,0.95,0.95,0.95,0.95,0.95,1.0,0.95,1.0,14.0,0.0,0.0,1.578,0.95,1.34,0.95,0.95,0.95,2.68
1115.0,,1.63,1.63,1.63,1.63,1.6,1.0,1.0,1.55,1.55,1.55,1.55,0.95,0.95,0.95,0.95,0.95,0.95,1.0,0.95,1.0,15.0,0.0,0.0,1.63,0.95,1.35,0.95,0.95,0.95,2.8
1116.0,,1.682,1.682,1.682,1.682,1.64,1.0,1.0,1.58,1.58,1.58,1.58,0.95,0.95,0.95,0.95,0.95,0.95,1.0,0.95,1.0,16.0,0.0,0.0,1.682,0.95,1.36,0.95,0.95,0.95,2.92
1117.0,,1.734,1.734,1.734,1.734,1.68,1.0,1.0,1.61,1.61,1.61,1.61,0.95,0.95,0.95,0.95,0.95,0.95,1.0,0.95,1.0,17.0,0.0,0.0,1.734,0.95,1.37,0.95,0.95,0.95,3.04
1118.0,,1.786,1.786,1.786,1.786,1.72,1.0,1.0,1.64,1.64,1.64,1.64,0.95,0.95,0.95,0.95,0.95,0.95,1.0,0.95,1.0,18.0,0.0,0.0,1.786,0.95,1.38,0.95,0.95,0.95,3.16
1119.0,,1.838,1.838,1.838,1.838,1.76,1.0,1.0,1.67,1.67,1.67,1.67,0.95,0.95,0.95,0.95,0.95,0.95,1.0,0.95,1.0,19.0,0.0,0.0,1.838,0.95,1.39,0.95,0.95,0.95,3.28
1120.0,,1.89,1.89,1.89,1.89,1.8,1.0,1.0,1.7,1.7,1.7,1.7,0.95,0.95,0.95,0.95,0.95,0.95,1.0,0.95,1.0,20.0,0.0,0.0,1.89,0.95,1.4,0.95,0.95,0.95,3.4
1121.0,,1.942,1.942,1.942,1.942,1.84,1.0,1.0,1.74,1.74,1.74,1.74,0.95,0.95,0.95,0.95,0.95,0.95,1.0,0.95,1.0,21.0,0.0,0.0,1.942,0.95,1.41,0.95,0.95,0.95,3.52
1122.0,,1.994,1.994,1.994,1.994,1.88,1.0,1.0,1.78,1.78,1.78,1.78,0.95,0.95,0.95,0.95,0.95,0.95,1.0,0.95,1.0,22.0,0.0,0.0,1.994,0.95,1.42,0.95,0.95,0.95,3.64
1123.0,,2.046,2.046,2.046,2.046,1.92,1.0,1.0,1.82,1.82,1.82,1.82,0.95,0.95,0.95,0.95,0.95,0.95,1.0,0.95,1.0,23.0,0.0,0.0,2.046,0.95,1.43,0.95,0.95,0.95,3.76
1124.0,,2.098,2.098,2.098,2.098,1.96,1.0,1.0,1.86,1.86,1.86,1.86,0.95,0.95,0.95,0.95,0.95,0.95,1.0,0.95,1.0,24.0,0.0,0.0,2.098,0.95,1.44,0.95,0.95,0.95,3.88
1125.0,,2.15,2.15,2.15,2.15,2.0,1.0,1.0,1.9,1.9,1.9,1.9,0.95,0.95,0.95,0.95,0.95,0.95,1.0,0.95,1.0,25.0,0.0,0.0,2.15,0.95,1.45,0.95,0.95,0.95,4.0
1200.0,Occult,0.9,0.9,0.9,0.9,1.0,1.0,1.0,0.8,0.8,0.8,0.8,1.0,1.0,1.0,1.0,1.0,1.0,1.0,1.0,1.0,0.0,0.0,0.0,0.9,1.0,1.0,1.0,1.0,1.0,1.0
1201.0,,0.954,0.954,0.954,0.954,1.04,1.0,1.0,0.84,0.84,0.84,0.84,1.0,1.0,1.0,1.0,1.0,1.0,1.0,1.0,1.01,0.0,0.0,0.0,0.954,1.0,1.04,1.0,1.0,1.0,1.12
1202.0,,1.008,1.008,1.008,1.008,1.08,1.0,1.0,0.88,0.88,0.88,0.88,1.0,1.0,1.0,1.0,1.0,1.0,1.0,1.0,1.01,0.0,0.0,0.0,1.008,1.0,1.08,1.0,1.0,1.0,1.24
1203.0,,1.062,1.062,1.062,1.062,1.12,1.0,1.0,0.92,0.92,0.92,0.92,1.0,1.0,1.0,1.0,1.0,1.0,1.0,1.0,1.02,0.0,0.0,0.0,1.062,1.0,1.12,1.0,1.0,1.0,1.36
1204.0,,1.116,1.116,1.116,1.116,1.16,1.0,1.0,0.96,0.96,0.96,0.96,1.0,1.0,1.0,1.0,1.0,1.0,1.0,1.0,1.02,0.0,0.0,0.0,1.116,1.0,1.16,1.0,1.0,1.0,1.48
1205.0,,1.17,1.17,1.17,1.17,1.2,1.0,1.0,1.0,1.0,1.0,1.0,1.0,1.0,1.0,1.0,1.0,1.0,1.0,1.0,1.03,0.0,0.0,0.0,1.17,1.0,1.2,1.0,1.0,1.0,1.6
1206.0,,1.224,1.224,1.224,1.224,1.24,1.0,1.0,1.04,1.04,1.04,1.04,1.0,1.0,1.0,1.0,1.0,1.0,1.0,1.0,1.03,0.0,0.0,0.0,1.224,1.0,1.24,1.0,1.0,1.0,1.72
1207.0,,1.278,1.278,1.278,1.278,1.28,1.0,1.0,1.08,1.08,1.08,1.08,1.0,1.0,1.0,1.0,1.0,1.0,1.0,1.0,1.04,0.0,0.0,0.0,1.278,1.0,1.28,1.0,1.0,1.0,1.84
1208.0,,1.332,1.332,1.332,1.332,1.32,1.0,1.0,1.12,1.12,1.12,1.12,1.0,1.0,1.0,1.0,1.0,1.0,1.0,1.0,1.04,0.0,0.0,0.0,1.332,1.0,1.32,1.0,1.0,1.0,1.96
1209.0,,1.386,1.386,1.386,1.386,1.36,1.0,1.0,1.16,1.16,1.16,1.16,1.0,1.0,1.0,1.0,1.0,1.0,1.0,1.0,1.04,0.0,0.0,0.0,1.386,1.0,1.36,1.0,1.0,1.0,2.08
1210.0,,1.44,1.44,1.44,1.44,1.4,1.0,1.0,1.2,1.2,1.2,1.2,1.0,1.0,1.0,1.0,1.0,1.0,1.0,1.0,1.05,0.0,0.0,0.0,1.44,1.0,1.4,1.0,1.0,1.0,2.2
1211.0,,1.494,1.494,1.494,1.494,1.44,1.0,1.0,1.22,1.22,1.22,1.22,1.0,1.0,1.0,1.0,1.0,1.0,1.0,1.0,1.05,0.0,0.0,0.0,1.494,1.0,1.43,1.0,1.0,1.0,2.32
1212.0,,1.548,1.548,1.548,1.548,1.48,1.0,1.0,1.24,1.24,1.24,1.24,1.0,1.0,1.0,1.0,1.0,1.0,1.0,1.0,1.05,0.0,0.0,0.0,1.548,1.0,1.46,1.0,1.0,1.0,2.44
1213.0,,1.602,1.602,1.602,1.602,1.52,1.0,1.0,1.26,1.26,1.26,1.26,1.0,1.0,1.0,1.0,1.0,1.0,1.0,1.0,1.06,0.0,0.0,0.0,1.602,1.0,1.49,1.0,1.0,1.0,2.56
1214.0,,1.656,1.656,1.656,1.656,1.56,1.0,1.0,1.28,1.28,1.28,1.28,1.0,1.0,1.0,1.0,1.0,1.0,1.0,1.0,1.06,0.0,0.0,0.0,1.656,1.0,1.52,1.0,1.0,1.0,2.68
1215.0,,1.71,1.71,1.71,1.71,1.6,1.0,1.0,1.3,1.3,1.3,1.3,1.0,1.0,1.0,1.0,1.0,1.0,1.0,1.0,1.06,0.0,0.0,0.0,1.71,1.0,1.55,1.0,1.0,1.0,2.8
1216.0,,1.764,1.764,1.764,1.764,1.64,1.0,1.0,1.32,1.32,1.32,1.32,1.0,1.0,1.0,1.0,1.0,1.0,1.0,1.0,1.07,0.0,0.0,0.0,1.764,1.0,1.58,1.0,1.0,1.0,2.92
1217.0,,1.818,1.818,1.818,1.818,1.68,1.0,1.0,1.34,1.34,1.34,1.34,1.0,1.0,1.0,1.0,1.0,1.0,1.0,1.0,1.07,0.0,0.0,0.0,1.818,1.0,1.61,1.0,1.0,1.0,3.04
1218.0,,1.872,1.872,1.872,1.872,1.72,1.0,1.0,1.36,1.36,1.36,1.36,1.0,1.0,1.0,1.0,1.0,1.0,1.0,1.0,1.07,0.0,0.0,0.0,1.872,1.0,1.64,1.0,1.0,1.0,3.16
1219.0,,1.926,1.926,1.926,1.926,1.76,1.0,1.0,1.38,1.38,1.38,1.38,1.0,1.0,1.0,1.0,1.0,1.0,1.0,1.0,1.08,0.0,0.0,0.0,1.926,1.0,1.67,1.0,1.0,1.0,3.28
1220.0,,1.98,1.98,1.98,1.98,1.8,1.0,1.0,1.4,1.4,1.4,1.4,1.0,1.0,1.0,1.0,1.0,1.0,1.0,1.0,1.08,0.0,0.0,0.0,1.98,1.0,1.7,1.0,1.0,1.0,3.4
1221.0,,2.034,2.034,2.034,2.034,1.84,1.0,1.0,1.42,1.42,1.42,1.42,1.0,1.0,1.0,1.0,1.0,1.0,1.0,1.0,1.08,0.0,0.0,0.0,2.034,1.0,1.72,1.0,1.0,1.0,3.52
1222.0,,2.088,2.088,2.088,2.088,1.88,1.0,1.0,1.44,1.44,1.44,1.44,1.0,1.0,1.0,1.0,1.0,1.0,1.0,1.0,1.09,0.0,0.0,0.0,2.088,1.0,1.74,1.0,1.0,1.0,3.64
1223.0,,2.142,2.142,2.142,2.142,1.92,1.0,1.0,1.46,1.46,1.46,1.46,1.0,1.0,1.0,1.0,1.0,1.0,1.0,1.0,1.09,0.0,0.0,0.0,2.142,1.0,1.76,1.0,1.0,1.0,3.76
1224.0,,2.196,2.196,2.196,2.196,1.96,1.0,1.0,1.48,1.48,1.48,1.48,1.0,1.0,1.0,1.0,1.0,1.0,1.0,1.0,1.09,0.0,0.0,0.0,2.196,1.0,1.78,1.0,1.0,1.0,3.88
1225.0,,2.25,2.25,2.25,2.25,2.0,1.0,1.0,1.5,1.5,1.5,1.5,1.0,1.0,1.0,1.0,1.0,1.0,1.0,1.0,1.1,0.0,0.0,0.0,2.25,1.0,1.8,1.0,1.0,1.0,4.0
1300.0,Carian Sorcery Sword,1.0,1.0,1.0,1.0,1.0,1.0,1.0,1.0,1.0,1.0,1.0,1.0,1.0,1.0,1.0,1.0,1.0,1.0,1.0,1.0,0.0,0.0,0.0,1.0,1.0,1.0,1.0,1.0,1.0,1.0
1301.0,,1.06,1.06,1.058,1.058,1.04,1.0,1.0,1.02,1.02,1.12,1.07,1.0,1.0,1.0,1.0,1.0,1.0,1.0,1.0,1.01,0.0,0.0,0.0,1.058,1.0,1.07,1.0,1.0,1.0,1.12
1302.0,,1.12,1.12,1.116,1.116,1.08,1.0,1.0,1.04,1.04,1.24,1.14,1.0,1.0,1.0,1.0,1.0,1.0,1.0,1.0,1.02,0.0,0.0,0.0,1.116,1.0,1.14,1.0,1.0,1.0,1.24
1303.0,,1.18,1.18,1.174,1.174,1.12,1.0,1.0,1.06,1.06,1.36,1.21,1.0,1.0,1.0,1.0,1.0,1.0,1.0,1.0,1.03,0.0,0.0,0.0,1.174,1.0,1.21,1.0,1.0,1.0,1.36
1304.0,,1.24,1.24,1.232,1.232,1.16,1.0,1.0,1.08,1.08,1.48,1.28,1.0,1.0,1.0,1.0,1.0,1.0,1.0,1.0,1.04,0.0,0.0,0.0,1.232,1.0,1.28,1.0,1.0,1.0,1.48
1305.0,,1.3,1.3,1.29,1.29,1.2,1.0,1.0,1.1,1.1,1.6,1.35,1.0,1.0,1.0,1.0,1.0,1.0,1.0,1.0,1.05,0.0,0.0,0.0,1.29,1.0,1.35,1.0,1.0,1.0,1.6
1306.0,,1.36,1.36,1.348,1.348,1.24,1.0,1.0,1.12,1.12,1.72,1.42,1.0,1.0,1.0,1.0,1.0,1.0,1.0,1.0,1.06,0.0,0.0,0.0,1.348,1.0,1.42,1.0,1.0,1.0,1.72
1307.0,,1.42,1.42,1.406,1.406,1.28,1.0,1.0,1.14,1.14,1.84,1.49,1.0,1.0,1.0,1.0,1.0,1.0,1.0,1.0,1.07,0.0,0.0,0.0,1.406,1.0,1.49,1.0,1.0,1.0,1.84
1308.0,,1.48,1.48,1.464,1.464,1.32,1.0,1.0,1.16,1.16,1.96,1.56,1.0,1.0,1.0,1.0,1.0,1.0,1.0,1.0,1.08,0.0,0.0,0.0,1.464,1.0,1.56,1.0,1.0,1.0,1.96
1309.0,,1.54,1.54,1.522,1.522,1.36,1.0,1.0,1.18,1.18,2.08,1.63,1.0,1.0,1.0,1.0,1.0,1.0,1.0,1.0,1.09,0.0,0.0,0.0,1.522,1.0,1.63,1.0,1.0,1.0,2.08
1310.0,,1.6,1.6,1.58,1.58,1.4,1.0,1.0,1.2,1.2,2.2,1.7,1.0,1.0,1.0,1.0,1.0,1.0,1.0,1.0,1.1,0.0,0.0,0.0,1.58,1.0,1.7,1.0,1.0,1.0,2.2
1311.0,,1.625,1.625,1.638,1.638,1.44,1.0,1.0,1.22,1.22,2.32,1.76,1.0,1.0,1.0,1.0,1.0,1.0,1.0,1.0,1.11,0.0,0.0,0.0,1.638,1.0,1.76,1.0,1.0,1.0,2.32
1312.0,,1.65,1.65,1.696,1.696,1.48,1.0,1.0,1.24,1.24,2.44,1.82,1.0,1.0,1.0,1.0,1.0,1.0,1.0,1.0,1.12,0.0,0.0,0.0,1.696,1.0,1.82,1.0,1.0,1.0,2.44
1313.0,,1.675,1.675,1.754,1.754,1.52,1.0,1.0,1.26,1.26,2.56,1.88,1.0,1.0,1.0,1.0,1.0,1.0,1.0,1.0,1.13,0.0,0.0,0.0,1.754,1.0,1.88,1.0,1.0,1.0,2.56
1314.0,,1.7,1.7,1.812,1.812,1.56,1.0,1.0,1.28,1.28,2.68,1.94,1.0,1.0,1.0,1.0,1.0,1.0,1.0,1.0,1.14,0.0,0.0,0.0,1.812,1.0,1.94,1.0,1.0,1.0,2.68
1315.0,,1.725,1.725,1.87,1.87,1.6,1.0,1.0,1.3,1.3,2.8,2.0,1.0,1.0,1.0,1.0,1.0,1.0,1.0,1.0,1.15,0.0,0.0,0.0,1.87,1.0,2.0,1.0,1.0,1.0,2.8
1316.0,,1.75,1.75,1.928,1.928,1.64,1.0,1.0,1.32,1.32,2.92,2.06,1.0,1.0,1.0,1.0,1.0,1.0,1.0,1.0,1.16,0.0,0.0,0.0,1.928,1.0,2.06,1.0,1.0,1.0,2.92
1317.0,,1.775,1.775,1.986,1.986,1.68,1.0,1.0,1.34,1.34,3.04,2.12,1.0,1.0,1.0,1.0,1.0,1.0,1.0,1.0,1.16,0.0,0.0,0.0,1.986,1.0,2.12,1.0,1.0,1.0,3.04
1318.0,,1.8,1.8,2.044,2.044,1.72,1.0,1.0,1.36,1.36,3.16,2.18,1.0,1.0,1.0,1.0,1.0,1.0,1.0,1.0,1.17,0.0,0.0,0.0,2.044,1.0,2.18,1.0,1.0,1.0,3.16
1319.0,,1.825,1.825,2.102,2.102,1.76,1.0,1.0,1.38,1.38,3.28,2.24,1.0,1.0,1.0,1.0,1.0,1.0,1.0,1.0,1.17,0.0,0.0,0.0,2.102,1.0,2.24,1.0,1.0,1.0,3.28
1320.0,,1.85,1.85,2.16,2.16,1.8,1.0,1.0,1.4,1.4,3.4,2.3,1.0,1.0,1.0,1.0,1.0,1.0,1.0,1.0,1.18,0.0,0.0,0.0,2.16,1.0,2.3,1.0,1.0,1.0,3.4
1321.0,,1.86,1.86,2.218,2.218,1.84,1.0,1.0,1.42,1.42,3.58,2.32,1.0,1.0,1.0,1.0,1.0,1.0,1.0,1.0,1.18,0.0,0.0,0.0,2.218,1.0,2.32,1.0,1.0,1.0,3.52
1322.0,,1.87,1.87,2.276,2.276,1.88,1.0,1.0,1.44,1.44,3.76,2.34,1.0,1.0,1.0,1.0,1.0,1.0,1.0,1.0,1.18,0.0,0.0,0.0,2.276,1.0,2.34,1.0,1.0,1.0,3.64
1323.0,,1.88,1.88,2.334,2.334,1.92,1.0,1.0,1.46,1.46,3.94,2.36,1.0,1.0,1.0,1.0,1.0,1.0,1.0,1.0,1.19,0.0,0.0,0.0,2.334,1.0,2.36,1.0,1.0,1.0,3.76
1324.0,,1.89,1.89,2.392,2.392,1.96,1.0,1.0,1.48,1.48,4.12,2.38,1.0,1.0,1.0,1.0,1.0,1.0,1.0,1.0,1.19,0.0,0.0,0.0,2.392,1.0,2.38,1.0,1.0,1.0,3.88
1325.0,,1.9,1.9,2.45,2.45,2.0,1.0,1.0,1.5,1.5,4.3,2.4,1.0,1.0,1.0,1.0,1.0,1.0,1.0,1.0,1.2,0.0,0.0,0.0,2.45,1.0,2.4,1.0,1.0,1.0,4.0
1600.0,,1.0,1.0,1.0,1.0,1.0,1.0,1.0,1.0,1.0,1.0,1.0,1.0,1.0,1.0,1.0,1.0,1.0,1.0,1.0,1.0,0.0,0.0,0.0,1.0,1.0,1.0,1.0,1.0,1.0,1.0
1601.0,,1.03,1.03,1.03,1.03,1.04,1.0,1.0,1.03,1.03,1.03,1.03,1.0,1.0,1.0,1.0,1.0,1.0,1.0,1.0,1.0,0.0,0.0,0.0,1.03,1.0,1.03,1.0,1.0,1.0,1.12
1602.0,,1.06,1.06,1.06,1.06,1.08,1.0,1.0,1.06,1.06,1.06,1.06,1.0,1.0,1.0,1.0,1.0,1.0,1.0,1.0,1.0,0.0,0.0,0.0,1.06,1.0,1.06,1.0,1.0,1.0,1.24
1603.0,,1.09,1.09,1.09,1.09,1.12,1.0,1.0,1.09,1.09,1.09,1.09,1.0,1.0,1.0,1.0,1.0,1.0,1.0,1.0,1.0,0.0,0.0,0.0,1.09,1.0,1.09,1.0,1.0,1.0,1.36
1604.0,,1.12,1.12,1.12,1.12,1.16,1.0,1.0,1.12,1.12,1.12,1.12,1.0,1.0,1.0,1.0,1.0,1.0,1.0,1.0,1.0,0.0,0.0,0.0,1.12,1.0,1.12,1.0,1.0,1.0,1.48
1605.0,,1.15,1.15,1.15,1.15,1.2,1.0,1.0,1.15,1.15,1.15,1.15,1.0,1.0,1.0,1.0,1.0,1.0,1.0,1.0,1.0,0.0,0.0,0.0,1.15,1.0,1.15,1.0,1.0,1.0,1.6
1606.0,,1.18,1.18,1.18,1.18,1.24,1.0,1.0,1.18,1.18,1.18,1.18,1.0,1.0,1.0,1.0,1.0,1.0,1.0,1.0,1.0,0.0,0.0,0.0,1.18,1.0,1.18,1.0,1.0,1.0,1.72
1607.0,,1.21,1.21,1.21,1.21,1.28,1.0,1.0,1.21,1.21,1.21,1.21,1.0,1.0,1.0,1.0,1.0,1.0,1.0,1.0,1.0,0.0,0.0,0.0,1.21,1.0,1.21,1.0,1.0,1.0,1.84
1608.0,,1.24,1.24,1.24,1.24,1.32,1.0,1.0,1.24,1.24,1.24,1.24,1.0,1.0,1.0,1.0,1.0,1.0,1.0,1.0,1.0,0.0,0.0,0.0,1.24,1.0,1.24,1.0,1.0,1.0,1.96
1609.0,,1.27,1.27,1.27,1.27,1.36,1.0,1.0,1.27,1.27,1.27,1.27,1.0,1.0,1.0,1.0,1.0,1.0,1.0,1.0,1.0,0.0,0.0,0.0,1.27,1.0,1.27,1.0,1.0,1.0,2.08
1610.0,,1.3,1.3,1.3,1.3,1.4,1.0,1.0,1.2,1.2,1.2,1.2,1.0,1.0,1.0,1.0,1.0,1.0,1.0,1.0,1.0,0.0,0.0,0.0,1.3,1.0,1.2,1.0,1.0,1.0,2.2
1611.0,,1.33,1.33,1.33,1.33,1.44,1.0,1.0,1.22,1.22,1.22,1.22,1.0,1.0,1.0,1.0,1.0,1.0,1.0,1.0,1.0,0.0,0.0,0.0,1.33,1.0,1.22,1.0,1.0,1.0,2.32
1612.0,,1.36,1.36,1.36,1.36,1.48,1.0,1.0,1.24,1.24,1.24,1.24,1.0,1.0,1.0,1.0,1.0,1.0,1.0,1.0,1.0,0.0,0.0,0.0,1.36,1.0,1.24,1.0,1.0,1.0,2.44
1613.0,,1.39,1.39,1.39,1.39,1.52,1.0,1.0,1.26,1.26,1.26,1.26,1.0,1.0,1.0,1.0,1.0,1.0,1.0,1.0,1.0,0.0,0.0,0.0,1.39,1.0,1.26,1.0,1.0,1.0,2.56
1614.0,,1.42,1.42,1.42,1.42,1.56,1.0,1.0,1.28,1.28,1.28,1.28,1.0,1.0,1.0,1.0,1.0,1.0,1.0,1.0,1.0,0.0,0.0,0.0,1.42,1.0,1.28,1.0,1.0,1.0,2.68
1615.0,,1.45,1.45,1.45,1.45,1.6,1.0,1.0,1.3,1.3,1.3,1.3,1.0,1.0,1.0,1.0,1.0,1.0,1.0,1.0,1.0,0.0,0.0,0.0,1.45,1.0,1.3,1.0,1.0,1.0,2.8
1616.0,,1.48,1.48,1.48,1.48,1.64,1.0,1.0,1.31,1.31,1.31,1.31,1.0,1.0,1.0,1.0,1.0,1.0,1.0,1.0,1.0,0.0,0.0,0.0,1.48,1.0,1.31,1.0,1.0,1.0,2.92
1617.0,,1.51,1.51,1.51,1.51,1.68,1.0,1.0,1.32,1.32,1.32,1.32,1.0,1.0,1.0,1.0,1.0,1.0,1.0,1.0,1.0,0.0,0.0,0.0,1.51,1.0,1.32,1.0,1.0,1.0,3.04
1618.0,,1.54,1.54,1.54,1.54,1.72,1.0,1.0,1.33,1.33,1.33,1.33,1.0,1.0,1.0,1.0,1.0,1.0,1.0,1.0,1.0,0.0,0.0,0.0,1.54,1.0,1.33,1.0,1.0,1.0,3.16
1619.0,,1.57,1.57,1.57,1.57,1.76,1.0,1.0,1.34,1.34,1.34,1.34,1.0,1.0,1.0,1.0,1.0,1.0,1.0,1.0,1.0,0.0,0.0,0.0,1.57,1.0,1.34,1.0,1.0,1.0,3.28
1620.0,,1.6,1.6,1.6,1.6,1.8,1.0,1.0,1.35,1.35,1.35,1.35,1.0,1.0,1.0,1.0,1.0,1.0,1.0,1.0,1.0,0.0,0.0,0.0,1.6,1.0,1.35,1.0,1.0,1.0,3.4
1621.0,,1.63,1.63,1.63,1.63,1.84,1.0,1.0,1.36,1.36,1.36,1.36,1.0,1.0,1.0,1.0,1.0,1.0,1.0,1.0,1.0,0.0,0.0,0.0,1.63,1.0,1.36,1.0,1.0,1.0,3.52
1622.0,,1.66,1.66,1.66,1.66,1.88,1.0,1.0,1.37,1.37,1.37,1.37,1.0,1.0,1.0,1.0,1.0,1.0,1.0,1.0,1.0,0.0,0.0,0.0,1.66,1.0,1.37,1.0,1.0,1.0,3.64
1623.0,,1.69,1.69,1.69,1.69,1.92,1.0,1.0,1.38,1.38,1.38,1.38,1.0,1.0,1.0,1.0,1.0,1.0,1.0,1.0,1.0,0.0,0.0,0.0,1.69,1.0,1.38,1.0,1.0,1.0,3.76
1624.0,,1.72,1.72,1.72,1.72,1.96,1.0,1.0,1.39,1.39,1.39,1.39,1.0,1.0,1.0,1.0,1.0,1.0,1.0,1.0,1.0,0.0,0.0,0.0,1.72,1.0,1.39,1.0,1.0,1.0,3.88
1625.0,,1.75,1.75,1.75,1.75,2.0,1.0,1.0,1.4,1.4,1.4,1.4,1.0,1.0,1.0,1.0,1.0,1.0,1.0,1.0,1.0,0.0,0.0,0.0,1.75,1.0,1.4,1.0,1.0,1.0,4.0
1700.0,,1.0,1.0,1.0,1.0,1.0,1.0,1.0,1.0,1.0,1.0,1.0,1.0,1.0,1.0,1.0,1.0,1.0,1.0,1.0,1.0,0.0,0.0,0.0,1.0,1.0,1.0,1.0,1.0,1.0,1.0
1701.0,,1.03,1.03,1.03,1.03,1.04,1.0,1.0,1.01,1.01,1.01,1.01,1.0,1.0,1.0,1.0,1.0,1.0,1.0,1.0,1.0,0.0,0.0,0.0,1.03,1.0,1.01,1.0,1.0,1.0,1.12
1702.0,,1.06,1.06,1.06,1.06,1.08,1.0,1.0,1.02,1.02,1.02,1.02,1.0,1.0,1.0,1.0,1.0,1.0,1.0,1.0,1.0,0.0,0.0,0.0,1.06,1.0,1.02,1.0,1.0,1.0,1.24
1703.0,,1.09,1.09,1.09,1.09,1.12,1.0,1.0,1.03,1.03,1.03,1.03,1.0,1.0,1.0,1.0,1.0,1.0,1.0,1.0,1.0,0.0,0.0,0.0,1.09,1.0,1.03,1.0,1.0,1.0,1.36
1704.0,,1.12,1.12,1.12,1.12,1.16,1.0,1.0,1.04,1.04,1.04,1.04,1.0,1.0,1.0,1.0,1.0,1.0,1.0,1.0,1.0,0.0,0.0,0.0,1.12,1.0,1.04,1.0,1.0,1.0,1.48
1705.0,,1.15,1.15,1.15,1.15,1.2,1.0,1.0,1.05,1.05,1.05,1.05,1.0,1.0,1.0,1.0,1.0,1.0,1.0,1.0,1.0,0.0,0.0,0.0,1.15,1.0,1.05,1.0,1.0,1.0,1.6
1706.0,,1.18,1.18,1.18,1.18,1.24,1.0,1.0,1.06,1.06,1.06,1.06,1.0,1.0,1.0,1.0,1.0,1.0,1.0,1.0,1.0,0.0,0.0,0.0,1.18,1.0,1.06,1.0,1.0,1.0,1.72
1707.0,,1.21,1.21,1.21,1.21,1.28,1.0,1.0,1.07,1.07,1.07,1.07,1.0,1.0,1.0,1.0,1.0,1.0,1.0,1.0,1.0,0.0,0.0,0.0,1.21,1.0,1.07,1.0,1.0,1.0,1.84
1708.0,,1.24,1.24,1.24,1.24,1.32,1.0,1.0,1.08,1.08,1.08,1.08,1.0,1.0,1.0,1.0,1.0,1.0,1.0,1.0,1.0,0.0,0.0,0.0,1.24,1.0,1.08,1.0,1.0,1.0,1.96
1709.0,,1.27,1.27,1.27,1.27,1.36,1.0,1.0,1.09,1.09,1.09,1.09,1.0,1.0,1.0,1.0,1.0,1.0,1.0,1.0,1.0,0.0,0.0,0.0,1.27,1.0,1.09,1.0,1.0,1.0,2.08
1710.0,,1.3,1.3,1.3,1.3,1.4,1.0,1.0,1.1,1.1,1.1,1.1,1.0,1.0,1.0,1.0,1.0,1.0,1.0,1.0,1.0,0.0,0.0,0.0,1.3,1.0,1.1,1.0,1.0,1.0,2.2
1711.0,,1.33,1.33,1.33,1.33,1.44,1.0,1.0,1.11,1.11,1.11,1.11,1.0,1.0,1.0,1.0,1.0,1.0,1.0,1.0,1.0,0.0,0.0,0.0,1.33,1.0,1.11,1.0,1.0,1.0,2.32
1712.0,,1.36,1.36,1.36,1.36,1.48,1.0,1.0,1.12,1.12,1.12,1.12,1.0,1.0,1.0,1.0,1.0,1.0,1.0,1.0,1.0,0.0,0.0,0.0,1.36,1.0,1.12,1.0,1.0,1.0,2.44
1713.0,,1.39,1.39,1.39,1.39,1.52,1.0,1.0,1.13,1.13,1.13,1.13,1.0,1.0,1.0,1.0,1.0,1.0,1.0,1.0,1.0,0.0,0.0,0.0,1.39,1.0,1.13,1.0,1.0,1.0,2.56
1714.0,,1.42,1.42,1.42,1.42,1.56,1.0,1.0,1.14,1.14,1.14,1.14,1.0,1.0,1.0,1.0,1.0,1.0,1.0,1.0,1.0,0.0,0.0,0.0,1.42,1.0,1.14,1.0,1.0,1.0,2.68
1715.0,,1.45,1.45,1.45,1.45,1.6,1.0,1.0,1.15,1.15,1.15,1.15,1.0,1.0,1.0,1.0,1.0,1.0,1.0,1.0,1.0,0.0,0.0,0.0,1.45,1.0,1.15,1.0,1.0,1.0,2.8
1716.0,,1.48,1.48,1.48,1.48,1.64,1.0,1.0,1.16,1.16,1.16,1.16,1.0,1.0,1.0,1.0,1.0,1.0,1.0,1.0,1.0,0.0,0.0,0.0,1.48,1.0,1.16,1.0,1.0,1.0,2.92
1717.0,,1.51,1.51,1.51,1.51,1.68,1.0,1.0,1.17,1.17,1.17,1.17,1.0,1.0,1.0,1.0,1.0,1.0,1.0,1.0,1.0,0.0,0.0,0.0,1.51,1.0,1.17,1.0,1.0,1.0,3.04
1718.0,,1.54,1.54,1.54,1.54,1.72,1.0,1.0,1.18,1.18,1.18,1.18,1.0,1.0,1.0,1.0,1.0,1.0,1.0,1.0,1.0,0.0,0.0,0.0,1.54,1.0,1.18,1.0,1.0,1.0,3.16
1719.0,,1.57,1.57,1.57,1.57,1.76,1.0,1.0,1.19,1.19,1.19,1.19,1.0,1.0,1.0,1.0,1.0,1.0,1.0,1.0,1.0,0.0,0.0,0.0,1.57,1.0,1.19,1.0,1.0,1.0,3.28
1720.0,,1.6,1.6,1.6,1.6,1.8,1.0,1.0,1.2,1.2,1.2,1.2,1.0,1.0,1.0,1.0,1.0,1.0,1.0,1.0,1.0,0.0,0.0,0.0,1.6,1.0,1.2,1.0,1.0,1.0,3.4
1721.0,,1.63,1.63,1.63,1.63,1.84,1.0,1.0,1.21,1.21,1.21,1.21,1.0,1.0,1.0,1.0,1.0,1.0,1.0,1.0,1.0,0.0,0.0,0.0,1.63,1.0,1.21,1.0,1.0,1.0,3.52
1722.0,,1.66,1.66,1.66,1.66,1.88,1.0,1.0,1.22,1.22,1.22,1.22,1.0,1.0,1.0,1.0,1.0,1.0,1.0,1.0,1.0,0.0,0.0,0.0,1.66,1.0,1.22,1.0,1.0,1.0,3.64
1723.0,,1.69,1.69,1.69,1.69,1.92,1.0,1.0,1.23,1.23,1.23,1.23,1.0,1.0,1.0,1.0,1.0,1.0,1.0,1.0,1.0,0.0,0.0,0.0,1.69,1.0,1.23,1.0,1.0,1.0,3.76
1724.0,,1.72,1.72,1.72,1.72,1.96,1.0,1.0,1.24,1.24,1.24,1.24,1.0,1.0,1.0,1.0,1.0,1.0,1.0,1.0,1.0,0.0,0.0,0.0,1.72,1.0,1.24,1.0,1.0,1.0,3.88
1725.0,,1.75,1.75,1.75,1.75,2.0,1.0,1.0,1.25,1.25,1.25,1.25,1.0,1.0,1.0,1.0,1.0,1.0,1.0,1.0,1.0,0.0,0.0,0.0,1.75,1.0,1.25,1.0,1.0,1.0,4.0
1800.0,,1.0,1.0,1.0,1.0,1.0,1.0,1.0,1.0,1.0,1.0,1.0,1.0,1.0,1.0,1.0,1.0,1.0,1.0,1.0,1.0,0.0,0.0,0.0,1.0,1.0,1.0,1.0,1.0,1.0,1.0
1801.0,,1.03,1.03,1.03,1.03,1.04,1.0,1.0,1.03,1.03,1.03,1.03,1.0,1.0,1.0,1.0,1.0,1.0,1.0,1.0,1.0,0.0,0.0,0.0,1.03,1.0,1.03,1.0,1.0,1.0,1.12
1802.0,,1.06,1.06,1.06,1.06,1.08,1.0,1.0,1.06,1.06,1.06,1.06,1.0,1.0,1.0,1.0,1.0,1.0,1.0,1.0,1.0,0.0,0.0,0.0,1.06,1.0,1.06,1.0,1.0,1.0,1.24
1803.0,,1.09,1.09,1.09,1.09,1.12,1.0,1.0,1.09,1.09,1.09,1.09,1.0,1.0,1.0,1.0,1.0,1.0,1.0,1.0,1.0,0.0,0.0,0.0,1.09,1.0,1.09,1.0,1.0,1.0,1.36
1804.0,,1.12,1.12,1.12,1.12,1.16,1.0,1.0,1.12,1.12,1.12,1.12,1.0,1.0,1.0,1.0,1.0,1.0,1.0,1.0,1.0,0.0,0.0,0.0,1.12,1.0,1.12,1.0,1.0,1.0,1.48
1805.0,,1.15,1.15,1.15,1.15,1.2,1.0,1.0,1.15,1.15,1.15,1.15,1.0,1.0,1.0,1.0,1.0,1.0,1.0,1.0,1.0,0.0,0.0,0.0,1.15,1.0,1.15,1.0,1.0,1.0,1.6
1806.0,,1.18,1.18,1.18,1.18,1.24,1.0,1.0,1.18,1.18,1.18,1.18,1.0,1.0,1.0,1.0,1.0,1.0,1.0,1.0,1.0,0.0,0.0,0.0,1.18,1.0,1.18,1.0,1.0,1.0,1.72
1807.0,,1.21,1.21,1.21,1.21,1.28,1.0,1.0,1.21,1.21,1.21,1.21,1.0,1.0,1.0,1.0,1.0,1.0,1.0,1.0,1.0,0.0,0.0,0.0,1.21,1.0,1.21,1.0,1.0,1.0,1.84
1808.0,,1.24,1.24,1.24,1.24,1.32,1.0,1.0,1.24,1.24,1.24,1.24,1.0,1.0,1.0,1.0,1.0,1.0,1.0,1.0,1.0,0.0,0.0,0.0,1.24,1.0,1.24,1.0,1.0,1.0,1.96
1809.0,,1.27,1.27,1.27,1.27,1.36,1.0,1.0,1.27,1.27,1.27,1.27,1.0,1.0,1.0,1.0,1.0,1.0,1.0,1.0,1.0,0.0,0.0,0.0,1.27,1.0,1.27,1.0,1.0,1.0,2.08
1810.0,,1.3,1.3,1.3,1.3,1.4,1.0,1.0,1.3,1.3,1.3,1.3,1.0,1.0,1.0,1.0,1.0,1.0,1.0,1.0,1.0,0.0,0.0,0.0,1.3,1.0,1.3,1.0,1.0,1.0,2.2
1811.0,,1.33,1.33,1.33,1.33,1.44,1.0,1.0,1.32,1.32,1.32,1.32,1.0,1.0,1.0,1.0,1.0,1.0,1.0,1.0,1.0,0.0,0.0,0.0,1.33,1.0,1.32,1.0,1.0,1.0,2.32
1812.0,,1.36,1.36,1.36,1.36,1.48,1.0,1.0,1.34,1.34,1.34,1.34,1.0,1.0,1.0,1.0,1.0,1.0,1.0,1.0,1.0,0.0,0.0,0.0,1.36,1.0,1.34,1.0,1.0,1.0,2.44
1813.0,,1.39,1.39,1.39,1.39,1.52,1.0,1.0,1.36,1.36,1.36,1.36,1.0,1.0,1.0,1.0,1.0,1.0,1.0,1.0,1.0,0.0,0.0,0.0,1.39,1.0,1.36,1.0,1.0,1.0,2.56
1814.0,,1.42,1.42,1.42,1.42,1.56,1.0,1.0,1.38,1.38,1.38,1.38,1.0,1.0,1.0,1.0,1.0,1.0,1.0,1.0,1.0,0.0,0.0,0.0,1.42,1.0,1.38,1.0,1.0,1.0,2.68
1815.0,,1.45,1.45,1.45,1.45,1.6,1.0,1.0,1.4,1.4,1.4,1.4,1.0,1.0,1.0,1.0,1.0,1.0,1.0,1.0,1.0,0.0,0.0,0.0,1.45,1.0,1.4,1.0,1.0,1.0,2.8
1816.0,,1.48,1.48,1.48,1.48,1.64,1.0,1.0,1.42,1.42,1.42,1.42,1.0,1.0,1.0,1.0,1.0,1.0,1.0,1.0,1.0,0.0,0.0,0.0,1.48,1.0,1.42,1.0,1.0,1.0,2.92
1817.0,,1.51,1.51,1.51,1.51,1.68,1.0,1.0,1.44,1.44,1.44,1.44,1.0,1.0,1.0,1.0,1.0,1.0,1.0,1.0,1.0,0.0,0.0,0.0,1.51,1.0,1.44,1.0,1.0,1.0,3.04
1818.0,,1.54,1.54,1.54,1.54,1.72,1.0,1.0,1.46,1.46,1.46,1.46,1.0,1.0,1.0,1.0,1.0,1.0,1.0,1.0,1.0,0.0,0.0,0.0,1.54,1.0,1.46,1.0,1.0,1.0,3.16
1819.0,,1.57,1.57,1.57,1.57,1.76,1.0,1.0,1.48,1.48,1.48,1.48,1.0,1.0,1.0,1.0,1.0,1.0,1.0,1.0,1.0,0.0,0.0,0.0,1.57,1.0,1.48,1.0,1.0,1.0,3.28
1820.0,,1.6,1.6,1.6,1.6,1.8,1.0,1.0,1.5,1.5,1.5,1.5,1.0,1.0,1.0,1.0,1.0,1.0,1.0,1.0,1.0,0.0,0.0,0.0,1.6,1.0,1.5,1.0,1.0,1.0,3.4
1821.0,,1.63,1.63,1.63,1.63,1.84,1.0,1.0,1.52,1.52,1.52,1.52,1.0,1.0,1.0,1.0,1.0,1.0,1.0,1.0,1.0,0.0,0.0,0.0,1.63,1.0,1.52,1.0,1.0,1.0,3.52
1822.0,,1.66,1.66,1.66,1.66,1.88,1.0,1.0,1.54,1.54,1.54,1.54,1.0,1.0,1.0,1.0,1.0,1.0,1.0,1.0,1.0,0.0,0.0,0.0,1.66,1.0,1.54,1.0,1.0,1.0,3.64
1823.0,,1.69,1.69,1.69,1.69,1.92,1.0,1.0,1.56,1.56,1.56,1.56,1.0,1.0,1.0,1.0,1.0,1.0,1.0,1.0,1.0,0.0,0.0,0.0,1.69,1.0,1.56,1.0,1.0,1.0,3.76
1824.0,,1.72,1.72,1.72,1.72,1.96,1.0,1.0,1.58,1.58,1.58,1.58,1.0,1.0,1.0,1.0,1.0,1.0,1.0,1.0,1.0,0.0,0.0,0.0,1.72,1.0,1.58,1.0,1.0,1.0,3.88
1825.0,,1.75,1.75,1.75,1.75,2.0,1.0,1.0,1.6,1.6,1.6,1.6,1.0,1.0,1.0,1.0,1.0,1.0,1.0,1.0,1.0,0.0,0.0,0.0,1.75,1.0,1.6,1.0,1.0,1.0,4.0
1900.0,Staves/Seals 1,1.0,1.0,1.0,1.0,1.0,1.0,1.0,1.0,1.0,1.0,1.0,1.0,1.0,1.0,1.0,1.0,1.0,1.0,1.0,1.0,0.0,0.0,0.0,1.0,1.0,1.0,1.0,1.0,1.0,1.0
1901.0,,1.03,1.03,1.03,1.03,1.04,1.0,1.0,1.08,1.08,1.08,1.08,1.0,1.0,1.0,1.0,1.0,1.0,1.0,1.0,1.0,0.0,0.0,0.0,1.03,1.0,1.08,1.0,1.0,1.0,1.12
1902.0,,1.06,1.06,1.06,1.06,1.08,1.0,1.0,1.16,1.16,1.16,1.16,1.0,1.0,1.0,1.0,1.0,1.0,1.0,1.0,1.0,0.0,0.0,0.0,1.06,1.0,1.16,1.0,1.0,1.0,1.24
1903.0,,1.09,1.09,1.09,1.09,1.12,1.0,1.0,1.24,1.24,1.24,1.24,1.0,1.0,1.0,1.0,1.0,1.0,1.0,1.0,1.0,0.0,0.0,0.0,1.09,1.0,1.24,1.0,1.0,1.0,1.36
1904.0,,1.12,1.12,1.12,1.12,1.16,1.0,1.0,1.32,1.32,1.32,1.32,1.0,1.0,1.0,1.0,1.0,1.0,1.0,1.0,1.0,0.0,0.0,0.0,1.12,1.0,1.32,1.0,1.0,1.0,1.48
1905.0,,1.15,1.15,1.15,1.15,1.2,1.0,1.0,1.4,1.4,1.4,1.4,1.0,1.0,1.0,1.0,1.0,1.0,1.0,1.0,1.0,0.0,0.0,0.0,1.15,1.0,1.4,1.0,1.0,1.0,1.6
1906.0,,1.18,1.18,1.18,1.18,1.24,1.0,1.0,1.48,1.48,1.48,1.48,1.0,1.0,1.0,1.0,1.0,1.0,1.0,1.0,1.0,0.0,0.0,0.0,1.18,1.0,1.48,1.0,1.0,1.0,1.72
1907.0,,1.21,1.21,1.21,1.21,1.28,1.0,1.0,1.56,1.56,1.56,1.56,1.0,1.0,1.0,1.0,1.0,1.0,1.0,1.0,1.0,0.0,0.0,0.0,1.21,1.0,1.56,1.0,1.0,1.0,1.84
1908.0,,1.24,1.24,1.24,1.24,1.32,1.0,1.0,1.64,1.64,1.64,1.64,1.0,1.0,1.0,1.0,1.0,1.0,1.0,1.0,1.0,0.0,0.0,0.0,1.24,1.0,1.64,1.0,1.0,1.0,1.96
1909.0,,1.27,1.27,1.27,1.27,1.36,1.0,1.0,1.72,1.72,1.72,1.72,1.0,1.0,1.0,1.0,1.0,1.0,1.0,1.0,1.0,0.0,0.0,0.0,1.27,1.0,1.72,1.0,1.0,1.0,2.08
1910.0,,1.3,1.3,1.3,1.3,1.4,1.0,1.0,1.8,1.8,1.8,1.8,1.0,1.0,1.0,1.0,1.0,1.0,1.0,1.0,1.0,0.0,0.0,0.0,1.3,1.0,1.8,1.0,1.0,1.0,2.2
1911.0,,1.33,1.33,1.33,1.33,1.44,1.0,1.0,1.88,1.88,1.88,1.88,1.0,1.0,1.0,1.0,1.0,1.0,1.0,1.0,1.0,0.0,0.0,0.0,1.33,1.0,1.88,1.0,1.0,1.0,2.32
1912.0,,1.36,1.36,1.36,1.36,1.48,1.0,1.0,1.96,1.96,1.96,1.96,1.0,1.0,1.0,1.0,1.0,1.0,1.0,1.0,1.0,0.0,0.0,0.0,1.36,1.0,1.96,1.0,1.0,1.0,2.44
1913.0,,1.39,1.39,1.39,1.39,1.52,1.0,1.0,2.04,2.04,2.04,2.04,1.0,1.0,1.0,1.0,1.0,1.0,1.0,1.0,1.0,0.0,0.0,0.0,1.39,1.0,2.04,1.0,1.0,1.0,2.56
1914.0,,1.42,1.42,1.42,1.42,1.56,1.0,1.0,2.12,2.12,2.12,2.12,1.0,1.0,1.0,1.0,1.0,1.0,1.0,1.0,1.0,0.0,0.0,0.0,1.42,1.0,2.12,1.0,1.0,1.0,2.68
1915.0,,1.45,1.45,1.45,1.45,1.6,1.0,1.0,2.2,2.2,2.2,2.2,1.0,1.0,1.0,1.0,1.0,1.0,1.0,1.0,1.0,0.0,0.0,0.0,1.45,1.0,2.2,1.0,1.0,1.0,2.8
1916.0,,1.48,1.48,1.48,1.48,1.64,1.0,1.0,2.28,2.28,2.28,2.28,1.0,1.0,1.0,1.0,1.0,1.0,1.0,1.0,1.0,0.0,0.0,0.0,1.48,1.0,2.28,1.0,1.0,1.0,2.92
1917.0,,1.51,1.51,1.51,1.51,1.68,1.0,1.0,2.36,2.36,2.36,2.36,1.0,1.0,1.0,1.0,1.0,1.0,1.0,1.0,1.0,0.0,0.0,0.0,1.51,1.0,2.36,1.0,1.0,1.0,3.04
1918.0,,1.54,1.54,1.54,1.54,1.72,1.0,1.0,2.44,2.44,2.44,2.44,1.0,1.0,1.0,1.0,1.0,1.0,1.0,1.0,1.0,0.0,0.0,0.0,1.54,1.0,2.44,1.0,1.0,1.0,3.16
1919.0,,1.57,1.57,1.57,1.57,1.76,1.0,1.0,2.52,2.52,2.52,2.52,1.0,1.0,1.0,1.0,1.0,1.0,1.0,1.0,1.0,0.0,0.0,0.0,1.57,1.0,2.52,1.0,1.0,1.0,3.28
1920.0,,1.6,1.6,1.6,1.6,1.8,1.0,1.0,2.6,2.6,2.6,2.6,1.0,1.0,1.0,1.0,1.0,1.0,1.0,1.0,1.0,0.0,0.0,0.0,1.6,1.0,2.6,1.0,1.0,1.0,3.4
1921.0,,1.63,1.63,1.63,1.63,1.84,1.0,1.0,2.68,2.68,2.68,2.68,1.0,1.0,1.0,1.0,1.0,1.0,1.0,1.0,1.0,0.0,0.0,0.0,1.63,1.0,2.68,1.0,1.0,1.0,3.52
1922.0,,1.66,1.66,1.66,1.66,1.88,1.0,1.0,2.76,2.76,2.76,2.76,1.0,1.0,1.0,1.0,1.0,1.0,1.0,1.0,1.0,0.0,0.0,0.0,1.66,1.0,2.76,1.0,1.0,1.0,3.64
1923.0,,1.69,1.69,1.69,1.69,1.92,1.0,1.0,2.84,2.84,2.84,2.84,1.0,1.0,1.0,1.0,1.0,1.0,1.0,1.0,1.0,0.0,0.0,0.0,1.69,1.0,2.84,1.0,1.0,1.0,3.76
1924.0,,1.72,1.72,1.72,1.72,1.96,1.0,1.0,2.92,2.92,2.92,2.92,1.0,1.0,1.0,1.0,1.0,1.0,1.0,1.0,1.0,0.0,0.0,0.0,1.72,1.0,2.92,1.0,1.0,1.0,3.88
1925.0,,1.75,1.75,1.75,1.75,2.0,1.0,1.0,3.0,3.0,3.0,3.0,1.0,1.0,1.0,1.0,1.0,1.0,1.0,1.0,1.0,0.0,0.0,0.0,1.75,1.0,3.0,1.0,1.0,1.0,4.0
2000.0,,1.0,1.0,1.0,1.0,1.0,1.0,1.0,1.0,1.0,1.0,1.0,1.0,1.0,1.0,1.0,1.0,1.0,1.0,1.0,1.0,0.0,0.0,0.0,1.0,1.0,1.0,1.0,1.0,1.0,1.0
2001.0,,1.03,1.03,1.03,1.03,1.04,1.0,1.0,1.05,1.05,1.05,1.05,1.0,1.0,1.0,1.0,1.0,1.0,1.0,1.0,1.0,0.0,0.0,0.0,1.03,1.0,1.05,1.0,1.0,1.0,1.12
2002.0,,1.06,1.06,1.06,1.06,1.08,1.0,1.0,1.1,1.1,1.1,1.1,1.0,1.0,1.0,1.0,1.0,1.0,1.0,1.0,1.0,0.0,0.0,0.0,1.06,1.0,1.1,1.0,1.0,1.0,1.24
2003.0,,1.09,1.09,1.09,1.09,1.12,1.0,1.0,1.15,1.15,1.15,1.15,1.0,1.0,1.0,1.0,1.0,1.0,1.0,1.0,1.0,0.0,0.0,0.0,1.09,1.0,1.15,1.0,1.0,1.0,1.36
2004.0,,1.12,1.12,1.12,1.12,1.16,1.0,1.0,1.2,1.2,1.2,1.2,1.0,1.0,1.0,1.0,1.0,1.0,1.0,1.0,1.0,0.0,0.0,0.0,1.12,1.0,1.2,1.0,1.0,1.0,1.48
2005.0,,1.15,1.15,1.15,1.15,1.2,1.0,1.0,1.25,1.25,1.25,1.25,1.0,1.0,1.0,1.0,1.0,1.0,1.0,1.0,1.0,0.0,0.0,0.0,1.15,1.0,1.25,1.0,1.0,1.0,1.6
2006.0,,1.18,1.18,1.18,1.18,1.24,1.0,1.0,1.3,1.3,1.3,1.3,1.0,1.0,1.0,1.0,1.0,1.0,1.0,1.0,1.0,0.0,0.0,0.0,1.18,1.0,1.3,1.0,1.0,1.0,1.72
2007.0,,1.21,1.21,1.21,1.21,1.28,1.0,1.0,1.35,1.35,1.35,1.35,1.0,1.0,1.0,1.0,1.0,1.0,1.0,1.0,1.0,0.0,0.0,0.0,1.21,1.0,1.35,1.0,1.0,1.0,1.84
2008.0,,1.24,1.24,1.24,1.24,1.32,1.0,1.0,1.4,1.4,1.4,1.4,1.0,1.0,1.0,1.0,1.0,1.0,1.0,1.0,1.0,0.0,0.0,0.0,1.24,1.0,1.4,1.0,1.0,1.0,1.96
2009.0,,1.27,1.27,1.27,1.27,1.36,1.0,1.0,1.43,1.43,1.43,1.43,1.0,1.0,1.0,1.0,1.0,1.0,1.0,1.0,1.0,0.0,0.0,0.0,1.27,1.0,1.43,1.0,1.0,1.0,2.08
2010.0,,1.3,1.3,1.3,1.3,1.4,1.0,1.0,1.45,1.45,1.45,1.45,1.0,1.0,1.0,1.0,1.0,1.0,1.0,1.0,1.0,0.0,0.0,0.0,1.3,1.0,1.45,1.0,1.0,1.0,2.2
2011.0,,1.33,1.33,1.33,1.33,1.44,1.0,1.0,1.47,1.47,1.47,1.47,1.0,1.0,1.0,1.0,1.0,1.0,1.0,1.0,1.0,0.0,0.0,0.0,1.33,1.0,1.47,1.0,1.0,1.0,2.32
2012.0,,1.36,1.36,1.36,1.36,1.48,1.0,1.0,1.49,1.49,1.49,1.49,1.0,1.0,1.0,1.0,1.0,1.0,1.0,1.0,1.0,0.0,0.0,0.0,1.36,1.0,1.49,1.0,1.0,1.0,2.44
2013.0,,1.39,1.39,1.39,1.39,1.52,1.0,1.0,1.51,1.51,1.51,1.51,1.0,1.0,1.0,1.0,1.0,1.0,1.0,1.0,1.0,0.0,0.0,0.0,1.39,1.0,1.51,1.0,1.0,1.0,2.56
2014.0,,1.42,1.42,1.42,1.42,1.56,1.0,1.0,1.53,1.53,1.53,1.53,1.0,1.0,1.0,1.0,1.0,1.0,1.0,1.0,1.0,0.0,0.0,0.0,1.42,1.0,1.53,1.0,1.0,1.0,2.68
2015.0,,1.45,1.45,1.45,1.45,1.6,1.0,1.0,1.55,1.55,1.55,1.55,1.0,1.0,1.0,1.0,1.0,1.0,1.0,1.0,1.0,0.0,0.0,0.0,1.45,1.0,1.55,1.0,1.0,1.0,2.8
2016.0,,1.48,1.48,1.48,1.48,1.64,1.0,1.0,1.57,1.57,1.57,1.57,1.0,1.0,1.0,1.0,1.0,1.0,1.0,1.0,1.0,0.0,0.0,0.0,1.48,1.0,1.57,1.0,1.0,1.0,2.92
2017.0,,1.51,1.51,1.51,1.51,1.68,1.0,1.0,1.59,1.59,1.59,1.59,1.0,1.0,1.0,1.0,1.0,1.0,1.0,1.0,1.0,0.0,0.0,0.0,1.51,1.0,1.59,1.0,1.0,1.0,3.04
2018.0,,1.54,1.54,1.54,1.54,1.72,1.0,1.0,1.6,1.6,1.6,1.6,1.0,1.0,1.0,1.0,1.0,1.0,1.0,1.0,1.0,0.0,0.0,0.0,1.54,1.0,1.6,1.0,1.0,1.0,3.16
2019.0,,1.57,1.57,1.57,1.57,1.76,1.0,1.0,1.62,1.62,1.62,1.62,1.0,1.0,1.0,1.0,1.0,1.0,1.0,1.0,1.0,0.0,0.0,0.0,1.57,1.0,1.62,1.0,1.0,1.0,3.28
2020.0,,1.6,1.6,1.6,1.6,1.8,1.0,1.0,1.64,1.64,1.64,1.64,1.0,1.0,1.0,1.0,1.0,1.0,1.0,1.0,1.0,0.0,0.0,0.0,1.6,1.0,1.64,1.0,1.0,1.0,3.4
2021.0,,1.63,1.63,1.63,1.63,1.84,1.0,1.0,1.65,1.65,1.65,1.65,1.0,1.0,1.0,1.0,1.0,1.0,1.0,1.0,1.0,0.0,0.0,0.0,1.63,1.0,1.65,1.0,1.0,1.0,3.52
2022.0,,1.66,1.66,1.66,1.66,1.88,1.0,1.0,1.66,1.66,1.66,1.66,1.0,1.0,1.0,1.0,1.0,1.0,1.0,1.0,1.0,0.0,0.0,0.0,1.66,1.0,1.66,1.0,1.0,1.0,3.64
2023.0,,1.69,1.69,1.69,1.69,1.92,1.0,1.0,1.67,1.67,1.67,1.67,1.0,1.0,1.0,1.0,1.0,1.0,1.0,1.0,1.0,0.0,0.0,0.0,1.69,1.0,1.67,1.0,1.0,1.0,3.76
2024.0,,1.72,1.72,1.72,1.72,1.96,1.0,1.0,1.68,1.68,1.68,1.68,1.0,1.0,1.0,1.0,1.0,1.0,1.0,1.0,1.0,0.0,0.0,0.0,1.72,1.0,1.68,1.0,1.0,1.0,3.88
2025.0,,1.75,1.75,1.75,1.75,2.0,1.0,1.0,1.69,1.69,1.69,1.69,1.0,1.0,1.0,1.0,1.0,1.0,1.0,1.0,1.0,0.0,0.0,0.0,1.75,1.0,1.69,1.0,1.0,1.0,4.0
2100.0,,1.0,1.0,1.0,1.0,1.0,1.0,1.0,1.0,1.0,1.0,1.0,1.0,1.0,1.0,1.0,1.0,1.0,1.0,1.0,1.0,0.0,0.0,0.0,1.0,1.0,1.0,1.0,1.0,1.0,1.0
2101.0,,1.03,1.03,1.03,1.03,1.04,1.0,1.0,1.07,1.07,1.07,1.07,1.0,1.0,1.0,1.0,1.0,1.0,1.0,1.0,1.0,0.0,0.0,0.0,1.03,1.0,1.07,1.0,1.0,1.0,1.12
2102.0,,1.06,1.06,1.06,1.06,1.08,1.0,1.0,1.14,1.14,1.14,1.14,1.0,1.0,1.0,1.0,1.0,1.0,1.0,1.0,1.0,0.0,0.0,0.0,1.06,1.0,1.14,1.0,1.0,1.0,1.24
2103.0,,1.09,1.09,1.09,1.09,1.12,1.0,1.0,1.21,1.21,1.21,1.21,1.0,1.0,1.0,1.0,1.0,1.0,1.0,1.0,1.0,0.0,0.0,0.0,1.09,1.0,1.21,1.0,1.0,1.0,1.36
2104.0,,1.12,1.12,1.12,1.12,1.16,1.0,1.0,1.28,1.28,1.28,1.28,1.0,1.0,1.0,1.0,1.0,1.0,1.0,1.0,1.0,0.0,0.0,0.0,1.12,1.0,1.28,1.0,1.0,1.0,1.48
2105.0,,1.15,1.15,1.15,1.15,1.2,1.0,1.0,1.35,1.35,1.35,1.35,1.0,1.0,1.0,1.0,1.0,1.0,1.0,1.0,1.0,0.0,0.0,0.0,1.15,1.0,1.35,1.0,1.0,1.0,1.6
2106.0,,1.18,1.18,1.18,1.18,1.24,1.0,1.0,1.42,1.42,1.42,1.42,1.0,1.0,1.0,1.0,1.0,1.0,1.0,1.0,1.0,0.0,0.0,0.0,1.18,1.0,1.42,1.0,1.0,1.0,1.72
2107.0,,1.21,1.21,1.21,1.21,1.28,1.0,1.0,1.49,1.49,1.49,1.49,1.0,1.0,1.0,1.0,1.0,1.0,1.0,1.0,1.0,0.0,0.0,0.0,1.21,1.0,1.49,1.0,1.0,1.0,1.84
2108.0,,1.24,1.24,1.24,1.24,1.32,1.0,1.0,1.56,1.56,1.56,1.56,1.0,1.0,1.0,1.0,1.0,1.0,1.0,1.0,1.0,0.0,0.0,0.0,1.24,1.0,1.56,1.0,1.0,1.0,1.96
2109.0,,1.27,1.27,1.27,1.27,1.36,1.0,1.0,1.63,1.63,1.63,1.63,1.0,1.0,1.0,1.0,1.0,1.0,1.0,1.0,1.0,0.0,0.0,0.0,1.27,1.0,1.63,1.0,1.0,1.0,2.08
2110.0,,1.3,1.3,1.3,1.3,1.4,1.0,1.0,1.7,1.7,1.7,1.7,1.0,1.0,1.0,1.0,1.0,1.0,1.0,1.0,1.0,0.0,0.0,0.0,1.3,1.0,1.7,1.0,1.0,1.0,2.2
2111.0,,1.33,1.33,1.33,1.33,1.44,1.0,1.0,1.73,1.73,1.73,1.73,1.0,1.0,1.0,1.0,1.0,1.0,1.0,1.0,1.0,0.0,0.0,0.0,1.33,1.0,1.73,1.0,1.0,1.0,2.32
2112.0,,1.36,1.36,1.36,1.36,1.48,1.0,1.0,1.76,1.76,1.76,1.76,1.0,1.0,1.0,1.0,1.0,1.0,1.0,1.0,1.0,0.0,0.0,0.0,1.36,1.0,1.76,1.0,1.0,1.0,2.44
2113.0,,1.39,1.39,1.39,1.39,1.52,1.0,1.0,1.79,1.79,1.79,1.79,1.0,1.0,1.0,1.0,1.0,1.0,1.0,1.0,1.0,0.0,0.0,0.0,1.39,1.0,1.79,1.0,1.0,1.0,2.56
2114.0,,1.42,1.42,1.42,1.42,1.56,1.0,1.0,1.82,1.82,1.82,1.82,1.0,1.0,1.0,1.0,1.0,1.0,1.0,1.0,1.0,0.0,0.0,0.0,1.42,1.0,1.82,1.0,1.0,1.0,2.68
2115.0,,1.45,1.45,1.45,1.45,1.6,1.0,1.0,1.85,1.85,1.85,1.85,1.0,1.0,1.0,1.0,1.0,1.0,1.0,1.0,1.0,0.0,0.0,0.0,1.45,1.0,1.85,1.0,1.0,1.0,2.8
2116.0,,1.48,1.48,1.48,1.48,1.64,1.0,1.0,1.88,1.88,1.88,1.88,1.0,1.0,1.0,1.0,1.0,1.0,1.0,1.0,1.0,0.0,0.0,0.0,1.48,1.0,1.88,1.0,1.0,1.0,2.92
2117.0,,1.51,1.51,1.51,1.51,1.68,1.0,1.0,1.91,1.91,1.91,1.91,1.0,1.0,1.0,1.0,1.0,1.0,1.0,1.0,1.0,0.0,0.0,0.0,1.51,1.0,1.91,1.0,1.0,1.0,3.04
2118.0,,1.54,1.54,1.54,1.54,1.72,1.0,1.0,1.94,1.94,1.94,1.94,1.0,1.0,1.0,1.0,1.0,1.0,1.0,1.0,1.0,0.0,0.0,0.0,1.54,1.0,1.94,1.0,1.0,1.0,3.16
2119.0,,1.57,1.57,1.57,1.57,1.76,1.0,1.0,1.97,1.97,1.97,1.97,1.0,1.0,1.0,1.0,1.0,1.0,1.0,1.0,1.0,0.0,0.0,0.0,1.57,1.0,1.97,1.0,1.0,1.0,3.28
2120.0,,1.6,1.6,1.6,1.6,1.8,1.0,1.0,2.0,2.0,2.0,2.0,1.0,1.0,1.0,1.0,1.0,1.0,1.0,1.0,1.0,0.0,0.0,0.0,1.6,1.0,2.0,1.0,1.0,1.0,3.4
2121.0,,1.63,1.63,1.63,1.63,1.84,1.0,1.0,2.02,2.02,2.02,2.02,1.0,1.0,1.0,1.0,1.0,1.0,1.0,1.0,1.0,0.0,0.0,0.0,1.63,1.0,2.02,1.0,1.0,1.0,3.52
2122.0,,1.66,1.66,1.66,1.66,1.88,1.0,1.0,2.04,2.04,2.04,2.04,1.0,1.0,1.0,1.0,1.0,1.0,1.0,1.0,1.0,0.0,0.0,0.0,1.66,1.0,2.04,1.0,1.0,1.0,3.64
2123.0,,1.69,1.69,1.69,1.69,1.92,1.0,1.0,2.06,2.06,2.06,2.06,1.0,1.0,1.0,1.0,1.0,1.0,1.0,1.0,1.0,0.0,0.0,0.0,1.69,1.0,2.06,1.0,1.0,1.0,3.76
2124.0,,1.72,1.72,1.72,1.72,1.96,1.0,1.0,2.08,2.08,2.08,2.08,1.0,1.0,1.0,1.0,1.0,1.0,1.0,1.0,1.0,0.0,0.0,0.0,1.72,1.0,2.08,1.0,1.0,1.0,3.88
2125.0,,1.75,1.75,1.75,1.75,2.0,1.0,1.0,2.1,2.1,2.1,2.1,1.0,1.0,1.0,1.0,1.0,1.0,1.0,1.0,1.0,0.0,0.0,0.0,1.75,1.0,2.1,1.0,1.0,1.0,4.0
2200.0,Default Somber,1.0,1.0,1.0,1.0,1.0,1.0,1.0,1.0,1.0,1.0,1.0,1.0,1.0,1.0,1.0,1.0,1.0,1.0,1.0,1.0,0.0,0.0,0.0,1.0,1.0,1.0,1.0,1.0,1.0,1.0
2201.0,,1.145,1.145,1.145,1.145,1.1,1.0,1.0,1.08,1.08,1.08,1.08,1.0,1.0,1.0,1.0,1.0,1.0,1.0,1.0,1.01,0.0,0.0,0.0,1.145,1.0,1.08,1.0,1.0,1.0,1.3
2202.0,,1.29,1.29,1.29,1.29,1.2,1.0,1.0,1.16,1.16,1.16,1.16,1.0,1.0,1.0,1.0,1.0,1.0,1.0,1.0,1.02,0.0,0.0,0.0,1.29,1.0,1.16,1.0,1.0,1.0,1.6
2203.0,,1.435,1.435,1.435,1.435,1.3,1.0,1.0,1.24,1.24,1.24,1.24,1.0,1.0,1.0,1.0,1.0,1.0,1.0,1.0,1.03,0.0,0.0,0.0,1.435,1.0,1.24,1.0,1.0,1.0,1.9
2204.0,,1.58,1.58,1.58,1.58,1.4,1.0,1.0,1.32,1.32,1.32,1.32,1.0,1.0,1.0,1.0,1.0,1.0,1.0,1.0,1.04,0.0,0.0,0.0,1.58,1.0,1.32,1.0,1.0,1.0,2.2
2205.0,,1.725,1.725,1.725,1.725,1.5,1.0,1.0,1.4,1.4,1.4,1.4,1.0,1.0,1.0,1.0,1.0,1.0,1.0,1.0,1.05,0.0,0.0,0.0,1.725,1.0,1.4,1.0,1.0,1.0,2.5
2206.0,,1.87,1.87,1.87,1.87,1.6,1.0,1.0,1.48,1.48,1.48,1.48,1.0,1.0,1.0,1.0,1.0,1.0,1.0,1.0,1.06,0.0,0.0,0.0,1.87,1.0,1.48,1.0,1.0,1.0,2.8
2207.0,,2.015,2.015,2.015,2.015,1.7,1.0,1.0,1.56,1.56,1.56,1.56,1.0,1.0,1.0,1.0,1.0,1.0,1.0,1.0,1.07,0.0,0.0,0.0,2.015,1.0,1.56,1.0,1.0,1.0,3.1
2208.0,,2.16,2.16,2.16,2.16,1.8,1.0,1.0,1.64,1.64,1.64,1.64,1.0,1.0,1.0,1.0,1.0,1.0,1.0,1.0,1.08,0.0,0.0,0.0,2.16,1.0,1.64,1.0,1.0,1.0,3.4
2209.0,,2.305,2.305,2.305,2.305,1.9,1.0,1.0,1.72,1.72,1.72,1.72,1.0,1.0,1.0,1.0,1.0,1.0,1.0,1.0,1.09,0.0,0.0,0.0,2.305,1.0,1.72,1.0,1.0,1.0,3.7
2210.0,,2.45,2.45,2.45,2.45,2.0,1.0,1.0,1.8,1.8,1.8,1.8,1.0,1.0,1.0,1.0,1.0,1.0,1.0,1.0,1.1,0.0,0.0,0.0,2.45,1.0,1.8,1.0,1.0,1.0,4.0
2400.0,Staves/Seals 2,1.0,1.0,1.0,1.0,1.0,1.0,1.0,1.0,1.0,1.0,1.0,1.0,1.0,1.0,1.0,1.0,1.0,1.0,1.0,1.0,0.0,0.0,0.0,1.0,1.0,1.0,1.0,1.0,1.0,1.0
2401.0,,1.145,1.145,1.145,1.145,1.1,1.0,1.0,1.2,1.2,1.2,1.2,1.0,1.0,1.0,1.0,1.0,1.0,1.0,1.0,1.0,0.0,0.0,0.0,1.145,1.0,1.2,1.0,1.0,1.0,1.3
2402.0,,1.29,1.29,1.29,1.29,1.2,1.0,1.0,1.4,1.4,1.4,1.4,1.0,1.0,1.0,1.0,1.0,1.0,1.0,1.0,1.0,0.0,0.0,0.0,1.29,1.0,1.4,1.0,1.0,1.0,1.6
2403.0,,1.435,1.435,1.435,1.435,1.3,1.0,1.0,1.6,1.6,1.6,1.6,1.0,1.0,1.0,1.0,1.0,1.0,1.0,1.0,1.0,0.0,0.0,0.0,1.435,1.0,1.6,1.0,1.0,1.0,1.9
2404.0,,1.58,1.58,1.58,1.58,1.4,1.0,1.0,1.8,1.8,1.8,1.8,1.0,1.0,1.0,1.0,1.0,1.0,1.0,1.0,1.0,0.0,0.0,0.0,1.58,1.0,1.8,1.0,1.0,1.0,2.2
2405.0,,1.725,1.725,1.725,1.725,1.5,1.0,1.0,2.0,2.0,2.0,2.0,1.0,1.0,1.0,1.0,1.0,1.0,1.0,1.0,1.0,0.0,0.0,0.0,1.725,1.0,2.0,1.0,1.0,1.0,2.5
2406.0,,1.87,1.87,1.87,1.87,1.6,1.0,1.0,2.2,2.2,2.2,2.2,1.0,1.0,1.0,1.0,1.0,1.0,1.0,1.0,1.0,0.0,0.0,0.0,1.87,1.0,2.2,1.0,1.0,1.0,2.8
2407.0,,2.015,2.015,2.015,2.015,1.7,1.0,1.0,2.4,2.4,2.4,2.4,1.0,1.0,1.0,1.0,1.0,1.0,1.0,1.0,1.0,0.0,0.0,0.0,2.015,1.0,2.4,1.0,1.0,1.0,3.1
2408.0,,2.16,2.16,2.16,2.16,1.8,1.0,1.0,2.6,2.6,2.6,2.6,1.0,1.0,1.0,1.0,1.0,1.0,1.0,1.0,1.0,0.0,0.0,0.0,2.16,1.0,2.6,1.0,1.0,1.0,3.4
2409.0,,2.305,2.305,2.305,2.305,1.9,1.0,1.0,2.8,2.8,2.8,2.8,1.0,1.0,1.0,1.0,1.0,1.0,1.0,1.0,1.0,0.0,0.0,0.0,2.305,1.0,2.8,1.0,1.0,1.0,3.7
2410.0,,2.45,2.45,2.45,2.45,2.0,1.0,1.0,3.0,3.0,3.0,3.0,1.0,1.0,1.0,1.0,1.0,1.0,1.0,1.0,1.0,0.0,0.0,0.0,2.45,1.0,3.0,1.0,1.0,1.0,4.0
2500.0,,1.0,1.0,1.0,1.0,1.0,1.0,1.0,1.0,1.0,1.0,1.0,1.0,1.0,1.0,1.0,1.0,1.0,1.0,1.0,1.0,0.0,0.0,0.0,1.0,1.0,1.0,1.0,1.0,1.0,1.0
2501.0,,1.0756,1.0756,1.0756,1.0756,1.088,1.0,1.0,1.15,1.15,1.15,1.15,1.0,1.0,1.0,1.0,1.0,1.0,1.0,1.0,1.0,0.0,0.0,0.0,1.0756,1.0,1.15,1.0,1.0,1.0,1.3
2502.0,,1.1512,1.1512,1.1512,1.1512,1.176,1.0,1.0,1.3,1.3,1.3,1.3,1.0,1.0,1.0,1.0,1.0,1.0,1.0,1.0,1.0,0.0,0.0,0.0,1.1512,1.0,1.3,1.0,1.0,1.0,1.6
2503.0,,1.2268,1.2268,1.2268,1.2268,1.264,1.0,1.0,1.45,1.45,1.45,1.45,1.0,1.0,1.0,1.0,1.0,1.0,1.0,1.0,1.0,0.0,0.0,0.0,1.2268,1.0,1.45,1.0,1.0,1.0,1.9
2504.0,,1.3024,1.3024,1.3024,1.3024,1.352,1.0,1.0,1.5,1.5,1.5,1.5,1.0,1.0,1.0,1.0,1.0,1.0,1.0,1.0,1.0,0.0,0.0,0.0,1.3024,1.0,1.5,1.0,1.0,1.0,2.2
2505.0,,1.378,1.378,1.378,1.378,1.44,1.0,1.0,1.55,1.55,1.55,1.55,1.0,1.0,1.0,1.0,1.0,1.0,1.0,1.0,1.0,0.0,0.0,0.0,1.378,1.0,1.55,1.0,1.0,1.0,2.5
2506.0,,1.4536,1.4536,1.4536,1.4536,1.528,1.0,1.0,1.6,1.6,1.6,1.6,1.0,1.0,1.0,1.0,1.0,1.0,1.0,1.0,1.0,0.0,0.0,0.0,1.4536,1.0,1.6,1.0,1.0,1.0,2.8
2507.0,,1.5292,1.5292,1.5292,1.5292,1.616,1.0,1.0,1.63,1.63,1.63,1.63,1.0,1.0,1.0,1.0,1.0,1.0,1.0,1.0,1.0,0.0,0.0,0.0,1.5292,1.0,1.63,1.0,1.0,1.0,3.1
2508.0,,1.6048,1.6048,1.6048,1.6048,1.704,1.0,1.0,1.66,1.66,1.66,1.66,1.0,1.0,1.0,1.0,1.0,1.0,1.0,1.0,1.0,0.0,0.0,0.0,1.6048,1.0,1.66,1.0,1.0,1.0,3.4
2509.0,,1.6804,1.6804,1.6804,1.6804,1.792,1.0,1.0,1.69,1.69,1.69,1.69,1.0,1.0,1.0,1.0,1.0,1.0,1.0,1.0,1.0,0.0,0.0,0.0,1.6804,1.0,1.69,1.0,1.0,1.0,3.7
2510.0,,1.75,1.75,1.75,1.75,2.0,1.0,1.0,1.73,1.73,1.73,1.73,1.0,1.0,1.0,1.0,1.0,1.0,1.0,1.0,1.0,0.0,0.0,0.0,1.75,1.0,1.73,1.0,1.0,1.0,4.0
2600.0,,1.0,1.0,1.0,1.0,1.0,1.0,1.0,1.0,1.0,1.0,1.0,1.0,1.0,1.0,1.0,1.0,1.0,1.0,1.0,1.0,0.0,0.0,0.0,1.0,1.0,1.0,1.0,1.0,1.0,1.0
2601.0,,1.075,1.075,1.075,1.075,1.1,1.0,1.0,1.15,1.15,1.15,1.15,1.0,1.0,1.0,1.0,1.0,1.0,1.0,1.0,1.0,0.0,0.0,0.0,1.075,1.0,1.15,1.0,1.0,1.0,1.3
2602.0,,1.15,1.15,1.15,1.15,1.2,1.0,1.0,1.3,1.3,1.3,1.3,1.0,1.0,1.0,1.0,1.0,1.0,1.0,1.0,1.0,0.0,0.0,0.0,1.15,1.0,1.3,1.0,1.0,1.0,1.6
2603.0,,1.225,1.225,1.225,1.225,1.3,1.0,1.0,1.45,1.45,1.45,1.45,1.0,1.0,1.0,1.0,1.0,1.0,1.0,1.0,1.0,0.0,0.0,0.0,1.225,1.0,1.45,1.0,1.0,1.0,1.9
2604.0,,1.3,1.3,1.3,1.3,1.4,1.0,1.0,1.6,1.6,1.6,1.6,1.0,1.0,1.0,1.0,1.0,1.0,1.0,1.0,1.0,0.0,0.0,0.0,1.3,1.0,1.6,1.0,1.0,1.0,2.2
2605.0,,1.375,1.375,1.375,1.375,1.5,1.0,1.0,1.75,1.75,1.75,1.75,1.0,1.0,1.0,1.0,1.0,1.0,1.0,1.0,1.0,0.0,0.0,0.0,1.375,1.0,1.75,1.0,1.0,1.0,2.5
2606.0,,1.45,1.45,1.45,1.45,1.6,1.0,1.0,1.9,1.9,1.9,1.9,1.0,1.0,1.0,1.0,1.0,1.0,1.0,1.0,1.0,0.0,0.0,0.0,1.45,1.0,1.9,1.0,1.0,1.0,2.8
2607.0,,1.525,1.525,1.525,1.525,1.7,1.0,1.0,2.05,2.05,2.05,2.05,1.0,1.0,1.0,1.0,1.0,1.0,1.0,1.0,1.0,0.0,0.0,0.0,1.525,1.0,2.05,1.0,1.0,1.0,3.1
2608.0,,1.6,1.6,1.6,1.6,1.8,1.0,1.0,2.2,2.2,2.2,2.2,1.0,1.0,1.0,1.0,1.0,1.0,1.0,1.0,1.0,0.0,0.0,0.0,1.6,1.0,2.2,1.0,1.0,1.0,3.4
2609.0,,1.675,1.675,1.675,1.675,1.9,1.0,1.0,2.35,2.35,2.35,2.35,1.0,1.0,1.0,1.0,1.0,1.0,1.0,1.0,1.0,0.0,0.0,0.0,1.675,1.0,2.35,1.0,1.0,1.0,3.7
2610.0,,1.75,1.75,1.75,1.75,2.0,1.0,1.0,2.5,2.5,2.5,2.5,1.0,1.0,1.0,1.0,1.0,1.0,1.0,1.0,1.0,0.0,0.0,0.0,1.75,1.0,2.5,1.0,1.0,1.0,4.0
2700.0,,1.0,1.0,1.0,1.0,1.0,1.0,1.0,1.0,1.0,1.0,1.0,1.0,1.0,1.0,1.0,1.0,1.0,1.0,1.0,1.0,0.0,0.0,0.0,1.0,1.0,1.0,1.0,1.0,1.0,1.0
2701.0,,1.075,1.075,1.075,1.075,1.1,1.0,1.0,1.05,1.05,1.05,1.05,1.0,1.0,1.0,1.0,1.0,1.0,1.0,1.0,1.0,0.0,0.0,0.0,1.075,1.0,1.05,1.0,1.0,1.0,1.3
2702.0,,1.15,1.15,1.15,1.15,1.2,1.0,1.0,1.1,1.1,1.1,1.1,1.0,1.0,1.0,1.0,1.0,1.0,1.0,1.0,1.0,0.0,0.0,0.0,1.15,1.0,1.1,1.0,1.0,1.0,1.6
2703.0,,1.225,1.225,1.225,1.225,1.3,1.0,1.0,1.15,1.15,1.15,1.15,1.0,1.0,1.0,1.0,1.0,1.0,1.0,1.0,1.0,0.0,0.0,0.0,1.225,1.0,1.15,1.0,1.0,1.0,1.9
2704.0,,1.3,1.3,1.3,1.3,1.4,1.0,1.0,1.2,1.2,1.2,1.2,1.0,1.0,1.0,1.0,1.0,1.0,1.0,1.0,1.0,0.0,0.0,0.0,1.3,1.0,1.2,1.0,1.0,1.0,2.2
2705.0,,1.375,1.375,1.375,1.375,1.5,1.0,1.0,1.24,1.24,1.24,1.24,1.0,1.0,1.0,1.0,1.0,1.0,1.0,1.0,1.0,0.0,0.0,0.0,1.375,1.0,1.24,1.0,1.0,1.0,2.5
2706.0,,1.45,1.45,1.45,1.45,1.6,1.0,1.0,1.28,1.28,1.28,1.28,1.0,1.0,1.0,1.0,1.0,1.0,1.0,1.0,1.0,0.0,0.0,0.0,1.45,1.0,1.28,1.0,1.0,1.0,2.8
2707.0,,1.525,1.525,1.525,1.525,1.7,1.0,1.0,1.31,1.31,1.31,1.31,1.0,1.0,1.0,1.0,1.0,1.0,1.0,1.0,1.0,0.0,0.0,0.0,1.525,1.0,1.31,1.0,1.0,1.0,3.1
2708.0,,1.6,1.6,1.6,1.6,1.8,1.0,1.0,1.34,1.34,1.34,1.34,1.0,1.0,1.0,1.0,1.0,1.0,1.0,1.0,1.0,0.0,0.0,0.0,1.6,1.0,1.34,1.0,1.0,1.0,3.4
2709.0,,1.675,1.675,1.675,1.675,1.9,1.0,1.0,1.37,1.37,1.37,1.37,1.0,1.0,1.0,1.0,1.0,1.0,1.0,1.0,1.0,0.0,0.0,0.0,1.675,1.0,1.37,1.0,1.0,1.0,3.7
2710.0,,1.75,1.75,1.75,1.75,2.0,1.0,1.0,1.4,1.4,1.4,1.4,1.0,1.0,1.0,1.0,1.0,1.0,1.0,1.0,1.0,0.0,0.0,0.0,1.75,1.0,1.4,1.0,1.0,1.0,4.0
2800.0,,1.0,1.0,1.0,1.0,1.0,1.0,1.0,1.0,1.0,1.0,1.0,1.0,1.0,1.0,1.0,1.0,1.0,1.0,1.0,1.0,0.0,0.0,0.0,1.0,1.0,1.0,1.0,1.0,1.0,1.0
2801.0,,1.075,1.075,1.075,1.075,1.1,1.0,1.0,1.05,1.05,1.05,1.05,1.0,1.0,1.0,1.0,1.0,1.0,1.0,1.0,1.0,0.0,0.0,0.0,1.075,1.0,1.05,1.0,1.0,1.0,1.3
2802.0,,1.15,1.15,1.15,1.15,1.2,1.0,1.0,1.1,1.1,1.1,1.1,1.0,1.0,1.0,1.0,1.0,1.0,1.0,1.0,1.0,0.0,0.0,0.0,1.15,1.0,1.1,1.0,1.0,1.0,1.6
2803.0,,1.225,1.225,1.225,1.225,1.3,1.0,1.0,1.15,1.15,1.15,1.15,1.0,1.0,1.0,1.0,1.0,1.0,1.0,1.0,1.0,0.0,0.0,0.0,1.225,1.0,1.15,1.0,1.0,1.0,1.9
2804.0,,1.3,1.3,1.3,1.3,1.4,1.0,1.0,1.2,1.2,1.2,1.2,1.0,1.0,1.0,1.0,1.0,1.0,1.0,1.0,1.0,0.0,0.0,0.0,1.3,1.0,1.2,1.0,1.0,1.0,2.2
2805.0,,1.375,1.375,1.375,1.375,1.5,1.0,1.0,1.27,1.27,1.27,1.27,1.0,1.0,1.0,1.0,1.0,1.0,1.0,1.0,1.0,0.0,0.0,0.0,1.375,1.0,1.27,1.0,1.0,1.0,2.5
2806.0,,1.45,1.45,1.45,1.45,1.6,1.0,1.0,1.34,1.34,1.34,1.34,1.0,1.0,1.0,1.0,1.0,1.0,1.0,1.0,1.0,0.0,0.0,0.0,1.45,1.0,1.34,1.0,1.0,1.0,2.8
2807.0,,1.525,1.525,1.525,1.525,1.7,1.0,1.0,1.41,1.41,1.41,1.41,1.0,1.0,1.0,1.0,1.0,1.0,1.0,1.0,1.0,0.0,0.0,0.0,1.525,1.0,1.41,1.0,1.0,1.0,3.1
2808.0,,1.6,1.6,1.6,1.6,1.8,1.0,1.0,1.48,1.48,1.48,1.48,1.0,1.0,1.0,1.0,1.0,1.0,1.0,1.0,1.0,0.0,0.0,0.0,1.6,1.0,1.48,1.0,1.0,1.0,3.4
2809.0,,1.675,1.675,1.675,1.675,1.9,1.0,1.0,1.52,1.52,1.52,1.52,1.0,1.0,1.0,1.0,1.0,1.0,1.0,1.0,1.0,0.0,0.0,0.0,1.675,1.0,1.52,1.0,1.0,1.0,3.7
2810.0,,1.75,1.75,1.75,1.75,2.0,1.0,1.0,1.6,1.6,1.6,1.6,1.0,1.0,1.0,1.0,1.0,1.0,1.0,1.0,1.0,0.0,0.0,0.0,1.75,1.0,1.6,1.0,1.0,1.0,4.0
3000.0,No Reinforce,1.0,1.0,1.0,1.0,1.0,1.0,1.0,1.0,1.0,1.0,1.0,1.0,1.0,1.0,1.0,1.0,1.0,1.0,1.0,1.0,0.0,0.0,0.0,1.0,1.0,1.0,1.0,1.0,1.0,1.0
3100.0,Crossbow/Ballista 1,0.9,0.9,0.9,0.9,1.0,1.0,1.0,0.0,0.0,0.0,0.0,1.0,1.0,1.0,1.0,1.0,1.0,1.0,1.0,1.0,0.0,0.0,0.0,0.9,1.0,0.0,1.0,1.0,1.0,1.0
3101.0,,1.024,1.024,1.024,1.024,1.04,1.0,1.0,0.0,0.0,0.0,0.0,1.0,1.0,1.0,1.0,1.0,1.0,1.0,1.0,1.0,0.0,0.0,0.0,1.024,1.0,0.0,1.0,1.0,1.0,1.12
3102.0,,1.148,1.148,1.148,1.148,1.08,1.0,1.0,0.0,0.0,0.0,0.0,1.0,1.0,1.0,1.0,1.0,1.0,1.0,1.0,1.0,0.0,0.0,0.0,1.148,1.0,0.0,1.0,1.0,1.0,1.24
3103.0,,1.272,1.272,1.272,1.272,1.12,1.0,1.0,0.0,0.0,0.0,0.0,1.0,1.0,1.0,1.0,1.0,1.0,1.0,1.0,1.0,0.0,0.0,0.0,1.272,1.0,0.0,1.0,1.0,1.0,1.36
3104.0,,1.396,1.396,1.396,1.396,1.16,1.0,1.0,0.0,0.0,0.0,0.0,1.0,1.0,1.0,1.0,1.0,1.0,1.0,1.0,1.0,0.0,0.0,0.0,1.396,1.0,0.0,1.0,1.0,1.0,1.48
3105.0,,1.52,1.52,1.52,1.52,1.2,1.0,1.0,0.0,0.0,0.0,0.0,1.0,1.0,1.0,1.0,1.0,1.0,1.0,1.0,1.0,0.0,0.0,0.0,1.52,1.0,0.0,1.0,1.0,1.0,1.6
3106.0,,1.644,1.644,1.644,1.644,1.24,1.0,1.0,0.0,0.0,0.0,0.0,1.0,1.0,1.0,1.0,1.0,1.0,1.0,1.0,1.0,0.0,0.0,0.0,1.644,1.0,0.0,1.0,1.0,1.0,1.72
3107.0,,1.768,1.768,1.768,1.768,1.28,1.0,1.0,0.0,0.0,0.0,0.0,1.0,1.0,1.0,1.0,1.0,1.0,1.0,1.0,1.0,0.0,0.0,0.0,1.768,1.0,0.0,1.0,1.0,1.0,1.84
3108.0,,1.892,1.892,1.892,1.892,1.32,1.0,1.0,0.0,0.0,0.0,0.0,1.0,1.0,1.0,1.0,1.0,1.0,1.0,1.0,1.0,0.0,0.0,0.0,1.892,1.0,0.0,1.0,1.0,1.0,1.96
3109.0,,2.016,2.016,2.016,2.016,1.36,1.0,1.0,0.0,0.0,0.0,0.0,1.0,1.0,1.0,1.0,1.0,1.0,1.0,1.0,1.0,0.0,0.0,0.0,2.016,1.0,0.0,1.0,1.0,1.0,2.08
3110.0,,2.14,2.14,2.14,2.14,1.4,1.0,1.0,0.0,0.0,0.0,0.0,1.0,1.0,1.0,1.0,1.0,1.0,1.0,1.0,1.0,0.0,0.0,0.0,2.14,1.0,0.0,1.0,1.0,1.0,2.2
3111.0,,2.264,2.264,2.264,2.264,1.44,1.0,1.0,0.0,0.0,0.0,0.0,1.0,1.0,1.0,1.0,1.0,1.0,1.0,1.0,1.0,0.0,0.0,0.0,2.264,1.0,0.0,1.0,1.0,1.0,2.32
3112.0,,2.388,2.388,2.388,2.388,1.48,1.0,1.0,0.0,0.0,0.0,0.0,1.0,1.0,1.0,1.0,1.0,1.0,1.0,1.0,1.0,0.0,0.0,0.0,2.388,1.0,0.0,1.0,1.0,1.0,2.44
3113.0,,2.512,2.512,2.512,2.512,1.52,1.0,1.0,0.0,0.0,0.0,0.0,1.0,1.0,1.0,1.0,1.0,1.0,1.0,1.0,1.0,0.0,0.0,0.0,2.512,1.0,0.0,1.0,1.0,1.0,2.56
3114.0,,2.636,2.636,2.636,2.636,1.56,1.0,1.0,0.0,0.0,0.0,0.0,1.0,1.0,1.0,1.0,1.0,1.0,1.0,1.0,1.0,0.0,0.0,0.0,2.636,1.0,0.0,1.0,1.0,1.0,2.68
3115.0,,2.76,2.76,2.76,2.76,1.6,1.0,1.0,0.0,0.0,0.0,0.0,1.0,1.0,1.0,1.0,1.0,1.0,1.0,1.0,1.0,0.0,0.0,0.0,2.76,1.0,0.0,1.0,1.0,1.0,2.8
3116.0,,2.884,2.884,2.884,2.884,1.64,1.0,1.0,0.0,0.0,0.0,0.0,1.0,1.0,1.0,1.0,1.0,1.0,1.0,1.0,1.0,0.0,0.0,0.0,2.884,1.0,0.0,1.0,1.0,1.0,2.92
3117.0,,3.008,3.008,3.008,3.008,1.68,1.0,1.0,0.0,0.0,0.0,0.0,1.0,1.0,1.0,1.0,1.0,1.0,1.0,1.0,1.0,0.0,0.0,0.0,3.008,1.0,0.0,1.0,1.0,1.0,3.04
3118.0,,3.132,3.132,3.132,3.132,1.72,1.0,1.0,0.0,0.0,0.0,0.0,1.0,1.0,1.0,1.0,1.0,1.0,1.0,1.0,1.0,0.0,0.0,0.0,3.132,1.0,0.0,1.0,1.0,1.0,3.16
3119.0,,3.256,3.256,3.256,3.256,1.76,1.0,1.0,0.0,0.0,0.0,0.0,1.0,1.0,1.0,1.0,1.0,1.0,1.0,1.0,1.0,0.0,0.0,0.0,3.256,1.0,0.0,1.0,1.0,1.0,3.28
3120.0,,3.38,3.38,3.38,3.38,1.8,1.0,1.0,0.0,0.0,0.0,0.0,1.0,1.0,1.0,1.0,1.0,1.0,1.0,1.0,1.0,0.0,0.0,0.0,3.38,1.0,0.0,1.0,1.0,1.0,3.4
3121.0,,3.504,3.504,3.504,3.504,1.84,1.0,1.0,0.0,0.0,0.0,0.0,1.0,1.0,1.0,1.0,1.0,1.0,1.0,1.0,1.0,0.0,0.0,0.0,3.504,1.0,0.0,1.0,1.0,1.0,3.52
3122.0,,3.628,3.628,3.628,3.628,1.88,1.0,1.0,0.0,0.0,0.0,0.0,1.0,1.0,1.0,1.0,1.0,1.0,1.0,1.0,1.0,0.0,0.0,0.0,3.628,1.0,0.0,1.0,1.0,1.0,3.64
3123.0,,3.752,3.752,3.752,3.752,1.92,1.0,1.0,0.0,0.0,0.0,0.0,1.0,1.0,1.0,1.0,1.0,1.0,1.0,1.0,1.0,0.0,0.0,0.0,3.752,1.0,0.0,1.0,1.0,1.0,3.76
3124.0,,3.876,3.876,3.876,3.876,1.96,1.0,1.0,0.0,0.0,0.0,0.0,1.0,1.0,1.0,1.0,1.0,1.0,1.0,1.0,1.0,0.0,0.0,0.0,3.876,1.0,0.0,1.0,1.0,1.0,3.88
3125.0,,4.0,4.0,4.0,4.0,2.0,1.0,1.0,0.0,0.0,0.0,0.0,1.0,1.0,1.0,1.0,1.0,1.0,1.0,1.0,1.0,0.0,0.0,0.0,4.0,1.0,0.0,1.0,1.0,1.0,4.0
3200.0,Crossbow/Ballista 2,1.0,1.0,1.0,1.0,1.0,1.0,1.0,0.0,0.0,0.0,0.0,1.0,1.0,1.0,1.0,1.0,1.0,1.0,1.0,1.0,0.0,0.0,0.0,1.0,1.0,0.0,1.0,1.0,1.0,1.0
3201.0,,1.25,1.25,1.25,1.25,1.1,1.0,1.0,0.0,0.0,0.0,0.0,1.0,1.0,1.0,1.0,1.0,1.0,1.0,1.0,1.0,0.0,0.0,0.0,1.25,1.0,0.0,1.0,1.0,1.0,1.3
3202.0,,1.5,1.5,1.5,1.5,1.2,1.0,1.0,0.0,0.0,0.0,0.0,1.0,1.0,1.0,1.0,1.0,1.0,1.0,1.0,1.0,0.0,0.0,0.0,1.5,1.0,0.0,1.0,1.0,1.0,1.6
3203.0,,1.75,1.75,1.75,1.75,1.3,1.0,1.0,0.0,0.0,0.0,0.0,1.0,1.0,1.0,1.0,1.0,1.0,1.0,1.0,1.0,0.0,0.0,0.0,1.75,1.0,0.0,1.0,1.0,1.0,1.9
3204.0,,2.0,2.0,2.0,2.0,1.4,1.0,1.0,0.0,0.0,0.0,0.0,1.0,1.0,1.0,1.0,1.0,1.0,1.0,1.0,1.0,0.0,0.0,0.0,2.0,1.0,0.0,1.0,1.0,1.0,2.2
3205.0,,2.25,2.25,2.25,2.25,1.5,1.0,1.0,0.0,0.0,0.0,0.0,1.0,1.0,1.0,1.0,1.0,1.0,1.0,1.0,1.0,0.0,0.0,0.0,2.25,1.0,0.0,1.0,1.0,1.0,2.5
3206.0,,2.5,2.5,2.5,2.5,1.6,1.0,1.0,0.0,0.0,0.0,0.0,1.0,1.0,1.0,1.0,1.0,1.0,1.0,1.0,1.0,0.0,0.0,0.0,2.5,1.0,0.0,1.0,1.0,1.0,2.8
3207.0,,2.75,2.75,2.75,2.75,1.7,1.0,1.0,0.0,0.0,0.0,0.0,1.0,1.0,1.0,1.0,1.0,1.0,1.0,1.0,1.0,0.0,0.0,0.0,2.75,1.0,0.0,1.0,1.0,1.0,3.1
3208.0,,3.0,3.0,3.0,3.0,1.8,1.0,1.0,0.0,0.0,0.0,0.0,1.0,1.0,1.0,1.0,1.0,1.0,1.0,1.0,1.0,0.0,0.0,0.0,3.0,1.0,0.0,1.0,1.0,1.0,3.4
3209.0,,3.25,3.25,3.25,3.25,1.9,1.0,1.0,0.0,0.0,0.0,0.0,1.0,1.0,1.0,1.0,1.0,1.0,1.0,1.0,1.0,0.0,0.0,0.0,3.25,1.0,0.0,1.0,1.0,1.0,3.7
3210.0,,3.5,3.5,3.5,3.5,2.0,1.0,1.0,0.0,0.0,0.0,0.0,1.0,1.0,1.0,1.0,1.0,1.0,1.0,1.0,1.0,0.0,0.0,0.0,3.5,1.0,0.0,1.0,1.0,1.0,4.0
3300.0,Pulley Crossbow,1.0,1.0,1.0,1.0,1.0,1.0,1.0,0.0,0.0,0.0,0.0,1.0,1.0,1.0,1.0,1.0,1.0,1.0,1.0,1.0,0.0,0.0,0.0,1.0,1.0,0.0,1.0,1.0,1.0,1.0
3301.0,,1.125,1.125,1.125,1.125,1.1,1.0,1.0,0.0,0.0,0.0,0.0,1.0,1.0,1.0,1.0,1.0,1.0,1.0,1.0,1.0,0.0,0.0,0.0,1.125,1.0,0.0,1.0,1.0,1.0,1.3
3302.0,,1.25,1.25,1.25,1.25,1.2,1.0,1.0,0.0,0.0,0.0,0.0,1.0,1.0,1.0,1.0,1.0,1.0,1.0,1.0,1.0,0.0,0.0,0.0,1.25,1.0,0.0,1.0,1.0,1.0,1.6
3303.0,,1.375,1.375,1.375,1.375,1.3,1.0,1.0,0.0,0.0,0.0,0.0,1.0,1.0,1.0,1.0,1.0,1.0,1.0,1.0,1.0,0.0,0.0,0.0,1.375,1.0,0.0,1.0,1.0,1.0,1.9
3304.0,,1.5,1.5,1.5,1.5,1.4,1.0,1.0,0.0,0.0,0.0,0.0,1.0,1.0,1.0,1.0,1.0,1.0,1.0,1.0,1.0,0.0,0.0,0.0,1.5,1.0,0.0,1.0,1.0,1.0,2.2
3305.0,,1.625,1.625,1.625,1.625,1.5,1.0,1.0,0.0,0.0,0.0,0.0,1.0,1.0,1.0,1.0,1.0,1.0,1.0,1.0,1.0,0.0,0.0,0.0,1.625,1.0,0.0,1.0,1.0,1.0,2.5
3306.0,,1.75,1.75,1.75,1.75,1.6,1.0,1.0,0.0,0.0,0.0,0.0,1.0,1.0,1.0,1.0,1.0,1.0,1.0,1.0,1.0,0.0,0.0,0.0,1.75,1.0,0.0,1.0,1.0,1.0,2.8
3307.0,,1.875,1.875,1.875,1.875,1.7,1.0,1.0,0.0,0.0,0.0,0.0,1.0,1.0,1.0,1.0,1.0,1.0,1.0,1.0,1.0,0.0,0.0,0.0,1.875,1.0,0.0,1.0,1.0,1.0,3.1
3308.0,,2.0,2.0,2.0,2.0,1.8,1.0,1.0,0.0,0.0,0.0,0.0,1.0,1.0,1.0,1.0,1.0,1.0,1.0,1.0,1.0,0.0,0.0,0.0,2.0,1.0,0.0,1.0,1.0,1.0,3.4
3309.0,,2.125,2.125,2.125,2.125,1.9,1.0,1.0,0.0,0.0,0.0,0.0,1.0,1.0,1.0,1.0,1.0,1.0,1.0,1.0,1.0,0.0,0.0,0.0,2.125,1.0,0.0,1.0,1.0,1.0,3.7
3310.0,,2.25,2.25,2.25,2.25,2.0,1.0,1.0,0.0,0.0,0.0,0.0,1.0,1.0,1.0,1.0,1.0,1.0,1.0,1.0,1.0,0.0,0.0,0.0,2.25,1.0,0.0,1.0,1.0,1.0,4.0
3400.0,Rabbath's Cannon,1.0,1.0,1.0,1.0,1.0,1.0,1.0,0.0,0.0,0.0,0.0,1.0,1.0,1.0,1.0,1.0,1.0,1.0,1.0,1.0,0.0,0.0,0.0,1.0,1.0,0.0,1.0,1.0,1.0,1.0
3401.0,,1.18,1.18,1.18,1.18,1.1,1.0,1.0,0.0,0.0,0.0,0.0,1.0,1.0,1.0,1.0,1.0,1.0,1.0,1.0,1.0,0.0,0.0,0.0,1.18,1.0,0.0,1.0,1.0,1.0,1.3
3402.0,,1.36,1.36,1.36,1.36,1.2,1.0,1.0,0.0,0.0,0.0,0.0,1.0,1.0,1.0,1.0,1.0,1.0,1.0,1.0,1.0,0.0,0.0,0.0,1.36,1.0,0.0,1.0,1.0,1.0,1.6
3403.0,,1.54,1.54,1.54,1.54,1.3,1.0,1.0,0.0,0.0,0.0,0.0,1.0,1.0,1.0,1.0,1.0,1.0,1.0,1.0,1.0,0.0,0.0,0.0,1.54,1.0,0.0,1.0,1.0,1.0,1.9
3404.0,,1.72,1.72,1.72,1.72,1.4,1.0,1.0,0.0,0.0,0.0,0.0,1.0,1.0,1.0,1.0,1.0,1.0,1.0,1.0,1.0,0.0,0.0,0.0,1.72,1.0,0.0,1.0,1.0,1.0,2.2
3405.0,,1.9,1.9,1.9,1.9,1.5,1.0,1.0,0.0,0.0,0.0,0.0,1.0,1.0,1.0,1.0,1.0,1.0,1.0,1.0,1.0,0.0,0.0,0.0,1.9,1.0,0.0,1.0,1.0,1.0,2.5
3406.0,,2.08,2.08,2.08,2.08,1.6,1.0,1.0,0.0,0.0,0.0,0.0,1.0,1.0,1.0,1.0,1.0,1.0,1.0,1.0,1.0,0.0,0.0,0.0,2.08,1.0,0.0,1.0,1.0,1.0,2.8
3407.0,,2.26,2.26,2.26,2.26,1.7,1.0,1.0,0.0,0.0,0.0,0.0,1.0,1.0,1.0,1.0,1.0,1.0,1.0,1.0,1.0,0.0,0.0,0.0,2.26,1.0,0.0,1.0,1.0,1.0,3.1
3408.0,,2.44,2.44,2.44,2.44,1.8,1.0,1.0,0.0,0.0,0.0,0.0,1.0,1.0,1.0,1.0,1.0,1.0,1.0,1.0,1.0,0.0,0.0,0.0,2.44,1.0,0.0,1.0,1.0,1.0,3.4
3409.0,,2.62,2.62,2.62,2.62,1.9,1.0,1.0,0.0,0.0,0.0,0.0,1.0,1.0,1.0,1.0,1.0,1.0,1.0,1.0,1.0,0.0,0.0,0.0,2.62,1.0,0.0,1.0,1.0,1.0,3.7
3410.0,,2.8,2.8,2.8,2.8,2.0,1.0,1.0,0.0,0.0,0.0,0.0,1.0,1.0,1.0,1.0,1.0,1.0,1.0,1.0,1.0,0.0,0.0,0.0,2.8,1.0,0.0,1.0,1.0,1.0,4.0
3500.0,Spread Crossbow,1.0,1.0,1.0,1.0,1.0,1.0,1.0,0.0,0.0,0.0,0.0,1.0,1.0,1.0,1.0,1.0,1.0,1.0,1.0,1.0,0.0,0.0,0.0,1.0,1.0,0.0,1.0,1.0,1.0,1.0
3501.0,,1.076,1.076,1.076,1.076,1.04,1.0,1.0,0.0,0.0,0.0,0.0,1.0,1.0,1.0,1.0,1.0,1.0,1.0,1.0,1.0,0.0,0.0,0.0,1.076,1.0,0.0,1.0,1.0,1.0,1.12
3502.0,,1.152,1.152,1.152,1.152,1.08,1.0,1.0,0.0,0.0,0.0,0.0,1.0,1.0,1.0,1.0,1.0,1.0,1.0,1.0,1.0,0.0,0.0,0.0,1.152,1.0,0.0,1.0,1.0,1.0,1.24
3503.0,,1.228,1.228,1.228,1.228,1.12,1.0,1.0,0.0,0.0,0.0,0.0,1.0,1.0,1.0,1.0,1.0,1.0,1.0,1.0,1.0,0.0,0.0,0.0,1.228,1.0,0.0,1.0,1.0,1.0,1.36
3504.0,,1.304,1.304,1.304,1.304,1.16,1.0,1.0,0.0,0.0,0.0,0.0,1.0,1.0,1.0,1.0,1.0,1.0,1.0,1.0,1.0,0.0,0.0,0.0,1.304,1.0,0.0,1.0,1.0,1.0,1.48
3505.0,,1.38,1.38,1.38,1.38,1.2,1.0,1.0,0.0,0.0,0.0,0.0,1.0,1.0,1.0,1.0,1.0,1.0,1.0,1.0,1.0,0.0,0.0,0.0,1.38,1.0,0.0,1.0,1.0,1.0,1.6
3506.0,,1.456,1.456,1.456,1.456,1.24,1.0,1.0,0.0,0.0,0.0,0.0,1.0,1.0,1.0,1.0,1.0,1.0,1.0,1.0,1.0,0.0,0.0,0.0,1.456,1.0,0.0,1.0,1.0,1.0,1.72
3507.0,,1.532,1.532,1.532,1.532,1.28,1.0,1.0,0.0,0.0,0.0,0.0,1.0,1.0,1.0,1.0,1.0,1.0,1.0,1.0,1.0,0.0,0.0,0.0,1.532,1.0,0.0,1.0,1.0,1.0,1.84
3508.0,,1.608,1.608,1.608,1.608,1.32,1.0,1.0,0.0,0.0,0.0,0.0,1.0,1.0,1.0,1.0,1.0,1.0,1.0,1.0,1.0,0.0,0.0,0.0,1.608,1.0,0.0,1.0,1.0,1.0,1.96
3509.0,,1.684,1.684,1.684,1.684,1.36,1.0,1.0,0.0,0.0,0.0,0.0,1.0,1.0,1.0,1.0,1.0,1.0,1.0,1.0,1.0,0.0,0.0,0.0,1.684,1.0,0.0,1.0,1.0,1.0,2.08
3510.0,,1.76,1.76,1.76,1.76,1.4,1.0,1.0,0.0,0.0,0.0,0.0,1.0,1.0,1.0,1.0,1.0,1.0,1.0,1.0,1.0,0.0,0.0,0.0,1.76,1.0,0.0,1.0,1.0,1.0,2.2
3511.0,,1.836,1.836,1.836,1.836,1.44,1.0,1.0,0.0,0.0,0.0,0.0,1.0,1.0,1.0,1.0,1.0,1.0,1.0,1.0,1.0,0.0,0.0,0.0,1.836,1.0,0.0,1.0,1.0,1.0,2.32
3512.0,,1.912,1.912,1.912,1.912,1.48,1.0,1.0,0.0,0.0,0.0,0.0,1.0,1.0,1.0,1.0,1.0,1.0,1.0,1.0,1.0,0.0,0.0,0.0,1.912,1.0,0.0,1.0,1.0,1.0,2.44
3513.0,,1.988,1.988,1.988,1.988,1.52,1.0,1.0,0.0,0.0,0.0,0.0,1.0,1.0,1.0,1.0,1.0,1.0,1.0,1.0,1.0,0.0,0.0,0.0,1.988,1.0,0.0,1.0,1.0,1.0,2.56
3514.0,,2.064,2.064,2.064,2.064,1.56,1.0,1.0,0.0,0.0,0.0,0.0,1.0,1.0,1.0,1.0,1.0,1.0,1.0,1.0,1.0,0.0,0.0,0.0,2.064,1.0,0.0,1.0,1.0,1.0,2.68
3515.0,,2.14,2.14,2.14,2.14,1.6,1.0,1.0,0.0,0.0,0.0,0.0,1.0,1.0,1.0,1.0,1.0,1.0,1.0,1.0,1.0,0.0,0.0,0.0,2.14,1.0,0.0,1.0,1.0,1.0,2.8
3516.0,,2.216,2.216,2.216,2.216,1.64,1.0,1.0,0.0,0.0,0.0,0.0,1.0,1.0,1.0,1.0,1.0,1.0,1.0,1.0,1.0,0.0,0.0,0.0,2.216,1.0,0.0,1.0,1.0,1.0,2.92
3517.0,,2.292,2.292,2.292,2.292,1.68,1.0,1.0,0.0,0.0,0.0,0.0,1.0,1.0,1.0,1.0,1.0,1.0,1.0,1.0,1.0,0.0,0.0,0.0,2.292,1.0,0.0,1.0,1.0,1.0,3.04
3518.0,,2.368,2.368,2.368,2.368,1.72,1.0,1.0,0.0,0.0,0.0,0.0,1.0,1.0,1.0,1.0,1.0,1.0,1.0,1.0,1.0,0.0,0.0,0.0,2.368,1.0,0.0,1.0,1.0,1.0,3.16
3519.0,,2.444,2.444,2.444,2.444,1.76,1.0,1.0,0.0,0.0,0.0,0.0,1.0,1.0,1.0,1.0,1.0,1.0,1.0,1.0,1.0,0.0,0.0,0.0,2.444,1.0,0.0,1.0,1.0,1.0,3.28
3520.0,,2.52,2.52,2.52,2.52,1.8,1.0,1.0,0.0,0.0,0.0,0.0,1.0,1.0,1.0,1.0,1.0,1.0,1.0,1.0,1.0,0.0,0.0,0.0,2.52,1.0,0.0,1.0,1.0,1.0,3.4
3521.0,,2.596,2.596,2.596,2.596,1.84,1.0,1.0,0.0,0.0,0.0,0.0,1.0,1.0,1.0,1.0,1.0,1.0,1.0,1.0,1.0,0.0,0.0,0.0,2.596,1.0,0.0,1.0,1.0,1.0,3.52
3522.0,,2.672,2.672,2.672,2.672,1.88,1.0,1.0,0.0,0.0,0.0,0.0,1.0,1.0,1.0,1.0,1.0,1.0,1.0,1.0,1.0,0.0,0.0,0.0,2.672,1.0,0.0,1.0,1.0,1.0,3.64
3523.0,,2.748,2.748,2.748,2.748,1.92,1.0,1.0,0.0,0.0,0.0,0.0,1.0,1.0,1.0,1.0,1.0,1.0,1.0,1.0,1.0,0.0,0.0,0.0,2.748,1.0,0.0,1.0,1.0,1.0,3.76
3524.0,,2.824,2.824,2.824,2.824,1.96,1.0,1.0,0.0,0.0,0.0,0.0,1.0,1.0,1.0,1.0,1.0,1.0,1.0,1.0,1.0,0.0,0.0,0.0,2.824,1.0,0.0,1.0,1.0,1.0,3.88
3525.0,,2.9,2.9,2.9,2.9,2.0,1.0,1.0,0.0,0.0,0.0,0.0,1.0,1.0,1.0,1.0,1.0,1.0,1.0,1.0,1.0,0.0,0.0,0.0,2.9,1.0,0.0,1.0,1.0,1.0,4.0
4000.0,,0.95,1.0,1.0,1.0,1.0,1.0,1.0,1.5,0.0,1.0,1.0,1.0,1.0,1.0,1.0,1.0,1.0,1.0,1.0,1.0,0.0,0.0,0.0,1.0,1.0,1.0,1.0,1.0,1.0,1.0
4001.0,,1.04,1.1,1.1,1.1,1.1,1.0,1.0,1.59,0.0,1.0,1.0,1.0,1.0,1.0,1.0,1.0,1.0,1.0,1.0,1.0,0.0,0.0,0.0,1.1,1.0,1.0,1.0,1.0,1.0,1.3
4002.0,,1.13,1.2,1.2,1.2,1.2,1.0,1.0,1.68,0.0,1.0,1.0,1.0,1.0,1.0,1.0,1.0,1.0,1.0,1.0,1.0,0.0,0.0,0.0,1.2,1.0,1.0,1.0,1.0,1.0,1.6
4003.0,,1.22,1.3,1.3,1.3,1.3,1.0,1.0,1.77,0.0,1.0,1.0,1.0,1.0,1.0,1.0,1.0,1.0,1.0,1.0,1.0,0.0,0.0,0.0,1.3,1.0,1.0,1.0,1.0,1.0,1.9
4004.0,,1.31,1.4,1.4,1.4,1.4,1.0,1.0,1.86,0.0,1.0,1.0,1.0,1.0,1.0,1.0,1.0,1.0,1.0,1.0,1.0,0.0,0.0,0.0,1.4,1.0,1.0,1.0,1.0,1.0,2.2
4005.0,,1.4,1.5,1.5,1.5,1.5,1.0,1.0,1.88,0.0,1.0,1.0,1.0,1.0,1.0,1.0,1.0,1.0,1.0,1.0,1.0,0.0,0.0,0.0,1.5,1.0,1.0,1.0,1.0,1.0,2.5
4006.0,,1.49,1.6,1.6,1.6,1.6,1.0,1.0,1.9,0.0,1.0,1.0,1.0,1.0,1.0,1.0,1.0,1.0,1.0,1.0,1.0,0.0,0.0,0.0,1.6,1.0,1.0,1.0,1.0,1.0,2.8
4007.0,,1.58,1.7,1.7,1.7,1.7,1.0,1.0,1.92,0.0,1.0,1.0,1.0,1.0,1.0,1.0,1.0,1.0,1.0,1.0,1.0,0.0,0.0,0.0,1.7,1.0,1.0,1.0,1.0,1.0,3.1
4008.0,,1.67,1.8,1.8,1.8,1.8,1.0,1.0,1.94,0.0,1.0,1.0,1.0,1.0,1.0,1.0,1.0,1.0,1.0,1.0,1.0,0.0,0.0,0.0,1.8,1.0,1.0,1.0,1.0,1.0,3.4
4009.0,,1.76,1.9,1.9,1.9,1.9,1.0,1.0,1.96,0.0,1.0,1.0,1.0,1.0,1.0,1.0,1.0,1.0,1.0,1.0,1.0,0.0,0.0,0.0,1.9,1.0,1.0,1.0,1.0,1.0,3.7
4010.0,,1.85,2.0,2.0,2.0,2.0,1.0,1.0,2.0,0.0,1.0,1.0,1.0,1.0,1.0,1.0,1.0,1.0,1.0,1.0,1.0,0.0,0.0,0.0,2.0,1.0,1.0,1.0,1.0,1.0,4.0
4100.0,,0.95,1.0,1.0,1.0,1.0,1.0,1.0,1.1,1.1,1.0,1.0,1.0,1.0,1.0,1.0,1.0,1.0,1.0,1.0,1.0,0.0,0.0,0.0,1.0,1.0,1.0,1.0,1.0,1.0,1.0
4101.0,,1.04,1.1,1.1,1.1,1.1,1.0,1.0,1.13,1.13,1.0,1.0,1.0,1.0,1.0,1.0,1.0,1.0,1.0,1.0,1.0,0.0,0.0,0.0,1.1,1.0,1.0,1.0,1.0,1.0,1.3
4102.0,,1.13,1.2,1.2,1.2,1.2,1.0,1.0,1.16,1.16,1.0,1.0,1.0,1.0,1.0,1.0,1.0,1.0,1.0,1.0,1.0,0.0,0.0,0.0,1.2,1.0,1.0,1.0,1.0,1.0,1.6
4103.0,,1.22,1.3,1.3,1.3,1.3,1.0,1.0,1.19,1.19,1.0,1.0,1.0,1.0,1.0,1.0,1.0,1.0,1.0,1.0,1.0,0.0,0.0,0.0,1.3,1.0,1.0,1.0,1.0,1.0,1.9
4104.0,,1.31,1.4,1.4,1.4,1.4,1.0,1.0,1.21,1.21,1.0,1.0,1.0,1.0,1.0,1.0,1.0,1.0,1.0,1.0,1.0,0.0,0.0,0.0,1.4,1.0,1.0,1.0,1.0,1.0,2.2
4105.0,,1.4,1.5,1.5,1.5,1.5,1.0,1.0,1.22,1.22,1.0,1.0,1.0,1.0,1.0,1.0,1.0,1.0,1.0,1.0,1.0,0.0,0.0,0.0,1.5,1.0,1.0,1.0,1.0,1.0,2.5
4106.0,,1.49,1.6,1.6,1.6,1.6,1.0,1.0,1.23,1.23,1.0,1.0,1.0,1.0,1.0,1.0,1.0,1.0,1.0,1.0,1.0,0.0,0.0,0.0,1.6,1.0,1.0,1.0,1.0,1.0,2.8
4107.0,,1.58,1.7,1.7,1.7,1.7,1.0,1.0,1.24,1.24,1.0,1.0,1.0,1.0,1.0,1.0,1.0,1.0,1.0,1.0,1.0,0.0,0.0,0.0,1.7,1.0,1.0,1.0,1.0,1.0,3.1
4108.0,,1.67,1.8,1.8,1.8,1.8,1.0,1.0,1.25,1.25,1.0,1.0,1.0,1.0,1.0,1.0,1.0,1.0,1.0,1.0,1.0,0.0,0.0,0.0,1.8,1.0,1.0,1.0,1.0,1.0,3.4
4109.0,,1.76,1.9,1.9,1.9,1.9,1.0,1.0,1.26,1.26,1.0,1.0,1.0,1.0,1.0,1.0,1.0,1.0,1.0,1.0,1.0,0.0,0.0,0.0,1.9,1.0,1.0,1.0,1.0,1.0,3.7
4110.0,,1.85,2.0,2.0,2.0,2.0,1.0,1.0,1.25,1.25,1.0,1.0,1.0,1.0,1.0,1.0,1.0,1.0,1.0,1.0,1.0,0.0,0.0,0.0,2.0,1.0,1.0,1.0,1.0,1.0,4.0
4500.0,,1.1,1.1,1.1,1.1,1.0,1.0,1.0,1.0,1.0,1.0,1.0,1.0,1.0,1.0,1.0,1.0,1.0,1.0,1.0,1.0,0.0,0.0,0.0,1.1,1.0,1.0,1.0,1.0,1.0,1.0
4501.0,,1.28,1.28,1.28,1.28,1.2,1.0,1.0,1.08,1.08,1.08,1.08,1.0,1.0,1.0,1.0,1.0,1.0,1.0,1.0,1.0,0.0,0.0,0.0,1.28,1.0,1.08,1.0,1.0,1.0,1.0
4502.0,,1.46,1.46,1.46,1.46,1.4,1.0,1.0,1.16,1.16,1.16,1.16,1.0,1.0,1.0,1.0,1.0,1.0,1.0,1.0,1.0,0.0,0.0,0.0,1.46,1.0,1.16,1.0,1.0,1.0,1.0
4503.0,,1.64,1.64,1.64,1.64,1.6,1.0,1.0,1.24,1.24,1.24,1.24,1.0,1.0,1.0,1.0,1.0,1.0,1.0,1.0,1.0,0.0,0.0,0.0,1.64,1.0,1.24,1.0,1.0,1.0,1.0
4504.0,,1.82,1.82,1.82,1.82,1.8,1.0,1.0,1.32,1.32,1.32,1.32,1.0,1.0,1.0,1.0,1.0,1.0,1.0,1.0,1.0,0.0,0.0,0.0,1.82,1.0,1.32,1.0,1.0,1.0,1.0
4505.0,,2.0,2.0,2.0,2.0,2.0,1.0,1.0,1.4,1.4,1.4,1.4,1.0,1.0,1.0,1.0,1.0,1.0,1.0,1.0,1.0,0.0,0.0,0.0,2.0,1.0,1.4,1.0,1.0,1.0,1.0
4600.0,,1.15,1.15,1.15,1.15,1.0,1.0,1.0,1.0,1.0,1.0,1.0,1.0,1.0,1.0,1.0,1.0,1.0,1.0,1.0,1.0,0.0,0.0,0.0,1.15,1.0,1.0,1.0,1.0,1.0,1.0
4601.0,,1.28,1.28,1.28,1.28,1.2,1.0,1.0,1.08,1.08,1.08,1.08,1.0,1.0,1.0,1.0,1.0,1.0,1.0,1.0,1.0,0.0,0.0,0.0,1.28,1.0,1.08,1.0,1.0,1.0,1.0
4602.0,,1.37,1.37,1.37,1.37,1.4,1.0,1.0,1.16,1.16,1.16,1.16,1.0,1.0,1.0,1.0,1.0,1.0,1.0,1.0,1.0,0.0,0.0,0.0,1.37,1.0,1.16,1.0,1.0,1.0,1.0
4603.0,,1.6,1.6,1.6,1.6,1.6,1.0,1.0,1.24,1.24,1.24,1.24,1.0,1.0,1.0,1.0,1.0,1.0,1.0,1.0,1.0,0.0,0.0,0.0,1.6,1.0,1.24,1.0,1.0,1.0,1.0
4604.0,,1.8,1.8,1.8,1.8,1.8,1.0,1.0,1.32,1.32,1.32,1.32,1.0,1.0,1.0,1.0,1.0,1.0,1.0,1.0,1.0,0.0,0.0,0.0,1.8,1.0,1.32,1.0,1.0,1.0,1.0
4605.0,,2.0,2.0,2.0,2.0,2.0,1.0,1.0,1.4,1.4,1.4,1.4,1.0,1.0,1.0,1.0,1.0,1.0,1.0,1.0,1.0,0.0,0.0,0.0,2.0,1.0,1.4,1.0,1.0,1.0,1.0
5000.0,Keen - Low,0.95,0.95,0.95,0.95,0.95,1.0,1.0,0.5,1.5,1.0,1.0,1.0,1.0,1.0,1.0,1.0,1.0,1.0,1.0,1.0,0.0,0.0,0.0,0.95,1.0,1.0,1.0,1.0,1.0,1.0
5001.0,,1.0,1.0,1.0,1.0,1.0,1.0,1.0,0.53,1.55,1.04,1.04,1.0,1.0,1.0,1.0,1.0,1.0,1.0,1.0,1.01,0.0,0.0,0.0,1.0,1.0,1.04,1.0,1.0,1.0,1.12
5002.0,,1.05,1.05,1.05,1.05,1.05,1.0,1.0,0.56,1.6,1.08,1.08,1.0,1.0,1.0,1.0,1.0,1.0,1.0,1.0,1.01,0.0,0.0,0.0,1.05,1.0,1.08,1.0,1.0,1.0,1.24
5003.0,,1.1,1.1,1.1,1.1,1.1,1.0,1.0,0.59,1.65,1.12,1.12,1.0,1.0,1.0,1.0,1.0,1.0,1.0,1.0,1.02,0.0,0.0,0.0,1.1,1.0,1.12,1.0,1.0,1.0,1.36
5004.0,,1.15,1.15,1.15,1.15,1.15,1.0,1.0,0.62,1.7,1.16,1.16,1.0,1.0,1.0,1.0,1.0,1.0,1.0,1.0,1.02,0.0,0.0,0.0,1.15,1.0,1.16,1.0,1.0,1.0,1.48
5005.0,,1.2,1.2,1.2,1.2,1.2,1.0,1.0,0.65,1.75,1.2,1.2,1.0,1.0,1.0,1.0,1.0,1.0,1.0,1.0,1.03,0.0,0.0,0.0,1.2,1.0,1.2,1.0,1.0,1.0,1.6
5006.0,,1.25,1.25,1.25,1.25,1.25,1.0,1.0,0.68,1.8,1.24,1.24,1.0,1.0,1.0,1.0,1.0,1.0,1.0,1.0,1.03,0.0,0.0,0.0,1.25,1.0,1.24,1.0,1.0,1.0,1.72
5007.0,,1.3,1.3,1.3,1.3,1.3,1.0,1.0,0.71,1.85,1.28,1.28,1.0,1.0,1.0,1.0,1.0,1.0,1.0,1.0,1.04,0.0,0.0,0.0,1.3,1.0,1.28,1.0,1.0,1.0,1.84
5008.0,,1.35,1.35,1.35,1.35,1.35,1.0,1.0,0.74,1.9,1.32,1.32,1.0,1.0,1.0,1.0,1.0,1.0,1.0,1.0,1.04,0.0,0.0,0.0,1.35,1.0,1.32,1.0,1.0,1.0,1.96
5009.0,,1.4,1.4,1.4,1.4,1.4,1.0,1.0,0.77,1.95,1.36,1.36,1.0,1.0,1.0,1.0,1.0,1.0,1.0,1.0,1.04,0.0,0.0,0.0,1.4,1.0,1.36,1.0,1.0,1.0,2.08
5010.0,,1.45,1.45,1.45,1.45,1.45,1.0,1.0,0.8,2.0,1.4,1.4,1.0,1.0,1.0,1.0,1.0,1.0,1.0,1.0,1.05,0.0,0.0,0.0,1.45,1.0,1.4,1.0,1.0,1.0,2.2
5011.0,,1.5,1.5,1.5,1.5,1.5,1.0,1.0,0.84,2.04,1.43,1.43,1.0,1.0,1.0,1.0,1.0,1.0,1.0,1.0,1.05,0.0,0.0,0.0,1.5,1.0,1.43,1.0,1.0,1.0,2.32
5012.0,,1.55,1.55,1.55,1.55,1.55,1.0,1.0,0.88,2.08,1.46,1.46,1.0,1.0,1.0,1.0,1.0,1.0,1.0,1.0,1.05,0.0,0.0,0.0,1.55,1.0,1.46,1.0,1.0,1.0,2.44
5013.0,,1.6,1.6,1.6,1.6,1.6,1.0,1.0,0.92,2.12,1.49,1.49,1.0,1.0,1.0,1.0,1.0,1.0,1.0,1.0,1.06,0.0,0.0,0.0,1.6,1.0,1.49,1.0,1.0,1.0,2.56
5014.0,,1.65,1.65,1.65,1.65,1.65,1.0,1.0,0.96,2.16,1.52,1.52,1.0,1.0,1.0,1.0,1.0,1.0,1.0,1.0,1.06,0.0,0.0,0.0,1.65,1.0,1.52,1.0,1.0,1.0,2.68
5015.0,,1.7,1.7,1.7,1.7,1.7,1.0,1.0,1.0,2.2,1.55,1.55,1.0,1.0,1.0,1.0,1.0,1.0,1.0,1.0,1.06,0.0,0.0,0.0,1.7,1.0,1.55,1.0,1.0,1.0,2.8
5016.0,,1.75,1.75,1.75,1.75,1.75,1.0,1.0,1.04,2.24,1.58,1.58,1.0,1.0,1.0,1.0,1.0,1.0,1.0,1.0,1.07,0.0,0.0,0.0,1.75,1.0,1.58,1.0,1.0,1.0,2.92
5017.0,,1.8,1.8,1.8,1.8,1.8,1.0,1.0,1.08,2.28,1.61,1.61,1.0,1.0,1.0,1.0,1.0,1.0,1.0,1.0,1.07,0.0,0.0,0.0,1.8,1.0,1.61,1.0,1.0,1.0,3.04
5018.0,,1.85,1.85,1.85,1.85,1.85,1.0,1.0,1.12,2.32,1.64,1.64,1.0,1.0,1.0,1.0,1.0,1.0,1.0,1.0,1.07,0.0,0.0,0.0,1.85,1.0,1.64,1.0,1.0,1.0,3.16
5019.0,,1.9,1.9,1.9,1.9,1.9,1.0,1.0,1.16,2.36,1.67,1.67,1.0,1.0,1.0,1.0,1.0,1.0,1.0,1.0,1.08,0.0,0.0,0.0,1.9,1.0,1.67,1.0,1.0,1.0,3.28
5020.0,,1.95,1.95,1.95,1.95,1.95,1.0,1.0,1.2,2.4,1.7,1.7,1.0,1.0,1.0,1.0,1.0,1.0,1.0,1.0,1.08,0.0,0.0,0.0,1.95,1.0,1.7,1.0,1.0,1.0,3.4
5021.0,,2.0,2.0,2.0,2.0,2.0,1.0,1.0,1.22,2.42,1.72,1.72,1.0,1.0,1.0,1.0,1.0,1.0,1.0,1.0,1.08,0.0,0.0,0.0,2.0,1.0,1.72,1.0,1.0,1.0,3.52
5022.0,,2.05,2.05,2.05,2.05,2.05,1.0,1.0,1.24,2.44,1.74,1.74,1.0,1.0,1.0,1.0,1.0,1.0,1.0,1.0,1.09,0.0,0.0,0.0,2.05,1.0,1.74,1.0,1.0,1.0,3.64
5023.0,,2.1,2.1,2.1,2.1,2.1,1.0,1.0,1.26,2.46,1.76,1.76,1.0,1.0,1.0,1.0,1.0,1.0,1.0,1.0,1.09,0.0,0.0,0.0,2.1,1.0,1.76,1.0,1.0,1.0,3.76
5024.0,,2.15,2.15,2.15,2.15,2.15,1.0,1.0,1.28,2.48,1.78,1.78,1.0,1.0,1.0,1.0,1.0,1.0,1.0,1.0,1.09,0.0,0.0,0.0,2.15,1.0,1.78,1.0,1.0,1.0,3.88
5025.0,,2.2,2.2,2.2,2.2,2.2,1.0,1.0,1.3,2.5,1.8,1.8,1.0,1.0,1.0,1.0,1.0,1.0,1.0,1.0,1.1,0.0,0.0,0.0,2.2,1.0,1.8,1.0,1.0,1.0,4.0
6000.0,Heavy - Low,0.95,0.95,0.95,0.95,0.95,1.0,1.0,1.4,0.5,1.0,1.0,1.0,1.0,1.0,1.0,1.0,1.0,1.0,1.0,1.0,0.0,0.0,0.0,0.95,1.0,1.0,1.0,1.0,1.0,1.0
6001.0,,1.0,1.0,1.0,1.0,1.0,1.0,1.0,1.46,0.53,1.04,1.04,1.0,1.0,1.0,1.0,1.0,1.0,1.0,1.0,1.01,0.0,0.0,0.0,1.0,1.0,1.04,1.0,1.0,1.0,1.12
6002.0,,1.05,1.05,1.05,1.05,1.05,1.0,1.0,1.52,0.56,1.08,1.08,1.0,1.0,1.0,1.0,1.0,1.0,1.0,1.0,1.01,0.0,0.0,0.0,1.05,1.0,1.08,1.0,1.0,1.0,1.24
6003.0,,1.1,1.1,1.1,1.1,1.1,1.0,1.0,1.58,0.59,1.12,1.12,1.0,1.0,1.0,1.0,1.0,1.0,1.0,1.0,1.02,0.0,0.0,0.0,1.1,1.0,1.12,1.0,1.0,1.0,1.36
6004.0,,1.15,1.15,1.15,1.15,1.15,1.0,1.0,1.64,0.62,1.16,1.16,1.0,1.0,1.0,1.0,1.0,1.0,1.0,1.0,1.02,0.0,0.0,0.0,1.15,1.0,1.16,1.0,1.0,1.0,1.48
6005.0,,1.2,1.2,1.2,1.2,1.2,1.0,1.0,1.7,0.65,1.2,1.2,1.0,1.0,1.0,1.0,1.0,1.0,1.0,1.0,1.03,0.0,0.0,0.0,1.2,1.0,1.2,1.0,1.0,1.0,1.6
6006.0,,1.25,1.25,1.25,1.25,1.25,1.0,1.0,1.76,0.68,1.24,1.24,1.0,1.0,1.0,1.0,1.0,1.0,1.0,1.0,1.03,0.0,0.0,0.0,1.25,1.0,1.24,1.0,1.0,1.0,1.72
6007.0,,1.3,1.3,1.3,1.3,1.3,1.0,1.0,1.82,0.71,1.28,1.28,1.0,1.0,1.0,1.0,1.0,1.0,1.0,1.0,1.04,0.0,0.0,0.0,1.3,1.0,1.28,1.0,1.0,1.0,1.84
6008.0,,1.35,1.35,1.35,1.35,1.35,1.0,1.0,1.88,0.74,1.32,1.32,1.0,1.0,1.0,1.0,1.0,1.0,1.0,1.0,1.04,0.0,0.0,0.0,1.35,1.0,1.32,1.0,1.0,1.0,1.96
6009.0,,1.4,1.4,1.4,1.4,1.4,1.0,1.0,1.94,0.77,1.36,1.36,1.0,1.0,1.0,1.0,1.0,1.0,1.0,1.0,1.04,0.0,0.0,0.0,1.4,1.0,1.36,1.0,1.0,1.0,2.08
6010.0,,1.45,1.45,1.45,1.45,1.45,1.0,1.0,2.0,0.8,1.4,1.4,1.0,1.0,1.0,1.0,1.0,1.0,1.0,1.0,1.05,0.0,0.0,0.0,1.45,1.0,1.4,1.0,1.0,1.0,2.2
6011.0,,1.5,1.5,1.5,1.5,1.5,1.0,1.0,2.05,0.83,1.43,1.43,1.0,1.0,1.0,1.0,1.0,1.0,1.0,1.0,1.05,0.0,0.0,0.0,1.5,1.0,1.43,1.0,1.0,1.0,2.32
6012.0,,1.55,1.55,1.55,1.55,1.55,1.0,1.0,2.1,0.86,1.46,1.46,1.0,1.0,1.0,1.0,1.0,1.0,1.0,1.0,1.05,0.0,0.0,0.0,1.55,1.0,1.46,1.0,1.0,1.0,2.44
6013.0,,1.6,1.6,1.6,1.6,1.6,1.0,1.0,2.15,0.89,1.49,1.49,1.0,1.0,1.0,1.0,1.0,1.0,1.0,1.0,1.06,0.0,0.0,0.0,1.6,1.0,1.49,1.0,1.0,1.0,2.56
6014.0,,1.65,1.65,1.65,1.65,1.65,1.0,1.0,2.2,0.92,1.52,1.52,1.0,1.0,1.0,1.0,1.0,1.0,1.0,1.0,1.06,0.0,0.0,0.0,1.65,1.0,1.52,1.0,1.0,1.0,2.68
6015.0,,1.7,1.7,1.7,1.7,1.7,1.0,1.0,2.25,0.95,1.55,1.55,1.0,1.0,1.0,1.0,1.0,1.0,1.0,1.0,1.06,0.0,0.0,0.0,1.7,1.0,1.55,1.0,1.0,1.0,2.8
6016.0,,1.75,1.75,1.75,1.75,1.75,1.0,1.0,2.3,0.98,1.58,1.58,1.0,1.0,1.0,1.0,1.0,1.0,1.0,1.0,1.07,0.0,0.0,0.0,1.75,1.0,1.58,1.0,1.0,1.0,2.92
6017.0,,1.8,1.8,1.8,1.8,1.8,1.0,1.0,2.35,1.01,1.61,1.61,1.0,1.0,1.0,1.0,1.0,1.0,1.0,1.0,1.07,0.0,0.0,0.0,1.8,1.0,1.61,1.0,1.0,1.0,3.04
6018.0,,1.85,1.85,1.85,1.85,1.85,1.0,1.0,2.4,1.04,1.64,1.64,1.0,1.0,1.0,1.0,1.0,1.0,1.0,1.0,1.07,0.0,0.0,0.0,1.85,1.0,1.64,1.0,1.0,1.0,3.16
6019.0,,1.9,1.9,1.9,1.9,1.9,1.0,1.0,2.45,1.07,1.67,1.67,1.0,1.0,1.0,1.0,1.0,1.0,1.0,1.0,1.08,0.0,0.0,0.0,1.9,1.0,1.67,1.0,1.0,1.0,3.28
6020.0,,1.95,1.95,1.95,1.95,1.95,1.0,1.0,2.5,1.1,1.7,1.7,1.0,1.0,1.0,1.0,1.0,1.0,1.0,1.0,1.08,0.0,0.0,0.0,1.95,1.0,1.7,1.0,1.0,1.0,3.4
6021.0,,2.0,2.0,2.0,2.0,2.0,1.0,1.0,2.52,1.12,1.72,1.72,1.0,1.0,1.0,1.0,1.0,1.0,1.0,1.0,1.08,0.0,0.0,0.0,2.0,1.0,1.72,1.0,1.0,1.0,3.52
6022.0,,2.05,2.05,2.05,2.05,2.05,1.0,1.0,2.54,1.14,1.74,1.74,1.0,1.0,1.0,1.0,1.0,1.0,1.0,1.0,1.09,0.0,0.0,0.0,2.05,1.0,1.74,1.0,1.0,1.0,3.64
6023.0,,2.1,2.1,2.1,2.1,2.1,1.0,1.0,2.56,1.16,1.76,1.76,1.0,1.0,1.0,1.0,1.0,1.0,1.0,1.0,1.09,0.0,0.0,0.0,2.1,1.0,1.76,1.0,1.0,1.0,3.76
6024.0,,2.15,2.15,2.15,2.15,2.15,1.0,1.0,2.58,1.18,1.78,1.78,1.0,1.0,1.0,1.0,1.0,1.0,1.0,1.0,1.09,0.0,0.0,0.0,2.15,1.0,1.78,1.0,1.0,1.0,3.88
6025.0,,2.2,2.2,2.2,2.2,2.2,1.0,1.0,2.6,1.2,1.8,1.8,1.0,1.0,1.0,1.0,1.0,1.0,1.0,1.0,1.1,0.0,0.0,0.0,2.2,1.0,1.8,1.0,1.0,1.0,4.0
6100.0,,0.95,1.0,1.0,1.0,1.0,1.0,1.0,1.3,1.3,1.0,1.0,1.0,1.0,1.0,1.0,1.0,1.0,1.0,1.0,1.0,0.0,0.0,0.0,1.0,1.0,1.0,1.0,1.0,1.0,1.0
6101.0,,1.03,1.1,1.1,1.1,1.1,1.0,1.0,1.39,1.39,1.0,1.0,1.0,1.0,1.0,1.0,1.0,1.0,1.0,1.0,1.0,0.0,0.0,0.0,1.1,1.0,1.0,1.0,1.0,1.0,1.3
6102.0,,1.11,1.2,1.2,1.2,1.2,1.0,1.0,1.48,1.48,1.0,1.0,1.0,1.0,1.0,1.0,1.0,1.0,1.0,1.0,1.0,0.0,0.0,0.0,1.2,1.0,1.0,1.0,1.0,1.0,1.6
6103.0,,1.19,1.3,1.3,1.3,1.3,1.0,1.0,1.57,1.57,1.0,1.0,1.0,1.0,1.0,1.0,1.0,1.0,1.0,1.0,1.0,0.0,0.0,0.0,1.3,1.0,1.0,1.0,1.0,1.0,1.9
6104.0,,1.27,1.4,1.4,1.4,1.4,1.0,1.0,1.66,1.66,1.0,1.0,1.0,1.0,1.0,1.0,1.0,1.0,1.0,1.0,1.0,0.0,0.0,0.0,1.4,1.0,1.0,1.0,1.0,1.0,2.2
6105.0,,1.35,1.5,1.5,1.5,1.5,1.0,1.0,1.68,1.68,1.0,1.0,1.0,1.0,1.0,1.0,1.0,1.0,1.0,1.0,1.0,0.0,0.0,0.0,1.5,1.0,1.0,1.0,1.0,1.0,2.5
6106.0,,1.43,1.6,1.6,1.6,1.6,1.0,1.0,1.7,1.7,1.0,1.0,1.0,1.0,1.0,1.0,1.0,1.0,1.0,1.0,1.0,0.0,0.0,0.0,1.6,1.0,1.0,1.0,1.0,1.0,2.8
6107.0,,1.51,1.7,1.7,1.7,1.7,1.0,1.0,1.72,1.72,1.0,1.0,1.0,1.0,1.0,1.0,1.0,1.0,1.0,1.0,1.0,0.0,0.0,0.0,1.7,1.0,1.0,1.0,1.0,1.0,3.1
6108.0,,1.59,1.8,1.8,1.8,1.8,1.0,1.0,1.74,1.74,1.0,1.0,1.0,1.0,1.0,1.0,1.0,1.0,1.0,1.0,1.0,0.0,0.0,0.0,1.8,1.0,1.0,1.0,1.0,1.0,3.4
6109.0,,1.67,1.9,1.9,1.9,1.9,1.0,1.0,1.76,1.76,1.0,1.0,1.0,1.0,1.0,1.0,1.0,1.0,1.0,1.0,1.0,0.0,0.0,0.0,1.9,1.0,1.0,1.0,1.0,1.0,3.7
6110.0,,1.75,2.0,2.0,2.0,2.0,1.0,1.0,1.8,1.8,1.0,1.0,1.0,1.0,1.0,1.0,1.0,1.0,1.0,1.0,1.0,0.0,0.0,0.0,2.0,1.0,1.0,1.0,1.0,1.0,4.0
6200.0,,0.95,1.0,1.0,1.0,1.0,1.0,1.0,1.5,0.0,1.0,1.0,1.0,1.0,1.0,1.0,1.0,1.0,1.0,1.0,1.0,0.0,0.0,0.0,1.0,1.0,1.0,1.0,1.0,1.0,1.0
6201.0,,1.04,1.1,1.1,1.1,1.1,1.0,1.0,1.63,0.0,1.0,1.0,1.0,1.0,1.0,1.0,1.0,1.0,1.0,1.0,1.0,0.0,0.0,0.0,1.1,1.0,1.0,1.0,1.0,1.0,1.3
6202.0,,1.13,1.2,1.2,1.2,1.2,1.0,1.0,1.76,0.0,1.0,1.0,1.0,1.0,1.0,1.0,1.0,1.0,1.0,1.0,1.0,0.0,0.0,0.0,1.2,1.0,1.0,1.0,1.0,1.0,1.6
6203.0,,1.22,1.3,1.3,1.3,1.3,1.0,1.0,1.89,0.0,1.0,1.0,1.0,1.0,1.0,1.0,1.0,1.0,1.0,1.0,1.0,0.0,0.0,0.0,1.3,1.0,1.0,1.0,1.0,1.0,1.9
6204.0,,1.31,1.4,1.4,1.4,1.4,1.0,1.0,2.03,0.0,1.0,1.0,1.0,1.0,1.0,1.0,1.0,1.0,1.0,1.0,1.0,0.0,0.0,0.0,1.4,1.0,1.0,1.0,1.0,1.0,2.2
6205.0,,1.4,1.5,1.5,1.5,1.5,1.0,1.0,2.09,0.0,1.0,1.0,1.0,1.0,1.0,1.0,1.0,1.0,1.0,1.0,1.0,0.0,0.0,0.0,1.5,1.0,1.0,1.0,1.0,1.0,2.5
6206.0,,1.49,1.6,1.6,1.6,1.6,1.0,1.0,2.15,0.0,1.0,1.0,1.0,1.0,1.0,1.0,1.0,1.0,1.0,1.0,1.0,0.0,0.0,0.0,1.6,1.0,1.0,1.0,1.0,1.0,2.8
6207.0,,1.58,1.7,1.7,1.7,1.7,1.0,1.0,2.21,0.0,1.0,1.0,1.0,1.0,1.0,1.0,1.0,1.0,1.0,1.0,1.0,0.0,0.0,0.0,1.7,1.0,1.0,1.0,1.0,1.0,3.1
6208.0,,1.67,1.8,1.8,1.8,1.8,1.0,1.0,2.27,0.0,1.0,1.0,1.0,1.0,1.0,1.0,1.0,1.0,1.0,1.0,1.0,0.0,0.0,0.0,1.8,1.0,1.0,1.0,1.0,1.0,3.4
6209.0,,1.76,1.9,1.9,1.9,1.9,1.0,1.0,2.33,0.0,1.0,1.0,1.0,1.0,1.0,1.0,1.0,1.0,1.0,1.0,1.0,0.0,0.0,0.0,1.9,1.0,1.0,1.0,1.0,1.0,3.7
6210.0,,1.85,2.0,2.0,2.0,2.0,1.0,1.0,2.4,0.0,1.0,1.0,1.0,1.0,1.0,1.0,1.0,1.0,1.0,1.0,1.0,0.0,0.0,0.0,2.0,1.0,1.0,1.0,1.0,1.0,4.0
6300.0,,0.95,1.0,1.0,1.0,1.0,1.0,1.0,0.95,1.5,1.0,1.0,1.0,1.0,1.0,1.0,1.0,1.0,1.0,1.0,1.0,0.0,0.0,0.0,1.0,1.0,1.0,1.0,1.0,1.0,1.0
6301.0,,1.04,1.1,1.1,1.1,1.1,1.0,1.0,0.98,1.61,1.07,1.07,1.0,1.0,1.0,1.0,1.0,1.0,1.0,1.0,1.0,0.0,0.0,0.0,1.1,1.0,1.0,1.0,1.0,1.0,1.3
6302.0,,1.13,1.2,1.2,1.2,1.2,1.0,1.0,1.01,1.72,1.14,1.14,1.0,1.0,1.0,1.0,1.0,1.0,1.0,1.0,1.0,0.0,0.0,0.0,1.2,1.0,1.0,1.0,1.0,1.0,1.6
6303.0,,1.22,1.3,1.3,1.3,1.3,1.0,1.0,1.04,1.83,1.21,1.21,1.0,1.0,1.0,1.0,1.0,1.0,1.0,1.0,1.0,0.0,0.0,0.0,1.3,1.0,1.0,1.0,1.0,1.0,1.9
6304.0,,1.31,1.4,1.4,1.4,1.4,1.0,1.0,1.06,1.93,1.29,1.29,1.0,1.0,1.0,1.0,1.0,1.0,1.0,1.0,1.0,0.0,0.0,0.0,1.4,1.0,1.0,1.0,1.0,1.0,2.2
6305.0,,1.4,1.5,1.5,1.5,1.5,1.0,1.0,1.07,1.96,1.31,1.31,1.0,1.0,1.0,1.0,1.0,1.0,1.0,1.0,1.0,0.0,0.0,0.0,1.5,1.0,1.0,1.0,1.0,1.0,2.5
6306.0,,1.49,1.6,1.6,1.6,1.6,1.0,1.0,1.08,1.99,1.33,1.33,1.0,1.0,1.0,1.0,1.0,1.0,1.0,1.0,1.0,0.0,0.0,0.0,1.6,1.0,1.0,1.0,1.0,1.0,2.8
6307.0,,1.58,1.7,1.7,1.7,1.7,1.0,1.0,1.09,2.02,1.35,1.35,1.0,1.0,1.0,1.0,1.0,1.0,1.0,1.0,1.0,0.0,0.0,0.0,1.7,1.0,1.0,1.0,1.0,1.0,3.1
6308.0,,1.67,1.8,1.8,1.8,1.8,1.0,1.0,1.1,2.05,1.37,1.37,1.0,1.0,1.0,1.0,1.0,1.0,1.0,1.0,1.0,0.0,0.0,0.0,1.8,1.0,1.0,1.0,1.0,1.0,3.4
6309.0,,1.76,1.9,1.9,1.9,1.9,1.0,1.0,1.11,2.08,1.39,1.39,1.0,1.0,1.0,1.0,1.0,1.0,1.0,1.0,1.0,0.0,0.0,0.0,1.9,1.0,1.0,1.0,1.0,1.0,3.7
6310.0,,1.85,2.0,2.0,2.0,2.0,1.0,1.0,1.1,2.1,1.4,1.4,1.0,1.0,1.0,1.0,1.0,1.0,1.0,1.0,1.0,0.0,0.0,0.0,2.0,1.0,1.0,1.0,1.0,1.0,4.0
7000.0,,0.98,1.0,1.0,1.0,1.0,1.0,1.0,1.6,0.0,1.0,1.0,1.0,1.0,1.0,1.0,1.0,1.0,1.0,1.0,1.0,0.0,0.0,0.0,1.0,1.0,1.0,1.0,1.0,1.0,1.0
7001.0,,1.067,1.1,1.1,1.1,1.1,1.0,1.0,1.66,0.0,1.05,1.05,1.0,1.0,1.0,1.0,1.0,1.0,1.0,1.0,1.0,0.0,0.0,0.0,1.1,1.0,1.0,1.0,1.0,1.0,1.3
7002.0,,1.154,1.2,1.2,1.2,1.2,1.0,1.0,1.72,0.0,1.1,1.1,1.0,1.0,1.0,1.0,1.0,1.0,1.0,1.0,1.0,0.0,0.0,0.0,1.2,1.0,1.0,1.0,1.0,1.0,1.6
7003.0,,1.241,1.3,1.3,1.3,1.3,1.0,1.0,1.78,0.0,1.15,1.15,1.0,1.0,1.0,1.0,1.0,1.0,1.0,1.0,1.0,0.0,0.0,0.0,1.3,1.0,1.0,1.0,1.0,1.0,1.9
7004.0,,1.328,1.4,1.4,1.4,1.4,1.0,1.0,1.85,0.0,1.2,1.2,1.0,1.0,1.0,1.0,1.0,1.0,1.0,1.0,1.0,0.0,0.0,0.0,1.4,1.0,1.0,1.0,1.0,1.0,2.2
7005.0,,1.415,1.5,1.5,1.5,1.5,1.0,1.0,1.89,0.0,1.23,1.23,1.0,1.0,1.0,1.0,1.0,1.0,1.0,1.0,1.0,0.0,0.0,0.0,1.5,1.0,1.0,1.0,1.0,1.0,2.5
7006.0,,1.502,1.6,1.6,1.6,1.6,1.0,1.0,1.93,0.0,1.26,1.26,1.0,1.0,1.0,1.0,1.0,1.0,1.0,1.0,1.0,0.0,0.0,0.0,1.6,1.0,1.0,1.0,1.0,1.0,2.8
7007.0,,1.589,1.7,1.7,1.7,1.7,1.0,1.0,1.97,0.0,1.29,1.29,1.0,1.0,1.0,1.0,1.0,1.0,1.0,1.0,1.0,0.0,0.0,0.0,1.7,1.0,1.0,1.0,1.0,1.0,3.1
7008.0,,1.676,1.8,1.8,1.8,1.8,1.0,1.0,2.01,0.0,1.32,1.32,1.0,1.0,1.0,1.0,1.0,1.0,1.0,1.0,1.0,0.0,0.0,0.0,1.8,1.0,1.0,1.0,1.0,1.0,3.4
7009.0,,1.763,1.9,1.9,1.9,1.9,1.0,1.0,2.05,0.0,1.35,1.35,1.0,1.0,1.0,1.0,1.0,1.0,1.0,1.0,1.0,0.0,0.0,0.0,1.9,1.0,1.0,1.0,1.0,1.0,3.7
7010.0,,1.85,2.0,2.0,2.0,2.0,1.0,1.0,2.1,0.0,1.4,1.4,1.0,1.0,1.0,1.0,1.0,1.0,1.0,1.0,1.0,0.0,0.0,0.0,2.0,1.0,1.0,1.0,1.0,1.0,4.0
8000.0,Small Shield,1.0,1.0,1.0,1.0,1.0,1.0,1.0,1.0,1.0,1.0,1.0,1.0,1.0,1.0,1.0,1.0,1.0,1.0,1.0,1.0,0.0,0.0,0.0,1.0,1.0,1.0,1.0,1.0,1.0,1.0
8001.0,,1.058,1.058,1.058,1.058,1.04,1.0,1.0,1.04,1.04,1.04,1.04,1.0,1.0,1.0,1.0,1.0,1.0,1.0,1.0,1.02,0.0,0.0,0.0,1.058,1.0,1.04,1.0,1.0,1.0,1.12
8002.0,,1.116,1.116,1.116,1.116,1.08,1.0,1.0,1.08,1.08,1.08,1.08,1.0,1.0,1.0,1.0,1.0,1.0,1.0,1.0,1.04,0.0,0.0,0.0,1.116,1.0,1.08,1.0,1.0,1.0,1.24
8003.0,,1.174,1.174,1.174,1.174,1.12,1.0,1.0,1.12,1.12,1.12,1.12,1.0,1.0,1.0,1.0,1.0,1.0,1.0,1.0,1.06,0.0,0.0,0.0,1.174,1.0,1.12,1.0,1.0,1.0,1.36
8004.0,,1.232,1.232,1.232,1.232,1.16,1.0,1.0,1.16,1.16,1.16,1.16,1.0,1.0,1.0,1.0,1.0,1.0,1.0,1.0,1.08,0.0,0.0,0.0,1.232,1.0,1.16,1.0,1.0,1.0,1.48
8005.0,,1.29,1.29,1.29,1.29,1.2,1.0,1.0,1.2,1.2,1.2,1.2,1.0,1.0,1.0,1.0,1.0,1.0,1.0,1.0,1.1,0.0,0.0,0.0,1.29,1.0,1.2,1.0,1.0,1.0,1.6
8006.0,,1.348,1.348,1.348,1.348,1.24,1.0,1.0,1.24,1.24,1.24,1.24,1.0,1.0,1.0,1.0,1.0,1.0,1.0,1.0,1.12,0.0,0.0,0.0,1.348,1.0,1.24,1.0,1.0,1.0,1.72
8007.0,,1.406,1.406,1.406,1.406,1.28,1.0,1.0,1.28,1.28,1.28,1.28,1.0,1.0,1.0,1.0,1.0,1.0,1.0,1.0,1.14,0.0,0.0,0.0,1.406,1.0,1.28,1.0,1.0,1.0,1.84
8008.0,,1.464,1.464,1.464,1.464,1.32,1.0,1.0,1.32,1.32,1.32,1.32,1.0,1.0,1.0,1.0,1.0,1.0,1.0,1.0,1.15,0.0,0.0,0.0,1.464,1.0,1.32,1.0,1.0,1.0,1.96
8009.0,,1.522,1.522,1.522,1.522,1.36,1.0,1.0,1.36,1.36,1.36,1.36,1.0,1.0,1.0,1.0,1.0,1.0,1.0,1.0,1.16,0.0,0.0,0.0,1.522,1.0,1.36,1.0,1.0,1.0,2.08
8010.0,,1.58,1.58,1.58,1.58,1.4,1.0,1.0,1.4,1.4,1.4,1.4,1.0,1.0,1.0,1.0,1.0,1.0,1.0,1.0,1.17,0.0,0.0,0.0,1.58,1.0,1.4,1.0,1.0,1.0,2.2
8011.0,,1.638,1.638,1.638,1.638,1.44,1.0,1.0,1.43,1.43,1.43,1.43,1.0,1.0,1.0,1.0,1.0,1.0,1.0,1.0,1.18,0.0,0.0,0.0,1.638,1.0,1.43,1.0,1.0,1.0,2.32
8012.0,,1.696,1.696,1.696,1.696,1.48,1.0,1.0,1.46,1.46,1.46,1.46,1.0,1.0,1.0,1.0,1.0,1.0,1.0,1.0,1.19,0.0,0.0,0.0,1.696,1.0,1.46,1.0,1.0,1.0,2.44
8013.0,,1.754,1.754,1.754,1.754,1.52,1.0,1.0,1.49,1.49,1.49,1.49,1.0,1.0,1.0,1.0,1.0,1.0,1.0,1.0,1.2,0.0,0.0,0.0,1.754,1.0,1.49,1.0,1.0,1.0,2.56
8014.0,,1.812,1.812,1.812,1.812,1.56,1.0,1.0,1.52,1.52,1.52,1.52,1.0,1.0,1.0,1.0,1.0,1.0,1.0,1.0,1.21,0.0,0.0,0.0,1.812,1.0,1.52,1.0,1.0,1.0,2.68
8015.0,,1.87,1.87,1.87,1.87,1.6,1.0,1.0,1.55,1.55,1.55,1.55,1.0,1.0,1.0,1.0,1.0,1.0,1.0,1.0,1.22,0.0,0.0,0.0,1.87,1.0,1.55,1.0,1.0,1.0,2.8
8016.0,,1.928,1.928,1.928,1.928,1.64,1.0,1.0,1.58,1.58,1.58,1.58,1.0,1.0,1.0,1.0,1.0,1.0,1.0,1.0,1.23,0.0,0.0,0.0,1.928,1.0,1.58,1.0,1.0,1.0,2.92
8017.0,,1.986,1.986,1.986,1.986,1.68,1.0,1.0,1.61,1.61,1.61,1.61,1.0,1.0,1.0,1.0,1.0,1.0,1.0,1.0,1.24,0.0,0.0,0.0,1.986,1.0,1.61,1.0,1.0,1.0,3.04
8018.0,,2.044,2.044,2.044,2.044,1.72,1.0,1.0,1.64,1.64,1.64,1.64,1.0,1.0,1.0,1.0,1.0,1.0,1.0,1.0,1.25,0.0,0.0,0.0,2.044,1.0,1.64,1.0,1.0,1.0,3.16
8019.0,,2.102,2.102,2.102,2.102,1.76,1.0,1.0,1.67,1.67,1.67,1.67,1.0,1.0,1.0,1.0,1.0,1.0,1.0,1.0,1.26,0.0,0.0,0.0,2.102,1.0,1.67,1.0,1.0,1.0,3.28
8020.0,,2.16,2.16,2.16,2.16,1.8,1.0,1.0,1.7,1.7,1.7,1.7,1.0,1.0,1.0,1.0,1.0,1.0,1.0,1.0,1.27,0.0,0.0,0.0,2.16,1.0,1.7,1.0,1.0,1.0,3.4
8021.0,,2.218,2.218,2.218,2.218,1.84,1.0,1.0,1.72,1.72,1.72,1.72,1.0,1.0,1.0,1.0,1.0,1.0,1.0,1.0,1.28,0.0,0.0,0.0,2.218,1.0,1.72,1.0,1.0,1.0,3.52
8022.0,,2.276,2.276,2.276,2.276,1.88,1.0,1.0,1.74,1.74,1.74,1.74,1.0,1.0,1.0,1.0,1.0,1.0,1.0,1.0,1.29,0.0,0.0,0.0,2.276,1.0,1.74,1.0,1.0,1.0,3.64
8023.0,,2.334,2.334,2.334,2.334,1.92,1.0,1.0,1.76,1.76,1.76,1.76,1.0,1.0,1.0,1.0,1.0,1.0,1.0,1.0,1.3,0.0,0.0,0.0,2.334,1.0,1.76,1.0,1.0,1.0,3.76
8024.0,,2.392,2.392,2.392,2.392,1.96,1.0,1.0,1.78,1.78,1.78,1.78,1.0,1.0,1.0,1.0,1.0,1.0,1.0,1.0,1.31,0.0,0.0,0.0,2.392,1.0,1.78,1.0,1.0,1.0,3.88
8025.0,,2.45,2.45,2.45,2.45,2.0,1.0,1.0,1.8,1.8,1.8,1.8,1.0,1.0,1.0,1.0,1.0,1.0,1.0,1.0,1.32,0.0,0.0,0.0,2.45,1.0,1.8,1.0,1.0,1.0,4.0
8100.0,Medium Shield,1.0,1.0,1.0,1.0,1.0,1.0,1.0,1.0,1.0,1.0,1.0,1.0,1.0,1.0,1.0,1.0,1.0,1.0,1.0,1.0,0.0,0.0,0.0,1.0,1.0,1.0,1.0,1.0,1.0,1.0
8101.0,,1.058,1.058,1.058,1.058,1.04,1.0,1.0,1.04,1.04,1.04,1.04,1.0,1.0,1.0,1.0,1.0,1.0,1.0,1.0,1.0,0.0,0.0,0.0,1.058,1.0,1.04,1.0,1.0,1.0,1.12
8102.0,,1.116,1.116,1.116,1.116,1.08,1.0,1.0,1.08,1.08,1.08,1.08,1.0,1.0,1.0,1.0,1.0,1.0,1.0,1.0,1.01,0.0,0.0,0.0,1.116,1.0,1.08,1.0,1.0,1.0,1.24
8103.0,,1.174,1.174,1.174,1.174,1.12,1.0,1.0,1.12,1.12,1.12,1.12,1.0,1.0,1.0,1.0,1.0,1.0,1.0,1.0,1.02,0.0,0.0,0.0,1.174,1.0,1.12,1.0,1.0,1.0,1.36
8104.0,,1.232,1.232,1.232,1.232,1.16,1.0,1.0,1.16,1.16,1.16,1.16,1.0,1.0,1.0,1.0,1.0,1.0,1.0,1.0,1.03,0.0,0.0,0.0,1.232,1.0,1.16,1.0,1.0,1.0,1.48
8105.0,,1.29,1.29,1.29,1.29,1.2,1.0,1.0,1.2,1.2,1.2,1.2,1.0,1.0,1.0,1.0,1.0,1.0,1.0,1.0,1.04,0.0,0.0,0.0,1.29,1.0,1.2,1.0,1.0,1.0,1.6
8106.0,,1.348,1.348,1.348,1.348,1.24,1.0,1.0,1.24,1.24,1.24,1.24,1.0,1.0,1.0,1.0,1.0,1.0,1.0,1.0,1.05,0.0,0.0,0.0,1.348,1.0,1.24,1.0,1.0,1.0,1.72
8107.0,,1.406,1.406,1.406,1.406,1.28,1.0,1.0,1.28,1.28,1.28,1.28,1.0,1.0,1.0,1.0,1.0,1.0,1.0,1.0,1.06,0.0,0.0,0.0,1.406,1.0,1.28,1.0,1.0,1.0,1.84
8108.0,,1.464,1.464,1.464,1.464,1.32,1.0,1.0,1.32,1.32,1.32,1.32,1.0,1.0,1.0,1.0,1.0,1.0,1.0,1.0,1.07,0.0,0.0,0.0,1.464,1.0,1.32,1.0,1.0,1.0,1.96
8109.0,,1.522,1.522,1.522,1.522,1.36,1.0,1.0,1.36,1.36,1.36,1.36,1.0,1.0,1.0,1.0,1.0,1.0,1.0,1.0,1.08,0.0,0.0,0.0,1.522,1.0,1.36,1.0,1.0,1.0,2.08
8110.0,,1.58,1.58,1.58,1.58,1.4,1.0,1.0,1.4,1.4,1.4,1.4,1.0,1.0,1.0,1.0,1.0,1.0,1.0,1.0,1.09,0.0,0.0,0.0,1.58,1.0,1.4,1.0,1.0,1.0,2.2
8111.0,,1.638,1.638,1.638,1.638,1.44,1.0,1.0,1.43,1.43,1.43,1.43,1.0,1.0,1.0,1.0,1.0,1.0,1.0,1.0,1.1,0.0,0.0,0.0,1.638,1.0,1.43,1.0,1.0,1.0,2.32
8112.0,,1.696,1.696,1.696,1.696,1.48,1.0,1.0,1.46,1.46,1.46,1.46,1.0,1.0,1.0,1.0,1.0,1.0,1.0,1.0,1.11,0.0,0.0,0.0,1.696,1.0,1.46,1.0,1.0,1.0,2.44
8113.0,,1.754,1.754,1.754,1.754,1.52,1.0,1.0,1.49,1.49,1.49,1.49,1.0,1.0,1.0,1.0,1.0,1.0,1.0,1.0,1.12,0.0,0.0,0.0,1.754,1.0,1.49,1.0,1.0,1.0,2.56
8114.0,,1.812,1.812,1.812,1.812,1.56,1.0,1.0,1.52,1.52,1.52,1.52,1.0,1.0,1.0,1.0,1.0,1.0,1.0,1.0,1.13,0.0,0.0,0.0,1.812,1.0,1.52,1.0,1.0,1.0,2.68
8115.0,,1.87,1.87,1.87,1.87,1.6,1.0,1.0,1.55,1.55,1.55,1.55,1.0,1.0,1.0,1.0,1.0,1.0,1.0,1.0,1.14,0.0,0.0,0.0,1.87,1.0,1.55,1.0,1.0,1.0,2.8
8116.0,,1.928,1.928,1.928,1.928,1.64,1.0,1.0,1.58,1.58,1.58,1.58,1.0,1.0,1.0,1.0,1.0,1.0,1.0,1.0,1.15,0.0,0.0,0.0,1.928,1.0,1.58,1.0,1.0,1.0,2.92
8117.0,,1.986,1.986,1.986,1.986,1.68,1.0,1.0,1.61,1.61,1.61,1.61,1.0,1.0,1.0,1.0,1.0,1.0,1.0,1.0,1.16,0.0,0.0,0.0,1.986,1.0,1.61,1.0,1.0,1.0,3.04
8118.0,,2.044,2.044,2.044,2.044,1.72,1.0,1.0,1.64,1.64,1.64,1.64,1.0,1.0,1.0,1.0,1.0,1.0,1.0,1.0,1.17,0.0,0.0,0.0,2.044,1.0,1.64,1.0,1.0,1.0,3.16
8119.0,,2.102,2.102,2.102,2.102,1.76,1.0,1.0,1.67,1.67,1.67,1.67,1.0,1.0,1.0,1.0,1.0,1.0,1.0,1.0,1.18,0.0,0.0,0.0,2.102,1.0,1.67,1.0,1.0,1.0,3.28
8120.0,,2.16,2.16,2.16,2.16,1.8,1.0,1.0,1.7,1.7,1.7,1.7,1.0,1.0,1.0,1.0,1.0,1.0,1.0,1.0,1.19,0.0,0.0,0.0,2.16,1.0,1.7,1.0,1.0,1.0,3.4
8121.0,,2.218,2.218,2.218,2.218,1.84,1.0,1.0,1.72,1.72,1.72,1.72,1.0,1.0,1.0,1.0,1.0,1.0,1.0,1.0,1.2,0.0,0.0,0.0,2.218,1.0,1.72,1.0,1.0,1.0,3.52
8122.0,,2.276,2.276,2.276,2.276,1.88,1.0,1.0,1.74,1.74,1.74,1.74,1.0,1.0,1.0,1.0,1.0,1.0,1.0,1.0,1.21,0.0,0.0,0.0,2.276,1.0,1.74,1.0,1.0,1.0,3.64
8123.0,,2.334,2.334,2.334,2.334,1.92,1.0,1.0,1.76,1.76,1.76,1.76,1.0,1.0,1.0,1.0,1.0,1.0,1.0,1.0,1.22,0.0,0.0,0.0,2.334,1.0,1.76,1.0,1.0,1.0,3.76
8124.0,,2.392,2.392,2.392,2.392,1.96,1.0,1.0,1.78,1.78,1.78,1.78,1.0,1.0,1.0,1.0,1.0,1.0,1.0,1.0,1.23,0.0,0.0,0.0,2.392,1.0,1.78,1.0,1.0,1.0,3.88
8125.0,,2.45,2.45,2.45,2.45,2.0,1.0,1.0,1.8,1.8,1.8,1.8,1.0,1.0,1.0,1.0,1.0,1.0,1.0,1.0,1.24,0.0,0.0,0.0,2.45,1.0,1.8,1.0,1.0,1.0,4.0
8200.0,Greatshield,1.0,1.0,1.0,1.0,1.0,1.0,1.0,1.0,1.0,1.0,1.0,1.0,1.0,1.0,1.0,1.0,1.0,1.0,1.0,1.0,0.0,0.0,0.0,1.0,1.0,1.0,1.0,1.0,1.0,1.0
8201.0,,1.058,1.058,1.058,1.058,1.04,1.0,1.0,1.04,1.04,1.04,1.04,1.0,1.0,1.0,1.0,1.0,1.0,1.0,1.0,1.01,0.0,0.0,0.0,1.058,1.0,1.04,1.0,1.0,1.0,1.12
8202.0,,1.116,1.116,1.116,1.116,1.08,1.0,1.0,1.08,1.08,1.08,1.08,1.0,1.0,1.0,1.0,1.0,1.0,1.0,1.0,1.01,0.0,0.0,0.0,1.116,1.0,1.08,1.0,1.0,1.0,1.24
8203.0,,1.174,1.174,1.174,1.174,1.12,1.0,1.0,1.12,1.12,1.12,1.12,1.0,1.0,1.0,1.0,1.0,1.0,1.0,1.0,1.02,0.0,0.0,0.0,1.174,1.0,1.12,1.0,1.0,1.0,1.36
8204.0,,1.232,1.232,1.232,1.232,1.16,1.0,1.0,1.16,1.16,1.16,1.16,1.0,1.0,1.0,1.0,1.0,1.0,1.0,1.0,1.02,0.0,0.0,0.0,1.232,1.0,1.16,1.0,1.0,1.0,1.48
8205.0,,1.29,1.29,1.29,1.29,1.2,1.0,1.0,1.2,1.2,1.2,1.2,1.0,1.0,1.0,1.0,1.0,1.0,1.0,1.0,1.03,0.0,0.0,0.0,1.29,1.0,1.2,1.0,1.0,1.0,1.6
8206.0,,1.348,1.348,1.348,1.348,1.24,1.0,1.0,1.24,1.24,1.24,1.24,1.0,1.0,1.0,1.0,1.0,1.0,1.0,1.0,1.03,0.0,0.0,0.0,1.348,1.0,1.24,1.0,1.0,1.0,1.72
8207.0,,1.406,1.406,1.406,1.406,1.28,1.0,1.0,1.28,1.28,1.28,1.28,1.0,1.0,1.0,1.0,1.0,1.0,1.0,1.0,1.04,0.0,0.0,0.0,1.406,1.0,1.28,1.0,1.0,1.0,1.84
8208.0,,1.464,1.464,1.464,1.464,1.32,1.0,1.0,1.32,1.32,1.32,1.32,1.0,1.0,1.0,1.0,1.0,1.0,1.0,1.0,1.04,0.0,0.0,0.0,1.464,1.0,1.32,1.0,1.0,1.0,1.96
8209.0,,1.522,1.522,1.522,1.522,1.36,1.0,1.0,1.36,1.36,1.36,1.36,1.0,1.0,1.0,1.0,1.0,1.0,1.0,1.0,1.04,0.0,0.0,0.0,1.522,1.0,1.36,1.0,1.0,1.0,2.08
8210.0,,1.58,1.58,1.58,1.58,1.4,1.0,1.0,1.4,1.4,1.4,1.4,1.0,1.0,1.0,1.0,1.0,1.0,1.0,1.0,1.05,0.0,0.0,0.0,1.58,1.0,1.4,1.0,1.0,1.0,2.2
8211.0,,1.638,1.638,1.638,1.638,1.44,1.0,1.0,1.43,1.43,1.43,1.43,1.0,1.0,1.0,1.0,1.0,1.0,1.0,1.0,1.05,0.0,0.0,0.0,1.638,1.0,1.43,1.0,1.0,1.0,2.32
8212.0,,1.696,1.696,1.696,1.696,1.48,1.0,1.0,1.46,1.46,1.46,1.46,1.0,1.0,1.0,1.0,1.0,1.0,1.0,1.0,1.06,0.0,0.0,0.0,1.696,1.0,1.46,1.0,1.0,1.0,2.44
8213.0,,1.754,1.754,1.754,1.754,1.52,1.0,1.0,1.49,1.49,1.49,1.49,1.0,1.0,1.0,1.0,1.0,1.0,1.0,1.0,1.06,0.0,0.0,0.0,1.754,1.0,1.49,1.0,1.0,1.0,2.56
8214.0,,1.812,1.812,1.812,1.812,1.56,1.0,1.0,1.52,1.52,1.52,1.52,1.0,1.0,1.0,1.0,1.0,1.0,1.0,1.0,1.07,0.0,0.0,0.0,1.812,1.0,1.52,1.0,1.0,1.0,2.68
8215.0,,1.87,1.87,1.87,1.87,1.6,1.0,1.0,1.55,1.55,1.55,1.55,1.0,1.0,1.0,1.0,1.0,1.0,1.0,1.0,1.07,0.0,0.0,0.0,1.87,1.0,1.55,1.0,1.0,1.0,2.8
8216.0,,1.928,1.928,1.928,1.928,1.64,1.0,1.0,1.58,1.58,1.58,1.58,1.0,1.0,1.0,1.0,1.0,1.0,1.0,1.0,1.08,0.0,0.0,0.0,1.928,1.0,1.58,1.0,1.0,1.0,2.92
8217.0,,1.986,1.986,1.986,1.986,1.68,1.0,1.0,1.61,1.61,1.61,1.61,1.0,1.0,1.0,1.0,1.0,1.0,1.0,1.0,1.08,0.0,0.0,0.0,1.986,1.0,1.61,1.0,1.0,1.0,3.04
8218.0,,2.044,2.044,2.044,2.044,1.72,1.0,1.0,1.64,1.64,1.64,1.64,1.0,1.0,1.0,1.0,1.0,1.0,1.0,1.0,1.09,0.0,0.0,0.0,2.044,1.0,1.64,1.0,1.0,1.0,3.16
8219.0,,2.102,2.102,2.102,2.102,1.76,1.0,1.0,1.67,1.67,1.67,1.67,1.0,1.0,1.0,1.0,1.0,1.0,1.0,1.0,1.09,0.0,0.0,0.0,2.102,1.0,1.67,1.0,1.0,1.0,3.28
8220.0,,2.16,2.16,2.16,2.16,1.8,1.0,1.0,1.7,1.7,1.7,1.7,1.0,1.0,1.0,1.0,1.0,1.0,1.0,1.0,1.1,0.0,0.0,0.0,2.16,1.0,1.7,1.0,1.0,1.0,3.4
8221.0,,2.218,2.218,2.218,2.218,1.84,1.0,1.0,1.72,1.72,1.72,1.72,1.0,1.0,1.0,1.0,1.0,1.0,1.0,1.0,1.1,0.0,0.0,0.0,2.218,1.0,1.72,1.0,1.0,1.0,3.52
8222.0,,2.276,2.276,2.276,2.276,1.88,1.0,1.0,1.74,1.74,1.74,1.74,1.0,1.0,1.0,1.0,1.0,1.0,1.0,1.0,1.11,0.0,0.0,0.0,2.276,1.0,1.74,1.0,1.0,1.0,3.64
8223.0,,2.334,2.334,2.334,2.334,1.92,1.0,1.0,1.76,1.76,1.76,1.76,1.0,1.0,1.0,1.0,1.0,1.0,1.0,1.0,1.11,0.0,0.0,0.0,2.334,1.0,1.76,1.0,1.0,1.0,3.76
8224.0,,2.392,2.392,2.392,2.392,1.96,1.0,1.0,1.78,1.78,1.78,1.78,1.0,1.0,1.0,1.0,1.0,1.0,1.0,1.0,1.11,0.0,0.0,0.0,2.392,1.0,1.78,1.0,1.0,1.0,3.88
8225.0,,2.45,2.45,2.45,2.45,2.0,1.0,1.0,1.8,1.8,1.8,1.8,1.0,1.0,1.0,1.0,1.0,1.0,1.0,1.0,1.12,0.0,0.0,0.0,2.45,1.0,1.8,1.0,1.0,1.0,4.0
8300.0,Special Shield 1,1.2,1.2,1.2,1.2,1.2,1.0,1.0,1.0,1.0,1.0,1.0,1.0,1.0,1.0,1.0,1.0,1.0,1.0,1.0,1.0,0.0,0.0,0.0,1.2,1.0,1.0,1.0,1.0,1.0,1.0
8301.0,,1.31,1.31,1.31,1.31,1.28,1.0,1.0,1.08,1.08,1.08,1.08,1.0,1.0,1.0,1.0,1.0,1.0,1.0,1.0,1.01,0.0,0.0,0.0,1.31,1.0,1.08,1.0,1.0,1.0,1.3
8302.0,,1.42,1.42,1.42,1.42,1.36,1.0,1.0,1.16,1.16,1.16,1.16,1.0,1.0,1.0,1.0,1.0,1.0,1.0,1.0,1.02,0.0,0.0,0.0,1.42,1.0,1.16,1.0,1.0,1.0,1.6
8303.0,,1.53,1.53,1.53,1.53,1.44,1.0,1.0,1.24,1.24,1.24,1.24,1.0,1.0,1.0,1.0,1.0,1.0,1.0,1.0,1.03,0.0,0.0,0.0,1.53,1.0,1.24,1.0,1.0,1.0,1.9
8304.0,,1.64,1.64,1.64,1.64,1.52,1.0,1.0,1.32,1.32,1.32,1.32,1.0,1.0,1.0,1.0,1.0,1.0,1.0,1.0,1.04,0.0,0.0,0.0,1.64,1.0,1.32,1.0,1.0,1.0,2.2
8305.0,,1.75,1.75,1.75,1.75,1.6,1.0,1.0,1.4,1.4,1.4,1.4,1.0,1.0,1.0,1.0,1.0,1.0,1.0,1.0,1.05,0.0,0.0,0.0,1.75,1.0,1.4,1.0,1.0,1.0,2.5
8306.0,,1.86,1.86,1.86,1.86,1.68,1.0,1.0,1.48,1.48,1.48,1.48,1.0,1.0,1.0,1.0,1.0,1.0,1.0,1.0,1.06,0.0,0.0,0.0,1.86,1.0,1.48,1.0,1.0,1.0,2.8
8307.0,,1.97,1.97,1.97,1.97,1.76,1.0,1.0,1.56,1.56,1.56,1.56,1.0,1.0,1.0,1.0,1.0,1.0,1.0,1.0,1.07,0.0,0.0,0.0,1.97,1.0,1.56,1.0,1.0,1.0,3.1
8308.0,,2.08,2.08,2.08,2.08,1.84,1.0,1.0,1.64,1.64,1.64,1.64,1.0,1.0,1.0,1.0,1.0,1.0,1.0,1.0,1.08,0.0,0.0,0.0,2.08,1.0,1.64,1.0,1.0,1.0,3.4
8309.0,,2.19,2.19,2.19,2.19,1.92,1.0,1.0,1.72,1.72,1.72,1.72,1.0,1.0,1.0,1.0,1.0,1.0,1.0,1.0,1.09,0.0,0.0,0.0,2.19,1.0,1.72,1.0,1.0,1.0,3.7
8310.0,,2.3,2.3,2.3,2.3,2.0,1.0,1.0,1.8,1.8,1.8,1.8,1.0,1.0,1.0,1.0,1.0,1.0,1.0,1.0,1.1,0.0,0.0,0.0,2.3,1.0,1.8,1.0,1.0,1.0,4.0
8500.0,Special Shield 2,1.2,1.2,1.2,1.2,1.2,1.0,1.0,1.0,1.0,1.0,1.0,1.0,1.0,1.0,1.0,1.0,1.0,1.0,1.0,1.0,0.0,0.0,0.0,1.2,1.0,1.0,1.0,1.0,1.0,1.0
8501.0,,1.335,1.335,1.335,1.335,1.28,1.0,1.0,1.08,1.08,1.08,1.08,1.0,1.0,1.0,1.0,1.0,1.0,1.0,1.0,1.02,0.0,0.0,0.0,1.335,1.0,1.08,1.0,1.0,1.0,1.3
8502.0,,1.47,1.47,1.47,1.47,1.36,1.0,1.0,1.16,1.16,1.16,1.16,1.0,1.0,1.0,1.0,1.0,1.0,1.0,1.0,1.04,0.0,0.0,0.0,1.47,1.0,1.16,1.0,1.0,1.0,1.6
8503.0,,1.605,1.605,1.605,1.605,1.44,1.0,1.0,1.24,1.24,1.24,1.24,1.0,1.0,1.0,1.0,1.0,1.0,1.0,1.0,1.06,0.0,0.0,0.0,1.605,1.0,1.24,1.0,1.0,1.0,1.9
8504.0,,1.74,1.74,1.74,1.74,1.52,1.0,1.0,1.32,1.32,1.32,1.32,1.0,1.0,1.0,1.0,1.0,1.0,1.0,1.0,1.07,0.0,0.0,0.0,1.74,1.0,1.32,1.0,1.0,1.0,2.2
8505.0,,1.875,1.875,1.875,1.875,1.6,1.0,1.0,1.4,1.4,1.4,1.4,1.0,1.0,1.0,1.0,1.0,1.0,1.0,1.0,1.09,0.0,0.0,0.0,1.875,1.0,1.4,1.0,1.0,1.0,2.5
8506.0,,2.01,2.01,2.01,2.01,1.68,1.0,1.0,1.48,1.48,1.48,1.48,1.0,1.0,1.0,1.0,1.0,1.0,1.0,1.0,1.11,0.0,0.0,0.0,2.01,1.0,1.48,1.0,1.0,1.0,2.8
8507.0,,2.145,2.145,2.145,2.145,1.76,1.0,1.0,1.56,1.56,1.56,1.56,1.0,1.0,1.0,1.0,1.0,1.0,1.0,1.0,1.12,0.0,0.0,0.0,2.145,1.0,1.56,1.0,1.0,1.0,3.1
8508.0,,2.28,2.28,2.28,2.28,1.84,1.0,1.0,1.64,1.64,1.64,1.64,1.0,1.0,1.0,1.0,1.0,1.0,1.0,1.0,1.13,0.0,0.0,0.0,2.28,1.0,1.64,1.0,1.0,1.0,3.4
8509.0,,2.415,2.415,2.415,2.415,1.92,1.0,1.0,1.72,1.72,1.72,1.72,1.0,1.0,1.0,1.0,1.0,1.0,1.0,1.0,1.14,0.0,0.0,0.0,2.415,1.0,1.72,1.0,1.0,1.0,3.7
8510.0,,2.55,2.55,2.55,2.55,2.0,1.0,1.0,1.8,1.8,1.8,1.8,1.0,1.0,1.0,1.0,1.0,1.0,1.0,1.0,1.15,0.0,0.0,0.0,2.55,1.0,1.8,1.0,1.0,1.0,4.0
9000.0,,1.0,1.0,1.0,1.0,1.0,1.0,1.0,1.0,1.0,1.0,1.0,1.0,1.0,1.0,1.0,1.0,1.0,1.0,1.0,1.0,0.0,0.0,0.0,1.0,1.0,1.0,1.0,1.0,1.0,1.0
9001.0,,1.1,1.1,1.1,1.1,1.1,1.0,1.0,1.05,1.05,1.05,1.05,1.0,1.0,1.0,1.0,1.0,1.0,1.0,1.0,1.0,0.0,0.0,0.0,1.1,1.0,1.05,1.0,1.0,1.0,1.3
9002.0,,1.2,1.2,1.2,1.2,1.2,1.0,1.0,1.1,1.1,1.1,1.1,1.0,1.0,1.0,1.0,1.0,1.0,1.0,1.0,1.0,0.0,0.0,0.0,1.2,1.0,1.1,1.0,1.0,1.0,1.6
9003.0,,1.3,1.3,1.3,1.3,1.3,1.0,1.0,1.15,1.15,1.15,1.15,1.0,1.0,1.0,1.0,1.0,1.0,1.0,1.0,1.0,0.0,0.0,0.0,1.3,1.0,1.15,1.0,1.0,1.0,1.9
9004.0,,1.4,1.4,1.4,1.4,1.4,1.0,1.0,1.2,1.2,1.2,1.2,1.0,1.0,1.0,1.0,1.0,1.0,1.0,1.0,1.0,0.0,0.0,0.0,1.4,1.0,1.2,1.0,1.0,1.0,2.2
9005.0,,1.5,1.5,1.5,1.5,1.5,1.0,1.0,1.23,1.23,1.23,1.23,1.0,1.0,1.0,1.0,1.0,1.0,1.0,1.0,1.0,0.0,0.0,0.0,1.5,1.0,1.23,1.0,1.0,1.0,2.5
9006.0,,1.6,1.6,1.6,1.6,1.6,1.0,1.0,1.26,1.26,1.26,1.26,1.0,1.0,1.0,1.0,1.0,1.0,1.0,1.0,1.0,0.0,0.0,0.0,1.6,1.0,1.26,1.0,1.0,1.0,2.8
9007.0,,1.7,1.7,1.7,1.7,1.7,1.0,1.0,1.29,1.29,1.29,1.29,1.0,1.0,1.0,1.0,1.0,1.0,1.0,1.0,1.0,0.0,0.0,0.0,1.7,1.0,1.29,1.0,1.0,1.0,3.1
9008.0,,1.8,1.8,1.8,1.8,1.8,1.0,1.0,1.32,1.32,1.32,1.32,1.0,1.0,1.0,1.0,1.0,1.0,1.0,1.0,1.0,0.0,0.0,0.0,1.8,1.0,1.32,1.0,1.0,1.0,3.4
9009.0,,1.9,1.9,1.9,1.9,1.9,1.0,1.0,1.35,1.35,1.35,1.35,1.0,1.0,1.0,1.0,1.0,1.0,1.0,1.0,1.0,0.0,0.0,0.0,1.9,1.0,1.35,1.0,1.0,1.0,3.7
9010.0,,2.0,2.0,2.0,2.0,2.0,1.0,1.0,1.4,1.4,1.4,1.4,1.0,1.0,1.0,1.0,1.0,1.0,1.0,1.0,1.0,0.0,0.0,0.0,2.0,1.0,1.4,1.0,1.0,1.0,4.0
