SpEffectId,statusType,poizonAttackPower,diseaseAttackPower,bloodAttackPower,freezeAttackPower,sleepAttackPower,madnessAttackPower,curseAttackPower,effectEndurance,changeHpRate,changeHpPoint,changeMpRate,changeMpPoint,neutralDamageCutRate
826.0,Frost,0.0,0.0,0.0,30.0,0.0,0.0,0.0,40.0,0.0,0.0,0.0,0.0,1.0
828.0,Frost,0.0,0.0,0.0,30.0,0.0,0.0,0.0,40.0,0.0,0.0,0.0,0.0,1.0
829.0,Frost,0.0,0.0,0.0,120.0,0.0,0.0,0.0,30.0,10.0,30.0,0.0,0.0,1.2
831.0,Poison,30.0,0.0,0.0,0.0,0.0,0.0,0.0,40.0,0.0,0.0,0.0,0.0,1.0
833.0,Poison,30.0,0.0,0.0,0.0,0.0,0.0,0.0,40.0,0.0,0.0,0.0,0.0,1.0
834.0,Poison,120.0,0.0,0.0,0.0,0.0,0.0,0.0,40.0,0.1,8.0,0.0,0.0,1.0
870.0,Bleed,0.0,0.0,90.0,0.0,0.0,0.0,0.0,1.0,15.0,100.0,0.0,0.0,1.0
875.0,Frost,0.0,0.0,0.0,70.0,0.0,0.0,0.0,30.0,10.0,30.0,0.0,0.0,1.2
880.0,Frost,0.0,0.0,0.0,60.0,0.0,0.0,0.0,30.0,10.0,30.0,0.0,0.0,1.2
881.0,Frost,0.0,0.0,0.0,60.0,0.0,0.0,0.0,30.0,10.0,30.0,0.0,0.0,1.2
882.0,Poison,60.0,0.0,0.0,0.0,0.0,0.0,0.0,40.0,0.1,8.0,0.0,0.0,1.0
883.0,Poison,60.0,0.0,0.0,0.0,0.0,0.0,0.0,40.0,0.1,8.0,0.0,0.0,1.0
1530.0,Frost,0.0,0.0,0.0,160.0,0.0,0.0,0.0,20.0,10.0,30.0,0.0,0.0,1.2
1575.0,Frost,0.0,0.0,0.0,100.0,0.0,0.0,0.0,30.0,10.0,30.0,0.0,0.0,1.2
1576.0,Frost,0.0,0.0,0.0,60.0,0.0,0.0,0.0,30.0,10.0,30.0,0.0,0.0,1.2
1615.0,Bleed,0.0,0.0,60.0,0.0,0.0,0.0,0.0,1.0,15.0,100.0,0.0,0.0,1.0
1616.0,Bleed,0.0,0.0,40.0,0.0,0.0,0.0,0.0,1.0,15.0,100.0,0.0,0.0,1.0
1622.0,Poison,250.0,0.0,0.0,0.0,0.0,0.0,0.0,30.0,0.14,14.0,0.0,0.0,1.0
1625.0,Bleed,0.0,0.0,60.0,0.0,0.0,0.0,0.0,1.0,15.0,100.0,0.0,0.0,1.0
1724.0,Frost,0.0,0.0,0.0,35.0,0.0,0.0,0.0,30.0,10.0,30.0,0.0,0.0,1.2
1745.0,Sleep,0.0,0.0,0.0,0.0,60.0,0.0,0.0,60.0,0.0,0.0,10.0,30.0,1.0
1753.0,Bleed,0.0,0.0,9999.0,0.0,0.0,0.0,0.0,0.1,15.0,100.0,0.0,0.0,1.0
1756.0,Bleed,0.0,0.0,30.0,0.0,0.0,0.0,0.0,0.1,15.0,100.0,0.0,0.0,1.0
1759.0,Bleed,0.0,0.0,30.0,0.0,0.0,0.0,0.0,0.1,15.0,100.0,0.0,0.0,1.0
1761.0,Bleed,0.0,0.0,60.0,0.0,0.0,0.0,0.0,1.0,15.0,100.0,0.0,0.0,1.0
1764.0,Bleed,0.0,0.0,60.0,0.0,0.0,0.0,0.0,1.0,15.0,100.0,0.0,0.0,1.0
1780.0,Madness,0.0,0.0,0.0,0.0,0.0,70.0,0.0,1.0,15.0,100.0,10.0,30.0,1.0
1781.0,Madness,0.0,0.0,0.0,0.0,0.0,25.0,0.0,1.0,15.0,100.0,10.0,30.0,1.0
1782.0,Madness,0.0,0.0,0.0,0.0,0.0,4.0,0.0,1.0,15.0,100.0,10.0,30.0,1.0
1785.0,Poison,250.0,0.0,0.0,0.0,0.0,0.0,0.0,30.0,0.14,14.0,0.0,0.0,1.0
1789.0,Death,0.0,0.0,0.0,0.0,0.0,0.0,70.0,0.1,0.0,0.0,0.0,0.0,1.0
1794.0,Death,0.0,0.0,0.0,0.0,0.0,0.0,30.0,0.1,0.0,0.0,0.0,0.0,1.0
1800.0,Frost,0.0,0.0,0.0,70.0,0.0,0.0,0.0,30.0,10.0,30.0,0.0,0.0,1.2
1801.0,Frost,0.0,0.0,0.0,110.0,0.0,0.0,0.0,30.0,10.0,30.0,0.0,0.0,1.2
1809.0,Frost,0.0,0.0,0.0,80.0,0.0,0.0,0.0,30.0,10.0,30.0,0.0,0.0,1.2
1884.0,Sleep,0.0,0.0,0.0,0.0,20.0,0.0,0.0,30.0,0.0,0.0,10.0,30.0,1.0
1885.0,Sleep,0.0,0.0,0.0,0.0,90.0,0.0,0.0,60.0,0.0,0.0,10.0,30.0,1.0
1894.0,Frost,0.0,0.0,0.0,80.0,0.0,0.0,0.0,30.0,10.0,30.0,0.0,0.0,1.2
1901.0,Frost,0.0,0.0,0.0,70.0,0.0,0.0,0.0,30.0,10.0,30.0,0.0,0.0,1.2
1939.0,Poison,15.0,0.0,0.0,0.0,0.0,0.0,0.0,90.0,0.07,7.0,0.0,0.0,1.0
3115.0,Bleed,0.0,0.0,70.0,0.0,0.0,0.0,0.0,0.1,15.0,100.0,0.0,0.0,1.0
3120.0,Poison,250.0,0.0,0.0,0.0,0.0,0.0,0.0,30.0,0.14,12.0,0.0,0.0,1.0
3121.0,Poison,200.0,0.0,0.0,0.0,0.0,0.0,0.0,30.0,0.14,12.0,0.0,0.0,1.0
3125.0,Bleed,0.0,0.0,20.0,0.0,0.0,0.0,0.0,2.0,15.0,100.0,0.0,0.0,1.0
3126.0,Bleed,0.0,0.0,70.0,0.0,0.0,0.0,0.0,2.0,15.0,100.0,0.0,0.0,1.0
3141.0,Frost,0.0,0.0,0.0,63.0,0.0,0.0,0.0,30.0,10.0,30.0,0.0,0.0,1.2
3143.0,Frost,0.0,0.0,0.0,80.0,0.0,0.0,0.0,30.0,10.0,30.0,0.0,0.0,1.2
3145.0,Frost,0.0,0.0,0.0,63.0,0.0,0.0,0.0,30.0,10.0,30.0,0.0,0.0,1.2
3147.0,Frost,0.0,0.0,0.0,80.0,0.0,0.0,0.0,30.0,10.0,30.0,0.0,0.0,1.2
3151.0,Sleep,0.0,0.0,0.0,0.0,33.0,0.0,0.0,60.0,0.0,0.0,10.0,30.0,1.0
3153.0,Sleep,0.0,0.0,0.0,0.0,42.0,0.0,0.0,60.0,0.0,0.0,10.0,30.0,1.0
3155.0,Sleep,0.0,0.0,0.0,0.0,33.0,0.0,0.0,60.0,0.0,0.0,10.0,30.0,1.0
3157.0,Sleep,0.0,0.0,0.0,0.0,42.0,0.0,0.0,60.0,0.0,0.0,10.0,30.0,1.0
3176.0,Poison,63.0,0.0,0.0,0.0,0.0,0.0,0.0,90.0,0.07,7.0,0.0,0.0,1.0
3178.0,Poison,80.0,0.0,0.0,0.0,0.0,0.0,0.0,90.0,0.07,7.0,0.0,0.0,1.0
3180.0,Poison,63.0,0.0,0.0,0.0,0.0,0.0,0.0,90.0,0.07,7.0,0.0,0.0,1.0
3182.0,Poison,80.0,0.0,0.0,0.0,0.0,0.0,0.0,90.0,0.07,7.0,0.0,0.0,1.0
3191.0,Bleed,0.0,0.0,30.0,0.0,0.0,0.0,0.0,0.1,15.0,100.0,0.0,0.0,1.0
3193.0,Bleed,0.0,0.0,38.0,0.0,0.0,0.0,0.0,0.1,15.0,100.0,0.0,0.0,1.0
3195.0,Bleed,0.0,0.0,30.0,0.0,0.0,0.0,0.0,0.1,15.0,100.0,0.0,0.0,1.0
3197.0,Bleed,0.0,0.0,38.0,0.0,0.0,0.0,0.0,0.1,15.0,100.0,0.0,0.0,1.0
3300.0,Frost,0.0,0.0,0.0,20.0,0.0,0.0,0.0,30.0,10.0,30.0,0.0,0.0,1.2
3307.0,Poison,150.0,0.0,0.0,0.0,0.0,0.0,0.0,180.0,0.0,4.0,0.0,0.0,1.0
3309.0,Frost,0.0,0.0,0.0,150.0,0.0,0.0,0.0,180.0,0.0,4.0,0.0,0.0,1.0
3311.0,Rot,0.0,63.0,0.0,0.0,0.0,0.0,0.0,90.0,0.18,15.0,0.0,0.0,1.0
3313.0,Rot,0.0,80.0,0.0,0.0,0.0,0.0,0.0,90.0,0.18,15.0,0.0,0.0,1.0
3315.0,Rot,0.0,63.0,0.0,0.0,0.0,0.0,0.0,90.0,0.18,15.0,0.0,0.0,1.0
3317.0,Rot,0.0,80.0,0.0,0.0,0.0,0.0,0.0,90.0,0.18,15.0,0.0,0.0,1.0
3370.0,Poison,20.0,0.0,0.0,0.0,0.0,0.0,0.0,60.0,0.07,7.0,0.0,0.0,1.0
3750.0,Poison,80.0,0.0,0.0,0.0,0.0,0.0,0.0,90.0,0.07,7.0,0.0,0.0,1.0
3751.0,Bleed,0.0,0.0,80.0,0.0,0.0,0.0,0.0,0.1,15.0,100.0,0.0,0.0,1.0
4002.0,Poison,3.0,0.0,0.0,0.0,0.0,0.0,0.0,180.0,0.07,7.0,0.0,0.0,1.0
4004.0,Poison,2.0,0.0,0.0,0.0,0.0,0.0,0.0,180.0,0.07,7.0,0.0,0.0,1.0
4051.0,Rot,0.0,3.0,0.0,0.0,0.0,0.0,0.0,180.0,2.0,8.0,0.0,0.0,1.0
4053.0,Rot,0.0,2.0,0.0,0.0,0.0,0.0,0.0,180.0,2.0,8.0,0.0,0.0,1.0
4055.0,Rot,0.0,7.0,0.0,0.0,0.0,0.0,0.0,180.0,2.0,30.0,0.0,0.0,1.0
4525.0,Poison,1.0,0.0,0.0,0.0,0.0,0.0,0.0,180.0,0.07,7.0,0.0,0.0,1.0
4555.0,Rot,0.0,1.0,0.0,0.0,0.0,0.0,0.0,180.0,2.0,8.0,0.0,0.0,1.0
5184.0,Frost,0.0,0.0,0.0,1.0,0.0,0.0,0.0,0.0,0.0,0.0,0.0,0.0,1.0
6400.0,Bleed,0.0,0.0,45.0,0.0,0.0,0.0,0.0,1.0,15.0,100.0,0.0,0.0,1.0
6401.0,Bleed,0.0,0.0,50.0,0.0,0.0,0.0,0.0,1.0,15.0,100.0,0.0,0.0,1.0
6402.0,Bleed,0.0,0.0,55.0,0.0,0.0,0.0,0.0,1.0,15.0,100.0,0.0,0.0,1.0
6403.0,Bleed,0.0,0.0,60.0,0.0,0.0,0.0,0.0,1.0,15.0,100.0,0.0,0.0,1.0
6404.0,Bleed,0.0,0.0,65.0,0.0,0.0,0.0,0.0,1.0,15.0,100.0,0.0,0.0,1.0
6405.0,Bleed,0.0,0.0,70.0,0.0,0.0,0.0,0.0,1.0,15.0,100.0,0.0,0.0,1.0
6406.0,Bleed,0.0,0.0,38.0,0.0,0.0,0.0,0.0,1.0,15.0,100.0,0.0,0.0,1.0
6410.0,Bleed,0.0,0.0,50.0,0.0,0.0,0.0,0.0,1.0,15.0,200.0,0.0,0.0,1.0
6411.0,Bleed,0.0,0.0,55.0,0.0,0.0,0.0,0.0,1.0,15.0,200.0,0.0,0.0,1.0
6412.0,Bleed,0.0,0.0,60.0,0.0,0.0,0.0,0.0,1.0,15.0,200.0,0.0,0.0,1.0
6413.0,Bleed,0.0,0.0,65.0,0.0,0.0,0.0,0.0,1.0,15.0,200.0,0.0,0.0,1.0
6414.0,Bleed,0.0,0.0,70.0,0.0,0.0,0.0,0.0,1.0,15.0,200.0,0.0,0.0,1.0
6415.0,Bleed,0.0,0.0,75.0,0.0,0.0,0.0,0.0,1.0,15.0,200.0,0.0,0.0,1.0
6450.0,Sleep,0.0,0.0,0.0,0.0,60.0,0.0,0.0,60.0,0.0,0.0,10.0,30.0,1.0
6451.0,Sleep,0.0,0.0,0.0,0.0,66.0,0.0,0.0,60.0,0.0,0.0,10.0,30.0,1.0
6452.0,Sleep,0.0,0.0,0.0,0.0,72.0,0.0,0.0,60.0,0.0,0.0,10.0,30.0,1.0
6453.0,Sleep,0.0,0.0,0.0,0.0,78.0,0.0,0.0,60.0,0.0,0.0,10.0,30.0,1.0
6454.0,Sleep,0.0,0.0,0.0,0.0,84.0,0.0,0.0,60.0,0.0,0.0,10.0,30.0,1.0
6455.0,Sleep,0.0,0.0,0.0,0.0,90.0,0.0,0.0,60.0,0.0,0.0,10.0,30.0,1.0
6456.0,Sleep,0.0,0.0,0.0,0.0,96.0,0.0,0.0,60.0,0.0,0.0,10.0,30.0,1.0
6460.0,Sleep,0.0,0.0,0.0,0.0,50.0,0.0,0.0,60.0,0.0,0.0,10.0,30.0,1.0
6500.0,Poison,60.0,0.0,0.0,0.0,0.0,0.0,0.0,90.0,0.07,7.0,0.0,0.0,1.0
6501.0,Poison,66.0,0.0,0.0,0.0,0.0,0.0,0.0,90.0,0.07,7.0,0.0,0.0,1.0
6502.0,Poison,72.0,0.0,0.0,0.0,0.0,0.0,0.0,90.0,0.07,7.0,0.0,0.0,1.0
6503.0,Poison,78.0,0.0,0.0,0.0,0.0,0.0,0.0,90.0,0.07,7.0,0.0,0.0,1.0
6504.0,Poison,84.0,0.0,0.0,0.0,0.0,0.0,0.0,90.0,0.07,7.0,0.0,0.0,1.0
6505.0,Poison,90.0,0.0,0.0,0.0,0.0,0.0,0.0,90.0,0.07,7.0,0.0,0.0,1.0
6510.0,Poison,60.0,0.0,0.0,0.0,0.0,0.0,0.0,30.0,0.14,14.0,0.0,0.0,1.0
6511.0,Poison,66.0,0.0,0.0,0.0,0.0,0.0,0.0,30.0,0.14,14.0,0.0,0.0,1.0
6512.0,Poison,72.0,0.0,0.0,0.0,0.0,0.0,0.0,30.0,0.14,14.0,0.0,0.0,1.0
6513.0,Poison,78.0,0.0,0.0,0.0,0.0,0.0,0.0,30.0,0.14,14.0,0.0,0.0,1.0
6514.0,Poison,84.0,0.0,0.0,0.0,0.0,0.0,0.0,30.0,0.14,14.0,0.0,0.0,1.0
6515.0,Poison,90.0,0.0,0.0,0.0,0.0,0.0,0.0,30.0,0.14,14.0,0.0,0.0,1.0
6600.0,Rot,0.0,50.0,0.0,0.0,0.0,0.0,0.0,90.0,0.18,15.0,0.0,0.0,1.0
6601.0,Rot,0.0,55.0,0.0,0.0,0.0,0.0,0.0,90.0,0.18,15.0,0.0,0.0,1.0
6602.0,Rot,0.0,60.0,0.0,0.0,0.0,0.0,0.0,90.0,0.18,15.0,0.0,0.0,1.0
6603.0,Rot,0.0,65.0,0.0,0.0,0.0,0.0,0.0,90.0,0.18,15.0,0.0,0.0,1.0
6604.0,Rot,0.0,70.0,0.0,0.0,0.0,0.0,0.0,90.0,0.18,15.0,0.0,0.0,1.0
6605.0,Rot,0.0,75.0,0.0,0.0,0.0,0.0,0.0,90.0,0.18,15.0,0.0,0.0,1.0
6700.0,Frost,0.0,0.0,0.0,55.0,0.0,0.0,0.0,30.0,10.0,30.0,0.0,0.0,1.2
6701.0,Frost,0.0,0.0,0.0,60.0,0.0,0.0,0.0,30.0,10.0,30.0,0.0,0.0,1.2
6702.0,Frost,0.0,0.0,0.0,65.0,0.0,0.0,0.0,30.0,10.0,30.0,0.0,0.0,1.2
6703.0,Frost,0.0,0.0,0.0,70.0,0.0,0.0,0.0,30.0,10.0,30.0,0.0,0.0,1.2
6704.0,Frost,0.0,0.0,0.0,75.0,0.0,0.0,0.0,30.0,10.0,30.0,0.0,0.0,1.2
6705.0,Frost,0.0,0.0,0.0,80.0,0.0,0.0,0.0,30.0,10.0,30.0,0.0,0.0,1.2
6750.0,Madness,0.0,0.0,0.0,0.0,0.0,55.0,0.0,1.0,15.0,100.0,10.0,30.0,1.0
6751.0,Madness,0.0,0.0,0.0,0.0,0.0,60.0,0.0,1.0,15.0,100.0,10.0,30.0,1.0
6752.0,Madness,0.0,0.0,0.0,0.0,0.0,65.0,0.0,1.0,15.0,100.0,10.0,30.0,1.0
6753.0,Madness,0.0,0.0,0.0,0.0,0.0,70.0,0.0,1.0,15.0,100.0,10.0,30.0,1.0
6754.0,Madness,0.0,0.0,0.0,0.0,0.0,75.0,0.0,1.0,15.0,100.0,10.0,30.0,1.0
6755.0,Madness,0.0,0.0,0.0,0.0,0.0,80.0,0.0,1.0,15.0,100.0,10.0,30.0,1.0
6800.0,Death,0.0,0.0,0.0,0.0,0.0,0.0,45.0,0.0,0.0,0.0,0.0,0.0,1.0
6801.0,Death,0.0,0.0,0.0,0.0,0.0,0.0,50.0,0.0,0.0,0.0,0.0,0.0,1.0
6802.0,Death,0.0,0.0,0.0,0.0,0.0,0.0,55.0,0.0,0.0,0.0,0.0,0.0,1.0
6803.0,Death,0.0,0.0,0.0,0.0,0.0,0.0,60.0,0.0,0.0,0.0,0.0,0.0,1.0
6804.0,Death,0.0,0.0,0.0,0.0,0.0,0.0,65.0,0.0,0.0,0.0,0.0,0.0,1.0
6805.0,Death,0.0,0.0,0.0,0.0,0.0,0.0,5.0,0.0,0.0,0.0,0.0,0.0,1.0
8350.0,Death,0.0,0.0,0.0,0.0,0.0,0.0,20.0,3.0,0.0,0.0,0.0,0.0,1.0
8354.0,Death,0.0,0.0,0.0,0.0,0.0,0.0,100.0,0.0,0.0,0.0,0.0,0.0,1.0
8355.0,Death,0.0,0.0,0.0,0.0,0.0,0.0,200.0,0.0,0.0,0.0,0.0,0.0,1.0
8570.0,Bleed,0.0,0.0,150.0,0.0,0.0,0.0,0.0,2.0,20.0,0.0,0.0,0.0,1.0
8571.0,Poison,150.0,0.0,0.0,0.0,0.0,0.0,0.0,40.0,0.14,14.0,0.0,0.0,1.0
10660.0,Bleed,0.0,0.0,999.0,0.0,0.0,0.0,0.0,1.0,40.0,0.0,0.0,0.0,1.0
10661.0,Bleed,0.0,0.0,999.0,0.0,0.0,0.0,0.0,1.0,40.0,0.0,0.0,0.0,1.0
10662.0,Bleed,0.0,0.0,999.0,0.0,0.0,0.0,0.0,1.0,50.0,0.0,0.0,0.0,1.0
10691.0,Bleed,0.0,0.0,4.0,0.0,0.0,0.0,0.0,0.1,15.0,100.0,0.0,0.0,1.0
11560.0,Poison,30.0,0.0,0.0,0.0,0.0,0.0,0.0,0.1,0.0,0.0,0.0,0.0,1.0
11561.0,Poison,60.0,0.0,0.0,0.0,0.0,0.0,0.0,0.1,0.0,0.0,0.0,0.0,1.0
11605.0,Poison,500.0,0.0,0.0,0.0,0.0,0.0,0.0,180.0,0.07,7.0,0.0,0.0,1.0
11606.0,Rot,0.0,500.0,0.0,0.0,0.0,0.0,0.0,300.0,0.33,13.0,0.0,0.0,1.0
11612.0,Poison,99999.0,90.0,0.0,0.0,0.0,0.0,0.0,180.0,0.07,3.0,0.0,0.0,1.0
11613.0,Rot,0.0,100.0,0.0,0.0,0.0,0.0,0.0,180.0,0.07,3.0,0.0,0.0,1.0
13559.0,Rot,0.0,120.0,0.0,0.0,0.0,0.0,0.0,30.0,0.1,8.0,0.0,0.0,1.0
13560.0,Rot,0.0,110.0,0.0,0.0,0.0,0.0,0.0,30.0,0.1,8.0,0.0,0.0,1.0
13944.0,Bleed,0.0,0.0,20.0,0.0,0.0,0.0,0.0,1.0,7.0,30.0,0.0,0.0,1.0
17051.0,Bleed,0.0,0.0,30.0,0.0,0.0,0.0,0.0,0.0,70.0,0.0,70.0,0.0,1.0
17061.0,Bleed,0.0,0.0,160.0,0.0,0.0,0.0,0.0,0.0,70.0,0.0,70.0,0.0,1.0
17063.0,Bleed,0.0,0.0,15.0,0.0,0.0,0.0,0.0,0.0,70.0,0.0,70.0,0.0,1.0
18430.0,Rot,0.0,180.0,0.0,0.0,0.0,0.0,0.0,300.0,3.3,26.0,0.0,0.0,1.0
18431.0,Rot,0.0,90.0,0.0,0.0,0.0,0.0,0.0,300.0,3.3,26.0,0.0,0.0,1.0
18432.0,Rot,0.0,120.0,0.0,0.0,0.0,0.0,0.0,300.0,3.3,26.0,0.0,0.0,1.0
18433.0,Rot,0.0,60.0,0.0,0.0,0.0,0.0,0.0,300.0,3.3,26.0,0.0,0.0,1.0
19950.0,Sleep,0.0,0.0,0.0,0.0,100.0,0.0,0.0,60.0,0.0,0.0,10.0,30.0,1.0
19951.0,Sleep,0.0,0.0,0.0,0.0,200.0,0.0,0.0,60.0,0.0,0.0,10.0,30.0,1.0
19952.0,Sleep,0.0,0.0,0.0,0.0,20.0,0.0,0.0,60.0,0.0,0.0,10.0,30.0,1.0
19953.0,Sleep,0.0,0.0,0.0,0.0,150.0,0.0,0.0,60.0,0.0,0.0,10.0,30.0,1.0
19954.0,Sleep,0.0,0.0,0.0,0.0,50.0,0.0,0.0,60.0,0.0,0.0,10.0,30.0,1.0
20000.0,Poison,10.0,0.0,0.0,0.0,0.0,0.0,0.0,180.0,0.07,7.0,0.0,0.0,1.0
20001.0,Poison,20.0,0.0,0.0,0.0,0.0,0.0,0.0,180.0,0.07,7.0,0.0,0.0,1.0
20002.0,Poison,30.0,0.0,0.0,0.0,0.0,0.0,0.0,180.0,0.07,7.0,0.0,0.0,1.0
20003.0,Poison,40.0,0.0,0.0,0.0,0.0,0.0,0.0,180.0,0.07,7.0,0.0,0.0,1.0
20004.0,Poison,50.0,0.0,0.0,0.0,0.0,0.0,0.0,180.0,0.07,7.0,0.0,0.0,1.0
20005.0,Poison,60.0,0.0,0.0,0.0,0.0,0.0,0.0,180.0,0.07,7.0,0.0,0.0,1.0
20006.0,Poison,70.0,0.0,0.0,0.0,0.0,0.0,0.0,180.0,0.07,7.0,0.0,0.0,1.0
20007.0,Poison,80.0,0.0,0.0,0.0,0.0,0.0,0.0,180.0,0.07,7.0,0.0,0.0,1.0
20008.0,Poison,90.0,0.0,0.0,0.0,0.0,0.0,0.0,180.0,0.07,7.0,0.0,0.0,1.0
20009.0,Poison,100.0,0.0,0.0,0.0,0.0,0.0,0.0,180.0,0.07,7.0,0.0,0.0,1.0
20010.0,Poison,110.0,0.0,0.0,0.0,0.0,0.0,0.0,180.0,0.07,7.0,0.0,0.0,1.0
20011.0,Poison,120.0,0.0,0.0,0.0,0.0,0.0,0.0,180.0,0.07,7.0,0.0,0.0,1.0
20012.0,Poison,130.0,0.0,0.0,0.0,0.0,0.0,0.0,180.0,0.07,7.0,0.0,0.0,1.0
20013.0,Poison,140.0,0.0,0.0,0.0,0.0,0.0,0.0,180.0,0.07,7.0,0.0,0.0,1.0
20014.0,Poison,150.0,0.0,0.0,0.0,0.0,0.0,0.0,180.0,0.07,7.0,0.0,0.0,1.0
20015.0,Poison,160.0,0.0,0.0,0.0,0.0,0.0,0.0,180.0,0.07,7.0,0.0,0.0,1.0
20016.0,Poison,170.0,0.0,0.0,0.0,0.0,0.0,0.0,180.0,0.07,7.0,0.0,0.0,1.0
20017.0,Poison,180.0,0.0,0.0,0.0,0.0,0.0,0.0,180.0,0.07,7.0,0.0,0.0,1.0
20018.0,Poison,190.0,0.0,0.0,0.0,0.0,0.0,0.0,180.0,0.07,7.0,0.0,0.0,1.0
20019.0,Poison,200.0,0.0,0.0,0.0,0.0,0.0,0.0,180.0,0.07,7.0,0.0,0.0,1.0
20110.0,Poison,55.0,0.0,0.0,0.0,0.0,0.0,0.0,180.0,0.07,7.0,0.0,0.0,1.0
20120.0,Poison,200.0,0.0,0.0,0.0,0.0,0.0,0.0,180.0,0.07,7.0,0.0,0.0,1.0
20130.0,Poison,120.0,0.0,0.0,0.0,0.0,0.0,0.0,180.0,0.07,7.0,0.0,0.0,1.0
20140.0,Poison,250.0,0.0,0.0,0.0,0.0,0.0,0.0,180.0,0.07,7.0,0.0,0.0,1.0
20141.0,Poison,30.0,0.0,0.0,0.0,0.0,0.0,0.0,180.0,0.07,7.0,0.0,0.0,1.0
20142.0,Poison,20.0,0.0,0.0,0.0,0.0,0.0,0.0,180.0,0.07,7.0,0.0,0.0,1.0
20150.0,Poison,130.0,0.0,0.0,0.0,0.0,0.0,0.0,180.0,0.07,7.0,0.0,0.0,1.0
20151.0,Poison,20.0,0.0,0.0,0.0,0.0,0.0,0.0,180.0,0.07,7.0,0.0,0.0,1.0
20152.0,Poison,20.0,0.0,0.0,0.0,0.0,0.0,0.0,180.0,0.07,7.0,0.0,0.0,1.0
20160.0,Poison,100.0,0.0,0.0,0.0,0.0,0.0,0.0,180.0,0.07,7.0,0.0,0.0,1.0
20161.0,Poison,150.0,0.0,0.0,0.0,0.0,0.0,0.0,180.0,0.07,7.0,0.0,0.0,1.0
20162.0,Poison,30.0,0.0,0.0,0.0,0.0,0.0,0.0,180.0,0.07,7.0,0.0,0.0,1.0
20163.0,Poison,120.0,0.0,0.0,0.0,0.0,0.0,0.0,180.0,0.07,7.0,0.0,0.0,1.0
20170.0,Poison,120.0,0.0,0.0,0.0,0.0,0.0,0.0,180.0,0.07,7.0,0.0,0.0,1.0
20175.0,Poison,120.0,0.0,0.0,0.0,0.0,0.0,0.0,180.0,0.07,7.0,0.0,0.0,1.0
20180.0,Poison,100.0,0.0,0.0,0.0,0.0,0.0,0.0,180.0,0.14,14.0,0.0,0.0,1.0
20181.0,Poison,140.0,0.0,0.0,0.0,0.0,0.0,0.0,180.0,0.14,14.0,0.0,0.0,1.0
20190.0,Poison,45.0,0.0,0.0,0.0,0.0,0.0,0.0,180.0,0.07,7.0,0.0,0.0,1.0
20500.0,Poison,10.0,0.0,0.0,0.0,0.0,0.0,0.0,30.0,0.42,18.0,0.0,0.0,1.0
20501.0,Poison,20.0,0.0,0.0,0.0,0.0,0.0,0.0,30.0,0.42,18.0,0.0,0.0,1.0
20502.0,Poison,30.0,0.0,0.0,0.0,0.0,0.0,0.0,30.0,0.42,18.0,0.0,0.0,1.0
20503.0,Poison,40.0,0.0,0.0,0.0,0.0,0.0,0.0,30.0,0.42,18.0,0.0,0.0,1.0
20504.0,Poison,50.0,0.0,0.0,0.0,0.0,0.0,0.0,30.0,0.42,18.0,0.0,0.0,1.0
20505.0,Poison,60.0,0.0,0.0,0.0,0.0,0.0,0.0,30.0,0.42,18.0,0.0,0.0,1.0
20506.0,Poison,70.0,0.0,0.0,0.0,0.0,0.0,0.0,30.0,0.42,18.0,0.0,0.0,1.0
20507.0,Poison,80.0,0.0,0.0,0.0,0.0,0.0,0.0,30.0,0.42,18.0,0.0,0.0,1.0
20508.0,Poison,90.0,0.0,0.0,0.0,0.0,0.0,0.0,30.0,0.42,18.0,0.0,0.0,1.0
20509.0,Poison,100.0,0.0,0.0,0.0,0.0,0.0,0.0,30.0,0.42,18.0,0.0,0.0,1.0
20510.0,Poison,110.0,0.0,0.0,0.0,0.0,0.0,0.0,30.0,0.42,18.0,0.0,0.0,1.0
20511.0,Poison,120.0,0.0,0.0,0.0,0.0,0.0,0.0,30.0,0.42,18.0,0.0,0.0,1.0
20512.0,Poison,130.0,0.0,0.0,0.0,0.0,0.0,0.0,30.0,0.42,18.0,0.0,0.0,1.0
20513.0,Poison,140.0,0.0,0.0,0.0,0.0,0.0,0.0,30.0,0.42,18.0,0.0,0.0,1.0
20514.0,Poison,150.0,0.0,0.0,0.0,0.0,0.0,0.0,30.0,0.42,18.0,0.0,0.0,1.0
20515.0,Poison,160.0,0.0,0.0,0.0,0.0,0.0,0.0,30.0,0.42,18.0,0.0,0.0,1.0
20516.0,Poison,170.0,0.0,0.0,0.0,0.0,0.0,0.0,30.0,0.42,18.0,0.0,0.0,1.0
20517.0,Poison,180.0,0.0,0.0,0.0,0.0,0.0,0.0,30.0,0.42,18.0,0.0,0.0,1.0
20518.0,Poison,190.0,0.0,0.0,0.0,0.0,0.0,0.0,30.0,0.42,18.0,0.0,0.0,1.0
20519.0,Poison,200.0,0.0,0.0,0.0,0.0,0.0,0.0,30.0,0.42,18.0,0.0,0.0,1.0
20600.0,Poison,62.0,0.0,0.0,0.0,0.0,0.0,0.0,30.0,0.42,18.0,0.0,0.0,1.0
21000.0,Rot,0.0,10.0,0.0,0.0,0.0,0.0,0.0,180.0,0.33,13.0,0.0,0.0,1.0
21001.0,Rot,0.0,20.0,0.0,0.0,0.0,0.0,0.0,180.0,0.33,13.0,0.0,0.0,1.0
21002.0,Rot,0.0,30.0,0.0,0.0,0.0,0.0,0.0,180.0,0.33,13.0,0.0,0.0,1.0
21003.0,Rot,0.0,40.0,0.0,0.0,0.0,0.0,0.0,180.0,0.33,13.0,0.0,0.0,1.0
21004.0,Rot,0.0,50.0,0.0,0.0,0.0,0.0,0.0,180.0,0.33,13.0,0.0,0.0,1.0
21005.0,Rot,0.0,60.0,0.0,0.0,0.0,0.0,0.0,180.0,0.33,13.0,0.0,0.0,1.0
21006.0,Rot,0.0,70.0,0.0,0.0,0.0,0.0,0.0,180.0,0.33,13.0,0.0,0.0,1.0
21007.0,Rot,0.0,80.0,0.0,0.0,0.0,0.0,0.0,180.0,0.33,13.0,0.0,0.0,1.0
21008.0,Rot,0.0,90.0,0.0,0.0,0.0,0.0,0.0,180.0,0.33,13.0,0.0,0.0,1.0
21009.0,Rot,0.0,100.0,0.0,0.0,0.0,0.0,0.0,180.0,0.33,13.0,0.0,0.0,1.0
21010.0,Rot,0.0,110.0,0.0,0.0,0.0,0.0,0.0,180.0,0.33,13.0,0.0,0.0,1.0
21011.0,Rot,0.0,120.0,0.0,0.0,0.0,0.0,0.0,180.0,0.33,13.0,0.0,0.0,1.0
21012.0,Rot,0.0,130.0,0.0,0.0,0.0,0.0,0.0,180.0,0.33,13.0,0.0,0.0,1.0
21013.0,Rot,0.0,140.0,0.0,0.0,0.0,0.0,0.0,180.0,0.33,13.0,0.0,0.0,1.0
21014.0,Rot,0.0,150.0,0.0,0.0,0.0,0.0,0.0,180.0,0.33,13.0,0.0,0.0,1.0
21015.0,Rot,0.0,160.0,0.0,0.0,0.0,0.0,0.0,180.0,0.33,13.0,0.0,0.0,1.0
21016.0,Rot,0.0,170.0,0.0,0.0,0.0,0.0,0.0,180.0,0.33,13.0,0.0,0.0,1.0
21017.0,Rot,0.0,180.0,0.0,0.0,0.0,0.0,0.0,180.0,0.33,13.0,0.0,0.0,1.0
21018.0,Rot,0.0,190.0,0.0,0.0,0.0,0.0,0.0,180.0,0.33,13.0,0.0,0.0,1.0
21019.0,Rot,0.0,200.0,0.0,0.0,0.0,0.0,0.0,180.0,0.33,13.0,0.0,0.0,1.0
21100.0,Rot,0.0,300.0,0.0,0.0,0.0,0.0,0.0,180.0,0.33,13.0,0.0,0.0,1.0
21101.0,Rot,0.0,70.0,0.0,0.0,0.0,0.0,0.0,180.0,0.33,13.0,0.0,0.0,1.0
21102.0,Rot,0.0,100.0,0.0,0.0,0.0,0.0,0.0,180.0,0.33,13.0,0.0,0.0,1.0
22000.0,Bleed,0.0,0.0,10.0,0.0,0.0,0.0,0.0,1.0,15.0,100.0,0.0,0.0,1.0
22001.0,Bleed,0.0,0.0,20.0,0.0,0.0,0.0,0.0,1.0,15.0,100.0,0.0,0.0,1.0
22002.0,Bleed,0.0,0.0,30.0,0.0,0.0,0.0,0.0,1.0,15.0,100.0,0.0,0.0,1.0
22003.0,Bleed,0.0,0.0,40.0,0.0,0.0,0.0,0.0,1.0,15.0,100.0,0.0,0.0,1.0
22004.0,Bleed,0.0,0.0,50.0,0.0,0.0,0.0,0.0,1.0,15.0,100.0,0.0,0.0,1.0
22005.0,Bleed,0.0,0.0,60.0,0.0,0.0,0.0,0.0,1.0,15.0,100.0,0.0,0.0,1.0
22006.0,Bleed,0.0,0.0,70.0,0.0,0.0,0.0,0.0,1.0,15.0,100.0,0.0,0.0,1.0
22007.0,Bleed,0.0,0.0,80.0,0.0,0.0,0.0,0.0,1.0,15.0,100.0,0.0,0.0,1.0
22008.0,Bleed,0.0,0.0,90.0,0.0,0.0,0.0,0.0,1.0,15.0,100.0,0.0,0.0,1.0
22009.0,Bleed,0.0,0.0,100.0,0.0,0.0,0.0,0.0,1.0,15.0,100.0,0.0,0.0,1.0
22010.0,Bleed,0.0,0.0,110.0,0.0,0.0,0.0,0.0,1.0,15.0,100.0,0.0,0.0,1.0
22011.0,Bleed,0.0,0.0,120.0,0.0,0.0,0.0,0.0,1.0,15.0,100.0,0.0,0.0,1.0
22012.0,Bleed,0.0,0.0,130.0,0.0,0.0,0.0,0.0,1.0,15.0,100.0,0.0,0.0,1.0
22013.0,Bleed,0.0,0.0,140.0,0.0,0.0,0.0,0.0,1.0,15.0,100.0,0.0,0.0,1.0
22014.0,Bleed,0.0,0.0,150.0,0.0,0.0,0.0,0.0,1.0,15.0,100.0,0.0,0.0,1.0
22015.0,Bleed,0.0,0.0,160.0,0.0,0.0,0.0,0.0,1.0,15.0,100.0,0.0,0.0,1.0
22016.0,Bleed,0.0,0.0,170.0,0.0,0.0,0.0,0.0,1.0,15.0,100.0,0.0,0.0,1.0
22017.0,Bleed,0.0,0.0,180.0,0.0,0.0,0.0,0.0,1.0,15.0,100.0,0.0,0.0,1.0
22018.0,Bleed,0.0,0.0,190.0,0.0,0.0,0.0,0.0,1.0,15.0,100.0,0.0,0.0,1.0
22019.0,Bleed,0.0,0.0,200.0,0.0,0.0,0.0,0.0,1.0,15.0,100.0,0.0,0.0,1.0
22101.0,Bleed,0.0,0.0,1.0,0.0,0.0,0.0,0.0,1.0,35.0,0.0,0.0,0.0,1.0
22110.0,Bleed,0.0,0.0,150.0,0.0,0.0,0.0,0.0,1.0,20.0,0.0,0.0,0.0,1.0
22111.0,Bleed,0.0,0.0,300.0,0.0,0.0,0.0,0.0,1.0,15.0,100.0,0.0,0.0,1.0
22120.0,Bleed,0.0,0.0,7.0,0.0,0.0,0.0,0.0,1.0,15.0,100.0,0.0,0.0,1.0
22130.0,Bleed,0.0,0.0,999.0,0.0,0.0,0.0,0.0,1.0,30.0,0.0,0.0,0.0,1.0
22131.0,Bleed,0.0,0.0,999.0,0.0,0.0,0.0,0.0,1.0,30.0,0.0,0.0,0.0,1.0
22132.0,Bleed,0.0,0.0,999.0,0.0,0.0,0.0,0.0,1.0,50.0,0.0,0.0,0.0,1.0
23000.0,Death,0.0,0.0,0.0,0.0,0.0,0.0,10.0,0.0,0.0,0.0,0.0,0.0,1.0
23001.0,Death,0.0,0.0,0.0,0.0,0.0,0.0,20.0,0.0,0.0,0.0,0.0,0.0,1.0
23002.0,Death,0.0,0.0,0.0,0.0,0.0,0.0,30.0,0.0,0.0,0.0,0.0,0.0,1.0
23003.0,Death,0.0,0.0,0.0,0.0,0.0,0.0,40.0,0.0,0.0,0.0,0.0,0.0,1.0
23004.0,Death,0.0,0.0,0.0,0.0,0.0,0.0,50.0,0.0,0.0,0.0,0.0,0.0,1.0
23005.0,Death,0.0,0.0,0.0,0.0,0.0,0.0,60.0,0.0,0.0,0.0,0.0,0.0,1.0
23006.0,Death,0.0,0.0,0.0,0.0,0.0,0.0,70.0,0.0,0.0,0.0,0.0,0.0,1.0
23007.0,Death,0.0,0.0,0.0,0.0,0.0,0.0,80.0,0.0,0.0,0.0,0.0,0.0,1.0
23008.0,Death,0.0,0.0,0.0,0.0,0.0,0.0,90.0,0.0,0.0,0.0,0.0,0.0,1.0
23009.0,Death,0.0,0.0,0.0,0.0,0.0,0.0,100.0,0.0,0.0,0.0,0.0,0.0,1.0
23010.0,Death,0.0,0.0,0.0,0.0,0.0,0.0,110.0,0.0,0.0,0.0,0.0,0.0,1.0
23011.0,Death,0.0,0.0,0.0,0.0,0.0,0.0,120.0,0.0,0.0,0.0,0.0,0.0,1.0
23012.0,Death,0.0,0.0,0.0,0.0,0.0,0.0,130.0,0.0,0.0,0.0,0.0,0.0,1.0
23013.0,Death,0.0,0.0,0.0,0.0,0.0,0.0,140.0,0.0,0.0,0.0,0.0,0.0,1.0
23014.0,Death,0.0,0.0,0.0,0.0,0.0,0.0,150.0,0.0,0.0,0.0,0.0,0.0,1.0
23015.0,Death,0.0,0.0,0.0,0.0,0.0,0.0,160.0,0.0,0.0,0.0,0.0,0.0,1.0
23016.0,Death,0.0,0.0,0.0,0.0,0.0,0.0,170.0,0.0,0.0,0.0,0.0,0.0,1.0
23017.0,Death,0.0,0.0,0.0,0.0,0.0,0.0,180.0,0.0,0.0,0.0,0.0,0.0,1.0
23018.0,Death,0.0,0.0,0.0,0.0,0.0,0.0,190.0,0.0,0.0,0.0,0.0,0.0,1.0
23019.0,Death,0.0,0.0,0.0,0.0,0.0,0.0,200.0,0.0,0.0,0.0,0.0,0.0,1.0
23100.0,Death,0.0,0.0,0.0,0.0,0.0,0.0,250.0,0.0,0.0,0.0,0.0,0.0,1.0
23101.0,Death,0.0,0.0,0.0,0.0,0.0,0.0,30.0,0.0,0.0,0.0,0.0,0.0,1.0
23102.0,Death,0.0,0.0,0.0,0.0,0.0,0.0,20.0,0.0,0.0,0.0,0.0,0.0,1.0
23110.0,Death,0.0,0.0,0.0,0.0,0.0,0.0,130.0,0.0,0.0,0.0,0.0,0.0,1.0
23111.0,Death,0.0,0.0,0.0,0.0,0.0,0.0,20.0,0.0,0.0,0.0,0.0,0.0,1.0
23112.0,Death,0.0,0.0,0.0,0.0,0.0,0.0,20.0,0.0,0.0,0.0,0.0,0.0,1.0
23113.0,Death,0.0,0.0,0.0,0.0,0.0,0.0,110.0,0.0,0.0,0.0,0.0,0.0,1.0
23150.0,Death,0.0,0.0,0.0,0.0,0.0,0.0,8.0,0.0,0.0,0.0,0.0,0.0,1.0
24000.0,Frost,0.0,0.0,0.0,10.0,0.0,0.0,0.0,30.0,10.0,30.0,0.0,0.0,1.2
24001.0,Frost,0.0,0.0,0.0,20.0,0.0,0.0,0.0,30.0,10.0,30.0,0.0,0.0,1.2
24002.0,Frost,0.0,0.0,0.0,30.0,0.0,0.0,0.0,30.0,10.0,30.0,0.0,0.0,1.2
24003.0,Frost,0.0,0.0,0.0,40.0,0.0,0.0,0.0,30.0,10.0,30.0,0.0,0.0,1.2
24004.0,Frost,0.0,0.0,0.0,50.0,0.0,0.0,0.0,30.0,10.0,30.0,0.0,0.0,1.2
24005.0,Frost,0.0,0.0,0.0,60.0,0.0,0.0,0.0,30.0,10.0,30.0,0.0,0.0,1.2
24006.0,Frost,0.0,0.0,0.0,70.0,0.0,0.0,0.0,30.0,10.0,30.0,0.0,0.0,1.2
24007.0,Frost,0.0,0.0,0.0,80.0,0.0,0.0,0.0,30.0,10.0,30.0,0.0,0.0,1.2
24008.0,Frost,0.0,0.0,0.0,90.0,0.0,0.0,0.0,30.0,10.0,30.0,0.0,0.0,1.2
24009.0,Frost,0.0,0.0,0.0,100.0,0.0,0.0,0.0,30.0,10.0,30.0,0.0,0.0,1.2
24010.0,Frost,0.0,0.0,0.0,110.0,0.0,0.0,0.0,30.0,10.0,30.0,0.0,0.0,1.2
24011.0,Frost,0.0,0.0,0.0,120.0,0.0,0.0,0.0,30.0,10.0,30.0,0.0,0.0,1.2
24012.0,Frost,0.0,0.0,0.0,130.0,0.0,0.0,0.0,30.0,10.0,30.0,0.0,0.0,1.2
24013.0,Frost,0.0,0.0,0.0,140.0,0.0,0.0,0.0,30.0,10.0,30.0,0.0,0.0,1.2
24014.0,Frost,0.0,0.0,0.0,150.0,0.0,0.0,0.0,30.0,10.0,30.0,0.0,0.0,1.2
24015.0,Frost,0.0,0.0,0.0,160.0,0.0,0.0,0.0,30.0,10.0,30.0,0.0,0.0,1.2
24016.0,Frost,0.0,0.0,0.0,170.0,0.0,0.0,0.0,30.0,10.0,30.0,0.0,0.0,1.2
24017.0,Frost,0.0,0.0,0.0,180.0,0.0,0.0,0.0,30.0,10.0,30.0,0.0,0.0,1.2
24018.0,Frost,0.0,0.0,0.0,190.0,0.0,0.0,0.0,30.0,10.0,30.0,0.0,0.0,1.2
24019.0,Frost,0.0,0.0,0.0,200.0,0.0,0.0,0.0,30.0,10.0,30.0,0.0,0.0,1.2
24130.0,Frost,0.0,0.0,0.0,250.0,0.0,0.0,0.0,30.0,10.0,30.0,0.0,0.0,1.2
24131.0,Frost,0.0,0.0,0.0,180.0,0.0,0.0,0.0,30.0,10.0,30.0,0.0,0.0,1.2
24132.0,Frost,0.0,0.0,0.0,50.0,0.0,0.0,0.0,30.0,10.0,30.0,0.0,0.0,1.2
24140.0,Frost,0.0,0.0,0.0,60.0,0.0,0.0,0.0,30.0,10.0,30.0,0.0,0.0,1.2
24150.0,Frost,0.0,0.0,0.0,40.0,0.0,0.0,0.0,30.0,10.0,30.0,0.0,0.0,1.2
24160.0,Frost,0.0,0.0,0.0,80.0,0.0,0.0,0.0,30.0,10.0,30.0,0.0,0.0,1.2
24170.0,Frost,0.0,0.0,0.0,300.0,0.0,0.0,0.0,30.0,10.0,30.0,0.0,0.0,1.2
25000.0,Sleep,0.0,0.0,0.0,0.0,10.0,0.0,0.0,60.0,0.0,0.0,10.0,30.0,1.0
25001.0,Sleep,0.0,0.0,0.0,0.0,20.0,0.0,0.0,60.0,0.0,0.0,10.0,30.0,1.0
25002.0,Sleep,0.0,0.0,0.0,0.0,30.0,0.0,0.0,60.0,0.0,0.0,10.0,30.0,1.0
25003.0,Sleep,0.0,0.0,0.0,0.0,40.0,0.0,0.0,60.0,0.0,0.0,10.0,30.0,1.0
25004.0,Sleep,0.0,0.0,0.0,0.0,50.0,0.0,0.0,60.0,0.0,0.0,10.0,30.0,1.0
25005.0,Sleep,0.0,0.0,0.0,0.0,60.0,0.0,0.0,60.0,0.0,0.0,10.0,30.0,1.0
25006.0,Sleep,0.0,0.0,0.0,0.0,70.0,0.0,0.0,60.0,0.0,0.0,10.0,30.0,1.0
25007.0,Sleep,0.0,0.0,0.0,0.0,80.0,0.0,0.0,60.0,0.0,0.0,10.0,30.0,1.0
25008.0,Sleep,0.0,0.0,0.0,0.0,90.0,0.0,0.0,60.0,0.0,0.0,10.0,30.0,1.0
25009.0,Sleep,0.0,0.0,0.0,0.0,100.0,0.0,0.0,60.0,0.0,0.0,10.0,30.0,1.0
25010.0,Sleep,0.0,0.0,0.0,0.0,110.0,0.0,0.0,60.0,0.0,0.0,10.0,30.0,1.0
25011.0,Sleep,0.0,0.0,0.0,0.0,120.0,0.0,0.0,60.0,0.0,0.0,10.0,30.0,1.0
25012.0,Sleep,0.0,0.0,0.0,0.0,130.0,0.0,0.0,60.0,0.0,0.0,10.0,30.0,1.0
25013.0,Sleep,0.0,0.0,0.0,0.0,140.0,0.0,0.0,60.0,0.0,0.0,10.0,30.0,1.0
25014.0,Sleep,0.0,0.0,0.0,0.0,150.0,0.0,0.0,60.0,0.0,0.0,10.0,30.0,1.0
25015.0,Sleep,0.0,0.0,0.0,0.0,160.0,0.0,0.0,60.0,0.0,0.0,10.0,30.0,1.0
25016.0,Sleep,0.0,0.0,0.0,0.0,170.0,0.0,0.0,60.0,0.0,0.0,10.0,30.0,1.0
25017.0,Sleep,0.0,0.0,0.0,0.0,180.0,0.0,0.0,60.0,0.0,0.0,10.0,30.0,1.0
25018.0,Sleep,0.0,0.0,0.0,0.0,190.0,0.0,0.0,60.0,0.0,0.0,10.0,30.0,1.0
25019.0,Sleep,0.0,0.0,0.0,0.0,200.0,0.0,0.0,60.0,0.0,0.0,10.0,30.0,1.0
26000.0,Madness,0.0,0.0,0.0,0.0,0.0,10.0,0.0,1.0,15.0,100.0,10.0,30.0,1.0
26001.0,Madness,0.0,0.0,0.0,0.0,0.0,20.0,0.0,1.0,15.0,100.0,10.0,30.0,1.0
26002.0,Madness,0.0,0.0,0.0,0.0,0.0,30.0,0.0,1.0,15.0,100.0,10.0,30.0,1.0
26003.0,Madness,0.0,0.0,0.0,0.0,0.0,40.0,0.0,1.0,15.0,100.0,10.0,30.0,1.0
26004.0,Madness,0.0,0.0,0.0,0.0,0.0,50.0,0.0,1.0,15.0,100.0,10.0,30.0,1.0
26005.0,Madness,0.0,0.0,0.0,0.0,0.0,60.0,0.0,1.0,15.0,100.0,10.0,30.0,1.0
26006.0,Madness,0.0,0.0,0.0,0.0,0.0,70.0,0.0,1.0,15.0,100.0,10.0,30.0,1.0
26007.0,Madness,0.0,0.0,0.0,0.0,0.0,80.0,0.0,1.0,15.0,100.0,10.0,30.0,1.0
26008.0,Madness,0.0,0.0,0.0,0.0,0.0,90.0,0.0,1.0,15.0,100.0,10.0,30.0,1.0
26009.0,Madness,0.0,0.0,0.0,0.0,0.0,100.0,0.0,1.0,15.0,100.0,10.0,30.0,1.0
26010.0,Madness,0.0,0.0,0.0,0.0,0.0,110.0,0.0,1.0,15.0,100.0,10.0,30.0,1.0
26011.0,Madness,0.0,0.0,0.0,0.0,0.0,120.0,0.0,1.0,15.0,100.0,10.0,30.0,1.0
26012.0,Madness,0.0,0.0,0.0,0.0,0.0,130.0,0.0,1.0,15.0,100.0,10.0,30.0,1.0
26013.0,Madness,0.0,0.0,0.0,0.0,0.0,140.0,0.0,1.0,15.0,100.0,10.0,30.0,1.0
26014.0,Madness,0.0,0.0,0.0,0.0,0.0,150.0,0.0,1.0,15.0,100.0,10.0,30.0,1.0
26015.0,Madness,0.0,0.0,0.0,0.0,0.0,160.0,0.0,1.0,15.0,100.0,10.0,30.0,1.0
26016.0,Madness,0.0,0.0,0.0,0.0,0.0,170.0,0.0,1.0,15.0,100.0,10.0,30.0,1.0
26017.0,Madness,0.0,0.0,0.0,0.0,0.0,180.0,0.0,1.0,15.0,100.0,10.0,30.0,1.0
26018.0,Madness,0.0,0.0,0.0,0.0,0.0,190.0,0.0,1.0,15.0,100.0,10.0,30.0,1.0
26019.0,Madness,0.0,0.0,0.0,0.0,0.0,200.0,0.0,1.0,15.0,100.0,10.0,30.0,1.0
26100.0,Madness,0.0,0.0,0.0,0.0,0.0,80.0,0.0,1.0,15.0,100.0,10.0,30.0,1.0
26110.0,Madness,0.0,0.0,0.0,0.0,0.0,19.0,0.0,1.0,15.0,100.0,10.0,30.0,1.0
99050.0,Death,0.0,0.0,0.0,0.0,0.0,0.0,1.0,0.0,0.0,0.0,0.0,0.0,1.0
99400.0,Death,0.0,0.0,0.0,0.0,0.0,0.0,1.0,0.0,0.0,0.0,0.0,0.0,1.0
102306.0,Eternal Sleep,0.0,0.0,0.0,0.0,9999.0,0.0,0.0,-1.0,0.0,0.0,10.0,30.0,1.0
102311.0,Eternal Sleep,0.0,0.0,0.0,0.0,28.0,0.0,0.0,10.0,0.0,0.0,15.0,50.0,1.0
102313.0,Eternal Sleep,0.0,0.0,0.0,0.0,37.0,0.0,0.0,10.0,0.0,0.0,15.0,50.0,1.0
102315.0,Eternal Sleep,0.0,0.0,0.0,0.0,28.0,0.0,0.0,10.0,0.0,0.0,15.0,50.0,1.0
102317.0,Eternal Sleep,0.0,0.0,0.0,0.0,37.0,0.0,0.0,10.0,0.0,0.0,15.0,50.0,1.0
105000.0,Bleed,0.0,0.0,57.0,0.0,0.0,0.0,0.0,1.0,15.0,100.0,0.0,0.0,1.0
105001.0,Bleed,0.0,0.0,58.0,0.0,0.0,0.0,0.0,1.0,15.0,100.0,0.0,0.0,1.0
105002.0,Bleed,0.0,0.0,59.0,0.0,0.0,0.0,0.0,1.0,15.0,100.0,0.0,0.0,1.0
105003.0,Bleed,0.0,0.0,60.0,0.0,0.0,0.0,0.0,1.0,15.0,100.0,0.0,0.0,1.0
105004.0,Bleed,0.0,0.0,61.0,0.0,0.0,0.0,0.0,1.0,15.0,100.0,0.0,0.0,1.0
105005.0,Bleed,0.0,0.0,62.0,0.0,0.0,0.0,0.0,1.0,15.0,100.0,0.0,0.0,1.0
105006.0,Bleed,0.0,0.0,63.0,0.0,0.0,0.0,0.0,1.0,15.0,100.0,0.0,0.0,1.0
105007.0,Bleed,0.0,0.0,64.0,0.0,0.0,0.0,0.0,1.0,15.0,100.0,0.0,0.0,1.0
105008.0,Bleed,0.0,0.0,65.0,0.0,0.0,0.0,0.0,1.0,15.0,100.0,0.0,0.0,1.0
105009.0,Bleed,0.0,0.0,66.0,0.0,0.0,0.0,0.0,1.0,15.0,100.0,0.0,0.0,1.0
105010.0,Bleed,0.0,0.0,67.0,0.0,0.0,0.0,0.0,1.0,15.0,100.0,0.0,0.0,1.0
105011.0,Bleed,0.0,0.0,68.0,0.0,0.0,0.0,0.0,1.0,15.0,100.0,0.0,0.0,1.0
105012.0,Bleed,0.0,0.0,69.0,0.0,0.0,0.0,0.0,1.0,15.0,100.0,0.0,0.0,1.0
105013.0,Bleed,0.0,0.0,70.0,0.0,0.0,0.0,0.0,1.0,15.0,100.0,0.0,0.0,1.0
105014.0,Bleed,0.0,0.0,71.0,0.0,0.0,0.0,0.0,1.0,15.0,100.0,0.0,0.0,1.0
105015.0,Bleed,0.0,0.0,72.0,0.0,0.0,0.0,0.0,1.0,15.0,100.0,0.0,0.0,1.0
105016.0,Bleed,0.0,0.0,73.0,0.0,0.0,0.0,0.0,1.0,15.0,100.0,0.0,0.0,1.0
105017.0,Bleed,0.0,0.0,74.0,0.0,0.0,0.0,0.0,1.0,15.0,100.0,0.0,0.0,1.0
105018.0,Bleed,0.0,0.0,75.0,0.0,0.0,0.0,0.0,1.0,15.0,100.0,0.0,0.0,1.0
105019.0,Bleed,0.0,0.0,76.0,0.0,0.0,0.0,0.0,1.0,15.0,100.0,0.0,0.0,1.0
105020.0,Bleed,0.0,0.0,77.0,0.0,0.0,0.0,0.0,1.0,15.0,100.0,0.0,0.0,1.0
105021.0,Bleed,0.0,0.0,78.0,0.0,0.0,0.0,0.0,1.0,15.0,100.0,0.0,0.0,1.0
105022.0,Bleed,0.0,0.0,79.0,0.0,0.0,0.0,0.0,1.0,15.0,100.0,0.0,0.0,1.0
105023.0,Bleed,0.0,0.0,80.0,0.0,0.0,0.0,0.0,1.0,15.0,100.0,0.0,0.0,1.0
105024.0,Bleed,0.0,0.0,81.0,0.0,0.0,0.0,0.0,1.0,15.0,100.0,0.0,0.0,1.0
105025.0,Bleed,0.0,0.0,82.0,0.0,0.0,0.0,0.0,1.0,15.0,100.0,0.0,0.0,1.0
105050.0,Bleed,0.0,0.0,57.0,0.0,0.0,0.0,0.0,1.0,15.0,200.0,0.0,0.0,1.0
105051.0,Bleed,0.0,0.0,58.0,0.0,0.0,0.0,0.0,1.0,15.0,200.0,0.0,0.0,1.0
105052.0,Bleed,0.0,0.0,59.0,0.0,0.0,0.0,0.0,1.0,15.0,200.0,0.0,0.0,1.0
105053.0,Bleed,0.0,0.0,60.0,0.0,0.0,0.0,0.0,1.0,15.0,200.0,0.0,0.0,1.0
105054.0,Bleed,0.0,0.0,61.0,0.0,0.0,0.0,0.0,1.0,15.0,200.0,0.0,0.0,1.0
105055.0,Bleed,0.0,0.0,62.0,0.0,0.0,0.0,0.0,1.0,15.0,200.0,0.0,0.0,1.0
105056.0,Bleed,0.0,0.0,63.0,0.0,0.0,0.0,0.0,1.0,15.0,200.0,0.0,0.0,1.0
105057.0,Bleed,0.0,0.0,64.0,0.0,0.0,0.0,0.0,1.0,15.0,200.0,0.0,0.0,1.0
105058.0,Bleed,0.0,0.0,65.0,0.0,0.0,0.0,0.0,1.0,15.0,200.0,0.0,0.0,1.0
105059.0,Bleed,0.0,0.0,66.0,0.0,0.0,0.0,0.0,1.0,15.0,200.0,0.0,0.0,1.0
105060.0,Bleed,0.0,0.0,67.0,0.0,0.0,0.0,0.0,1.0,15.0,200.0,0.0,0.0,1.0
105061.0,Bleed,0.0,0.0,68.0,0.0,0.0,0.0,0.0,1.0,15.0,200.0,0.0,0.0,1.0
105062.0,Bleed,0.0,0.0,69.0,0.0,0.0,0.0,0.0,1.0,15.0,200.0,0.0,0.0,1.0
105063.0,Bleed,0.0,0.0,70.0,0.0,0.0,0.0,0.0,1.0,15.0,200.0,0.0,0.0,1.0
105064.0,Bleed,0.0,0.0,71.0,0.0,0.0,0.0,0.0,1.0,15.0,200.0,0.0,0.0,1.0
105065.0,Bleed,0.0,0.0,72.0,0.0,0.0,0.0,0.0,1.0,15.0,200.0,0.0,0.0,1.0
105066.0,Bleed,0.0,0.0,73.0,0.0,0.0,0.0,0.0,1.0,15.0,200.0,0.0,0.0,1.0
105067.0,Bleed,0.0,0.0,74.0,0.0,0.0,0.0,0.0,1.0,15.0,200.0,0.0,0.0,1.0
105068.0,Bleed,0.0,0.0,75.0,0.0,0.0,0.0,0.0,1.0,15.0,200.0,0.0,0.0,1.0
105069.0,Bleed,0.0,0.0,76.0,0.0,0.0,0.0,0.0,1.0,15.0,200.0,0.0,0.0,1.0
105070.0,Bleed,0.0,0.0,77.0,0.0,0.0,0.0,0.0,1.0,15.0,200.0,0.0,0.0,1.0
105071.0,Bleed,0.0,0.0,78.0,0.0,0.0,0.0,0.0,1.0,15.0,200.0,0.0,0.0,1.0
105072.0,Bleed,0.0,0.0,79.0,0.0,0.0,0.0,0.0,1.0,15.0,200.0,0.0,0.0,1.0
105073.0,Bleed,0.0,0.0,80.0,0.0,0.0,0.0,0.0,1.0,15.0,200.0,0.0,0.0,1.0
105074.0,Bleed,0.0,0.0,81.0,0.0,0.0,0.0,0.0,1.0,15.0,200.0,0.0,0.0,1.0
105075.0,Bleed,0.0,0.0,82.0,0.0,0.0,0.0,0.0,1.0,15.0,200.0,0.0,0.0,1.0
105100.0,Bleed,0.0,0.0,69.0,0.0,0.0,0.0,0.0,1.0,15.0,100.0,0.0,0.0,1.0
105101.0,Bleed,0.0,0.0,70.0,0.0,0.0,0.0,0.0,1.0,15.0,100.0,0.0,0.0,1.0
105102.0,Bleed,0.0,0.0,71.0,0.0,0.0,0.0,0.0,1.0,15.0,100.0,0.0,0.0,1.0
105103.0,Bleed,0.0,0.0,72.0,0.0,0.0,0.0,0.0,1.0,15.0,100.0,0.0,0.0,1.0
105104.0,Bleed,0.0,0.0,73.0,0.0,0.0,0.0,0.0,1.0,15.0,100.0,0.0,0.0,1.0
105105.0,Bleed,0.0,0.0,75.0,0.0,0.0,0.0,0.0,1.0,15.0,100.0,0.0,0.0,1.0
105106.0,Bleed,0.0,0.0,76.0,0.0,0.0,0.0,0.0,1.0,15.0,100.0,0.0,0.0,1.0
105107.0,Bleed,0.0,0.0,77.0,0.0,0.0,0.0,0.0,1.0,15.0,100.0,0.0,0.0,1.0
105108.0,Bleed,0.0,0.0,78.0,0.0,0.0,0.0,0.0,1.0,15.0,100.0,0.0,0.0,1.0
105109.0,Bleed,0.0,0.0,80.0,0.0,0.0,0.0,0.0,1.0,15.0,100.0,0.0,0.0,1.0
105110.0,Bleed,0.0,0.0,81.0,0.0,0.0,0.0,0.0,1.0,15.0,100.0,0.0,0.0,1.0
105111.0,Bleed,0.0,0.0,82.0,0.0,0.0,0.0,0.0,1.0,15.0,100.0,0.0,0.0,1.0
105112.0,Bleed,0.0,0.0,83.0,0.0,0.0,0.0,0.0,1.0,15.0,100.0,0.0,0.0,1.0
105113.0,Bleed,0.0,0.0,85.0,0.0,0.0,0.0,0.0,1.0,15.0,100.0,0.0,0.0,1.0
105114.0,Bleed,0.0,0.0,86.0,0.0,0.0,0.0,0.0,1.0,15.0,100.0,0.0,0.0,1.0
105115.0,Bleed,0.0,0.0,87.0,0.0,0.0,0.0,0.0,1.0,15.0,100.0,0.0,0.0,1.0
105116.0,Bleed,0.0,0.0,88.0,0.0,0.0,0.0,0.0,1.0,15.0,100.0,0.0,0.0,1.0
105117.0,Bleed,0.0,0.0,90.0,0.0,0.0,0.0,0.0,1.0,15.0,100.0,0.0,0.0,1.0
105118.0,Bleed,0.0,0.0,91.0,0.0,0.0,0.0,0.0,1.0,15.0,100.0,0.0,0.0,1.0
105119.0,Bleed,0.0,0.0,92.0,0.0,0.0,0.0,0.0,1.0,15.0,100.0,0.0,0.0,1.0
105120.0,Bleed,0.0,0.0,93.0,0.0,0.0,0.0,0.0,1.0,15.0,100.0,0.0,0.0,1.0
105121.0,Bleed,0.0,0.0,95.0,0.0,0.0,0.0,0.0,1.0,15.0,100.0,0.0,0.0,1.0
105122.0,Bleed,0.0,0.0,96.0,0.0,0.0,0.0,0.0,1.0,15.0,100.0,0.0,0.0,1.0
105123.0,Bleed,0.0,0.0,97.0,0.0,0.0,0.0,0.0,1.0,15.0,100.0,0.0,0.0,1.0
105124.0,Bleed,0.0,0.0,98.0,0.0,0.0,0.0,0.0,1.0,15.0,100.0,0.0,0.0,1.0
105125.0,Bleed,0.0,0.0,100.0,0.0,0.0,0.0,0.0,1.0,15.0,100.0,0.0,0.0,1.0
105150.0,Bleed,0.0,0.0,69.0,0.0,0.0,0.0,0.0,1.0,15.0,200.0,0.0,0.0,1.0
105151.0,Bleed,0.0,0.0,70.0,0.0,0.0,0.0,0.0,1.0,15.0,200.0,0.0,0.0,1.0
105152.0,Bleed,0.0,0.0,71.0,0.0,0.0,0.0,0.0,1.0,15.0,200.0,0.0,0.0,1.0
105153.0,Bleed,0.0,0.0,72.0,0.0,0.0,0.0,0.0,1.0,15.0,200.0,0.0,0.0,1.0
105154.0,Bleed,0.0,0.0,73.0,0.0,0.0,0.0,0.0,1.0,15.0,200.0,0.0,0.0,1.0
105155.0,Bleed,0.0,0.0,75.0,0.0,0.0,0.0,0.0,1.0,15.0,200.0,0.0,0.0,1.0
105156.0,Bleed,0.0,0.0,76.0,0.0,0.0,0.0,0.0,1.0,15.0,200.0,0.0,0.0,1.0
105157.0,Bleed,0.0,0.0,77.0,0.0,0.0,0.0,0.0,1.0,15.0,200.0,0.0,0.0,1.0
105158.0,Bleed,0.0,0.0,78.0,0.0,0.0,0.0,0.0,1.0,15.0,200.0,0.0,0.0,1.0
105159.0,Bleed,0.0,0.0,80.0,0.0,0.0,0.0,0.0,1.0,15.0,200.0,0.0,0.0,1.0
105160.0,Bleed,0.0,0.0,81.0,0.0,0.0,0.0,0.0,1.0,15.0,200.0,0.0,0.0,1.0
105161.0,Bleed,0.0,0.0,82.0,0.0,0.0,0.0,0.0,1.0,15.0,200.0,0.0,0.0,1.0
105162.0,Bleed,0.0,0.0,83.0,0.0,0.0,0.0,0.0,1.0,15.0,200.0,0.0,0.0,1.0
105163.0,Bleed,0.0,0.0,85.0,0.0,0.0,0.0,0.0,1.0,15.0,200.0,0.0,0.0,1.0
105164.0,Bleed,0.0,0.0,86.0,0.0,0.0,0.0,0.0,1.0,15.0,200.0,0.0,0.0,1.0
105165.0,Bleed,0.0,0.0,87.0,0.0,0.0,0.0,0.0,1.0,15.0,200.0,0.0,0.0,1.0
105166.0,Bleed,0.0,0.0,88.0,0.0,0.0,0.0,0.0,1.0,15.0,200.0,0.0,0.0,1.0
105167.0,Bleed,0.0,0.0,90.0,0.0,0.0,0.0,0.0,1.0,15.0,200.0,0.0,0.0,1.0
105168.0,Bleed,0.0,0.0,91.0,0.0,0.0,0.0,0.0,1.0,15.0,200.0,0.0,0.0,1.0
105169.0,Bleed,0.0,0.0,92.0,0.0,0.0,0.0,0.0,1.0,15.0,200.0,0.0,0.0,1.0
105170.0,Bleed,0.0,0.0,93.0,0.0,0.0,0.0,0.0,1.0,15.0,200.0,0.0,0.0,1.0
105171.0,Bleed,0.0,0.0,95.0,0.0,0.0,0.0,0.0,1.0,15.0,200.0,0.0,0.0,1.0
105172.0,Bleed,0.0,0.0,96.0,0.0,0.0,0.0,0.0,1.0,15.0,200.0,0.0,0.0,1.0
105173.0,Bleed,0.0,0.0,97.0,0.0,0.0,0.0,0.0,1.0,15.0,200.0,0.0,0.0,1.0
105174.0,Bleed,0.0,0.0,98.0,0.0,0.0,0.0,0.0,1.0,15.0,200.0,0.0,0.0,1.0
105175.0,Bleed,0.0,0.0,100.0,0.0,0.0,0.0,0.0,1.0,15.0,200.0,0.0,0.0,1.0
105200.0,Bleed,0.0,0.0,83.0,0.0,0.0,0.0,0.0,1.0,15.0,100.0,0.0,0.0,1.0
105201.0,Bleed,0.0,0.0,84.0,0.0,0.0,0.0,0.0,1.0,15.0,100.0,0.0,0.0,1.0
105202.0,Bleed,0.0,0.0,85.0,0.0,0.0,0.0,0.0,1.0,15.0,100.0,0.0,0.0,1.0
105203.0,Bleed,0.0,0.0,87.0,0.0,0.0,0.0,0.0,1.0,15.0,100.0,0.0,0.0,1.0
105204.0,Bleed,0.0,0.0,88.0,0.0,0.0,0.0,0.0,1.0,15.0,100.0,0.0,0.0,1.0
105205.0,Bleed,0.0,0.0,90.0,0.0,0.0,0.0,0.0,1.0,15.0,100.0,0.0,0.0,1.0
105206.0,Bleed,0.0,0.0,91.0,0.0,0.0,0.0,0.0,1.0,15.0,100.0,0.0,0.0,1.0
105207.0,Bleed,0.0,0.0,93.0,0.0,0.0,0.0,0.0,1.0,15.0,100.0,0.0,0.0,1.0
105208.0,Bleed,0.0,0.0,94.0,0.0,0.0,0.0,0.0,1.0,15.0,100.0,0.0,0.0,1.0
105209.0,Bleed,0.0,0.0,96.0,0.0,0.0,0.0,0.0,1.0,15.0,100.0,0.0,0.0,1.0
105210.0,Bleed,0.0,0.0,97.0,0.0,0.0,0.0,0.0,1.0,15.0,100.0,0.0,0.0,1.0
105211.0,Bleed,0.0,0.0,99.0,0.0,0.0,0.0,0.0,1.0,15.0,100.0,0.0,0.0,1.0
105212.0,Bleed,0.0,0.0,100.0,0.0,0.0,0.0,0.0,1.0,15.0,100.0,0.0,0.0,1.0
105213.0,Bleed,0.0,0.0,102.0,0.0,0.0,0.0,0.0,1.0,15.0,100.0,0.0,0.0,1.0
105214.0,Bleed,0.0,0.0,103.0,0.0,0.0,0.0,0.0,1.0,15.0,100.0,0.0,0.0,1.0
105215.0,Bleed,0.0,0.0,105.0,0.0,0.0,0.0,0.0,1.0,15.0,100.0,0.0,0.0,1.0
105216.0,Bleed,0.0,0.0,106.0,0.0,0.0,0.0,0.0,1.0,15.0,100.0,0.0,0.0,1.0
105217.0,Bleed,0.0,0.0,108.0,0.0,0.0,0.0,0.0,1.0,15.0,100.0,0.0,0.0,1.0
105218.0,Bleed,0.0,0.0,109.0,0.0,0.0,0.0,0.0,1.0,15.0,100.0,0.0,0.0,1.0
105219.0,Bleed,0.0,0.0,111.0,0.0,0.0,0.0,0.0,1.0,15.0,100.0,0.0,0.0,1.0
105220.0,Bleed,0.0,0.0,112.0,0.0,0.0,0.0,0.0,1.0,15.0,100.0,0.0,0.0,1.0
105221.0,Bleed,0.0,0.0,114.0,0.0,0.0,0.0,0.0,1.0,15.0,100.0,0.0,0.0,1.0
105222.0,Bleed,0.0,0.0,115.0,0.0,0.0,0.0,0.0,1.0,15.0,100.0,0.0,0.0,1.0
105223.0,Bleed,0.0,0.0,117.0,0.0,0.0,0.0,0.0,1.0,15.0,100.0,0.0,0.0,1.0
105224.0,Bleed,0.0,0.0,118.0,0.0,0.0,0.0,0.0,1.0,15.0,100.0,0.0,0.0,1.0
105225.0,Bleed,0.0,0.0,120.0,0.0,0.0,0.0,0.0,1.0,15.0,100.0,0.0,0.0,1.0
105250.0,Bleed,0.0,0.0,83.0,0.0,0.0,0.0,0.0,1.0,15.0,200.0,0.0,0.0,1.0
105251.0,Bleed,0.0,0.0,84.0,0.0,0.0,0.0,0.0,1.0,15.0,200.0,0.0,0.0,1.0
105252.0,Bleed,0.0,0.0,85.0,0.0,0.0,0.0,0.0,1.0,15.0,200.0,0.0,0.0,1.0
105253.0,Bleed,0.0,0.0,87.0,0.0,0.0,0.0,0.0,1.0,15.0,200.0,0.0,0.0,1.0
105254.0,Bleed,0.0,0.0,88.0,0.0,0.0,0.0,0.0,1.0,15.0,200.0,0.0,0.0,1.0
105255.0,Bleed,0.0,0.0,90.0,0.0,0.0,0.0,0.0,1.0,15.0,200.0,0.0,0.0,1.0
105256.0,Bleed,0.0,0.0,91.0,0.0,0.0,0.0,0.0,1.0,15.0,200.0,0.0,0.0,1.0
105257.0,Bleed,0.0,0.0,93.0,0.0,0.0,0.0,0.0,1.0,15.0,200.0,0.0,0.0,1.0
105258.0,Bleed,0.0,0.0,94.0,0.0,0.0,0.0,0.0,1.0,15.0,200.0,0.0,0.0,1.0
105259.0,Bleed,0.0,0.0,96.0,0.0,0.0,0.0,0.0,1.0,15.0,200.0,0.0,0.0,1.0
105260.0,Bleed,0.0,0.0,97.0,0.0,0.0,0.0,0.0,1.0,15.0,200.0,0.0,0.0,1.0
105261.0,Bleed,0.0,0.0,99.0,0.0,0.0,0.0,0.0,1.0,15.0,200.0,0.0,0.0,1.0
105262.0,Bleed,0.0,0.0,100.0,0.0,0.0,0.0,0.0,1.0,15.0,200.0,0.0,0.0,1.0
105263.0,Bleed,0.0,0.0,102.0,0.0,0.0,0.0,0.0,1.0,15.0,200.0,0.0,0.0,1.0
105264.0,Bleed,0.0,0.0,103.0,0.0,0.0,0.0,0.0,1.0,15.0,200.0,0.0,0.0,1.0
105265.0,Bleed,0.0,0.0,105.0,0.0,0.0,0.0,0.0,1.0,15.0,200.0,0.0,0.0,1.0
105266.0,Bleed,0.0,0.0,106.0,0.0,0.0,0.0,0.0,1.0,15.0,200.0,0.0,0.0,1.0
105267.0,Bleed,0.0,0.0,108.0,0.0,0.0,0.0,0.0,1.0,15.0,200.0,0.0,0.0,1.0
105268.0,Bleed,0.0,0.0,109.0,0.0,0.0,0.0,0.0,1.0,15.0,200.0,0.0,0.0,1.0
105269.0,Bleed,0.0,0.0,111.0,0.0,0.0,0.0,0.0,1.0,15.0,200.0,0.0,0.0,1.0
105270.0,Bleed,0.0,0.0,112.0,0.0,0.0,0.0,0.0,1.0,15.0,200.0,0.0,0.0,1.0
105271.0,Bleed,0.0,0.0,114.0,0.0,0.0,0.0,0.0,1.0,15.0,200.0,0.0,0.0,1.0
105272.0,Bleed,0.0,0.0,115.0,0.0,0.0,0.0,0.0,1.0,15.0,200.0,0.0,0.0,1.0
105273.0,Bleed,0.0,0.0,117.0,0.0,0.0,0.0,0.0,1.0,15.0,200.0,0.0,0.0,1.0
105274.0,Bleed,0.0,0.0,118.0,0.0,0.0,0.0,0.0,1.0,15.0,200.0,0.0,0.0,1.0
105275.0,Bleed,0.0,0.0,120.0,0.0,0.0,0.0,0.0,1.0,15.0,200.0,0.0,0.0,1.0
105300.0,Bleed,0.0,0.0,25.0,0.0,0.0,0.0,0.0,1.0,15.0,100.0,0.0,0.0,1.0
105301.0,Bleed,0.0,0.0,25.0,0.0,0.0,0.0,0.0,1.0,15.0,100.0,0.0,0.0,1.0
105302.0,Bleed,0.0,0.0,25.0,0.0,0.0,0.0,0.0,1.0,15.0,100.0,0.0,0.0,1.0
105303.0,Bleed,0.0,0.0,26.0,0.0,0.0,0.0,0.0,1.0,15.0,100.0,0.0,0.0,1.0
105304.0,Bleed,0.0,0.0,26.0,0.0,0.0,0.0,0.0,1.0,15.0,100.0,0.0,0.0,1.0
105305.0,Bleed,0.0,0.0,27.0,0.0,0.0,0.0,0.0,1.0,15.0,100.0,0.0,0.0,1.0
105306.0,Bleed,0.0,0.0,27.0,0.0,0.0,0.0,0.0,1.0,15.0,100.0,0.0,0.0,1.0
105307.0,Bleed,0.0,0.0,27.0,0.0,0.0,0.0,0.0,1.0,15.0,100.0,0.0,0.0,1.0
105308.0,Bleed,0.0,0.0,28.0,0.0,0.0,0.0,0.0,1.0,15.0,100.0,0.0,0.0,1.0
105309.0,Bleed,0.0,0.0,28.0,0.0,0.0,0.0,0.0,1.0,15.0,100.0,0.0,0.0,1.0
105310.0,Bleed,0.0,0.0,29.0,0.0,0.0,0.0,0.0,1.0,15.0,100.0,0.0,0.0,1.0
105311.0,Bleed,0.0,0.0,29.0,0.0,0.0,0.0,0.0,1.0,15.0,100.0,0.0,0.0,1.0
105312.0,Bleed,0.0,0.0,29.0,0.0,0.0,0.0,0.0,1.0,15.0,100.0,0.0,0.0,1.0
105313.0,Bleed,0.0,0.0,30.0,0.0,0.0,0.0,0.0,1.0,15.0,100.0,0.0,0.0,1.0
105314.0,Bleed,0.0,0.0,30.0,0.0,0.0,0.0,0.0,1.0,15.0,100.0,0.0,0.0,1.0
105315.0,Bleed,0.0,0.0,31.0,0.0,0.0,0.0,0.0,1.0,15.0,100.0,0.0,0.0,1.0
105316.0,Bleed,0.0,0.0,31.0,0.0,0.0,0.0,0.0,1.0,15.0,100.0,0.0,0.0,1.0
105317.0,Bleed,0.0,0.0,31.0,0.0,0.0,0.0,0.0,1.0,15.0,100.0,0.0,0.0,1.0
105318.0,Bleed,0.0,0.0,32.0,0.0,0.0,0.0,0.0,1.0,15.0,100.0,0.0,0.0,1.0
105319.0,Bleed,0.0,0.0,32.0,0.0,0.0,0.0,0.0,1.0,15.0,100.0,0.0,0.0,1.0
105320.0,Bleed,0.0,0.0,33.0,0.0,0.0,0.0,0.0,1.0,15.0,100.0,0.0,0.0,1.0
105321.0,Bleed,0.0,0.0,33.0,0.0,0.0,0.0,0.0,1.0,15.0,100.0,0.0,0.0,1.0
105322.0,Bleed,0.0,0.0,33.0,0.0,0.0,0.0,0.0,1.0,15.0,100.0,0.0,0.0,1.0
105323.0,Bleed,0.0,0.0,34.0,0.0,0.0,0.0,0.0,1.0,15.0,100.0,0.0,0.0,1.0
105324.0,Bleed,0.0,0.0,34.0,0.0,0.0,0.0,0.0,1.0,15.0,100.0,0.0,0.0,1.0
105325.0,Bleed,0.0,0.0,35.0,0.0,0.0,0.0,0.0,1.0,15.0,100.0,0.0,0.0,1.0
105500.0,Sleep,0.0,0.0,0.0,0.0,66.0,0.0,0.0,60.0,0.0,0.0,10.0,30.0,1.0
105501.0,Sleep,0.0,0.0,0.0,0.0,67.0,0.0,0.0,60.0,0.0,0.0,10.0,30.0,1.0
105502.0,Sleep,0.0,0.0,0.0,0.0,68.0,0.0,0.0,60.0,0.0,0.0,10.0,30.0,1.0
105503.0,Sleep,0.0,0.0,0.0,0.0,69.0,0.0,0.0,60.0,0.0,0.0,10.0,30.0,1.0
105504.0,Sleep,0.0,0.0,0.0,0.0,70.0,0.0,0.0,60.0,0.0,0.0,10.0,30.0,1.0
105505.0,Sleep,0.0,0.0,0.0,0.0,71.0,0.0,0.0,60.0,0.0,0.0,10.0,30.0,1.0
105506.0,Sleep,0.0,0.0,0.0,0.0,73.0,0.0,0.0,60.0,0.0,0.0,10.0,30.0,1.0
105507.0,Sleep,0.0,0.0,0.0,0.0,74.0,0.0,0.0,60.0,0.0,0.0,10.0,30.0,1.0
105508.0,Sleep,0.0,0.0,0.0,0.0,75.0,0.0,0.0,60.0,0.0,0.0,10.0,30.0,1.0
105509.0,Sleep,0.0,0.0,0.0,0.0,76.0,0.0,0.0,60.0,0.0,0.0,10.0,30.0,1.0
105510.0,Sleep,0.0,0.0,0.0,0.0,77.0,0.0,0.0,60.0,0.0,0.0,10.0,30.0,1.0
105511.0,Sleep,0.0,0.0,0.0,0.0,79.0,0.0,0.0,60.0,0.0,0.0,10.0,30.0,1.0
105512.0,Sleep,0.0,0.0,0.0,0.0,80.0,0.0,0.0,60.0,0.0,0.0,10.0,30.0,1.0
105513.0,Sleep,0.0,0.0,0.0,0.0,81.0,0.0,0.0,60.0,0.0,0.0,10.0,30.0,1.0
105514.0,Sleep,0.0,0.0,0.0,0.0,82.0,0.0,0.0,60.0,0.0,0.0,10.0,30.0,1.0
105515.0,Sleep,0.0,0.0,0.0,0.0,83.0,0.0,0.0,60.0,0.0,0.0,10.0,30.0,1.0
105516.0,Sleep,0.0,0.0,0.0,0.0,85.0,0.0,0.0,60.0,0.0,0.0,10.0,30.0,1.0
105517.0,Sleep,0.0,0.0,0.0,0.0,86.0,0.0,0.0,60.0,0.0,0.0,10.0,30.0,1.0
105518.0,Sleep,0.0,0.0,0.0,0.0,87.0,0.0,0.0,60.0,0.0,0.0,10.0,30.0,1.0
105519.0,Sleep,0.0,0.0,0.0,0.0,88.0,0.0,0.0,60.0,0.0,0.0,10.0,30.0,1.0
105520.0,Sleep,0.0,0.0,0.0,0.0,89.0,0.0,0.0,60.0,0.0,0.0,10.0,30.0,1.0
105521.0,Sleep,0.0,0.0,0.0,0.0,90.0,0.0,0.0,60.0,0.0,0.0,10.0,30.0,1.0
105522.0,Sleep,0.0,0.0,0.0,0.0,92.0,0.0,0.0,60.0,0.0,0.0,10.0,30.0,1.0
105523.0,Sleep,0.0,0.0,0.0,0.0,93.0,0.0,0.0,60.0,0.0,0.0,10.0,30.0,1.0
105524.0,Sleep,0.0,0.0,0.0,0.0,94.0,0.0,0.0,60.0,0.0,0.0,10.0,30.0,1.0
105525.0,Sleep,0.0,0.0,0.0,0.0,95.0,0.0,0.0,60.0,0.0,0.0,10.0,30.0,1.0
105550.0,Sleep,0.0,0.0,0.0,0.0,66.0,0.0,0.0,60.0,0.0,0.0,10.0,30.0,1.0
105551.0,Sleep,0.0,0.0,0.0,0.0,67.0,0.0,0.0,60.0,0.0,0.0,10.0,30.0,1.0
105552.0,Sleep,0.0,0.0,0.0,0.0,68.0,0.0,0.0,60.0,0.0,0.0,10.0,30.0,1.0
105553.0,Sleep,0.0,0.0,0.0,0.0,69.0,0.0,0.0,60.0,0.0,0.0,10.0,30.0,1.0
105554.0,Sleep,0.0,0.0,0.0,0.0,70.0,0.0,0.0,60.0,0.0,0.0,10.0,30.0,1.0
105555.0,Sleep,0.0,0.0,0.0,0.0,71.0,0.0,0.0,60.0,0.0,0.0,10.0,30.0,1.0
105556.0,Sleep,0.0,0.0,0.0,0.0,73.0,0.0,0.0,60.0,0.0,0.0,10.0,30.0,1.0
105557.0,Sleep,0.0,0.0,0.0,0.0,74.0,0.0,0.0,60.0,0.0,0.0,10.0,30.0,1.0
105558.0,Sleep,0.0,0.0,0.0,0.0,75.0,0.0,0.0,60.0,0.0,0.0,10.0,30.0,1.0
105559.0,Sleep,0.0,0.0,0.0,0.0,76.0,0.0,0.0,60.0,0.0,0.0,10.0,30.0,1.0
105560.0,Sleep,0.0,0.0,0.0,0.0,77.0,0.0,0.0,60.0,0.0,0.0,10.0,30.0,1.0
105561.0,Sleep,0.0,0.0,0.0,0.0,79.0,0.0,0.0,60.0,0.0,0.0,10.0,30.0,1.0
105562.0,Sleep,0.0,0.0,0.0,0.0,80.0,0.0,0.0,60.0,0.0,0.0,10.0,30.0,1.0
105563.0,Sleep,0.0,0.0,0.0,0.0,81.0,0.0,0.0,60.0,0.0,0.0,10.0,30.0,1.0
105564.0,Sleep,0.0,0.0,0.0,0.0,82.0,0.0,0.0,60.0,0.0,0.0,10.0,30.0,1.0
105565.0,Sleep,0.0,0.0,0.0,0.0,83.0,0.0,0.0,60.0,0.0,0.0,10.0,30.0,1.0
105566.0,Sleep,0.0,0.0,0.0,0.0,85.0,0.0,0.0,60.0,0.0,0.0,10.0,30.0,1.0
105567.0,Sleep,0.0,0.0,0.0,0.0,86.0,0.0,0.0,60.0,0.0,0.0,10.0,30.0,1.0
105568.0,Sleep,0.0,0.0,0.0,0.0,87.0,0.0,0.0,60.0,0.0,0.0,10.0,30.0,1.0
105569.0,Sleep,0.0,0.0,0.0,0.0,88.0,0.0,0.0,60.0,0.0,0.0,10.0,30.0,1.0
105570.0,Sleep,0.0,0.0,0.0,0.0,89.0,0.0,0.0,60.0,0.0,0.0,10.0,30.0,1.0
105571.0,Sleep,0.0,0.0,0.0,0.0,90.0,0.0,0.0,60.0,0.0,0.0,10.0,30.0,1.0
105572.0,Sleep,0.0,0.0,0.0,0.0,92.0,0.0,0.0,60.0,0.0,0.0,10.0,30.0,1.0
105573.0,Sleep,0.0,0.0,0.0,0.0,93.0,0.0,0.0,60.0,0.0,0.0,10.0,30.0,1.0
105574.0,Sleep,0.0,0.0,0.0,0.0,94.0,0.0,0.0,60.0,0.0,0.0,10.0,30.0,1.0
105575.0,Sleep,0.0,0.0,0.0,0.0,95.0,0.0,0.0,60.0,0.0,0.0,10.0,30.0,1.0
105600.0,Sleep,0.0,0.0,0.0,0.0,80.0,0.0,0.0,60.0,0.0,0.0,10.0,30.0,1.0
105601.0,Sleep,0.0,0.0,0.0,0.0,81.0,0.0,0.0,60.0,0.0,0.0,10.0,30.0,1.0
105602.0,Sleep,0.0,0.0,0.0,0.0,82.0,0.0,0.0,60.0,0.0,0.0,10.0,30.0,1.0
105603.0,Sleep,0.0,0.0,0.0,0.0,84.0,0.0,0.0,60.0,0.0,0.0,10.0,30.0,1.0
105604.0,Sleep,0.0,0.0,0.0,0.0,85.0,0.0,0.0,60.0,0.0,0.0,10.0,30.0,1.0
105605.0,Sleep,0.0,0.0,0.0,0.0,87.0,0.0,0.0,60.0,0.0,0.0,10.0,30.0,1.0
105606.0,Sleep,0.0,0.0,0.0,0.0,88.0,0.0,0.0,60.0,0.0,0.0,10.0,30.0,1.0
105607.0,Sleep,0.0,0.0,0.0,0.0,89.0,0.0,0.0,60.0,0.0,0.0,10.0,30.0,1.0
105608.0,Sleep,0.0,0.0,0.0,0.0,91.0,0.0,0.0,60.0,0.0,0.0,10.0,30.0,1.0
105609.0,Sleep,0.0,0.0,0.0,0.0,92.0,0.0,0.0,60.0,0.0,0.0,10.0,30.0,1.0
105610.0,Sleep,0.0,0.0,0.0,0.0,94.0,0.0,0.0,60.0,0.0,0.0,10.0,30.0,1.0
105611.0,Sleep,0.0,0.0,0.0,0.0,95.0,0.0,0.0,60.0,0.0,0.0,10.0,30.0,1.0
105612.0,Sleep,0.0,0.0,0.0,0.0,96.0,0.0,0.0,60.0,0.0,0.0,10.0,30.0,1.0
105613.0,Sleep,0.0,0.0,0.0,0.0,98.0,0.0,0.0,60.0,0.0,0.0,10.0,30.0,1.0
105614.0,Sleep,0.0,0.0,0.0,0.0,99.0,0.0,0.0,60.0,0.0,0.0,10.0,30.0,1.0
105615.0,Sleep,0.0,0.0,0.0,0.0,101.0,0.0,0.0,60.0,0.0,0.0,10.0,30.0,1.0
105616.0,Sleep,0.0,0.0,0.0,0.0,102.0,0.0,0.0,60.0,0.0,0.0,10.0,30.0,1.0
105617.0,Sleep,0.0,0.0,0.0,0.0,103.0,0.0,0.0,60.0,0.0,0.0,10.0,30.0,1.0
105618.0,Sleep,0.0,0.0,0.0,0.0,105.0,0.0,0.0,60.0,0.0,0.0,10.0,30.0,1.0
105619.0,Sleep,0.0,0.0,0.0,0.0,106.0,0.0,0.0,60.0,0.0,0.0,10.0,30.0,1.0
105620.0,Sleep,0.0,0.0,0.0,0.0,108.0,0.0,0.0,60.0,0.0,0.0,10.0,30.0,1.0
105621.0,Sleep,0.0,0.0,0.0,0.0,109.0,0.0,0.0,60.0,0.0,0.0,10.0,30.0,1.0
105622.0,Sleep,0.0,0.0,0.0,0.0,110.0,0.0,0.0,60.0,0.0,0.0,10.0,30.0,1.0
105623.0,Sleep,0.0,0.0,0.0,0.0,112.0,0.0,0.0,60.0,0.0,0.0,10.0,30.0,1.0
105624.0,Sleep,0.0,0.0,0.0,0.0,113.0,0.0,0.0,60.0,0.0,0.0,10.0,30.0,1.0
105625.0,Sleep,0.0,0.0,0.0,0.0,115.0,0.0,0.0,60.0,0.0,0.0,10.0,30.0,1.0
105650.0,Sleep,0.0,0.0,0.0,0.0,80.0,0.0,0.0,60.0,0.0,0.0,10.0,30.0,1.0
105651.0,Sleep,0.0,0.0,0.0,0.0,81.0,0.0,0.0,60.0,0.0,0.0,10.0,30.0,1.0
105652.0,Sleep,0.0,0.0,0.0,0.0,82.0,0.0,0.0,60.0,0.0,0.0,10.0,30.0,1.0
105653.0,Sleep,0.0,0.0,0.0,0.0,84.0,0.0,0.0,60.0,0.0,0.0,10.0,30.0,1.0
105654.0,Sleep,0.0,0.0,0.0,0.0,85.0,0.0,0.0,60.0,0.0,0.0,10.0,30.0,1.0
105655.0,Sleep,0.0,0.0,0.0,0.0,87.0,0.0,0.0,60.0,0.0,0.0,10.0,30.0,1.0
105656.0,Sleep,0.0,0.0,0.0,0.0,88.0,0.0,0.0,60.0,0.0,0.0,10.0,30.0,1.0
105657.0,Sleep,0.0,0.0,0.0,0.0,89.0,0.0,0.0,60.0,0.0,0.0,10.0,30.0,1.0
105658.0,Sleep,0.0,0.0,0.0,0.0,91.0,0.0,0.0,60.0,0.0,0.0,10.0,30.0,1.0
105659.0,Sleep,0.0,0.0,0.0,0.0,92.0,0.0,0.0,60.0,0.0,0.0,10.0,30.0,1.0
105660.0,Sleep,0.0,0.0,0.0,0.0,94.0,0.0,0.0,60.0,0.0,0.0,10.0,30.0,1.0
105661.0,Sleep,0.0,0.0,0.0,0.0,95.0,0.0,0.0,60.0,0.0,0.0,10.0,30.0,1.0
105662.0,Sleep,0.0,0.0,0.0,0.0,96.0,0.0,0.0,60.0,0.0,0.0,10.0,30.0,1.0
105663.0,Sleep,0.0,0.0,0.0,0.0,98.0,0.0,0.0,60.0,0.0,0.0,10.0,30.0,1.0
105664.0,Sleep,0.0,0.0,0.0,0.0,99.0,0.0,0.0,60.0,0.0,0.0,10.0,30.0,1.0
105665.0,Sleep,0.0,0.0,0.0,0.0,101.0,0.0,0.0,60.0,0.0,0.0,10.0,30.0,1.0
105666.0,Sleep,0.0,0.0,0.0,0.0,102.0,0.0,0.0,60.0,0.0,0.0,10.0,30.0,1.0
105667.0,Sleep,0.0,0.0,0.0,0.0,103.0,0.0,0.0,60.0,0.0,0.0,10.0,30.0,1.0
105668.0,Sleep,0.0,0.0,0.0,0.0,105.0,0.0,0.0,60.0,0.0,0.0,10.0,30.0,1.0
105669.0,Sleep,0.0,0.0,0.0,0.0,106.0,0.0,0.0,60.0,0.0,0.0,10.0,30.0,1.0
105670.0,Sleep,0.0,0.0,0.0,0.0,108.0,0.0,0.0,60.0,0.0,0.0,10.0,30.0,1.0
105671.0,Sleep,0.0,0.0,0.0,0.0,109.0,0.0,0.0,60.0,0.0,0.0,10.0,30.0,1.0
105672.0,Sleep,0.0,0.0,0.0,0.0,110.0,0.0,0.0,60.0,0.0,0.0,10.0,30.0,1.0
105673.0,Sleep,0.0,0.0,0.0,0.0,112.0,0.0,0.0,60.0,0.0,0.0,10.0,30.0,1.0
105674.0,Sleep,0.0,0.0,0.0,0.0,113.0,0.0,0.0,60.0,0.0,0.0,10.0,30.0,1.0
105675.0,Sleep,0.0,0.0,0.0,0.0,115.0,0.0,0.0,60.0,0.0,0.0,10.0,30.0,1.0
105700.0,Sleep,0.0,0.0,0.0,0.0,96.0,0.0,0.0,60.0,0.0,0.0,10.0,30.0,1.0
105701.0,Sleep,0.0,0.0,0.0,0.0,97.0,0.0,0.0,60.0,0.0,0.0,10.0,30.0,1.0
105702.0,Sleep,0.0,0.0,0.0,0.0,99.0,0.0,0.0,60.0,0.0,0.0,10.0,30.0,1.0
105703.0,Sleep,0.0,0.0,0.0,0.0,101.0,0.0,0.0,60.0,0.0,0.0,10.0,30.0,1.0
105704.0,Sleep,0.0,0.0,0.0,0.0,102.0,0.0,0.0,60.0,0.0,0.0,10.0,30.0,1.0
105705.0,Sleep,0.0,0.0,0.0,0.0,104.0,0.0,0.0,60.0,0.0,0.0,10.0,30.0,1.0
105706.0,Sleep,0.0,0.0,0.0,0.0,106.0,0.0,0.0,60.0,0.0,0.0,10.0,30.0,1.0
105707.0,Sleep,0.0,0.0,0.0,0.0,107.0,0.0,0.0,60.0,0.0,0.0,10.0,30.0,1.0
105708.0,Sleep,0.0,0.0,0.0,0.0,109.0,0.0,0.0,60.0,0.0,0.0,10.0,30.0,1.0
105709.0,Sleep,0.0,0.0,0.0,0.0,111.0,0.0,0.0,60.0,0.0,0.0,10.0,30.0,1.0
105710.0,Sleep,0.0,0.0,0.0,0.0,112.0,0.0,0.0,60.0,0.0,0.0,10.0,30.0,1.0
105711.0,Sleep,0.0,0.0,0.0,0.0,114.0,0.0,0.0,60.0,0.0,0.0,10.0,30.0,1.0
105712.0,Sleep,0.0,0.0,0.0,0.0,116.0,0.0,0.0,60.0,0.0,0.0,10.0,30.0,1.0
105713.0,Sleep,0.0,0.0,0.0,0.0,117.0,0.0,0.0,60.0,0.0,0.0,10.0,30.0,1.0
105714.0,Sleep,0.0,0.0,0.0,0.0,119.0,0.0,0.0,60.0,0.0,0.0,10.0,30.0,1.0
105715.0,Sleep,0.0,0.0,0.0,0.0,121.0,0.0,0.0,60.0,0.0,0.0,10.0,30.0,1.0
105716.0,Sleep,0.0,0.0,0.0,0.0,122.0,0.0,0.0,60.0,0.0,0.0,10.0,30.0,1.0
105717.0,Sleep,0.0,0.0,0.0,0.0,124.0,0.0,0.0,60.0,0.0,0.0,10.0,30.0,1.0
105718.0,Sleep,0.0,0.0,0.0,0.0,126.0,0.0,0.0,60.0,0.0,0.0,10.0,30.0,1.0
105719.0,Sleep,0.0,0.0,0.0,0.0,127.0,0.0,0.0,60.0,0.0,0.0,10.0,30.0,1.0
105720.0,Sleep,0.0,0.0,0.0,0.0,129.0,0.0,0.0,60.0,0.0,0.0,10.0,30.0,1.0
105721.0,Sleep,0.0,0.0,0.0,0.0,131.0,0.0,0.0,60.0,0.0,0.0,10.0,30.0,1.0
105722.0,Sleep,0.0,0.0,0.0,0.0,132.0,0.0,0.0,60.0,0.0,0.0,10.0,30.0,1.0
105723.0,Sleep,0.0,0.0,0.0,0.0,134.0,0.0,0.0,60.0,0.0,0.0,10.0,30.0,1.0
105724.0,Sleep,0.0,0.0,0.0,0.0,136.0,0.0,0.0,60.0,0.0,0.0,10.0,30.0,1.0
105725.0,Sleep,0.0,0.0,0.0,0.0,138.0,0.0,0.0,60.0,0.0,0.0,10.0,30.0,1.0
105750.0,Sleep,0.0,0.0,0.0,0.0,96.0,0.0,0.0,60.0,0.0,0.0,10.0,30.0,1.0
105751.0,Sleep,0.0,0.0,0.0,0.0,97.0,0.0,0.0,60.0,0.0,0.0,10.0,30.0,1.0
105752.0,Sleep,0.0,0.0,0.0,0.0,99.0,0.0,0.0,60.0,0.0,0.0,10.0,30.0,1.0
105753.0,Sleep,0.0,0.0,0.0,0.0,101.0,0.0,0.0,60.0,0.0,0.0,10.0,30.0,1.0
105754.0,Sleep,0.0,0.0,0.0,0.0,102.0,0.0,0.0,60.0,0.0,0.0,10.0,30.0,1.0
105755.0,Sleep,0.0,0.0,0.0,0.0,104.0,0.0,0.0,60.0,0.0,0.0,10.0,30.0,1.0
105756.0,Sleep,0.0,0.0,0.0,0.0,106.0,0.0,0.0,60.0,0.0,0.0,10.0,30.0,1.0
105757.0,Sleep,0.0,0.0,0.0,0.0,107.0,0.0,0.0,60.0,0.0,0.0,10.0,30.0,1.0
105758.0,Sleep,0.0,0.0,0.0,0.0,109.0,0.0,0.0,60.0,0.0,0.0,10.0,30.0,1.0
105759.0,Sleep,0.0,0.0,0.0,0.0,111.0,0.0,0.0,60.0,0.0,0.0,10.0,30.0,1.0
105760.0,Sleep,0.0,0.0,0.0,0.0,112.0,0.0,0.0,60.0,0.0,0.0,10.0,30.0,1.0
105761.0,Sleep,0.0,0.0,0.0,0.0,114.0,0.0,0.0,60.0,0.0,0.0,10.0,30.0,1.0
105762.0,Sleep,0.0,0.0,0.0,0.0,116.0,0.0,0.0,60.0,0.0,0.0,10.0,30.0,1.0
105763.0,Sleep,0.0,0.0,0.0,0.0,117.0,0.0,0.0,60.0,0.0,0.0,10.0,30.0,1.0
105764.0,Sleep,0.0,0.0,0.0,0.0,119.0,0.0,0.0,60.0,0.0,0.0,10.0,30.0,1.0
105765.0,Sleep,0.0,0.0,0.0,0.0,121.0,0.0,0.0,60.0,0.0,0.0,10.0,30.0,1.0
105766.0,Sleep,0.0,0.0,0.0,0.0,122.0,0.0,0.0,60.0,0.0,0.0,10.0,30.0,1.0
105767.0,Sleep,0.0,0.0,0.0,0.0,124.0,0.0,0.0,60.0,0.0,0.0,10.0,30.0,1.0
105768.0,Sleep,0.0,0.0,0.0,0.0,126.0,0.0,0.0,60.0,0.0,0.0,10.0,30.0,1.0
105769.0,Sleep,0.0,0.0,0.0,0.0,127.0,0.0,0.0,60.0,0.0,0.0,10.0,30.0,1.0
105770.0,Sleep,0.0,0.0,0.0,0.0,129.0,0.0,0.0,60.0,0.0,0.0,10.0,30.0,1.0
105771.0,Sleep,0.0,0.0,0.0,0.0,131.0,0.0,0.0,60.0,0.0,0.0,10.0,30.0,1.0
105772.0,Sleep,0.0,0.0,0.0,0.0,132.0,0.0,0.0,60.0,0.0,0.0,10.0,30.0,1.0
105773.0,Sleep,0.0,0.0,0.0,0.0,134.0,0.0,0.0,60.0,0.0,0.0,10.0,30.0,1.0
105774.0,Sleep,0.0,0.0,0.0,0.0,136.0,0.0,0.0,60.0,0.0,0.0,10.0,30.0,1.0
105775.0,Sleep,0.0,0.0,0.0,0.0,138.0,0.0,0.0,60.0,0.0,0.0,10.0,30.0,1.0
106000.0,Poison,66.0,0.0,0.0,0.0,0.0,0.0,0.0,90.0,0.07,7.0,0.0,0.0,1.0
106001.0,Poison,67.0,0.0,0.0,0.0,0.0,0.0,0.0,90.0,0.07,7.0,0.0,0.0,1.0
106002.0,Poison,68.0,0.0,0.0,0.0,0.0,0.0,0.0,90.0,0.07,7.0,0.0,0.0,1.0
106003.0,Poison,69.0,0.0,0.0,0.0,0.0,0.0,0.0,90.0,0.07,7.0,0.0,0.0,1.0
106004.0,Poison,70.0,0.0,0.0,0.0,0.0,0.0,0.0,90.0,0.07,7.0,0.0,0.0,1.0
106005.0,Poison,71.0,0.0,0.0,0.0,0.0,0.0,0.0,90.0,0.07,7.0,0.0,0.0,1.0
106006.0,Poison,73.0,0.0,0.0,0.0,0.0,0.0,0.0,90.0,0.07,7.0,0.0,0.0,1.0
106007.0,Poison,74.0,0.0,0.0,0.0,0.0,0.0,0.0,90.0,0.07,7.0,0.0,0.0,1.0
106008.0,Poison,75.0,0.0,0.0,0.0,0.0,0.0,0.0,90.0,0.07,7.0,0.0,0.0,1.0
106009.0,Poison,76.0,0.0,0.0,0.0,0.0,0.0,0.0,90.0,0.07,7.0,0.0,0.0,1.0
106010.0,Poison,77.0,0.0,0.0,0.0,0.0,0.0,0.0,90.0,0.07,7.0,0.0,0.0,1.0
106011.0,Poison,79.0,0.0,0.0,0.0,0.0,0.0,0.0,90.0,0.07,7.0,0.0,0.0,1.0
106012.0,Poison,80.0,0.0,0.0,0.0,0.0,0.0,0.0,90.0,0.07,7.0,0.0,0.0,1.0
106013.0,Poison,81.0,0.0,0.0,0.0,0.0,0.0,0.0,90.0,0.07,7.0,0.0,0.0,1.0
106014.0,Poison,82.0,0.0,0.0,0.0,0.0,0.0,0.0,90.0,0.07,7.0,0.0,0.0,1.0
106015.0,Poison,83.0,0.0,0.0,0.0,0.0,0.0,0.0,90.0,0.07,7.0,0.0,0.0,1.0
106016.0,Poison,85.0,0.0,0.0,0.0,0.0,0.0,0.0,90.0,0.07,7.0,0.0,0.0,1.0
106017.0,Poison,86.0,0.0,0.0,0.0,0.0,0.0,0.0,90.0,0.07,7.0,0.0,0.0,1.0
106018.0,Poison,87.0,0.0,0.0,0.0,0.0,0.0,0.0,90.0,0.07,7.0,0.0,0.0,1.0
106019.0,Poison,88.0,0.0,0.0,0.0,0.0,0.0,0.0,90.0,0.07,7.0,0.0,0.0,1.0
106020.0,Poison,89.0,0.0,0.0,0.0,0.0,0.0,0.0,90.0,0.07,7.0,0.0,0.0,1.0
106021.0,Poison,90.0,0.0,0.0,0.0,0.0,0.0,0.0,90.0,0.07,7.0,0.0,0.0,1.0
106022.0,Poison,92.0,0.0,0.0,0.0,0.0,0.0,0.0,90.0,0.07,7.0,0.0,0.0,1.0
106023.0,Poison,93.0,0.0,0.0,0.0,0.0,0.0,0.0,90.0,0.07,7.0,0.0,0.0,1.0
106024.0,Poison,94.0,0.0,0.0,0.0,0.0,0.0,0.0,90.0,0.07,7.0,0.0,0.0,1.0
106025.0,Poison,95.0,0.0,0.0,0.0,0.0,0.0,0.0,90.0,0.07,7.0,0.0,0.0,1.0
106050.0,Poison,66.0,0.0,0.0,0.0,0.0,0.0,0.0,90.0,0.14,14.0,0.0,0.0,1.0
106051.0,Poison,67.0,0.0,0.0,0.0,0.0,0.0,0.0,90.0,0.14,14.0,0.0,0.0,1.0
106052.0,Poison,68.0,0.0,0.0,0.0,0.0,0.0,0.0,90.0,0.14,14.0,0.0,0.0,1.0
106053.0,Poison,69.0,0.0,0.0,0.0,0.0,0.0,0.0,90.0,0.14,14.0,0.0,0.0,1.0
106054.0,Poison,70.0,0.0,0.0,0.0,0.0,0.0,0.0,90.0,0.14,14.0,0.0,0.0,1.0
106055.0,Poison,71.0,0.0,0.0,0.0,0.0,0.0,0.0,90.0,0.14,14.0,0.0,0.0,1.0
106056.0,Poison,73.0,0.0,0.0,0.0,0.0,0.0,0.0,90.0,0.14,14.0,0.0,0.0,1.0
106057.0,Poison,74.0,0.0,0.0,0.0,0.0,0.0,0.0,90.0,0.14,14.0,0.0,0.0,1.0
106058.0,Poison,75.0,0.0,0.0,0.0,0.0,0.0,0.0,90.0,0.14,14.0,0.0,0.0,1.0
106059.0,Poison,76.0,0.0,0.0,0.0,0.0,0.0,0.0,90.0,0.14,14.0,0.0,0.0,1.0
106060.0,Poison,77.0,0.0,0.0,0.0,0.0,0.0,0.0,90.0,0.14,14.0,0.0,0.0,1.0
106061.0,Poison,79.0,0.0,0.0,0.0,0.0,0.0,0.0,90.0,0.14,14.0,0.0,0.0,1.0
106062.0,Poison,80.0,0.0,0.0,0.0,0.0,0.0,0.0,90.0,0.14,14.0,0.0,0.0,1.0
106063.0,Poison,81.0,0.0,0.0,0.0,0.0,0.0,0.0,90.0,0.14,14.0,0.0,0.0,1.0
106064.0,Poison,82.0,0.0,0.0,0.0,0.0,0.0,0.0,90.0,0.14,14.0,0.0,0.0,1.0
106065.0,Poison,83.0,0.0,0.0,0.0,0.0,0.0,0.0,90.0,0.14,14.0,0.0,0.0,1.0
106066.0,Poison,85.0,0.0,0.0,0.0,0.0,0.0,0.0,90.0,0.14,14.0,0.0,0.0,1.0
106067.0,Poison,86.0,0.0,0.0,0.0,0.0,0.0,0.0,90.0,0.14,14.0,0.0,0.0,1.0
106068.0,Poison,87.0,0.0,0.0,0.0,0.0,0.0,0.0,90.0,0.14,14.0,0.0,0.0,1.0
106069.0,Poison,88.0,0.0,0.0,0.0,0.0,0.0,0.0,90.0,0.14,14.0,0.0,0.0,1.0
106070.0,Poison,89.0,0.0,0.0,0.0,0.0,0.0,0.0,90.0,0.14,14.0,0.0,0.0,1.0
106071.0,Poison,90.0,0.0,0.0,0.0,0.0,0.0,0.0,90.0,0.14,14.0,0.0,0.0,1.0
106072.0,Poison,92.0,0.0,0.0,0.0,0.0,0.0,0.0,90.0,0.14,14.0,0.0,0.0,1.0
106073.0,Poison,93.0,0.0,0.0,0.0,0.0,0.0,0.0,90.0,0.14,14.0,0.0,0.0,1.0
106074.0,Poison,94.0,0.0,0.0,0.0,0.0,0.0,0.0,90.0,0.14,14.0,0.0,0.0,1.0
106075.0,Poison,95.0,0.0,0.0,0.0,0.0,0.0,0.0,90.0,0.14,14.0,0.0,0.0,1.0
106100.0,Poison,80.0,0.0,0.0,0.0,0.0,0.0,0.0,90.0,0.07,7.0,0.0,0.0,1.0
106101.0,Poison,81.0,0.0,0.0,0.0,0.0,0.0,0.0,90.0,0.07,7.0,0.0,0.0,1.0
106102.0,Poison,82.0,0.0,0.0,0.0,0.0,0.0,0.0,90.0,0.07,7.0,0.0,0.0,1.0
106103.0,Poison,84.0,0.0,0.0,0.0,0.0,0.0,0.0,90.0,0.07,7.0,0.0,0.0,1.0
106104.0,Poison,85.0,0.0,0.0,0.0,0.0,0.0,0.0,90.0,0.07,7.0,0.0,0.0,1.0
106105.0,Poison,87.0,0.0,0.0,0.0,0.0,0.0,0.0,90.0,0.07,7.0,0.0,0.0,1.0
106106.0,Poison,88.0,0.0,0.0,0.0,0.0,0.0,0.0,90.0,0.07,7.0,0.0,0.0,1.0
106107.0,Poison,89.0,0.0,0.0,0.0,0.0,0.0,0.0,90.0,0.07,7.0,0.0,0.0,1.0
106108.0,Poison,91.0,0.0,0.0,0.0,0.0,0.0,0.0,90.0,0.07,7.0,0.0,0.0,1.0
106109.0,Poison,92.0,0.0,0.0,0.0,0.0,0.0,0.0,90.0,0.07,7.0,0.0,0.0,1.0
106110.0,Poison,94.0,0.0,0.0,0.0,0.0,0.0,0.0,90.0,0.07,7.0,0.0,0.0,1.0
106111.0,Poison,95.0,0.0,0.0,0.0,0.0,0.0,0.0,90.0,0.07,7.0,0.0,0.0,1.0
106112.0,Poison,96.0,0.0,0.0,0.0,0.0,0.0,0.0,90.0,0.07,7.0,0.0,0.0,1.0
106113.0,Poison,98.0,0.0,0.0,0.0,0.0,0.0,0.0,90.0,0.07,7.0,0.0,0.0,1.0
106114.0,Poison,99.0,0.0,0.0,0.0,0.0,0.0,0.0,90.0,0.07,7.0,0.0,0.0,1.0
106115.0,Poison,101.0,0.0,0.0,0.0,0.0,0.0,0.0,90.0,0.07,7.0,0.0,0.0,1.0
106116.0,Poison,102.0,0.0,0.0,0.0,0.0,0.0,0.0,90.0,0.07,7.0,0.0,0.0,1.0
106117.0,Poison,103.0,0.0,0.0,0.0,0.0,0.0,0.0,90.0,0.07,7.0,0.0,0.0,1.0
106118.0,Poison,105.0,0.0,0.0,0.0,0.0,0.0,0.0,90.0,0.07,7.0,0.0,0.0,1.0
106119.0,Poison,106.0,0.0,0.0,0.0,0.0,0.0,0.0,90.0,0.07,7.0,0.0,0.0,1.0
106120.0,Poison,108.0,0.0,0.0,0.0,0.0,0.0,0.0,90.0,0.07,7.0,0.0,0.0,1.0
106121.0,Poison,109.0,0.0,0.0,0.0,0.0,0.0,0.0,90.0,0.07,7.0,0.0,0.0,1.0
106122.0,Poison,110.0,0.0,0.0,0.0,0.0,0.0,0.0,90.0,0.07,7.0,0.0,0.0,1.0
106123.0,Poison,112.0,0.0,0.0,0.0,0.0,0.0,0.0,90.0,0.07,7.0,0.0,0.0,1.0
106124.0,Poison,113.0,0.0,0.0,0.0,0.0,0.0,0.0,90.0,0.07,7.0,0.0,0.0,1.0
106125.0,Poison,115.0,0.0,0.0,0.0,0.0,0.0,0.0,90.0,0.07,7.0,0.0,0.0,1.0
106150.0,Poison,80.0,0.0,0.0,0.0,0.0,0.0,0.0,90.0,0.14,14.0,0.0,0.0,1.0
106151.0,Poison,81.0,0.0,0.0,0.0,0.0,0.0,0.0,90.0,0.14,14.0,0.0,0.0,1.0
106152.0,Poison,82.0,0.0,0.0,0.0,0.0,0.0,0.0,90.0,0.14,14.0,0.0,0.0,1.0
106153.0,Poison,84.0,0.0,0.0,0.0,0.0,0.0,0.0,90.0,0.14,14.0,0.0,0.0,1.0
106154.0,Poison,85.0,0.0,0.0,0.0,0.0,0.0,0.0,90.0,0.14,14.0,0.0,0.0,1.0
106155.0,Poison,87.0,0.0,0.0,0.0,0.0,0.0,0.0,90.0,0.14,14.0,0.0,0.0,1.0
106156.0,Poison,88.0,0.0,0.0,0.0,0.0,0.0,0.0,90.0,0.14,14.0,0.0,0.0,1.0
106157.0,Poison,89.0,0.0,0.0,0.0,0.0,0.0,0.0,90.0,0.14,14.0,0.0,0.0,1.0
106158.0,Poison,91.0,0.0,0.0,0.0,0.0,0.0,0.0,90.0,0.14,14.0,0.0,0.0,1.0
106159.0,Poison,92.0,0.0,0.0,0.0,0.0,0.0,0.0,90.0,0.14,14.0,0.0,0.0,1.0
106160.0,Poison,94.0,0.0,0.0,0.0,0.0,0.0,0.0,90.0,0.14,14.0,0.0,0.0,1.0
106161.0,Poison,95.0,0.0,0.0,0.0,0.0,0.0,0.0,90.0,0.14,14.0,0.0,0.0,1.0
106162.0,Poison,96.0,0.0,0.0,0.0,0.0,0.0,0.0,90.0,0.14,14.0,0.0,0.0,1.0
106163.0,Poison,98.0,0.0,0.0,0.0,0.0,0.0,0.0,90.0,0.14,14.0,0.0,0.0,1.0
106164.0,Poison,99.0,0.0,0.0,0.0,0.0,0.0,0.0,90.0,0.14,14.0,0.0,0.0,1.0
106165.0,Poison,101.0,0.0,0.0,0.0,0.0,0.0,0.0,90.0,0.14,14.0,0.0,0.0,1.0
106166.0,Poison,102.0,0.0,0.0,0.0,0.0,0.0,0.0,90.0,0.14,14.0,0.0,0.0,1.0
106167.0,Poison,103.0,0.0,0.0,0.0,0.0,0.0,0.0,90.0,0.14,14.0,0.0,0.0,1.0
106168.0,Poison,105.0,0.0,0.0,0.0,0.0,0.0,0.0,90.0,0.14,14.0,0.0,0.0,1.0
106169.0,Poison,106.0,0.0,0.0,0.0,0.0,0.0,0.0,90.0,0.14,14.0,0.0,0.0,1.0
106170.0,Poison,108.0,0.0,0.0,0.0,0.0,0.0,0.0,90.0,0.14,14.0,0.0,0.0,1.0
106171.0,Poison,109.0,0.0,0.0,0.0,0.0,0.0,0.0,90.0,0.14,14.0,0.0,0.0,1.0
106172.0,Poison,110.0,0.0,0.0,0.0,0.0,0.0,0.0,90.0,0.14,14.0,0.0,0.0,1.0
106173.0,Poison,112.0,0.0,0.0,0.0,0.0,0.0,0.0,90.0,0.14,14.0,0.0,0.0,1.0
106174.0,Poison,113.0,0.0,0.0,0.0,0.0,0.0,0.0,90.0,0.14,14.0,0.0,0.0,1.0
106175.0,Poison,115.0,0.0,0.0,0.0,0.0,0.0,0.0,90.0,0.14,14.0,0.0,0.0,1.0
106200.0,Poison,96.0,0.0,0.0,0.0,0.0,0.0,0.0,90.0,0.07,7.0,0.0,0.0,1.0
106201.0,Poison,97.0,0.0,0.0,0.0,0.0,0.0,0.0,90.0,0.07,7.0,0.0,0.0,1.0
106202.0,Poison,99.0,0.0,0.0,0.0,0.0,0.0,0.0,90.0,0.07,7.0,0.0,0.0,1.0
106203.0,Poison,101.0,0.0,0.0,0.0,0.0,0.0,0.0,90.0,0.07,7.0,0.0,0.0,1.0
106204.0,Poison,102.0,0.0,0.0,0.0,0.0,0.0,0.0,90.0,0.07,7.0,0.0,0.0,1.0
106205.0,Poison,104.0,0.0,0.0,0.0,0.0,0.0,0.0,90.0,0.07,7.0,0.0,0.0,1.0
106206.0,Poison,106.0,0.0,0.0,0.0,0.0,0.0,0.0,90.0,0.07,7.0,0.0,0.0,1.0
106207.0,Poison,107.0,0.0,0.0,0.0,0.0,0.0,0.0,90.0,0.07,7.0,0.0,0.0,1.0
106208.0,Poison,109.0,0.0,0.0,0.0,0.0,0.0,0.0,90.0,0.07,7.0,0.0,0.0,1.0
106209.0,Poison,111.0,0.0,0.0,0.0,0.0,0.0,0.0,90.0,0.07,7.0,0.0,0.0,1.0
106210.0,Poison,112.0,0.0,0.0,0.0,0.0,0.0,0.0,90.0,0.07,7.0,0.0,0.0,1.0
106211.0,Poison,114.0,0.0,0.0,0.0,0.0,0.0,0.0,90.0,0.07,7.0,0.0,0.0,1.0
106212.0,Poison,116.0,0.0,0.0,0.0,0.0,0.0,0.0,90.0,0.07,7.0,0.0,0.0,1.0
106213.0,Poison,117.0,0.0,0.0,0.0,0.0,0.0,0.0,90.0,0.07,7.0,0.0,0.0,1.0
106214.0,Poison,119.0,0.0,0.0,0.0,0.0,0.0,0.0,90.0,0.07,7.0,0.0,0.0,1.0
106215.0,Poison,121.0,0.0,0.0,0.0,0.0,0.0,0.0,90.0,0.07,7.0,0.0,0.0,1.0
106216.0,Poison,122.0,0.0,0.0,0.0,0.0,0.0,0.0,90.0,0.07,7.0,0.0,0.0,1.0
106217.0,Poison,124.0,0.0,0.0,0.0,0.0,0.0,0.0,90.0,0.07,7.0,0.0,0.0,1.0
106218.0,Poison,126.0,0.0,0.0,0.0,0.0,0.0,0.0,90.0,0.07,7.0,0.0,0.0,1.0
106219.0,Poison,127.0,0.0,0.0,0.0,0.0,0.0,0.0,90.0,0.07,7.0,0.0,0.0,1.0
106220.0,Poison,129.0,0.0,0.0,0.0,0.0,0.0,0.0,90.0,0.07,7.0,0.0,0.0,1.0
106221.0,Poison,131.0,0.0,0.0,0.0,0.0,0.0,0.0,90.0,0.07,7.0,0.0,0.0,1.0
106222.0,Poison,132.0,0.0,0.0,0.0,0.0,0.0,0.0,90.0,0.07,7.0,0.0,0.0,1.0
106223.0,Poison,134.0,0.0,0.0,0.0,0.0,0.0,0.0,90.0,0.07,7.0,0.0,0.0,1.0
106224.0,Poison,136.0,0.0,0.0,0.0,0.0,0.0,0.0,90.0,0.07,7.0,0.0,0.0,1.0
106225.0,Poison,138.0,0.0,0.0,0.0,0.0,0.0,0.0,90.0,0.07,7.0,0.0,0.0,1.0
106250.0,Poison,96.0,0.0,0.0,0.0,0.0,0.0,0.0,90.0,0.14,14.0,0.0,0.0,1.0
106251.0,Poison,97.0,0.0,0.0,0.0,0.0,0.0,0.0,90.0,0.14,14.0,0.0,0.0,1.0
106252.0,Poison,99.0,0.0,0.0,0.0,0.0,0.0,0.0,90.0,0.14,14.0,0.0,0.0,1.0
106253.0,Poison,101.0,0.0,0.0,0.0,0.0,0.0,0.0,90.0,0.14,14.0,0.0,0.0,1.0
106254.0,Poison,102.0,0.0,0.0,0.0,0.0,0.0,0.0,90.0,0.14,14.0,0.0,0.0,1.0
106255.0,Poison,104.0,0.0,0.0,0.0,0.0,0.0,0.0,90.0,0.14,14.0,0.0,0.0,1.0
106256.0,Poison,106.0,0.0,0.0,0.0,0.0,0.0,0.0,90.0,0.14,14.0,0.0,0.0,1.0
106257.0,Poison,107.0,0.0,0.0,0.0,0.0,0.0,0.0,90.0,0.14,14.0,0.0,0.0,1.0
106258.0,Poison,109.0,0.0,0.0,0.0,0.0,0.0,0.0,90.0,0.14,14.0,0.0,0.0,1.0
106259.0,Poison,111.0,0.0,0.0,0.0,0.0,0.0,0.0,90.0,0.14,14.0,0.0,0.0,1.0
106260.0,Poison,112.0,0.0,0.0,0.0,0.0,0.0,0.0,90.0,0.14,14.0,0.0,0.0,1.0
106261.0,Poison,114.0,0.0,0.0,0.0,0.0,0.0,0.0,90.0,0.14,14.0,0.0,0.0,1.0
106262.0,Poison,116.0,0.0,0.0,0.0,0.0,0.0,0.0,90.0,0.14,14.0,0.0,0.0,1.0
106263.0,Poison,117.0,0.0,0.0,0.0,0.0,0.0,0.0,90.0,0.14,14.0,0.0,0.0,1.0
106264.0,Poison,119.0,0.0,0.0,0.0,0.0,0.0,0.0,90.0,0.14,14.0,0.0,0.0,1.0
106265.0,Poison,121.0,0.0,0.0,0.0,0.0,0.0,0.0,90.0,0.14,14.0,0.0,0.0,1.0
106266.0,Poison,122.0,0.0,0.0,0.0,0.0,0.0,0.0,90.0,0.14,14.0,0.0,0.0,1.0
106267.0,Poison,124.0,0.0,0.0,0.0,0.0,0.0,0.0,90.0,0.14,14.0,0.0,0.0,1.0
106268.0,Poison,126.0,0.0,0.0,0.0,0.0,0.0,0.0,90.0,0.14,14.0,0.0,0.0,1.0
106269.0,Poison,127.0,0.0,0.0,0.0,0.0,0.0,0.0,90.0,0.14,14.0,0.0,0.0,1.0
106270.0,Poison,129.0,0.0,0.0,0.0,0.0,0.0,0.0,90.0,0.14,14.0,0.0,0.0,1.0
106271.0,Poison,131.0,0.0,0.0,0.0,0.0,0.0,0.0,90.0,0.14,14.0,0.0,0.0,1.0
106272.0,Poison,132.0,0.0,0.0,0.0,0.0,0.0,0.0,90.0,0.14,14.0,0.0,0.0,1.0
106273.0,Poison,134.0,0.0,0.0,0.0,0.0,0.0,0.0,90.0,0.14,14.0,0.0,0.0,1.0
106274.0,Poison,136.0,0.0,0.0,0.0,0.0,0.0,0.0,90.0,0.14,14.0,0.0,0.0,1.0
106275.0,Poison,138.0,0.0,0.0,0.0,0.0,0.0,0.0,90.0,0.14,14.0,0.0,0.0,1.0
106300.0,Poison,30.0,0.0,0.0,0.0,0.0,0.0,0.0,90.0,0.07,7.0,0.0,0.0,1.0
106301.0,Poison,30.0,0.0,0.0,0.0,0.0,0.0,0.0,90.0,0.07,7.0,0.0,0.0,1.0
106302.0,Poison,30.0,0.0,0.0,0.0,0.0,0.0,0.0,90.0,0.07,7.0,0.0,0.0,1.0
106303.0,Poison,31.0,0.0,0.0,0.0,0.0,0.0,0.0,90.0,0.07,7.0,0.0,0.0,1.0
106304.0,Poison,31.0,0.0,0.0,0.0,0.0,0.0,0.0,90.0,0.07,7.0,0.0,0.0,1.0
106305.0,Poison,32.0,0.0,0.0,0.0,0.0,0.0,0.0,90.0,0.07,7.0,0.0,0.0,1.0
106306.0,Poison,32.0,0.0,0.0,0.0,0.0,0.0,0.0,90.0,0.07,7.0,0.0,0.0,1.0
106307.0,Poison,33.0,0.0,0.0,0.0,0.0,0.0,0.0,90.0,0.07,7.0,0.0,0.0,1.0
106308.0,Poison,33.0,0.0,0.0,0.0,0.0,0.0,0.0,90.0,0.07,7.0,0.0,0.0,1.0
106309.0,Poison,34.0,0.0,0.0,0.0,0.0,0.0,0.0,90.0,0.07,7.0,0.0,0.0,1.0
106310.0,Poison,34.0,0.0,0.0,0.0,0.0,0.0,0.0,90.0,0.07,7.0,0.0,0.0,1.0
106311.0,Poison,35.0,0.0,0.0,0.0,0.0,0.0,0.0,90.0,0.07,7.0,0.0,0.0,1.0
106312.0,Poison,35.0,0.0,0.0,0.0,0.0,0.0,0.0,90.0,0.07,7.0,0.0,0.0,1.0
106313.0,Poison,36.0,0.0,0.0,0.0,0.0,0.0,0.0,90.0,0.07,7.0,0.0,0.0,1.0
106314.0,Poison,36.0,0.0,0.0,0.0,0.0,0.0,0.0,90.0,0.07,7.0,0.0,0.0,1.0
106315.0,Poison,37.0,0.0,0.0,0.0,0.0,0.0,0.0,90.0,0.07,7.0,0.0,0.0,1.0
106316.0,Poison,37.0,0.0,0.0,0.0,0.0,0.0,0.0,90.0,0.07,7.0,0.0,0.0,1.0
106317.0,Poison,38.0,0.0,0.0,0.0,0.0,0.0,0.0,90.0,0.07,7.0,0.0,0.0,1.0
106318.0,Poison,38.0,0.0,0.0,0.0,0.0,0.0,0.0,90.0,0.07,7.0,0.0,0.0,1.0
106319.0,Poison,39.0,0.0,0.0,0.0,0.0,0.0,0.0,90.0,0.07,7.0,0.0,0.0,1.0
106320.0,Poison,39.0,0.0,0.0,0.0,0.0,0.0,0.0,90.0,0.07,7.0,0.0,0.0,1.0
106321.0,Poison,40.0,0.0,0.0,0.0,0.0,0.0,0.0,90.0,0.07,7.0,0.0,0.0,1.0
106322.0,Poison,40.0,0.0,0.0,0.0,0.0,0.0,0.0,90.0,0.07,7.0,0.0,0.0,1.0
106323.0,Poison,41.0,0.0,0.0,0.0,0.0,0.0,0.0,90.0,0.07,7.0,0.0,0.0,1.0
106324.0,Poison,41.0,0.0,0.0,0.0,0.0,0.0,0.0,90.0,0.07,7.0,0.0,0.0,1.0
106325.0,Poison,42.0,0.0,0.0,0.0,0.0,0.0,0.0,90.0,0.07,7.0,0.0,0.0,1.0
107000.0,Rot,0.0,57.0,0.0,0.0,0.0,0.0,0.0,90.0,0.18,15.0,0.0,0.0,1.0
107001.0,Rot,0.0,58.0,0.0,0.0,0.0,0.0,0.0,90.0,0.18,15.0,0.0,0.0,1.0
107002.0,Rot,0.0,59.0,0.0,0.0,0.0,0.0,0.0,90.0,0.18,15.0,0.0,0.0,1.0
107003.0,Rot,0.0,60.0,0.0,0.0,0.0,0.0,0.0,90.0,0.18,15.0,0.0,0.0,1.0
107004.0,Rot,0.0,61.0,0.0,0.0,0.0,0.0,0.0,90.0,0.18,15.0,0.0,0.0,1.0
107005.0,Rot,0.0,62.0,0.0,0.0,0.0,0.0,0.0,90.0,0.18,15.0,0.0,0.0,1.0
107006.0,Rot,0.0,63.0,0.0,0.0,0.0,0.0,0.0,90.0,0.18,15.0,0.0,0.0,1.0
107007.0,Rot,0.0,64.0,0.0,0.0,0.0,0.0,0.0,90.0,0.18,15.0,0.0,0.0,1.0
107008.0,Rot,0.0,65.0,0.0,0.0,0.0,0.0,0.0,90.0,0.18,15.0,0.0,0.0,1.0
107009.0,Rot,0.0,66.0,0.0,0.0,0.0,0.0,0.0,90.0,0.18,15.0,0.0,0.0,1.0
107010.0,Rot,0.0,67.0,0.0,0.0,0.0,0.0,0.0,90.0,0.18,15.0,0.0,0.0,1.0
107011.0,Rot,0.0,68.0,0.0,0.0,0.0,0.0,0.0,90.0,0.18,15.0,0.0,0.0,1.0
107012.0,Rot,0.0,69.0,0.0,0.0,0.0,0.0,0.0,90.0,0.18,15.0,0.0,0.0,1.0
107013.0,Rot,0.0,70.0,0.0,0.0,0.0,0.0,0.0,90.0,0.18,15.0,0.0,0.0,1.0
107014.0,Rot,0.0,71.0,0.0,0.0,0.0,0.0,0.0,90.0,0.18,15.0,0.0,0.0,1.0
107015.0,Rot,0.0,72.0,0.0,0.0,0.0,0.0,0.0,90.0,0.18,15.0,0.0,0.0,1.0
107016.0,Rot,0.0,73.0,0.0,0.0,0.0,0.0,0.0,90.0,0.18,15.0,0.0,0.0,1.0
107017.0,Rot,0.0,74.0,0.0,0.0,0.0,0.0,0.0,90.0,0.18,15.0,0.0,0.0,1.0
107018.0,Rot,0.0,75.0,0.0,0.0,0.0,0.0,0.0,90.0,0.18,15.0,0.0,0.0,1.0
107019.0,Rot,0.0,76.0,0.0,0.0,0.0,0.0,0.0,90.0,0.18,15.0,0.0,0.0,1.0
107020.0,Rot,0.0,77.0,0.0,0.0,0.0,0.0,0.0,90.0,0.18,15.0,0.0,0.0,1.0
107021.0,Rot,0.0,78.0,0.0,0.0,0.0,0.0,0.0,90.0,0.18,15.0,0.0,0.0,1.0
107022.0,Rot,0.0,79.0,0.0,0.0,0.0,0.0,0.0,90.0,0.18,15.0,0.0,0.0,1.0
107023.0,Rot,0.0,80.0,0.0,0.0,0.0,0.0,0.0,90.0,0.18,15.0,0.0,0.0,1.0
107024.0,Rot,0.0,81.0,0.0,0.0,0.0,0.0,0.0,90.0,0.18,15.0,0.0,0.0,1.0
107025.0,Rot,0.0,82.0,0.0,0.0,0.0,0.0,0.0,90.0,0.18,15.0,0.0,0.0,1.0
107050.0,Rot,0.0,57.0,0.0,0.0,0.0,0.0,0.0,90.0,0.18,15.0,0.0,0.0,1.0
107051.0,Rot,0.0,58.0,0.0,0.0,0.0,0.0,0.0,90.0,0.18,15.0,0.0,0.0,1.0
107052.0,Rot,0.0,59.0,0.0,0.0,0.0,0.0,0.0,90.0,0.18,15.0,0.0,0.0,1.0
107053.0,Rot,0.0,60.0,0.0,0.0,0.0,0.0,0.0,90.0,0.18,15.0,0.0,0.0,1.0
107054.0,Rot,0.0,61.0,0.0,0.0,0.0,0.0,0.0,90.0,0.18,15.0,0.0,0.0,1.0
107055.0,Rot,0.0,62.0,0.0,0.0,0.0,0.0,0.0,90.0,0.18,15.0,0.0,0.0,1.0
107056.0,Rot,0.0,63.0,0.0,0.0,0.0,0.0,0.0,90.0,0.18,15.0,0.0,0.0,1.0
107057.0,Rot,0.0,64.0,0.0,0.0,0.0,0.0,0.0,90.0,0.18,15.0,0.0,0.0,1.0
107058.0,Rot,0.0,65.0,0.0,0.0,0.0,0.0,0.0,90.0,0.18,15.0,0.0,0.0,1.0
107059.0,Rot,0.0,66.0,0.0,0.0,0.0,0.0,0.0,90.0,0.18,15.0,0.0,0.0,1.0
107060.0,Rot,0.0,67.0,0.0,0.0,0.0,0.0,0.0,90.0,0.18,15.0,0.0,0.0,1.0
107061.0,Rot,0.0,68.0,0.0,0.0,0.0,0.0,0.0,90.0,0.18,15.0,0.0,0.0,1.0
107062.0,Rot,0.0,69.0,0.0,0.0,0.0,0.0,0.0,90.0,0.18,15.0,0.0,0.0,1.0
107063.0,Rot,0.0,70.0,0.0,0.0,0.0,0.0,0.0,90.0,0.18,15.0,0.0,0.0,1.0
107064.0,Rot,0.0,71.0,0.0,0.0,0.0,0.0,0.0,90.0,0.18,15.0,0.0,0.0,1.0
107065.0,Rot,0.0,72.0,0.0,0.0,0.0,0.0,0.0,90.0,0.18,15.0,0.0,0.0,1.0
107066.0,Rot,0.0,73.0,0.0,0.0,0.0,0.0,0.0,90.0,0.18,15.0,0.0,0.0,1.0
107067.0,Rot,0.0,74.0,0.0,0.0,0.0,0.0,0.0,90.0,0.18,15.0,0.0,0.0,1.0
107068.0,Rot,0.0,75.0,0.0,0.0,0.0,0.0,0.0,90.0,0.18,15.0,0.0,0.0,1.0
107069.0,Rot,0.0,76.0,0.0,0.0,0.0,0.0,0.0,90.0,0.18,15.0,0.0,0.0,1.0
107070.0,Rot,0.0,77.0,0.0,0.0,0.0,0.0,0.0,90.0,0.18,15.0,0.0,0.0,1.0
107071.0,Rot,0.0,78.0,0.0,0.0,0.0,0.0,0.0,90.0,0.18,15.0,0.0,0.0,1.0
107072.0,Rot,0.0,79.0,0.0,0.0,0.0,0.0,0.0,90.0,0.18,15.0,0.0,0.0,1.0
107073.0,Rot,0.0,80.0,0.0,0.0,0.0,0.0,0.0,90.0,0.18,15.0,0.0,0.0,1.0
107074.0,Rot,0.0,81.0,0.0,0.0,0.0,0.0,0.0,90.0,0.18,15.0,0.0,0.0,1.0
107075.0,Rot,0.0,82.0,0.0,0.0,0.0,0.0,0.0,90.0,0.18,15.0,0.0,0.0,1.0
107100.0,Rot,0.0,69.0,0.0,0.0,0.0,0.0,0.0,90.0,0.18,15.0,0.0,0.0,1.0
107101.0,Rot,0.0,70.0,0.0,0.0,0.0,0.0,0.0,90.0,0.18,15.0,0.0,0.0,1.0
107102.0,Rot,0.0,71.0,0.0,0.0,0.0,0.0,0.0,90.0,0.18,15.0,0.0,0.0,1.0
107103.0,Rot,0.0,72.0,0.0,0.0,0.0,0.0,0.0,90.0,0.18,15.0,0.0,0.0,1.0
107104.0,Rot,0.0,73.0,0.0,0.0,0.0,0.0,0.0,90.0,0.18,15.0,0.0,0.0,1.0
107105.0,Rot,0.0,75.0,0.0,0.0,0.0,0.0,0.0,90.0,0.18,15.0,0.0,0.0,1.0
107106.0,Rot,0.0,76.0,0.0,0.0,0.0,0.0,0.0,90.0,0.18,15.0,0.0,0.0,1.0
107107.0,Rot,0.0,77.0,0.0,0.0,0.0,0.0,0.0,90.0,0.18,15.0,0.0,0.0,1.0
107108.0,Rot,0.0,78.0,0.0,0.0,0.0,0.0,0.0,90.0,0.18,15.0,0.0,0.0,1.0
107109.0,Rot,0.0,80.0,0.0,0.0,0.0,0.0,0.0,90.0,0.18,15.0,0.0,0.0,1.0
107110.0,Rot,0.0,81.0,0.0,0.0,0.0,0.0,0.0,90.0,0.18,15.0,0.0,0.0,1.0
107111.0,Rot,0.0,82.0,0.0,0.0,0.0,0.0,0.0,90.0,0.18,15.0,0.0,0.0,1.0
107112.0,Rot,0.0,83.0,0.0,0.0,0.0,0.0,0.0,90.0,0.18,15.0,0.0,0.0,1.0
107113.0,Rot,0.0,85.0,0.0,0.0,0.0,0.0,0.0,90.0,0.18,15.0,0.0,0.0,1.0
107114.0,Rot,0.0,86.0,0.0,0.0,0.0,0.0,0.0,90.0,0.18,15.0,0.0,0.0,1.0
107115.0,Rot,0.0,87.0,0.0,0.0,0.0,0.0,0.0,90.0,0.18,15.0,0.0,0.0,1.0
107116.0,Rot,0.0,88.0,0.0,0.0,0.0,0.0,0.0,90.0,0.18,15.0,0.0,0.0,1.0
107117.0,Rot,0.0,90.0,0.0,0.0,0.0,0.0,0.0,90.0,0.18,15.0,0.0,0.0,1.0
107118.0,Rot,0.0,91.0,0.0,0.0,0.0,0.0,0.0,90.0,0.18,15.0,0.0,0.0,1.0
107119.0,Rot,0.0,92.0,0.0,0.0,0.0,0.0,0.0,90.0,0.18,15.0,0.0,0.0,1.0
107120.0,Rot,0.0,93.0,0.0,0.0,0.0,0.0,0.0,90.0,0.18,15.0,0.0,0.0,1.0
107121.0,Rot,0.0,95.0,0.0,0.0,0.0,0.0,0.0,90.0,0.18,15.0,0.0,0.0,1.0
107122.0,Rot,0.0,96.0,0.0,0.0,0.0,0.0,0.0,90.0,0.18,15.0,0.0,0.0,1.0
107123.0,Rot,0.0,97.0,0.0,0.0,0.0,0.0,0.0,90.0,0.18,15.0,0.0,0.0,1.0
107124.0,Rot,0.0,98.0,0.0,0.0,0.0,0.0,0.0,90.0,0.18,15.0,0.0,0.0,1.0
107125.0,Rot,0.0,100.0,0.0,0.0,0.0,0.0,0.0,90.0,0.18,15.0,0.0,0.0,1.0
107150.0,Rot,0.0,69.0,0.0,0.0,0.0,0.0,0.0,90.0,0.18,15.0,0.0,0.0,1.0
107151.0,Rot,0.0,70.0,0.0,0.0,0.0,0.0,0.0,90.0,0.18,15.0,0.0,0.0,1.0
107152.0,Rot,0.0,71.0,0.0,0.0,0.0,0.0,0.0,90.0,0.18,15.0,0.0,0.0,1.0
107153.0,Rot,0.0,72.0,0.0,0.0,0.0,0.0,0.0,90.0,0.18,15.0,0.0,0.0,1.0
107154.0,Rot,0.0,73.0,0.0,0.0,0.0,0.0,0.0,90.0,0.18,15.0,0.0,0.0,1.0
107155.0,Rot,0.0,75.0,0.0,0.0,0.0,0.0,0.0,90.0,0.18,15.0,0.0,0.0,1.0
107156.0,Rot,0.0,76.0,0.0,0.0,0.0,0.0,0.0,90.0,0.18,15.0,0.0,0.0,1.0
107157.0,Rot,0.0,77.0,0.0,0.0,0.0,0.0,0.0,90.0,0.18,15.0,0.0,0.0,1.0
107158.0,Rot,0.0,78.0,0.0,0.0,0.0,0.0,0.0,90.0,0.18,15.0,0.0,0.0,1.0
107159.0,Rot,0.0,80.0,0.0,0.0,0.0,0.0,0.0,90.0,0.18,15.0,0.0,0.0,1.0
107160.0,Rot,0.0,81.0,0.0,0.0,0.0,0.0,0.0,90.0,0.18,15.0,0.0,0.0,1.0
107161.0,Rot,0.0,82.0,0.0,0.0,0.0,0.0,0.0,90.0,0.18,15.0,0.0,0.0,1.0
107162.0,Rot,0.0,83.0,0.0,0.0,0.0,0.0,0.0,90.0,0.18,15.0,0.0,0.0,1.0
107163.0,Rot,0.0,85.0,0.0,0.0,0.0,0.0,0.0,90.0,0.18,15.0,0.0,0.0,1.0
107164.0,Rot,0.0,86.0,0.0,0.0,0.0,0.0,0.0,90.0,0.18,15.0,0.0,0.0,1.0
107165.0,Rot,0.0,87.0,0.0,0.0,0.0,0.0,0.0,90.0,0.18,15.0,0.0,0.0,1.0
107166.0,Rot,0.0,88.0,0.0,0.0,0.0,0.0,0.0,90.0,0.18,15.0,0.0,0.0,1.0
107167.0,Rot,0.0,90.0,0.0,0.0,0.0,0.0,0.0,90.0,0.18,15.0,0.0,0.0,1.0
107168.0,Rot,0.0,91.0,0.0,0.0,0.0,0.0,0.0,90.0,0.18,15.0,0.0,0.0,1.0
107169.0,Rot,0.0,92.0,0.0,0.0,0.0,0.0,0.0,90.0,0.18,15.0,0.0,0.0,1.0
107170.0,Rot,0.0,93.0,0.0,0.0,0.0,0.0,0.0,90.0,0.18,15.0,0.0,0.0,1.0
107171.0,Rot,0.0,95.0,0.0,0.0,0.0,0.0,0.0,90.0,0.18,15.0,0.0,0.0,1.0
107172.0,Rot,0.0,96.0,0.0,0.0,0.0,0.0,0.0,90.0,0.18,15.0,0.0,0.0,1.0
107173.0,Rot,0.0,97.0,0.0,0.0,0.0,0.0,0.0,90.0,0.18,15.0,0.0,0.0,1.0
107174.0,Rot,0.0,98.0,0.0,0.0,0.0,0.0,0.0,90.0,0.18,15.0,0.0,0.0,1.0
107175.0,Rot,0.0,100.0,0.0,0.0,0.0,0.0,0.0,90.0,0.18,15.0,0.0,0.0,1.0
107200.0,Rot,0.0,83.0,0.0,0.0,0.0,0.0,0.0,90.0,0.18,15.0,0.0,0.0,1.0
107201.0,Rot,0.0,84.0,0.0,0.0,0.0,0.0,0.0,90.0,0.18,15.0,0.0,0.0,1.0
107202.0,Rot,0.0,85.0,0.0,0.0,0.0,0.0,0.0,90.0,0.18,15.0,0.0,0.0,1.0
107203.0,Rot,0.0,87.0,0.0,0.0,0.0,0.0,0.0,90.0,0.18,15.0,0.0,0.0,1.0
107204.0,Rot,0.0,88.0,0.0,0.0,0.0,0.0,0.0,90.0,0.18,15.0,0.0,0.0,1.0
107205.0,Rot,0.0,90.0,0.0,0.0,0.0,0.0,0.0,90.0,0.18,15.0,0.0,0.0,1.0
107206.0,Rot,0.0,91.0,0.0,0.0,0.0,0.0,0.0,90.0,0.18,15.0,0.0,0.0,1.0
107207.0,Rot,0.0,93.0,0.0,0.0,0.0,0.0,0.0,90.0,0.18,15.0,0.0,0.0,1.0
107208.0,Rot,0.0,94.0,0.0,0.0,0.0,0.0,0.0,90.0,0.18,15.0,0.0,0.0,1.0
107209.0,Rot,0.0,96.0,0.0,0.0,0.0,0.0,0.0,90.0,0.18,15.0,0.0,0.0,1.0
107210.0,Rot,0.0,97.0,0.0,0.0,0.0,0.0,0.0,90.0,0.18,15.0,0.0,0.0,1.0
107211.0,Rot,0.0,99.0,0.0,0.0,0.0,0.0,0.0,90.0,0.18,15.0,0.0,0.0,1.0
107212.0,Rot,0.0,100.0,0.0,0.0,0.0,0.0,0.0,90.0,0.18,15.0,0.0,0.0,1.0
107213.0,Rot,0.0,102.0,0.0,0.0,0.0,0.0,0.0,90.0,0.18,15.0,0.0,0.0,1.0
107214.0,Rot,0.0,103.0,0.0,0.0,0.0,0.0,0.0,90.0,0.18,15.0,0.0,0.0,1.0
107215.0,Rot,0.0,105.0,0.0,0.0,0.0,0.0,0.0,90.0,0.18,15.0,0.0,0.0,1.0
107216.0,Rot,0.0,106.0,0.0,0.0,0.0,0.0,0.0,90.0,0.18,15.0,0.0,0.0,1.0
107217.0,Rot,0.0,108.0,0.0,0.0,0.0,0.0,0.0,90.0,0.18,15.0,0.0,0.0,1.0
107218.0,Rot,0.0,109.0,0.0,0.0,0.0,0.0,0.0,90.0,0.18,15.0,0.0,0.0,1.0
107219.0,Rot,0.0,111.0,0.0,0.0,0.0,0.0,0.0,90.0,0.18,15.0,0.0,0.0,1.0
107220.0,Rot,0.0,112.0,0.0,0.0,0.0,0.0,0.0,90.0,0.18,15.0,0.0,0.0,1.0
107221.0,Rot,0.0,114.0,0.0,0.0,0.0,0.0,0.0,90.0,0.18,15.0,0.0,0.0,1.0
107222.0,Rot,0.0,115.0,0.0,0.0,0.0,0.0,0.0,90.0,0.18,15.0,0.0,0.0,1.0
107223.0,Rot,0.0,117.0,0.0,0.0,0.0,0.0,0.0,90.0,0.18,15.0,0.0,0.0,1.0
107224.0,Rot,0.0,118.0,0.0,0.0,0.0,0.0,0.0,90.0,0.18,15.0,0.0,0.0,1.0
107225.0,Rot,0.0,120.0,0.0,0.0,0.0,0.0,0.0,90.0,0.18,15.0,0.0,0.0,1.0
107250.0,Rot,0.0,83.0,0.0,0.0,0.0,0.0,0.0,90.0,0.18,15.0,0.0,0.0,1.0
107251.0,Rot,0.0,84.0,0.0,0.0,0.0,0.0,0.0,90.0,0.18,15.0,0.0,0.0,1.0
107252.0,Rot,0.0,85.0,0.0,0.0,0.0,0.0,0.0,90.0,0.18,15.0,0.0,0.0,1.0
107253.0,Rot,0.0,87.0,0.0,0.0,0.0,0.0,0.0,90.0,0.18,15.0,0.0,0.0,1.0
107254.0,Rot,0.0,88.0,0.0,0.0,0.0,0.0,0.0,90.0,0.18,15.0,0.0,0.0,1.0
107255.0,Rot,0.0,90.0,0.0,0.0,0.0,0.0,0.0,90.0,0.18,15.0,0.0,0.0,1.0
107256.0,Rot,0.0,91.0,0.0,0.0,0.0,0.0,0.0,90.0,0.18,15.0,0.0,0.0,1.0
107257.0,Rot,0.0,93.0,0.0,0.0,0.0,0.0,0.0,90.0,0.18,15.0,0.0,0.0,1.0
107258.0,Rot,0.0,94.0,0.0,0.0,0.0,0.0,0.0,90.0,0.18,15.0,0.0,0.0,1.0
107259.0,Rot,0.0,96.0,0.0,0.0,0.0,0.0,0.0,90.0,0.18,15.0,0.0,0.0,1.0
107260.0,Rot,0.0,97.0,0.0,0.0,0.0,0.0,0.0,90.0,0.18,15.0,0.0,0.0,1.0
107261.0,Rot,0.0,99.0,0.0,0.0,0.0,0.0,0.0,90.0,0.18,15.0,0.0,0.0,1.0
107262.0,Rot,0.0,100.0,0.0,0.0,0.0,0.0,0.0,90.0,0.18,15.0,0.0,0.0,1.0
107263.0,Rot,0.0,102.0,0.0,0.0,0.0,0.0,0.0,90.0,0.18,15.0,0.0,0.0,1.0
107264.0,Rot,0.0,103.0,0.0,0.0,0.0,0.0,0.0,90.0,0.18,15.0,0.0,0.0,1.0
107265.0,Rot,0.0,105.0,0.0,0.0,0.0,0.0,0.0,90.0,0.18,15.0,0.0,0.0,1.0
107266.0,Rot,0.0,106.0,0.0,0.0,0.0,0.0,0.0,90.0,0.18,15.0,0.0,0.0,1.0
107267.0,Rot,0.0,108.0,0.0,0.0,0.0,0.0,0.0,90.0,0.18,15.0,0.0,0.0,1.0
107268.0,Rot,0.0,109.0,0.0,0.0,0.0,0.0,0.0,90.0,0.18,15.0,0.0,0.0,1.0
107269.0,Rot,0.0,111.0,0.0,0.0,0.0,0.0,0.0,90.0,0.18,15.0,0.0,0.0,1.0
107270.0,Rot,0.0,112.0,0.0,0.0,0.0,0.0,0.0,90.0,0.18,15.0,0.0,0.0,1.0
107271.0,Rot,0.0,114.0,0.0,0.0,0.0,0.0,0.0,90.0,0.18,15.0,0.0,0.0,1.0
107272.0,Rot,0.0,115.0,0.0,0.0,0.0,0.0,0.0,90.0,0.18,15.0,0.0,0.0,1.0
107273.0,Rot,0.0,117.0,0.0,0.0,0.0,0.0,0.0,90.0,0.18,15.0,0.0,0.0,1.0
107274.0,Rot,0.0,118.0,0.0,0.0,0.0,0.0,0.0,90.0,0.18,15.0,0.0,0.0,1.0
107275.0,Rot,0.0,120.0,0.0,0.0,0.0,0.0,0.0,90.0,0.18,15.0,0.0,0.0,1.0
107500.0,Frost,0.0,0.0,0.0,66.0,0.0,0.0,0.0,30.0,10.0,30.0,0.0,0.0,1.2
107501.0,Frost,0.0,0.0,0.0,67.0,0.0,0.0,0.0,30.0,10.0,30.0,0.0,0.0,1.2
107502.0,Frost,0.0,0.0,0.0,69.0,0.0,0.0,0.0,30.0,10.0,30.0,0.0,0.0,1.2
107503.0,Frost,0.0,0.0,0.0,70.0,0.0,0.0,0.0,30.0,10.0,30.0,0.0,0.0,1.2
107504.0,Frost,0.0,0.0,0.0,72.0,0.0,0.0,0.0,30.0,10.0,30.0,0.0,0.0,1.2
107505.0,Frost,0.0,0.0,0.0,73.0,0.0,0.0,0.0,30.0,10.0,30.0,0.0,0.0,1.2
107506.0,Frost,0.0,0.0,0.0,75.0,0.0,0.0,0.0,30.0,10.0,30.0,0.0,0.0,1.2
107507.0,Frost,0.0,0.0,0.0,77.0,0.0,0.0,0.0,30.0,10.0,30.0,0.0,0.0,1.2
107508.0,Frost,0.0,0.0,0.0,78.0,0.0,0.0,0.0,30.0,10.0,30.0,0.0,0.0,1.2
107509.0,Frost,0.0,0.0,0.0,80.0,0.0,0.0,0.0,30.0,10.0,30.0,0.0,0.0,1.2
107510.0,Frost,0.0,0.0,0.0,81.0,0.0,0.0,0.0,30.0,10.0,30.0,0.0,0.0,1.2
107511.0,Frost,0.0,0.0,0.0,83.0,0.0,0.0,0.0,30.0,10.0,30.0,0.0,0.0,1.2
107512.0,Frost,0.0,0.0,0.0,85.0,0.0,0.0,0.0,30.0,10.0,30.0,0.0,0.0,1.2
107513.0,Frost,0.0,0.0,0.0,86.0,0.0,0.0,0.0,30.0,10.0,30.0,0.0,0.0,1.2
107514.0,Frost,0.0,0.0,0.0,88.0,0.0,0.0,0.0,30.0,10.0,30.0,0.0,0.0,1.2
107515.0,Frost,0.0,0.0,0.0,89.0,0.0,0.0,0.0,30.0,10.0,30.0,0.0,0.0,1.2
107516.0,Frost,0.0,0.0,0.0,91.0,0.0,0.0,0.0,30.0,10.0,30.0,0.0,0.0,1.2
107517.0,Frost,0.0,0.0,0.0,92.0,0.0,0.0,0.0,30.0,10.0,30.0,0.0,0.0,1.2
107518.0,Frost,0.0,0.0,0.0,94.0,0.0,0.0,0.0,30.0,10.0,30.0,0.0,0.0,1.2
107519.0,Frost,0.0,0.0,0.0,96.0,0.0,0.0,0.0,30.0,10.0,30.0,0.0,0.0,1.2
107520.0,Frost,0.0,0.0,0.0,97.0,0.0,0.0,0.0,30.0,10.0,30.0,0.0,0.0,1.2
107521.0,Frost,0.0,0.0,0.0,99.0,0.0,0.0,0.0,30.0,10.0,30.0,0.0,0.0,1.2
107522.0,Frost,0.0,0.0,0.0,100.0,0.0,0.0,0.0,30.0,10.0,30.0,0.0,0.0,1.2
107523.0,Frost,0.0,0.0,0.0,102.0,0.0,0.0,0.0,30.0,10.0,30.0,0.0,0.0,1.2
107524.0,Frost,0.0,0.0,0.0,104.0,0.0,0.0,0.0,30.0,10.0,30.0,0.0,0.0,1.2
107525.0,Frost,0.0,0.0,0.0,105.0,0.0,0.0,0.0,30.0,10.0,30.0,0.0,0.0,1.2
107550.0,Frost,0.0,0.0,0.0,66.0,0.0,0.0,0.0,30.0,10.0,30.0,0.0,0.0,1.2
107551.0,Frost,0.0,0.0,0.0,67.0,0.0,0.0,0.0,30.0,10.0,30.0,0.0,0.0,1.2
107552.0,Frost,0.0,0.0,0.0,69.0,0.0,0.0,0.0,30.0,10.0,30.0,0.0,0.0,1.2
107553.0,Frost,0.0,0.0,0.0,70.0,0.0,0.0,0.0,30.0,10.0,30.0,0.0,0.0,1.2
107554.0,Frost,0.0,0.0,0.0,72.0,0.0,0.0,0.0,30.0,10.0,30.0,0.0,0.0,1.2
107555.0,Frost,0.0,0.0,0.0,73.0,0.0,0.0,0.0,30.0,10.0,30.0,0.0,0.0,1.2
107556.0,Frost,0.0,0.0,0.0,75.0,0.0,0.0,0.0,30.0,10.0,30.0,0.0,0.0,1.2
107557.0,Frost,0.0,0.0,0.0,77.0,0.0,0.0,0.0,30.0,10.0,30.0,0.0,0.0,1.2
107558.0,Frost,0.0,0.0,0.0,78.0,0.0,0.0,0.0,30.0,10.0,30.0,0.0,0.0,1.2
107559.0,Frost,0.0,0.0,0.0,80.0,0.0,0.0,0.0,30.0,10.0,30.0,0.0,0.0,1.2
107560.0,Frost,0.0,0.0,0.0,81.0,0.0,0.0,0.0,30.0,10.0,30.0,0.0,0.0,1.2
107561.0,Frost,0.0,0.0,0.0,83.0,0.0,0.0,0.0,30.0,10.0,30.0,0.0,0.0,1.2
107562.0,Frost,0.0,0.0,0.0,85.0,0.0,0.0,0.0,30.0,10.0,30.0,0.0,0.0,1.2
107563.0,Frost,0.0,0.0,0.0,86.0,0.0,0.0,0.0,30.0,10.0,30.0,0.0,0.0,1.2
107564.0,Frost,0.0,0.0,0.0,88.0,0.0,0.0,0.0,30.0,10.0,30.0,0.0,0.0,1.2
107565.0,Frost,0.0,0.0,0.0,89.0,0.0,0.0,0.0,30.0,10.0,30.0,0.0,0.0,1.2
107566.0,Frost,0.0,0.0,0.0,91.0,0.0,0.0,0.0,30.0,10.0,30.0,0.0,0.0,1.2
107567.0,Frost,0.0,0.0,0.0,92.0,0.0,0.0,0.0,30.0,10.0,30.0,0.0,0.0,1.2
107568.0,Frost,0.0,0.0,0.0,94.0,0.0,0.0,0.0,30.0,10.0,30.0,0.0,0.0,1.2
107569.0,Frost,0.0,0.0,0.0,96.0,0.0,0.0,0.0,30.0,10.0,30.0,0.0,0.0,1.2
107570.0,Frost,0.0,0.0,0.0,97.0,0.0,0.0,0.0,30.0,10.0,30.0,0.0,0.0,1.2
107571.0,Frost,0.0,0.0,0.0,99.0,0.0,0.0,0.0,30.0,10.0,30.0,0.0,0.0,1.2
107572.0,Frost,0.0,0.0,0.0,100.0,0.0,0.0,0.0,30.0,10.0,30.0,0.0,0.0,1.2
107573.0,Frost,0.0,0.0,0.0,102.0,0.0,0.0,0.0,30.0,10.0,30.0,0.0,0.0,1.2
107574.0,Frost,0.0,0.0,0.0,104.0,0.0,0.0,0.0,30.0,10.0,30.0,0.0,0.0,1.2
107575.0,Frost,0.0,0.0,0.0,105.0,0.0,0.0,0.0,30.0,10.0,30.0,0.0,0.0,1.2
107600.0,Frost,0.0,0.0,0.0,80.0,0.0,0.0,0.0,30.0,10.0,30.0,0.0,0.0,1.2
107601.0,Frost,0.0,0.0,0.0,81.0,0.0,0.0,0.0,30.0,10.0,30.0,0.0,0.0,1.2
107602.0,Frost,0.0,0.0,0.0,83.0,0.0,0.0,0.0,30.0,10.0,30.0,0.0,0.0,1.2
107603.0,Frost,0.0,0.0,0.0,85.0,0.0,0.0,0.0,30.0,10.0,30.0,0.0,0.0,1.2
107604.0,Frost,0.0,0.0,0.0,87.0,0.0,0.0,0.0,30.0,10.0,30.0,0.0,0.0,1.2
107605.0,Frost,0.0,0.0,0.0,89.0,0.0,0.0,0.0,30.0,10.0,30.0,0.0,0.0,1.2
107606.0,Frost,0.0,0.0,0.0,91.0,0.0,0.0,0.0,30.0,10.0,30.0,0.0,0.0,1.2
107607.0,Frost,0.0,0.0,0.0,93.0,0.0,0.0,0.0,30.0,10.0,30.0,0.0,0.0,1.2
107608.0,Frost,0.0,0.0,0.0,95.0,0.0,0.0,0.0,30.0,10.0,30.0,0.0,0.0,1.2
107609.0,Frost,0.0,0.0,0.0,96.0,0.0,0.0,0.0,30.0,10.0,30.0,0.0,0.0,1.2
107610.0,Frost,0.0,0.0,0.0,98.0,0.0,0.0,0.0,30.0,10.0,30.0,0.0,0.0,1.2
107611.0,Frost,0.0,0.0,0.0,100.0,0.0,0.0,0.0,30.0,10.0,30.0,0.0,0.0,1.2
107612.0,Frost,0.0,0.0,0.0,102.0,0.0,0.0,0.0,30.0,10.0,30.0,0.0,0.0,1.2
107613.0,Frost,0.0,0.0,0.0,104.0,0.0,0.0,0.0,30.0,10.0,30.0,0.0,0.0,1.2
107614.0,Frost,0.0,0.0,0.0,106.0,0.0,0.0,0.0,30.0,10.0,30.0,0.0,0.0,1.2
107615.0,Frost,0.0,0.0,0.0,108.0,0.0,0.0,0.0,30.0,10.0,30.0,0.0,0.0,1.2
107616.0,Frost,0.0,0.0,0.0,110.0,0.0,0.0,0.0,30.0,10.0,30.0,0.0,0.0,1.2
107617.0,Frost,0.0,0.0,0.0,111.0,0.0,0.0,0.0,30.0,10.0,30.0,0.0,0.0,1.2
107618.0,Frost,0.0,0.0,0.0,113.0,0.0,0.0,0.0,30.0,10.0,30.0,0.0,0.0,1.2
107619.0,Frost,0.0,0.0,0.0,115.0,0.0,0.0,0.0,30.0,10.0,30.0,0.0,0.0,1.2
107620.0,Frost,0.0,0.0,0.0,117.0,0.0,0.0,0.0,30.0,10.0,30.0,0.0,0.0,1.2
107621.0,Frost,0.0,0.0,0.0,119.0,0.0,0.0,0.0,30.0,10.0,30.0,0.0,0.0,1.2
107622.0,Frost,0.0,0.0,0.0,121.0,0.0,0.0,0.0,30.0,10.0,30.0,0.0,0.0,1.2
107623.0,Frost,0.0,0.0,0.0,123.0,0.0,0.0,0.0,30.0,10.0,30.0,0.0,0.0,1.2
107624.0,Frost,0.0,0.0,0.0,125.0,0.0,0.0,0.0,30.0,10.0,30.0,0.0,0.0,1.2
107625.0,Frost,0.0,0.0,0.0,127.0,0.0,0.0,0.0,30.0,10.0,30.0,0.0,0.0,1.2
107650.0,Frost,0.0,0.0,0.0,80.0,0.0,0.0,0.0,30.0,10.0,30.0,0.0,0.0,1.2
107651.0,Frost,0.0,0.0,0.0,81.0,0.0,0.0,0.0,30.0,10.0,30.0,0.0,0.0,1.2
107652.0,Frost,0.0,0.0,0.0,83.0,0.0,0.0,0.0,30.0,10.0,30.0,0.0,0.0,1.2
107653.0,Frost,0.0,0.0,0.0,85.0,0.0,0.0,0.0,30.0,10.0,30.0,0.0,0.0,1.2
107654.0,Frost,0.0,0.0,0.0,87.0,0.0,0.0,0.0,30.0,10.0,30.0,0.0,0.0,1.2
107655.0,Frost,0.0,0.0,0.0,89.0,0.0,0.0,0.0,30.0,10.0,30.0,0.0,0.0,1.2
107656.0,Frost,0.0,0.0,0.0,91.0,0.0,0.0,0.0,30.0,10.0,30.0,0.0,0.0,1.2
107657.0,Frost,0.0,0.0,0.0,93.0,0.0,0.0,0.0,30.0,10.0,30.0,0.0,0.0,1.2
107658.0,Frost,0.0,0.0,0.0,95.0,0.0,0.0,0.0,30.0,10.0,30.0,0.0,0.0,1.2
107659.0,Frost,0.0,0.0,0.0,96.0,0.0,0.0,0.0,30.0,10.0,30.0,0.0,0.0,1.2
107660.0,Frost,0.0,0.0,0.0,98.0,0.0,0.0,0.0,30.0,10.0,30.0,0.0,0.0,1.2
107661.0,Frost,0.0,0.0,0.0,100.0,0.0,0.0,0.0,30.0,10.0,30.0,0.0,0.0,1.2
107662.0,Frost,0.0,0.0,0.0,102.0,0.0,0.0,0.0,30.0,10.0,30.0,0.0,0.0,1.2
107663.0,Frost,0.0,0.0,0.0,104.0,0.0,0.0,0.0,30.0,10.0,30.0,0.0,0.0,1.2
107664.0,Frost,0.0,0.0,0.0,106.0,0.0,0.0,0.0,30.0,10.0,30.0,0.0,0.0,1.2
107665.0,Frost,0.0,0.0,0.0,108.0,0.0,0.0,0.0,30.0,10.0,30.0,0.0,0.0,1.2
107666.0,Frost,0.0,0.0,0.0,110.0,0.0,0.0,0.0,30.0,10.0,30.0,0.0,0.0,1.2
107667.0,Frost,0.0,0.0,0.0,111.0,0.0,0.0,0.0,30.0,10.0,30.0,0.0,0.0,1.2
107668.0,Frost,0.0,0.0,0.0,113.0,0.0,0.0,0.0,30.0,10.0,30.0,0.0,0.0,1.2
107669.0,Frost,0.0,0.0,0.0,115.0,0.0,0.0,0.0,30.0,10.0,30.0,0.0,0.0,1.2
107670.0,Frost,0.0,0.0,0.0,117.0,0.0,0.0,0.0,30.0,10.0,30.0,0.0,0.0,1.2
107671.0,Frost,0.0,0.0,0.0,119.0,0.0,0.0,0.0,30.0,10.0,30.0,0.0,0.0,1.2
107672.0,Frost,0.0,0.0,0.0,121.0,0.0,0.0,0.0,30.0,10.0,30.0,0.0,0.0,1.2
107673.0,Frost,0.0,0.0,0.0,123.0,0.0,0.0,0.0,30.0,10.0,30.0,0.0,0.0,1.2
107674.0,Frost,0.0,0.0,0.0,125.0,0.0,0.0,0.0,30.0,10.0,30.0,0.0,0.0,1.2
107675.0,Frost,0.0,0.0,0.0,127.0,0.0,0.0,0.0,30.0,10.0,30.0,0.0,0.0,1.2
107700.0,Frost,0.0,0.0,0.0,96.0,0.0,0.0,0.0,30.0,10.0,30.0,0.0,0.0,1.2
107701.0,Frost,0.0,0.0,0.0,98.0,0.0,0.0,0.0,30.0,10.0,30.0,0.0,0.0,1.2
107702.0,Frost,0.0,0.0,0.0,100.0,0.0,0.0,0.0,30.0,10.0,30.0,0.0,0.0,1.2
107703.0,Frost,0.0,0.0,0.0,102.0,0.0,0.0,0.0,30.0,10.0,30.0,0.0,0.0,1.2
107704.0,Frost,0.0,0.0,0.0,105.0,0.0,0.0,0.0,30.0,10.0,30.0,0.0,0.0,1.2
107705.0,Frost,0.0,0.0,0.0,107.0,0.0,0.0,0.0,30.0,10.0,30.0,0.0,0.0,1.2
107706.0,Frost,0.0,0.0,0.0,109.0,0.0,0.0,0.0,30.0,10.0,30.0,0.0,0.0,1.2
107707.0,Frost,0.0,0.0,0.0,111.0,0.0,0.0,0.0,30.0,10.0,30.0,0.0,0.0,1.2
107708.0,Frost,0.0,0.0,0.0,114.0,0.0,0.0,0.0,30.0,10.0,30.0,0.0,0.0,1.2
107709.0,Frost,0.0,0.0,0.0,116.0,0.0,0.0,0.0,30.0,10.0,30.0,0.0,0.0,1.2
107710.0,Frost,0.0,0.0,0.0,118.0,0.0,0.0,0.0,30.0,10.0,30.0,0.0,0.0,1.2
107711.0,Frost,0.0,0.0,0.0,121.0,0.0,0.0,0.0,30.0,10.0,30.0,0.0,0.0,1.2
107712.0,Frost,0.0,0.0,0.0,123.0,0.0,0.0,0.0,30.0,10.0,30.0,0.0,0.0,1.2
107713.0,Frost,0.0,0.0,0.0,125.0,0.0,0.0,0.0,30.0,10.0,30.0,0.0,0.0,1.2
107714.0,Frost,0.0,0.0,0.0,127.0,0.0,0.0,0.0,30.0,10.0,30.0,0.0,0.0,1.2
107715.0,Frost,0.0,0.0,0.0,130.0,0.0,0.0,0.0,30.0,10.0,30.0,0.0,0.0,1.2
107716.0,Frost,0.0,0.0,0.0,132.0,0.0,0.0,0.0,30.0,10.0,30.0,0.0,0.0,1.2
107717.0,Frost,0.0,0.0,0.0,134.0,0.0,0.0,0.0,30.0,10.0,30.0,0.0,0.0,1.2
107718.0,Frost,0.0,0.0,0.0,137.0,0.0,0.0,0.0,30.0,10.0,30.0,0.0,0.0,1.2
107719.0,Frost,0.0,0.0,0.0,139.0,0.0,0.0,0.0,30.0,10.0,30.0,0.0,0.0,1.2
107720.0,Frost,0.0,0.0,0.0,141.0,0.0,0.0,0.0,30.0,10.0,30.0,0.0,0.0,1.2
107721.0,Frost,0.0,0.0,0.0,143.0,0.0,0.0,0.0,30.0,10.0,30.0,0.0,0.0,1.2
107722.0,Frost,0.0,0.0,0.0,146.0,0.0,0.0,0.0,30.0,10.0,30.0,0.0,0.0,1.2
107723.0,Frost,0.0,0.0,0.0,148.0,0.0,0.0,0.0,30.0,10.0,30.0,0.0,0.0,1.2
107724.0,Frost,0.0,0.0,0.0,150.0,0.0,0.0,0.0,30.0,10.0,30.0,0.0,0.0,1.2
107725.0,Frost,0.0,0.0,0.0,153.0,0.0,0.0,0.0,30.0,10.0,30.0,0.0,0.0,1.2
107750.0,Frost,0.0,0.0,0.0,96.0,0.0,0.0,0.0,30.0,10.0,30.0,0.0,0.0,1.2
107751.0,Frost,0.0,0.0,0.0,98.0,0.0,0.0,0.0,30.0,10.0,30.0,0.0,0.0,1.2
107752.0,Frost,0.0,0.0,0.0,100.0,0.0,0.0,0.0,30.0,10.0,30.0,0.0,0.0,1.2
107753.0,Frost,0.0,0.0,0.0,102.0,0.0,0.0,0.0,30.0,10.0,30.0,0.0,0.0,1.2
107754.0,Frost,0.0,0.0,0.0,105.0,0.0,0.0,0.0,30.0,10.0,30.0,0.0,0.0,1.2
107755.0,Frost,0.0,0.0,0.0,107.0,0.0,0.0,0.0,30.0,10.0,30.0,0.0,0.0,1.2
107756.0,Frost,0.0,0.0,0.0,109.0,0.0,0.0,0.0,30.0,10.0,30.0,0.0,0.0,1.2
107757.0,Frost,0.0,0.0,0.0,111.0,0.0,0.0,0.0,30.0,10.0,30.0,0.0,0.0,1.2
107758.0,Frost,0.0,0.0,0.0,114.0,0.0,0.0,0.0,30.0,10.0,30.0,0.0,0.0,1.2
107759.0,Frost,0.0,0.0,0.0,116.0,0.0,0.0,0.0,30.0,10.0,30.0,0.0,0.0,1.2
107760.0,Frost,0.0,0.0,0.0,118.0,0.0,0.0,0.0,30.0,10.0,30.0,0.0,0.0,1.2
107761.0,Frost,0.0,0.0,0.0,121.0,0.0,0.0,0.0,30.0,10.0,30.0,0.0,0.0,1.2
107762.0,Frost,0.0,0.0,0.0,123.0,0.0,0.0,0.0,30.0,10.0,30.0,0.0,0.0,1.2
107763.0,Frost,0.0,0.0,0.0,125.0,0.0,0.0,0.0,30.0,10.0,30.0,0.0,0.0,1.2
107764.0,Frost,0.0,0.0,0.0,127.0,0.0,0.0,0.0,30.0,10.0,30.0,0.0,0.0,1.2
107765.0,Frost,0.0,0.0,0.0,130.0,0.0,0.0,0.0,30.0,10.0,30.0,0.0,0.0,1.2
107766.0,Frost,0.0,0.0,0.0,132.0,0.0,0.0,0.0,30.0,10.0,30.0,0.0,0.0,1.2
107767.0,Frost,0.0,0.0,0.0,134.0,0.0,0.0,0.0,30.0,10.0,30.0,0.0,0.0,1.2
107768.0,Frost,0.0,0.0,0.0,137.0,0.0,0.0,0.0,30.0,10.0,30.0,0.0,0.0,1.2
107769.0,Frost,0.0,0.0,0.0,139.0,0.0,0.0,0.0,30.0,10.0,30.0,0.0,0.0,1.2
107770.0,Frost,0.0,0.0,0.0,141.0,0.0,0.0,0.0,30.0,10.0,30.0,0.0,0.0,1.2
107771.0,Frost,0.0,0.0,0.0,143.0,0.0,0.0,0.0,30.0,10.0,30.0,0.0,0.0,1.2
107772.0,Frost,0.0,0.0,0.0,146.0,0.0,0.0,0.0,30.0,10.0,30.0,0.0,0.0,1.2
107773.0,Frost,0.0,0.0,0.0,148.0,0.0,0.0,0.0,30.0,10.0,30.0,0.0,0.0,1.2
107774.0,Frost,0.0,0.0,0.0,150.0,0.0,0.0,0.0,30.0,10.0,30.0,0.0,0.0,1.2
107775.0,Frost,0.0,0.0,0.0,153.0,0.0,0.0,0.0,30.0,10.0,30.0,0.0,0.0,1.2
107800.0,Frost,0.0,0.0,0.0,30.0,0.0,0.0,0.0,30.0,10.0,30.0,0.0,0.0,1.2
107801.0,Frost,0.0,0.0,0.0,30.0,0.0,0.0,0.0,30.0,10.0,30.0,0.0,0.0,1.2
107802.0,Frost,0.0,0.0,0.0,31.0,0.0,0.0,0.0,30.0,10.0,30.0,0.0,0.0,1.2
107803.0,Frost,0.0,0.0,0.0,31.0,0.0,0.0,0.0,30.0,10.0,30.0,0.0,0.0,1.2
107804.0,Frost,0.0,0.0,0.0,32.0,0.0,0.0,0.0,30.0,10.0,30.0,0.0,0.0,1.2
107805.0,Frost,0.0,0.0,0.0,33.0,0.0,0.0,0.0,30.0,10.0,30.0,0.0,0.0,1.2
107806.0,Frost,0.0,0.0,0.0,33.0,0.0,0.0,0.0,30.0,10.0,30.0,0.0,0.0,1.2
107807.0,Frost,0.0,0.0,0.0,34.0,0.0,0.0,0.0,30.0,10.0,30.0,0.0,0.0,1.2
107808.0,Frost,0.0,0.0,0.0,34.0,0.0,0.0,0.0,30.0,10.0,30.0,0.0,0.0,1.2
107809.0,Frost,0.0,0.0,0.0,35.0,0.0,0.0,0.0,30.0,10.0,30.0,0.0,0.0,1.2
107810.0,Frost,0.0,0.0,0.0,36.0,0.0,0.0,0.0,30.0,10.0,30.0,0.0,0.0,1.2
107811.0,Frost,0.0,0.0,0.0,36.0,0.0,0.0,0.0,30.0,10.0,30.0,0.0,0.0,1.2
107812.0,Frost,0.0,0.0,0.0,37.0,0.0,0.0,0.0,30.0,10.0,30.0,0.0,0.0,1.2
107813.0,Frost,0.0,0.0,0.0,37.0,0.0,0.0,0.0,30.0,10.0,30.0,0.0,0.0,1.2
107814.0,Frost,0.0,0.0,0.0,38.0,0.0,0.0,0.0,30.0,10.0,30.0,0.0,0.0,1.2
107815.0,Frost,0.0,0.0,0.0,39.0,0.0,0.0,0.0,30.0,10.0,30.0,0.0,0.0,1.2
107816.0,Frost,0.0,0.0,0.0,39.0,0.0,0.0,0.0,30.0,10.0,30.0,0.0,0.0,1.2
107817.0,Frost,0.0,0.0,0.0,40.0,0.0,0.0,0.0,30.0,10.0,30.0,0.0,0.0,1.2
107818.0,Frost,0.0,0.0,0.0,40.0,0.0,0.0,0.0,30.0,10.0,30.0,0.0,0.0,1.2
107819.0,Frost,0.0,0.0,0.0,41.0,0.0,0.0,0.0,30.0,10.0,30.0,0.0,0.0,1.2
107820.0,Frost,0.0,0.0,0.0,42.0,0.0,0.0,0.0,30.0,10.0,30.0,0.0,0.0,1.2
107821.0,Frost,0.0,0.0,0.0,42.0,0.0,0.0,0.0,30.0,10.0,30.0,0.0,0.0,1.2
107822.0,Frost,0.0,0.0,0.0,43.0,0.0,0.0,0.0,30.0,10.0,30.0,0.0,0.0,1.2
107823.0,Frost,0.0,0.0,0.0,43.0,0.0,0.0,0.0,30.0,10.0,30.0,0.0,0.0,1.2
107824.0,Frost,0.0,0.0,0.0,44.0,0.0,0.0,0.0,30.0,10.0,30.0,0.0,0.0,1.2
107825.0,Frost,0.0,0.0,0.0,45.0,0.0,0.0,0.0,30.0,10.0,30.0,0.0,0.0,1.2
108000.0,Death,0.0,0.0,0.0,0.0,0.0,0.0,66.0,0.0,0.0,0.0,0.0,0.0,1.0
108001.0,Death,0.0,0.0,0.0,0.0,0.0,0.0,67.0,0.0,0.0,0.0,0.0,0.0,1.0
108002.0,Death,0.0,0.0,0.0,0.0,0.0,0.0,69.0,0.0,0.0,0.0,0.0,0.0,1.0
108003.0,Death,0.0,0.0,0.0,0.0,0.0,0.0,70.0,0.0,0.0,0.0,0.0,0.0,1.0
108004.0,Death,0.0,0.0,0.0,0.0,0.0,0.0,72.0,0.0,0.0,0.0,0.0,0.0,1.0
108005.0,Death,0.0,0.0,0.0,0.0,0.0,0.0,73.0,0.0,0.0,0.0,0.0,0.0,1.0
108006.0,Death,0.0,0.0,0.0,0.0,0.0,0.0,75.0,0.0,0.0,0.0,0.0,0.0,1.0
108007.0,Death,0.0,0.0,0.0,0.0,0.0,0.0,77.0,0.0,0.0,0.0,0.0,0.0,1.0
108008.0,Death,0.0,0.0,0.0,0.0,0.0,0.0,78.0,0.0,0.0,0.0,0.0,0.0,1.0
108009.0,Death,0.0,0.0,0.0,0.0,0.0,0.0,80.0,0.0,0.0,0.0,0.0,0.0,1.0
108010.0,Death,0.0,0.0,0.0,0.0,0.0,0.0,81.0,0.0,0.0,0.0,0.0,0.0,1.0
108011.0,Death,0.0,0.0,0.0,0.0,0.0,0.0,83.0,0.0,0.0,0.0,0.0,0.0,1.0
108012.0,Death,0.0,0.0,0.0,0.0,0.0,0.0,85.0,0.0,0.0,0.0,0.0,0.0,1.0
108013.0,Death,0.0,0.0,0.0,0.0,0.0,0.0,86.0,0.0,0.0,0.0,0.0,0.0,1.0
108014.0,Death,0.0,0.0,0.0,0.0,0.0,0.0,88.0,0.0,0.0,0.0,0.0,0.0,1.0
108015.0,Death,0.0,0.0,0.0,0.0,0.0,0.0,89.0,0.0,0.0,0.0,0.0,0.0,1.0
108016.0,Death,0.0,0.0,0.0,0.0,0.0,0.0,91.0,0.0,0.0,0.0,0.0,0.0,1.0
108017.0,Death,0.0,0.0,0.0,0.0,0.0,0.0,92.0,0.0,0.0,0.0,0.0,0.0,1.0
108018.0,Death,0.0,0.0,0.0,0.0,0.0,0.0,94.0,0.0,0.0,0.0,0.0,0.0,1.0
108019.0,Death,0.0,0.0,0.0,0.0,0.0,0.0,96.0,0.0,0.0,0.0,0.0,0.0,1.0
108020.0,Death,0.0,0.0,0.0,0.0,0.0,0.0,97.0,0.0,0.0,0.0,0.0,0.0,1.0
108021.0,Death,0.0,0.0,0.0,0.0,0.0,0.0,99.0,0.0,0.0,0.0,0.0,0.0,1.0
108022.0,Death,0.0,0.0,0.0,0.0,0.0,0.0,100.0,0.0,0.0,0.0,0.0,0.0,1.0
108023.0,Death,0.0,0.0,0.0,0.0,0.0,0.0,102.0,0.0,0.0,0.0,0.0,0.0,1.0
108024.0,Death,0.0,0.0,0.0,0.0,0.0,0.0,104.0,0.0,0.0,0.0,0.0,0.0,1.0
108025.0,Death,0.0,0.0,0.0,0.0,0.0,0.0,105.0,0.0,0.0,0.0,0.0,0.0,1.0
108050.0,Death,0.0,0.0,0.0,0.0,0.0,0.0,66.0,0.0,0.0,0.0,0.0,0.0,1.0
108051.0,Death,0.0,0.0,0.0,0.0,0.0,0.0,67.0,0.0,0.0,0.0,0.0,0.0,1.0
108052.0,Death,0.0,0.0,0.0,0.0,0.0,0.0,69.0,0.0,0.0,0.0,0.0,0.0,1.0
108053.0,Death,0.0,0.0,0.0,0.0,0.0,0.0,70.0,0.0,0.0,0.0,0.0,0.0,1.0
108054.0,Death,0.0,0.0,0.0,0.0,0.0,0.0,72.0,0.0,0.0,0.0,0.0,0.0,1.0
108055.0,Death,0.0,0.0,0.0,0.0,0.0,0.0,73.0,0.0,0.0,0.0,0.0,0.0,1.0
108056.0,Death,0.0,0.0,0.0,0.0,0.0,0.0,75.0,0.0,0.0,0.0,0.0,0.0,1.0
108057.0,Death,0.0,0.0,0.0,0.0,0.0,0.0,77.0,0.0,0.0,0.0,0.0,0.0,1.0
108058.0,Death,0.0,0.0,0.0,0.0,0.0,0.0,78.0,0.0,0.0,0.0,0.0,0.0,1.0
108059.0,Death,0.0,0.0,0.0,0.0,0.0,0.0,80.0,0.0,0.0,0.0,0.0,0.0,1.0
108060.0,Death,0.0,0.0,0.0,0.0,0.0,0.0,81.0,0.0,0.0,0.0,0.0,0.0,1.0
108061.0,Death,0.0,0.0,0.0,0.0,0.0,0.0,83.0,0.0,0.0,0.0,0.0,0.0,1.0
108062.0,Death,0.0,0.0,0.0,0.0,0.0,0.0,85.0,0.0,0.0,0.0,0.0,0.0,1.0
108063.0,Death,0.0,0.0,0.0,0.0,0.0,0.0,86.0,0.0,0.0,0.0,0.0,0.0,1.0
108064.0,Death,0.0,0.0,0.0,0.0,0.0,0.0,88.0,0.0,0.0,0.0,0.0,0.0,1.0
108065.0,Death,0.0,0.0,0.0,0.0,0.0,0.0,89.0,0.0,0.0,0.0,0.0,0.0,1.0
108066.0,Death,0.0,0.0,0.0,0.0,0.0,0.0,91.0,0.0,0.0,0.0,0.0,0.0,1.0
108067.0,Death,0.0,0.0,0.0,0.0,0.0,0.0,92.0,0.0,0.0,0.0,0.0,0.0,1.0
108068.0,Death,0.0,0.0,0.0,0.0,0.0,0.0,94.0,0.0,0.0,0.0,0.0,0.0,1.0
108069.0,Death,0.0,0.0,0.0,0.0,0.0,0.0,96.0,0.0,0.0,0.0,0.0,0.0,1.0
108070.0,Death,0.0,0.0,0.0,0.0,0.0,0.0,97.0,0.0,0.0,0.0,0.0,0.0,1.0
108071.0,Death,0.0,0.0,0.0,0.0,0.0,0.0,99.0,0.0,0.0,0.0,0.0,0.0,1.0
108072.0,Death,0.0,0.0,0.0,0.0,0.0,0.0,100.0,0.0,0.0,0.0,0.0,0.0,1.0
108073.0,Death,0.0,0.0,0.0,0.0,0.0,0.0,102.0,0.0,0.0,0.0,0.0,0.0,1.0
108074.0,Death,0.0,0.0,0.0,0.0,0.0,0.0,104.0,0.0,0.0,0.0,0.0,0.0,1.0
108075.0,Death,0.0,0.0,0.0,0.0,0.0,0.0,105.0,0.0,0.0,0.0,0.0,0.0,1.0
108100.0,Death,0.0,0.0,0.0,0.0,0.0,0.0,80.0,0.0,0.0,0.0,0.0,0.0,1.0
108101.0,Death,0.0,0.0,0.0,0.0,0.0,0.0,81.0,0.0,0.0,0.0,0.0,0.0,1.0
108102.0,Death,0.0,0.0,0.0,0.0,0.0,0.0,83.0,0.0,0.0,0.0,0.0,0.0,1.0
108103.0,Death,0.0,0.0,0.0,0.0,0.0,0.0,85.0,0.0,0.0,0.0,0.0,0.0,1.0
108104.0,Death,0.0,0.0,0.0,0.0,0.0,0.0,87.0,0.0,0.0,0.0,0.0,0.0,1.0
108105.0,Death,0.0,0.0,0.0,0.0,0.0,0.0,89.0,0.0,0.0,0.0,0.0,0.0,1.0
108106.0,Death,0.0,0.0,0.0,0.0,0.0,0.0,91.0,0.0,0.0,0.0,0.0,0.0,1.0
108107.0,Death,0.0,0.0,0.0,0.0,0.0,0.0,93.0,0.0,0.0,0.0,0.0,0.0,1.0
108108.0,Death,0.0,0.0,0.0,0.0,0.0,0.0,95.0,0.0,0.0,0.0,0.0,0.0,1.0
108109.0,Death,0.0,0.0,0.0,0.0,0.0,0.0,96.0,0.0,0.0,0.0,0.0,0.0,1.0
108110.0,Death,0.0,0.0,0.0,0.0,0.0,0.0,98.0,0.0,0.0,0.0,0.0,0.0,1.0
108111.0,Death,0.0,0.0,0.0,0.0,0.0,0.0,100.0,0.0,0.0,0.0,0.0,0.0,1.0
108112.0,Death,0.0,0.0,0.0,0.0,0.0,0.0,102.0,0.0,0.0,0.0,0.0,0.0,1.0
108113.0,Death,0.0,0.0,0.0,0.0,0.0,0.0,104.0,0.0,0.0,0.0,0.0,0.0,1.0
108114.0,Death,0.0,0.0,0.0,0.0,0.0,0.0,106.0,0.0,0.0,0.0,0.0,0.0,1.0
108115.0,Death,0.0,0.0,0.0,0.0,0.0,0.0,108.0,0.0,0.0,0.0,0.0,0.0,1.0
108116.0,Death,0.0,0.0,0.0,0.0,0.0,0.0,110.0,0.0,0.0,0.0,0.0,0.0,1.0
108117.0,Death,0.0,0.0,0.0,0.0,0.0,0.0,111.0,0.0,0.0,0.0,0.0,0.0,1.0
108118.0,Death,0.0,0.0,0.0,0.0,0.0,0.0,113.0,0.0,0.0,0.0,0.0,0.0,1.0
108119.0,Death,0.0,0.0,0.0,0.0,0.0,0.0,115.0,0.0,0.0,0.0,0.0,0.0,1.0
108120.0,Death,0.0,0.0,0.0,0.0,0.0,0.0,117.0,0.0,0.0,0.0,0.0,0.0,1.0
108121.0,Death,0.0,0.0,0.0,0.0,0.0,0.0,119.0,0.0,0.0,0.0,0.0,0.0,1.0
108122.0,Death,0.0,0.0,0.0,0.0,0.0,0.0,121.0,0.0,0.0,0.0,0.0,0.0,1.0
108123.0,Death,0.0,0.0,0.0,0.0,0.0,0.0,123.0,0.0,0.0,0.0,0.0,0.0,1.0
108124.0,Death,0.0,0.0,0.0,0.0,0.0,0.0,125.0,0.0,0.0,0.0,0.0,0.0,1.0
108125.0,Death,0.0,0.0,0.0,0.0,0.0,0.0,127.0,0.0,0.0,0.0,0.0,0.0,1.0
108150.0,Death,0.0,0.0,0.0,0.0,0.0,0.0,80.0,0.0,0.0,0.0,0.0,0.0,1.0
108151.0,Death,0.0,0.0,0.0,0.0,0.0,0.0,81.0,0.0,0.0,0.0,0.0,0.0,1.0
108152.0,Death,0.0,0.0,0.0,0.0,0.0,0.0,83.0,0.0,0.0,0.0,0.0,0.0,1.0
108153.0,Death,0.0,0.0,0.0,0.0,0.0,0.0,85.0,0.0,0.0,0.0,0.0,0.0,1.0
108154.0,Death,0.0,0.0,0.0,0.0,0.0,0.0,87.0,0.0,0.0,0.0,0.0,0.0,1.0
108155.0,Death,0.0,0.0,0.0,0.0,0.0,0.0,89.0,0.0,0.0,0.0,0.0,0.0,1.0
108156.0,Death,0.0,0.0,0.0,0.0,0.0,0.0,91.0,0.0,0.0,0.0,0.0,0.0,1.0
108157.0,Death,0.0,0.0,0.0,0.0,0.0,0.0,93.0,0.0,0.0,0.0,0.0,0.0,1.0
108158.0,Death,0.0,0.0,0.0,0.0,0.0,0.0,95.0,0.0,0.0,0.0,0.0,0.0,1.0
108159.0,Death,0.0,0.0,0.0,0.0,0.0,0.0,96.0,0.0,0.0,0.0,0.0,0.0,1.0
108160.0,Death,0.0,0.0,0.0,0.0,0.0,0.0,98.0,0.0,0.0,0.0,0.0,0.0,1.0
108161.0,Death,0.0,0.0,0.0,0.0,0.0,0.0,100.0,0.0,0.0,0.0,0.0,0.0,1.0
108162.0,Death,0.0,0.0,0.0,0.0,0.0,0.0,102.0,0.0,0.0,0.0,0.0,0.0,1.0
108163.0,Death,0.0,0.0,0.0,0.0,0.0,0.0,104.0,0.0,0.0,0.0,0.0,0.0,1.0
108164.0,Death,0.0,0.0,0.0,0.0,0.0,0.0,106.0,0.0,0.0,0.0,0.0,0.0,1.0
108165.0,Death,0.0,0.0,0.0,0.0,0.0,0.0,108.0,0.0,0.0,0.0,0.0,0.0,1.0
108166.0,Death,0.0,0.0,0.0,0.0,0.0,0.0,110.0,0.0,0.0,0.0,0.0,0.0,1.0
108167.0,Death,0.0,0.0,0.0,0.0,0.0,0.0,111.0,0.0,0.0,0.0,0.0,0.0,1.0
108168.0,Death,0.0,0.0,0.0,0.0,0.0,0.0,113.0,0.0,0.0,0.0,0.0,0.0,1.0
108169.0,Death,0.0,0.0,0.0,0.0,0.0,0.0,115.0,0.0,0.0,0.0,0.0,0.0,1.0
108170.0,Death,0.0,0.0,0.0,0.0,0.0,0.0,117.0,0.0,0.0,0.0,0.0,0.0,1.0
108171.0,Death,0.0,0.0,0.0,0.0,0.0,0.0,119.0,0.0,0.0,0.0,0.0,0.0,1.0
108172.0,Death,0.0,0.0,0.0,0.0,0.0,0.0,121.0,0.0,0.0,0.0,0.0,0.0,1.0
108173.0,Death,0.0,0.0,0.0,0.0,0.0,0.0,123.0,0.0,0.0,0.0,0.0,0.0,1.0
108174.0,Death,0.0,0.0,0.0,0.0,0.0,0.0,125.0,0.0,0.0,0.0,0.0,0.0,1.0
108175.0,Death,0.0,0.0,0.0,0.0,0.0,0.0,127.0,0.0,0.0,0.0,0.0,0.0,1.0
108200.0,Death,0.0,0.0,0.0,0.0,0.0,0.0,96.0,0.0,0.0,0.0,0.0,0.0,1.0
108201.0,Death,0.0,0.0,0.0,0.0,0.0,0.0,98.0,0.0,0.0,0.0,0.0,0.0,1.0
108202.0,Death,0.0,0.0,0.0,0.0,0.0,0.0,100.0,0.0,0.0,0.0,0.0,0.0,1.0
108203.0,Death,0.0,0.0,0.0,0.0,0.0,0.0,102.0,0.0,0.0,0.0,0.0,0.0,1.0
108204.0,Death,0.0,0.0,0.0,0.0,0.0,0.0,105.0,0.0,0.0,0.0,0.0,0.0,1.0
108205.0,Death,0.0,0.0,0.0,0.0,0.0,0.0,107.0,0.0,0.0,0.0,0.0,0.0,1.0
108206.0,Death,0.0,0.0,0.0,0.0,0.0,0.0,109.0,0.0,0.0,0.0,0.0,0.0,1.0
108207.0,Death,0.0,0.0,0.0,0.0,0.0,0.0,111.0,0.0,0.0,0.0,0.0,0.0,1.0
108208.0,Death,0.0,0.0,0.0,0.0,0.0,0.0,114.0,0.0,0.0,0.0,0.0,0.0,1.0
108209.0,Death,0.0,0.0,0.0,0.0,0.0,0.0,116.0,0.0,0.0,0.0,0.0,0.0,1.0
108210.0,Death,0.0,0.0,0.0,0.0,0.0,0.0,118.0,0.0,0.0,0.0,0.0,0.0,1.0
108211.0,Death,0.0,0.0,0.0,0.0,0.0,0.0,121.0,0.0,0.0,0.0,0.0,0.0,1.0
108212.0,Death,0.0,0.0,0.0,0.0,0.0,0.0,123.0,0.0,0.0,0.0,0.0,0.0,1.0
108213.0,Death,0.0,0.0,0.0,0.0,0.0,0.0,125.0,0.0,0.0,0.0,0.0,0.0,1.0
108214.0,Death,0.0,0.0,0.0,0.0,0.0,0.0,127.0,0.0,0.0,0.0,0.0,0.0,1.0
108215.0,Death,0.0,0.0,0.0,0.0,0.0,0.0,130.0,0.0,0.0,0.0,0.0,0.0,1.0
108216.0,Death,0.0,0.0,0.0,0.0,0.0,0.0,132.0,0.0,0.0,0.0,0.0,0.0,1.0
108217.0,Death,0.0,0.0,0.0,0.0,0.0,0.0,134.0,0.0,0.0,0.0,0.0,0.0,1.0
108218.0,Death,0.0,0.0,0.0,0.0,0.0,0.0,137.0,0.0,0.0,0.0,0.0,0.0,1.0
108219.0,Death,0.0,0.0,0.0,0.0,0.0,0.0,139.0,0.0,0.0,0.0,0.0,0.0,1.0
108220.0,Death,0.0,0.0,0.0,0.0,0.0,0.0,141.0,0.0,0.0,0.0,0.0,0.0,1.0
108221.0,Death,0.0,0.0,0.0,0.0,0.0,0.0,143.0,0.0,0.0,0.0,0.0,0.0,1.0
108222.0,Death,0.0,0.0,0.0,0.0,0.0,0.0,146.0,0.0,0.0,0.0,0.0,0.0,1.0
108223.0,Death,0.0,0.0,0.0,0.0,0.0,0.0,148.0,0.0,0.0,0.0,0.0,0.0,1.0
108224.0,Death,0.0,0.0,0.0,0.0,0.0,0.0,150.0,0.0,0.0,0.0,0.0,0.0,1.0
108225.0,Death,0.0,0.0,0.0,0.0,0.0,0.0,153.0,0.0,0.0,0.0,0.0,0.0,1.0
108250.0,Death,0.0,0.0,0.0,0.0,0.0,0.0,96.0,0.0,0.0,0.0,0.0,0.0,1.0
108251.0,Death,0.0,0.0,0.0,0.0,0.0,0.0,98.0,0.0,0.0,0.0,0.0,0.0,1.0
108252.0,Death,0.0,0.0,0.0,0.0,0.0,0.0,100.0,0.0,0.0,0.0,0.0,0.0,1.0
108253.0,Death,0.0,0.0,0.0,0.0,0.0,0.0,102.0,0.0,0.0,0.0,0.0,0.0,1.0
108254.0,Death,0.0,0.0,0.0,0.0,0.0,0.0,105.0,0.0,0.0,0.0,0.0,0.0,1.0
108255.0,Death,0.0,0.0,0.0,0.0,0.0,0.0,107.0,0.0,0.0,0.0,0.0,0.0,1.0
108256.0,Death,0.0,0.0,0.0,0.0,0.0,0.0,109.0,0.0,0.0,0.0,0.0,0.0,1.0
108257.0,Death,0.0,0.0,0.0,0.0,0.0,0.0,111.0,0.0,0.0,0.0,0.0,0.0,1.0
108258.0,Death,0.0,0.0,0.0,0.0,0.0,0.0,114.0,0.0,0.0,0.0,0.0,0.0,1.0
108259.0,Death,0.0,0.0,0.0,0.0,0.0,0.0,116.0,0.0,0.0,0.0,0.0,0.0,1.0
108260.0,Death,0.0,0.0,0.0,0.0,0.0,0.0,118.0,0.0,0.0,0.0,0.0,0.0,1.0
108261.0,Death,0.0,0.0,0.0,0.0,0.0,0.0,121.0,0.0,0.0,0.0,0.0,0.0,1.0
108262.0,Death,0.0,0.0,0.0,0.0,0.0,0.0,123.0,0.0,0.0,0.0,0.0,0.0,1.0
108263.0,Death,0.0,0.0,0.0,0.0,0.0,0.0,125.0,0.0,0.0,0.0,0.0,0.0,1.0
108264.0,Death,0.0,0.0,0.0,0.0,0.0,0.0,127.0,0.0,0.0,0.0,0.0,0.0,1.0
108265.0,Death,0.0,0.0,0.0,0.0,0.0,0.0,130.0,0.0,0.0,0.0,0.0,0.0,1.0
108266.0,Death,0.0,0.0,0.0,0.0,0.0,0.0,132.0,0.0,0.0,0.0,0.0,0.0,1.0
108267.0,Death,0.0,0.0,0.0,0.0,0.0,0.0,134.0,0.0,0.0,0.0,0.0,0.0,1.0
108268.0,Death,0.0,0.0,0.0,0.0,0.0,0.0,137.0,0.0,0.0,0.0,0.0,0.0,1.0
108269.0,Death,0.0,0.0,0.0,0.0,0.0,0.0,139.0,0.0,0.0,0.0,0.0,0.0,1.0
108270.0,Death,0.0,0.0,0.0,0.0,0.0,0.0,141.0,0.0,0.0,0.0,0.0,0.0,1.0
108271.0,Death,0.0,0.0,0.0,0.0,0.0,0.0,143.0,0.0,0.0,0.0,0.0,0.0,1.0
108272.0,Death,0.0,0.0,0.0,0.0,0.0,0.0,146.0,0.0,0.0,0.0,0.0,0.0,1.0
108273.0,Death,0.0,0.0,0.0,0.0,0.0,0.0,148.0,0.0,0.0,0.0,0.0,0.0,1.0
108274.0,Death,0.0,0.0,0.0,0.0,0.0,0.0,150.0,0.0,0.0,0.0,0.0,0.0,1.0
108275.0,Death,0.0,0.0,0.0,0.0,0.0,0.0,153.0,0.0,0.0,0.0,0.0,0.0,1.0
500360.0,Frost,0.0,0.0,0.0,380.0,0.0,0.0,0.0,30.0,10.0,30.0,0.0,0.0,1.2
500370.0,Poison,200.0,0.0,0.0,0.0,0.0,0.0,0.0,90.0,0.07,7.0,0.0,0.0,1.0
500430.0,Poison,250.0,0.0,0.0,0.0,0.0,0.0,0.0,30.0,0.14,14.0,0.0,0.0,1.0
500431.0,Poison,200.0,0.0,0.0,0.0,0.0,0.0,0.0,30.0,0.14,14.0,0.0,0.0,1.0
500440.0,Poison,200.0,0.0,0.0,0.0,0.0,0.0,0.0,90.0,0.07,7.0,0.0,0.0,1.0
500470.0,Bleed,0.0,0.0,70.0,0.0,0.0,0.0,0.0,1.0,15.0,100.0,0.0,0.0,1.0
500480.0,Frost,0.0,0.0,0.0,380.0,0.0,0.0,0.0,30.0,10.0,30.0,0.0,0.0,1.2
500640.0,Sleep,0.0,0.0,0.0,0.0,29.0,0.0,0.0,60.0,0.0,0.0,10.0,30.0,1.0
500670.0,Rot,0.0,300.0,0.0,0.0,0.0,0.0,0.0,90.0,0.18,15.0,0.0,0.0,1.0
501236.0,Poison,99999.0,0.0,0.0,0.0,0.0,0.0,0.0,90.0,0.07,7.0,0.0,0.0,1.0
501720.0,Poison,58.0,0.0,0.0,0.0,0.0,0.0,0.0,90.0,0.07,7.0,0.0,0.0,1.0
501840.0,Poison,100.0,0.0,0.0,0.0,0.0,0.0,0.0,90.0,0.07,7.0,0.0,0.0,1.0
501841.0,Poison,45.0,0.0,0.0,0.0,0.0,0.0,0.0,90.0,0.07,7.0,0.0,0.0,1.0
503314.0,Madness,0.0,0.0,0.0,0.0,0.0,15.0,0.0,1.5,15.0,100.0,10.0,30.0,1.0
503580.0,Poison,26.0,0.0,0.0,0.0,0.0,0.0,0.0,30.0,0.21,21.0,0.0,0.0,1.0
1436100.0,Frost,0.0,0.0,0.0,270.0,0.0,0.0,0.0,30.0,10.0,30.0,0.0,0.0,1.2
1440000.0,Frost,0.0,0.0,0.0,100.0,0.0,0.0,0.0,30.0,10.0,30.0,0.0,0.0,1.2
1441000.0,Frost,0.0,0.0,0.0,80.0,0.0,0.0,0.0,30.0,10.0,30.0,0.0,0.0,1.2
1442000.0,Frost,0.0,0.0,0.0,20.0,0.0,0.0,0.0,30.0,10.0,30.0,0.0,0.0,1.2
1443100.0,Frost,0.0,0.0,0.0,120.0,0.0,0.0,0.0,30.0,10.0,30.0,0.0,0.0,1.2
1443101.0,Frost,0.0,0.0,0.0,35.0,0.0,0.0,0.0,30.0,10.0,30.0,0.0,0.0,1.2
1449001.0,Frost,0.0,0.0,0.0,63.0,0.0,0.0,0.0,30.0,10.0,30.0,0.0,0.0,1.2
1490001.0,Bleed,0.0,0.0,30.0,0.0,0.0,0.0,0.0,0.0,15.0,100.0,0.0,0.0,1.0
1490010.0,Bleed,0.0,0.0,95.0,0.0,0.0,0.0,0.0,0.1,15.0,100.0,0.0,0.0,1.0
1491001.0,Bleed,0.0,0.0,25.0,0.0,0.0,0.0,0.0,0.0,15.0,100.0,0.0,0.0,1.0
1491010.0,Bleed,0.0,0.0,72.0,0.0,0.0,0.0,0.0,0.1,15.0,100.0,0.0,0.0,1.0
1501000.0,Frost,0.0,0.0,0.0,130.0,0.0,0.0,0.0,30.0,10.0,30.0,0.0,0.0,1.2
1501001.0,Frost,0.0,0.0,0.0,38.0,0.0,0.0,0.0,30.0,10.0,30.0,0.0,0.0,1.2
1502000.0,Death,0.0,0.0,0.0,0.0,0.0,0.0,20.0,0.0,0.0,0.0,0.0,0.0,1.0
1504000.0,Death,0.0,0.0,0.0,0.0,0.0,0.0,50.0,0.0,0.0,0.0,0.0,0.0,1.0
1504001.0,Death,0.0,0.0,0.0,0.0,0.0,0.0,30.0,0.0,0.0,0.0,0.0,0.0,1.0
1630001.0,Bleed,0.0,0.0,5.0,0.0,0.0,0.0,0.0,0.1,15.0,100.0,0.0,0.0,1.0
1631001.0,Bleed,0.0,0.0,3.0,0.0,0.0,0.0,0.0,0.1,15.0,100.0,0.0,0.0,1.0
1632002.0,Bleed,0.0,0.0,2.0,0.0,0.0,0.0,0.0,0.1,15.0,100.0,0.0,0.0,1.0
1692100.0,Frost,0.0,0.0,0.0,120.0,0.0,0.0,0.0,30.0,10.0,30.0,0.0,0.0,1.2
1702000.0,Frost,0.0,0.0,0.0,110.0,0.0,0.0,0.0,30.0,10.0,30.0,0.0,0.0,1.2
1702100.0,Frost,0.0,0.0,0.0,110.0,0.0,0.0,0.0,30.0,10.0,30.0,0.0,0.0,1.2
1703000.0,Rot,0.0,65.0,0.0,0.0,0.0,0.0,0.0,90.0,0.33,13.0,0.0,0.0,1.0
1703100.0,Rot,0.0,65.0,0.0,0.0,0.0,0.0,0.0,90.0,0.33,13.0,0.0,0.0,1.0
1721001.0,Bleed,0.0,0.0,4.0,0.0,0.0,0.0,0.0,0.1,15.0,100.0,0.0,0.0,1.0
1721002.0,Bleed,0.0,0.0,40.0,0.0,0.0,0.0,0.0,2.0,15.0,100.0,0.0,0.0,1.0
1722000.0,Poison,20.0,0.0,0.0,0.0,0.0,0.0,0.0,90.0,0.07,7.0,0.0,0.0,1.0
1723001.0,Poison,70.0,0.0,0.0,0.0,0.0,0.0,0.0,90.0,0.07,7.0,0.0,0.0,1.0
1724000.0,Rot,0.0,150.0,0.0,0.0,0.0,0.0,0.0,90.0,0.33,13.0,0.0,0.0,1.0
1724001.0,Rot,0.0,50.0,0.0,0.0,0.0,0.0,0.0,90.0,0.33,13.0,0.0,0.0,1.0
1730000.0,Madness,0.0,0.0,0.0,0.0,0.0,50.0,0.0,1.0,15.0,100.0,10.0,30.0,1.0
1730001.0,Madness,0.0,0.0,0.0,0.0,0.0,14.0,0.0,1.0,15.0,100.0,10.0,30.0,1.0
1730002.0,Madness,0.0,0.0,0.0,0.0,0.0,9.0,0.0,1.0,15.0,100.0,10.0,30.0,1.0
1731000.0,Madness,0.0,0.0,0.0,0.0,0.0,21.0,0.0,1.0,15.0,100.0,10.0,30.0,1.0
1731001.0,Madness,0.0,0.0,0.0,0.0,0.0,28.0,0.0,1.0,15.0,100.0,10.0,30.0,1.0
1731002.0,Madness,0.0,0.0,0.0,0.0,0.0,4.0,0.0,1.0,15.0,100.0,10.0,30.0,1.0
1731003.0,Madness,0.0,0.0,0.0,0.0,0.0,4.0,0.0,1.0,15.0,100.0,10.0,30.0,1.0
1731100.0,Madness,0.0,0.0,0.0,0.0,0.0,40.0,0.0,1.0,15.0,100.0,10.0,30.0,1.0
1731101.0,Madness,0.0,0.0,0.0,0.0,0.0,3.0,0.0,1.0,15.0,100.0,10.0,30.0,1.0
1732000.0,Madness,0.0,0.0,0.0,0.0,0.0,90.0,0.0,1.0,15.0,100.0,10.0,30.0,1.0
1732001.0,Madness,0.0,0.0,0.0,0.0,0.0,105.0,0.0,1.0,15.0,100.0,10.0,30.0,1.0
1732002.0,Madness,0.0,0.0,0.0,0.0,0.0,20.0,0.0,1.0,15.0,100.0,10.0,30.0,1.0
1732003.0,Madness,0.0,0.0,0.0,0.0,0.0,30.0,0.0,1.0,15.0,100.0,10.0,30.0,1.0
1733001.0,Madness,0.0,0.0,0.0,0.0,0.0,35.0,0.0,1.0,15.0,100.0,10.0,30.0,1.0
1733002.0,Madness,0.0,0.0,0.0,0.0,0.0,6.0,0.0,1.0,15.0,100.0,10.0,30.0,1.0
20000802.0,Madness,0.0,0.0,0.0,0.0,0.0,3.0,0.0,1.0,15.0,100.0,10.0,30.0,1.0
20000820.0,Poison,155.0,0.0,0.0,0.0,0.0,0.0,0.0,30.0,0.14,14.0,0.0,0.0,1.0
20000821.0,Madness,0.0,0.0,0.0,0.0,0.0,250.0,0.0,1.0,15.0,100.0,10.0,30.0,1.0
20000862.0,Rot,0.0,160.0,0.0,0.0,0.0,0.0,0.0,90.0,0.18,15.0,0.0,0.0,1.0
20000874.0,Frost,0.0,0.0,0.0,80.0,0.0,0.0,0.0,30.0,10.0,30.0,0.0,0.0,1.2
20000884.0,Frost,0.0,0.0,0.0,80.0,0.0,0.0,0.0,30.0,10.0,30.0,0.0,0.0,1.2
20001029.0,Eternal Sleep,0.0,0.0,0.0,0.0,42.0,0.0,0.0,10.0,0.0,0.0,15.0,50.0,1.0
20001034.0,Eternal Sleep,0.0,0.0,0.0,0.0,15.0,0.0,0.0,10.0,0.0,0.0,15.0,50.0,1.0
20001035.0,Eternal Sleep,0.0,0.0,0.0,0.0,70.0,0.0,0.0,10.0,0.0,0.0,15.0,50.0,1.0
20001039.0,Eternal Sleep,0.0,0.0,0.0,0.0,42.0,0.0,0.0,10.0,0.0,0.0,15.0,50.0,1.0
20001042.0,Eternal Sleep,0.0,0.0,0.0,0.0,55.0,0.0,0.0,10.0,0.0,0.0,15.0,50.0,1.0
20001050.0,Poison,10.0,0.0,0.0,0.0,0.0,0.0,0.0,30.0,0.14,14.0,0.0,0.0,1.0
20001090.0,Frost,0.0,0.0,0.0,20.0,0.0,0.0,0.0,30.0,10.0,30.0,0.0,0.0,1.2
20001091.0,Frost,0.0,0.0,0.0,20.0,0.0,0.0,0.0,30.0,10.0,30.0,0.0,0.0,1.2
20001092.0,Frost,0.0,0.0,0.0,80.0,0.0,0.0,0.0,30.0,10.0,30.0,0.0,0.0,1.2
20004006.0,Poison,1.0,0.0,0.0,0.0,0.0,0.0,0.0,180.0,0.07,7.0,0.0,0.0,1.0
20004057.0,Rot,0.0,12.0,0.0,0.0,0.0,0.0,0.0,180.0,2.0,8.0,0.0,0.0,1.0
20010462.0,Rot,0.0,150.0,0.0,0.0,0.0,0.0,0.0,180.0,0.33,13.0,0.0,0.0,1.0
20010758.0,Bleed,0.0,0.0,5.0,0.0,0.0,0.0,0.0,0.1,15.0,100.0,0.0,0.0,1.0
20010781.0,Bleed,0.0,0.0,6.0,0.0,0.0,0.0,0.0,0.1,15.0,100.0,0.0,0.0,1.0
20010784.0,Bleed,0.0,0.0,60.0,0.0,0.0,0.0,0.0,1.0,15.0,100.0,0.0,0.0,1.0
20010786.0,Bleed,0.0,0.0,4.0,0.0,0.0,0.0,0.0,0.1,15.0,100.0,0.0,0.0,1.0
20020100.0,Poison,250.0,0.0,0.0,0.0,0.0,0.0,0.0,180.0,0.07,7.0,0.0,0.0,1.0
20022100.0,Bleed,0.0,0.0,40.0,0.0,0.0,0.0,0.0,1.0,15.0,100.0,0.0,0.0,1.0
20024130.0,Frost,0.0,0.0,0.0,70.0,0.0,0.0,0.0,30.0,10.0,30.0,0.0,0.0,1.2
20024131.0,Frost,0.0,0.0,0.0,25.0,0.0,0.0,0.0,30.0,10.0,30.0,0.0,0.0,1.2
20024132.0,Frost,0.0,0.0,0.0,190.0,0.0,0.0,0.0,30.0,10.0,30.0,0.0,0.0,1.2
20025000.0,Sleep,0.0,0.0,0.0,0.0,200.0,0.0,0.0,60.0,0.0,0.0,10.0,30.0,1.0
20025001.0,Sleep,0.0,0.0,0.0,0.0,200.0,0.0,0.0,60.0,0.0,0.0,10.0,30.0,1.0
20500330.0,Poison,500.0,0.0,0.0,0.0,0.0,0.0,0.0,30.0,0.14,12.0,0.0,0.0,1.0
20500331.0,Poison,200.0,0.0,0.0,0.0,0.0,0.0,0.0,30.0,0.14,12.0,0.0,0.0,1.0
20500360.0,Frost,0.0,0.0,0.0,400.0,0.0,0.0,0.0,30.0,10.0,30.0,0.0,0.0,1.2
20500370.0,Poison,400.0,0.0,0.0,0.0,0.0,0.0,0.0,90.0,0.07,7.0,0.0,0.0,1.0
20500620.0,Madness,0.0,0.0,0.0,0.0,0.0,130.0,0.0,1.0,15.0,100.0,10.0,30.0,1.0
20500670.0,Rot,0.0,400.0,0.0,0.0,0.0,0.0,0.0,90.0,0.33,13.0,0.0,0.0,1.0
20500710.0,Madness,0.0,0.0,0.0,0.0,0.0,90.0,0.0,1.0,15.0,100.0,10.0,30.0,1.0
20500740.0,Eternal Sleep,0.0,0.0,0.0,0.0,29.0,0.0,0.0,10.0,0.0,0.0,15.0,50.0,1.0
20500911.0,Sleep,0.0,0.0,0.0,0.0,20.0,0.0,0.0,1.0,0.0,0.0,0.0,0.0,1.0
21490003.0,Bleed,0.0,0.0,25.0,0.0,0.0,0.0,0.0,0.0,15.0,100.0,0.0,0.0,1.0
21491001.0,Bleed,0.0,0.0,25.0,0.0,0.0,0.0,0.0,0.0,15.0,100.0,0.0,0.0,1.0
21491010.0,Bleed,0.0,0.0,17.0,0.0,0.0,0.0,0.0,0.1,15.0,100.0,0.0,0.0,1.0
21500000.0,Frost,0.0,0.0,0.0,19.0,0.0,0.0,0.0,10.0,10.0,30.0,0.0,0.0,1.2
21500001.0,Frost,0.0,0.0,0.0,23.0,0.0,0.0,0.0,10.0,10.0,30.0,0.0,0.0,1.2
21620000.0,Frost,0.0,0.0,0.0,170.0,0.0,0.0,0.0,10.0,10.0,30.0,0.0,0.0,1.2
21621000.0,Frost,0.0,0.0,0.0,40.0,0.0,0.0,0.0,10.0,10.0,30.0,0.0,0.0,1.2
21621001.0,Frost,0.0,0.0,0.0,120.0,0.0,0.0,0.0,10.0,10.0,30.0,0.0,0.0,1.2
21621002.0,Frost,0.0,0.0,0.0,50.0,0.0,0.0,0.0,10.0,10.0,30.0,0.0,0.0,1.2
21621003.0,Frost,0.0,0.0,0.0,150.0,0.0,0.0,0.0,10.0,10.0,30.0,0.0,0.0,1.2
21630001.0,Bleed,0.0,0.0,3.0,0.0,0.0,0.0,0.0,0.1,15.0,100.0,0.0,0.0,1.0
21630003.0,Bleed,0.0,0.0,3.0,0.0,0.0,0.0,0.0,0.1,15.0,100.0,0.0,0.0,1.0
21630011.0,Bleed,0.0,0.0,3.0,0.0,0.0,0.0,0.0,0.1,15.0,100.0,0.0,0.0,1.0
21630013.0,Bleed,0.0,0.0,3.0,0.0,0.0,0.0,0.0,0.1,15.0,100.0,0.0,0.0,1.0
21702000.0,Frost,0.0,0.0,0.0,55.0,0.0,0.0,0.0,30.0,10.0,30.0,0.0,0.0,1.2
21720000.0,Rot,0.0,80.0,0.0,0.0,0.0,0.0,0.0,90.0,0.33,13.0,0.0,0.0,1.0
21720001.0,Rot,0.0,20.0,0.0,0.0,0.0,0.0,0.0,90.0,0.33,13.0,0.0,0.0,1.0
21730000.0,Madness,0.0,0.0,0.0,0.0,0.0,30.0,0.0,1.0,15.0,100.0,10.0,30.0,1.0
21730001.0,Madness,0.0,0.0,0.0,0.0,0.0,6.0,0.0,1.0,15.0,100.0,10.0,30.0,1.0
21730002.0,Madness,0.0,0.0,0.0,0.0,0.0,10.0,0.0,1.0,15.0,100.0,10.0,30.0,1.0
