SkillFamily,Hit,UniqueWeapon,PhysMv,MagicMv,FireMv,LtngMv,HolyMv,StatusMv,PoiseMv,StaminaCost,AtkPhys,AtkMag,AtkFire,AtkLtng,AtkHoly,AddBaseAtk,OverwriteScaling,LackingFp
Stamp (Upward Cut),Stamp (Upward Cut),Any,215.0,215.0,215.0,215.0,215.0,100.0,600.0,50.0,0.0,0.0,0.0,0.0,0.0,0.0,-,0.0
Stamp (Upward Cut),Stamp (Upward Cut) (Lacking FP),Any,100.0,100.0,100.0,100.0,100.0,100.0,100.0,50.0,0.0,0.0,0.0,0.0,0.0,0.0,-,1.0
Stamp (Sweep),Stamp (Sweep) [1],Any,92.0,92.0,92.0,92.0,92.0,100.0,150.0,15.0,0.0,0.0,0.0,0.0,0.0,0.0,-,0.0
Stamp (Sweep),Stamp (Sweep) [2],Any,112.0,112.0,112.0,112.0,112.0,100.0,250.0,35.0,0.0,0.0,0.0,0.0,0.0,0.0,-,0.0
Stamp (Sweep),Stamp (Sweep) [1] (Lacking FP),Any,50.0,50.0,50.0,50.0,50.0,100.0,80.0,15.0,0.0,0.0,0.0,0.0,0.0,0.0,-,1.0
Stamp (Sweep),Stamp (Sweep) [2] (Lacking FP),Any,70.0,70.0,70.0,70.0,70.0,100.0,100.0,35.0,0.0,0.0,0.0,0.0,0.0,0.0,-,1.0
Wild Strikes,Wild Strikes - Loop [1],Any,107.0,107.0,107.0,107.0,107.0,100.0,90.0,9.0,0.0,0.0,0.0,0.0,0.0,0.0,-,0.0
Wild Strikes,Wild Strikes - Loop [2],Any,114.0,114.0,114.0,114.0,114.0,100.0,90.0,9.0,0.0,0.0,0.0,0.0,0.0,0.0,-,0.0
Wild Strikes R1,Wild Strikes R1 [1],Any,45.0,45.0,45.0,45.0,45.0,100.0,90.0,0.0,0.0,0.0,0.0,0.0,0.0,0.0,-,0.0
Wild Strikes R1,Wild Strikes R1 [2],Any,154.0,154.0,154.0,154.0,154.0,100.0,400.0,30.0,0.0,0.0,0.0,0.0,0.0,0.0,-,0.0
Wild Strikes R2,Wild Strikes R2 [1],Any,44.0,44.0,44.0,44.0,44.0,100.0,90.0,0.0,0.0,0.0,0.0,0.0,0.0,0.0,-,0.0
Wild Strikes R2,Wild Strikes R2 [2],Any,203.0,203.0,203.0,203.0,203.0,100.0,600.0,40.0,0.0,0.0,0.0,0.0,0.0,0.0,-,0.0
Wild Strikes,Wild Strikes - Loop (Lacking FP),Any,50.0,50.0,50.0,50.0,50.0,100.0,90.0,12.0,0.0,0.0,0.0,0.0,0.0,0.0,-,1.0
Wild Strikes R1,Wild Strikes R1 [1] (Lacking FP),Any,25.0,25.0,25.0,25.0,25.0,100.0,90.0,0.0,0.0,0.0,0.0,0.0,0.0,0.0,-,1.0
Wild Strikes R1,Wild Strikes R1 [2] (Lacking FP),Any,90.0,90.0,90.0,90.0,90.0,100.0,143.0,35.0,0.0,0.0,0.0,0.0,0.0,0.0,-,1.0
Wild Strikes R2,Wild Strikes R2 [1] (Lacking FP),Any,25.0,25.0,25.0,25.0,25.0,100.0,90.0,0.0,0.0,0.0,0.0,0.0,0.0,0.0,-,1.0
Wild Strikes R2,Wild Strikes R2 [2] (Lacking FP),Any,90.0,90.0,90.0,90.0,90.0,100.0,180.0,45.0,0.0,0.0,0.0,0.0,0.0,0.0,-,1.0
Wild Strikes,[Curved Sword] Wild Strikes - Loop [1],Any,126.0,126.0,126.0,126.0,126.0,100.0,100.0,6.0,0.0,0.0,0.0,0.0,0.0,0.0,-,0.0
Wild Strikes,[Curved Sword] Wild Strikes - Loop [2],Any,119.0,119.0,119.0,119.0,119.0,100.0,100.0,6.0,0.0,0.0,0.0,0.0,0.0,0.0,-,0.0
Wild Strikes R1,[Curved Sword] Wild Strikes R1 [1],Any,52.0,52.0,52.0,52.0,52.0,100.0,100.0,0.0,0.0,0.0,0.0,0.0,0.0,0.0,-,0.0
Wild Strikes R1,[Curved Sword] Wild Strikes R1 [2],Any,183.0,183.0,183.0,183.0,183.0,100.0,400.0,20.0,0.0,0.0,0.0,0.0,0.0,0.0,-,0.0
Wild Strikes R2,[Curved Sword] Wild Strikes R2 [1],Any,52.0,52.0,52.0,52.0,52.0,100.0,100.0,0.0,0.0,0.0,0.0,0.0,0.0,0.0,-,0.0
Wild Strikes R2,[Curved Sword] Wild Strikes R2 [2],Any,243.0,243.0,243.0,243.0,243.0,100.0,600.0,30.0,0.0,0.0,0.0,0.0,0.0,0.0,-,0.0
Wild Strikes,[Curved Sword] Wild Strikes - Loop (Lacking FP),Any,50.0,50.0,50.0,50.0,50.0,100.0,100.0,7.0,0.0,0.0,0.0,0.0,0.0,0.0,-,1.0
Wild Strikes R1,[Curved Sword] Wild Strikes R1 [1] (Lacking FP),Any,25.0,25.0,25.0,25.0,25.0,100.0,100.0,0.0,0.0,0.0,0.0,0.0,0.0,0.0,-,1.0
Wild Strikes R1,[Curved Sword] Wild Strikes R1 [2] (Lacking FP),Any,90.0,90.0,90.0,90.0,90.0,100.0,150.0,22.0,0.0,0.0,0.0,0.0,0.0,0.0,-,1.0
Wild Strikes R2,[Curved Sword] Wild Strikes R2 [1] (Lacking FP),Any,25.0,25.0,25.0,25.0,25.0,100.0,100.0,0.0,0.0,0.0,0.0,0.0,0.0,0.0,-,1.0
Wild Strikes R2,[Curved Sword] Wild Strikes R2 [2] (Lacking FP),Any,90.0,90.0,90.0,90.0,90.0,100.0,200.0,32.0,0.0,0.0,0.0,0.0,0.0,0.0,-,1.0
Wild Strikes,[Axe] Wild Strikes - Loop [1],Any,126.0,126.0,126.0,126.0,126.0,100.0,100.0,6.0,0.0,0.0,0.0,0.0,0.0,0.0,-,0.0
Wild Strikes,[Axe] Wild Strikes - Loop [2],Any,119.0,119.0,119.0,119.0,119.0,100.0,100.0,6.0,0.0,0.0,0.0,0.0,0.0,0.0,-,0.0
Wild Strikes R1,[Axe] Wild Strikes R1 [1],Any,52.0,52.0,52.0,52.0,52.0,100.0,100.0,0.0,0.0,0.0,0.0,0.0,0.0,0.0,-,0.0
Wild Strikes R1,[Axe] Wild Strikes R1 [2],Any,183.0,183.0,183.0,183.0,183.0,100.0,400.0,20.0,0.0,0.0,0.0,0.0,0.0,0.0,-,0.0
Wild Strikes R2,[Axe] Wild Strikes R2 [1],Any,52.0,52.0,52.0,52.0,52.0,100.0,100.0,0.0,0.0,0.0,0.0,0.0,0.0,0.0,-,0.0
Wild Strikes R2,[Axe] Wild Strikes R2 [2],Any,243.0,243.0,243.0,243.0,243.0,100.0,600.0,30.0,0.0,0.0,0.0,0.0,0.0,0.0,-,0.0
Wild Strikes,[Axe] Wild Strikes - Loop (Lacking FP),Any,50.0,50.0,50.0,50.0,50.0,100.0,100.0,7.0,0.0,0.0,0.0,0.0,0.0,0.0,-,1.0
Wild Strikes R1,[Axe] Wild Strikes R1 [1] (Lacking FP),Any,25.0,25.0,25.0,25.0,25.0,100.0,100.0,0.0,0.0,0.0,0.0,0.0,0.0,0.0,-,1.0
Wild Strikes R1,[Axe] Wild Strikes R1 [2] (Lacking FP),Any,90.0,90.0,90.0,90.0,90.0,100.0,150.0,22.0,0.0,0.0,0.0,0.0,0.0,0.0,-,1.0
Wild Strikes R2,[Axe] Wild Strikes R2 [1] (Lacking FP),Any,25.0,25.0,25.0,25.0,25.0,100.0,100.0,0.0,0.0,0.0,0.0,0.0,0.0,0.0,-,1.0
Wild Strikes R2,[Axe] Wild Strikes R2 [2] (Lacking FP),Any,90.0,90.0,90.0,90.0,90.0,100.0,200.0,32.0,0.0,0.0,0.0,0.0,0.0,0.0,-,1.0
Wild Strikes,[Hammer] Wild Strikes - Loop [1],Any,126.0,126.0,126.0,126.0,126.0,100.0,100.0,6.0,0.0,0.0,0.0,0.0,0.0,0.0,-,0.0
Wild Strikes,[Hammer] Wild Strikes - Loop [2],Any,119.0,119.0,119.0,119.0,119.0,100.0,100.0,6.0,0.0,0.0,0.0,0.0,0.0,0.0,-,0.0
Wild Strikes R1,[Hammer] Wild Strikes R1 [1],Any,52.0,52.0,52.0,52.0,52.0,100.0,100.0,0.0,0.0,0.0,0.0,0.0,0.0,0.0,-,0.0
Wild Strikes R1,[Hammer] Wild Strikes R1 [2],Any,183.0,183.0,183.0,183.0,183.0,100.0,400.0,20.0,0.0,0.0,0.0,0.0,0.0,0.0,-,0.0
Wild Strikes R2,[Hammer] Wild Strikes R2 [1],Any,52.0,52.0,52.0,52.0,52.0,100.0,100.0,0.0,0.0,0.0,0.0,0.0,0.0,0.0,-,0.0
Wild Strikes R2,[Hammer] Wild Strikes R2 [2],Any,243.0,243.0,243.0,243.0,243.0,100.0,600.0,30.0,0.0,0.0,0.0,0.0,0.0,0.0,-,0.0
Wild Strikes,[Hammer] Wild Strikes - Loop (Lacking FP),Any,50.0,50.0,50.0,50.0,50.0,100.0,100.0,7.0,0.0,0.0,0.0,0.0,0.0,0.0,-,1.0
Wild Strikes R1,[Hammer] Wild Strikes R1 [1] (Lacking FP),Any,25.0,25.0,25.0,25.0,25.0,100.0,100.0,0.0,0.0,0.0,0.0,0.0,0.0,0.0,-,1.0
Wild Strikes R1,[Hammer] Wild Strikes R1 [2] (Lacking FP),Any,90.0,90.0,90.0,90.0,90.0,100.0,150.0,22.0,0.0,0.0,0.0,0.0,0.0,0.0,-,1.0
Wild Strikes R2,[Hammer] Wild Strikes R2 [1] (Lacking FP),Any,25.0,25.0,25.0,25.0,25.0,100.0,100.0,0.0,0.0,0.0,0.0,0.0,0.0,0.0,-,1.0
Wild Strikes R2,[Hammer] Wild Strikes R2 [2] (Lacking FP),Any,90.0,90.0,90.0,90.0,90.0,100.0,200.0,32.0,0.0,0.0,0.0,0.0,0.0,0.0,-,1.0
Wild Strikes,[Flail] Wild Strikes - Loop [1],Any,126.0,126.0,126.0,126.0,126.0,100.0,100.0,6.0,0.0,0.0,0.0,0.0,0.0,0.0,-,0.0
Wild Strikes,[Flail] Wild Strikes - Loop [2],Any,119.0,119.0,119.0,119.0,119.0,100.0,100.0,6.0,0.0,0.0,0.0,0.0,0.0,0.0,-,0.0
Wild Strikes R1,[Flail] Wild Strikes R1 [1],Any,52.0,52.0,52.0,52.0,52.0,100.0,100.0,0.0,0.0,0.0,0.0,0.0,0.0,0.0,-,0.0
Wild Strikes R1,[Flail] Wild Strikes R1 [2],Any,183.0,183.0,183.0,183.0,183.0,100.0,400.0,20.0,0.0,0.0,0.0,0.0,0.0,0.0,-,0.0
Wild Strikes R2,[Flail] Wild Strikes R2 [1],Any,52.0,52.0,52.0,52.0,52.0,100.0,100.0,0.0,0.0,0.0,0.0,0.0,0.0,0.0,-,0.0
Wild Strikes R2,[Flail] Wild Strikes R2 [2],Any,243.0,243.0,243.0,243.0,243.0,100.0,600.0,30.0,0.0,0.0,0.0,0.0,0.0,0.0,-,0.0
Wild Strikes,[Flail] Wild Strikes - Loop (Lacking FP),Any,50.0,50.0,50.0,50.0,50.0,100.0,100.0,7.0,0.0,0.0,0.0,0.0,0.0,0.0,-,1.0
Wild Strikes R1,[Flail] Wild Strikes R1 [1] (Lacking FP),Any,25.0,25.0,25.0,25.0,25.0,100.0,100.0,0.0,0.0,0.0,0.0,0.0,0.0,0.0,-,1.0
Wild Strikes R1,[Flail] Wild Strikes R1 [2] (Lacking FP),Any,90.0,90.0,90.0,90.0,90.0,100.0,150.0,22.0,0.0,0.0,0.0,0.0,0.0,0.0,-,1.0
Wild Strikes R2,[Flail] Wild Strikes R2 [1] (Lacking FP),Any,25.0,25.0,25.0,25.0,25.0,100.0,100.0,0.0,0.0,0.0,0.0,0.0,0.0,0.0,-,1.0
Wild Strikes R2,[Flail] Wild Strikes R2 [2] (Lacking FP),Any,90.0,90.0,90.0,90.0,90.0,100.0,200.0,32.0,0.0,0.0,0.0,0.0,0.0,0.0,-,1.0
Lion's Claw,Lion's Claw,Any,240.0,240.0,240.0,240.0,240.0,100.0,600.0,45.0,0.0,0.0,0.0,0.0,0.0,0.0,-,0.0
Lion's Claw,Lion's Claw (Lacking FP),Any,138.0,138.0,138.0,138.0,138.0,100.0,250.0,45.0,0.0,0.0,0.0,0.0,0.0,0.0,-,1.0
Savage Lion's Claw,Savage Lion's Claw #1,Any,195.0,195.0,195.0,195.0,195.0,100.0,250.0,37.0,0.0,0.0,0.0,0.0,0.0,0.0,-,0.0
Savage Lion's Claw,Savage Lion's Claw #2 [1],Any,68.0,68.0,68.0,68.0,68.0,100.0,200.0,20.0,0.0,0.0,0.0,0.0,0.0,0.0,-,0.0
Savage Lion's Claw,Savage Lion's Claw #2 [2],Any,155.0,155.0,155.0,155.0,155.0,100.0,400.0,30.0,0.0,0.0,0.0,0.0,0.0,0.0,-,0.0
Savage Lion's Claw,Savage Lion's Claw #1 (Lacking FP),Any,120.0,120.0,120.0,120.0,120.0,100.0,100.0,37.0,0.0,0.0,0.0,0.0,0.0,0.0,-,1.0
Savage Lion's Claw,Savage Lion's Claw #2 [1] (Lacking FP),Any,110.0,110.0,110.0,110.0,110.0,100.0,100.0,20.0,0.0,0.0,0.0,0.0,0.0,0.0,-,1.0
Savage Lion's Claw,Savage Lion's Claw #2 [2] (Lacking FP),Any,130.0,130.0,130.0,130.0,130.0,100.0,100.0,30.0,0.0,0.0,0.0,0.0,0.0,0.0,-,1.0
Cragblade,Cragblade [1],Any,100.0,100.0,100.0,100.0,100.0,100.0,150.0,20.0,0.0,0.0,0.0,0.0,0.0,0.0,-,0.0
Cragblade,Cragblade [2],Any,80.0,80.0,80.0,80.0,80.0,100.0,100.0,20.0,0.0,0.0,0.0,0.0,0.0,0.0,-,0.0
Cragblade,Cragblade [1] (Lacking FP),Any,80.0,80.0,80.0,80.0,80.0,100.0,100.0,30.0,0.0,0.0,0.0,0.0,0.0,0.0,-,1.0
Cragblade,Cragblade [2] (Lacking FP),Any,70.0,70.0,70.0,70.0,70.0,100.0,100.0,30.0,0.0,0.0,0.0,0.0,0.0,0.0,-,1.0
Spinning Gravity Thrust,Spinning Gravity Thrust #1 [1],Any,33.0,33.0,33.0,33.0,33.0,65.0,70.0,3.0,0.0,0.0,0.0,0.0,0.0,1.0,-,0.0
Spinning Gravity Thrust,Spinning Gravity Thrust #1 [2],Any,33.0,33.0,33.0,33.0,33.0,65.0,70.0,3.0,0.0,0.0,0.0,0.0,0.0,1.0,-,0.0
Spinning Gravity Thrust,Spinning Gravity Thrust #1 [3],Any,33.0,33.0,33.0,33.0,33.0,65.0,70.0,3.0,0.0,0.0,0.0,0.0,0.0,1.0,-,0.0
Spinning Gravity Thrust,Spinning Gravity Thrust #1 [4],Any,33.0,33.0,33.0,33.0,33.0,65.0,70.0,3.0,0.0,0.0,0.0,0.0,0.0,1.0,-,0.0
Spinning Gravity Thrust,Spinning Gravity Thrust #1 [5],Any,115.0,115.0,115.0,115.0,115.0,65.0,100.0,15.0,0.0,0.0,0.0,0.0,0.0,1.0,-,0.0
Spinning Gravity Thrust,Spinning Gravity Thrust #2 [1],Any,33.0,33.0,33.0,33.0,33.0,65.0,70.0,3.0,0.0,0.0,0.0,0.0,0.0,1.0,-,0.0
Spinning Gravity Thrust,Spinning Gravity Thrust #2 [2],Any,33.0,33.0,33.0,33.0,33.0,65.0,70.0,3.0,0.0,0.0,0.0,0.0,0.0,1.0,-,0.0
Spinning Gravity Thrust,Spinning Gravity Thrust #2 [3],Any,33.0,33.0,33.0,33.0,33.0,65.0,70.0,3.0,0.0,0.0,0.0,0.0,0.0,1.0,-,0.0
Spinning Gravity Thrust,Spinning Gravity Thrust #2 [4],Any,125.0,125.0,125.0,125.0,125.0,65.0,240.0,20.0,0.0,0.0,0.0,0.0,0.0,1.0,-,0.0
Spinning Gravity Thrust,Spinning Gravity Thrust #1 [1] (Lacking FP),Any,20.0,20.0,20.0,20.0,20.0,65.0,50.0,3.0,0.0,0.0,0.0,0.0,0.0,0.0,-,1.0
Spinning Gravity Thrust,Spinning Gravity Thrust #1 [2] (Lacking FP),Any,20.0,20.0,20.0,20.0,20.0,65.0,50.0,3.0,0.0,0.0,0.0,0.0,0.0,0.0,-,1.0
Spinning Gravity Thrust,Spinning Gravity Thrust #1 [3] (Lacking FP),Any,20.0,20.0,20.0,20.0,20.0,65.0,50.0,3.0,0.0,0.0,0.0,0.0,0.0,0.0,-,1.0
Spinning Gravity Thrust,Spinning Gravity Thrust #1 [4] (Lacking FP),Any,20.0,20.0,20.0,20.0,20.0,65.0,50.0,3.0,0.0,0.0,0.0,0.0,0.0,0.0,-,1.0
Spinning Gravity Thrust,Spinning Gravity Thrust #1 [5] (Lacking FP),Any,50.0,50.0,50.0,50.0,50.0,65.0,50.0,15.0,0.0,0.0,0.0,0.0,0.0,0.0,-,1.0
Spinning Gravity Thrust,Spinning Gravity Thrust #2 [1] (Lacking FP),Any,20.0,20.0,20.0,20.0,20.0,65.0,50.0,3.0,0.0,0.0,0.0,0.0,0.0,0.0,-,1.0
Spinning Gravity Thrust,Spinning Gravity Thrust #2 [2] (Lacking FP),Any,20.0,20.0,20.0,20.0,20.0,65.0,50.0,3.0,0.0,0.0,0.0,0.0,0.0,0.0,-,1.0
Spinning Gravity Thrust,Spinning Gravity Thrust #2 [3] (Lacking FP),Any,20.0,20.0,20.0,20.0,20.0,65.0,50.0,3.0,0.0,0.0,0.0,0.0,0.0,0.0,-,1.0
Spinning Gravity Thrust,Spinning Gravity Thrust #2 [4] (Lacking FP),Any,50.0,50.0,50.0,50.0,50.0,65.0,50.0,20.0,0.0,0.0,0.0,0.0,0.0,0.0,-,1.0
Kick,Kick,Any,0.0,0.0,0.0,0.0,30.0,0.0,0.0,16.0,30.0,0.0,0.0,0.0,0.0,1.0,No Scaling,0.0
Kick,Kick (Lacking FP),Any,0.0,0.0,0.0,0.0,10.0,0.0,50.0,16.0,30.0,0.0,0.0,0.0,0.0,1.0,No Scaling,1.0
Ground Slam,Ground Slam - Tush,Any,0.0,0.0,0.0,0.0,0.0,0.0,0.0,40.0,264.0,0.0,0.0,0.0,0.0,1.0,Strength,0.0
Ground Slam,Ground Slam - Shockwave,Any,0.0,0.0,0.0,0.0,0.0,0.0,0.0,0.0,175.0,0.0,0.0,0.0,0.0,1.0,Strength,0.0
Ground Slam,Ground Slam - Tush (Lacking FP),Any,0.0,0.0,0.0,0.0,0.0,0.0,0.0,52.0,120.0,0.0,0.0,0.0,0.0,1.0,Strength,1.0
Ground Slam,Ground Slam - Shockwave (Lacking FP),Any,0.0,0.0,0.0,0.0,0.0,0.0,0.0,0.0,0.0,0.0,0.0,0.0,0.0,1.0,Strength,1.0
Earthshaker,Earthshaker [1],Any,100.0,100.0,100.0,100.0,100.0,100.0,100.0,25.0,0.0,0.0,0.0,0.0,0.0,0.0,-,0.0
Earthshaker,Earthshaker [2],Any,60.0,60.0,60.0,60.0,60.0,50.0,60.0,8.0,0.0,0.0,0.0,0.0,0.0,0.0,-,0.0
Earthshaker,Earthshaker - Shockwave,Any,0.0,0.0,0.0,0.0,0.0,0.0,0.0,0.0,120.0,0.0,0.0,0.0,0.0,1.0,Strength,0.0
Earthshaker R2,Earthshaker R2,Any,140.0,140.0,140.0,140.0,140.0,100.0,140.0,35.0,0.0,0.0,0.0,0.0,0.0,0.0,-,0.0
Earthshaker,Earthshaker (Lacking FP),Any,80.0,80.0,80.0,80.0,80.0,100.0,80.0,30.0,0.0,0.0,0.0,0.0,0.0,0.0,-,1.0
Earthshaker,Earthshaker (Lacking FP),Any,40.0,40.0,40.0,40.0,40.0,50.0,40.0,15.0,0.0,0.0,0.0,0.0,0.0,0.0,-,1.0
Earthshaker,Earthshaker - Shockwave (Lacking FP),Any,0.0,0.0,0.0,0.0,0.0,0.0,0.0,0.0,85.0,0.0,0.0,0.0,0.0,1.0,Strength,1.0
Earthshaker R2,Earthshaker R2 (Lacking FP),Any,100.0,100.0,100.0,100.0,100.0,100.0,100.0,45.0,0.0,0.0,0.0,0.0,0.0,0.0,-,1.0
Hoarah Loux's Earthshaker,Hoarah Loux's Earthshaker - Slam 1,Any,0.0,0.0,0.0,0.0,0.0,0.0,0.0,25.0,220.0,0.0,0.0,0.0,0.0,1.0,Strength,0.0
Hoarah Loux's Earthshaker,Hoarah Loux's Earthshaker - Slam 2,Any,0.0,0.0,0.0,0.0,0.0,0.0,0.0,25.0,250.0,0.0,0.0,0.0,0.0,1.0,Strength,0.0
Hoarah Loux's Earthshaker,Hoarah Loux's Earthshaker - Roar Tick,Any,0.0,0.0,0.0,0.0,0.0,0.0,0.0,0.0,0.0,0.0,0.0,0.0,0.0,1.0,Strength,0.0
Hoarah Loux's Earthshaker,Hoarah Loux's Earthshaker - Roar Tick,Any,0.0,0.0,0.0,0.0,0.0,0.0,0.0,0.0,0.0,0.0,0.0,0.0,0.0,1.0,Strength,0.0
Hoarah Loux's Earthshaker,Hoarah Loux's Earthshaker - Initial Roar,Any,0.0,0.0,0.0,0.0,0.0,0.0,0.0,0.0,0.0,0.0,0.0,0.0,0.0,1.0,Strength,0.0
War Cry,War Cry - Roar,Any,0.0,0.0,0.0,0.0,0.0,0.0,0.0,20.0,0.0,0.0,0.0,0.0,0.0,1.0,Strength,0.0
War Cry,War Cry - Roar (Lacking FP),Any,0.0,0.0,0.0,0.0,0.0,0.0,0.0,40.0,0.0,0.0,0.0,0.0,0.0,0.0,-,1.0
War Cry 1h R2,[Straight Sword] War Cry 1h R2 #1,Any,135.0,135.0,135.0,135.0,135.0,100.0,200.0,30.0,0.0,0.0,0.0,0.0,0.0,0.0,-,0.0
War Cry Charged 1h R2,[Straight Sword] War Cry Charged 1h R2 #1 (Tick),Any,0.0,0.0,0.0,0.0,0.0,0.0,0.0,0.0,0.0,0.0,0.0,0.0,0.0,1.0,-,0.0
War Cry Charged 1h R2,[Straight Sword] War Cry Charged 1h R2 #1 (Tick),Any,0.0,0.0,0.0,0.0,0.0,0.0,0.0,0.0,0.0,0.0,0.0,0.0,0.0,1.0,-,0.0
War Cry Charged 1h R2,[Straight Sword] War Cry Charged 1h R2 #1,Any,175.0,175.0,175.0,175.0,175.0,200.0,600.0,45.0,0.0,0.0,0.0,0.0,0.0,0.0,-,0.0
War Cry 1h R2,[Straight Sword] War Cry 1h R2 #2,Any,135.0,135.0,135.0,135.0,135.0,100.0,200.0,30.0,0.0,0.0,0.0,0.0,0.0,0.0,-,0.0
War Cry Charged 1h R2,[Straight Sword] War Cry Charged 1h R2 #2 (Tick),Any,0.0,0.0,0.0,0.0,0.0,0.0,0.0,0.0,0.0,0.0,0.0,0.0,0.0,1.0,-,0.0
War Cry Charged 1h R2,[Straight Sword] War Cry Charged 1h R2 #2,Any,178.0,178.0,178.0,178.0,178.0,200.0,600.0,45.0,0.0,0.0,0.0,0.0,0.0,0.0,-,0.0
War Cry 2h R2,[Straight Sword] War Cry 2h R2 #1,Any,145.0,145.0,145.0,145.0,145.0,100.0,240.0,36.0,0.0,0.0,0.0,0.0,0.0,0.0,-,0.0
War Cry Charged 2h R2,[Straight Sword] War Cry Charged 2h R2 #1 (Tick),Any,0.0,0.0,0.0,0.0,0.0,0.0,0.0,0.0,0.0,0.0,0.0,0.0,0.0,1.0,-,0.0
War Cry Charged 2h R2,[Straight Sword] War Cry Charged 2h R2 #1 (Tick),Any,0.0,0.0,0.0,0.0,0.0,0.0,0.0,0.0,0.0,0.0,0.0,0.0,0.0,1.0,-,0.0
War Cry Charged 2h R2,[Straight Sword] War Cry Charged 2h R2 #1,Any,185.0,185.0,185.0,185.0,185.0,200.0,660.0,54.0,0.0,0.0,0.0,0.0,0.0,0.0,-,0.0
War Cry 2h R2,[Straight Sword] War Cry 2h R2 #2,Any,145.0,145.0,145.0,145.0,145.0,100.0,240.0,36.0,0.0,0.0,0.0,0.0,0.0,0.0,-,0.0
War Cry Charged 2h R2,[Straight Sword] War Cry Charged 2h R2 #2 (Tick),Any,0.0,0.0,0.0,0.0,0.0,0.0,0.0,0.0,0.0,0.0,0.0,0.0,0.0,1.0,-,0.0
War Cry Charged 2h R2,[Straight Sword] War Cry Charged 2h R2 #2,Any,188.0,188.0,188.0,188.0,188.0,200.0,660.0,54.0,0.0,0.0,0.0,0.0,0.0,0.0,-,0.0
War Cry 1h R2,[Light Greatsword] War Cry 1h R2 #1,Any,135.0,135.0,135.0,135.0,135.0,100.0,200.0,30.0,0.0,0.0,0.0,0.0,0.0,0.0,-,0.0
War Cry Charged 1h R2,[Light Greatsword] War Cry Charged 1h R2 #1 (Tick),Any,0.0,0.0,0.0,0.0,0.0,0.0,0.0,0.0,0.0,0.0,0.0,0.0,0.0,1.0,-,0.0
War Cry Charged 1h R2,[Light Greatsword] War Cry Charged 1h R2 #1 (Tick),Any,0.0,0.0,0.0,0.0,0.0,0.0,0.0,0.0,0.0,0.0,0.0,0.0,0.0,1.0,-,0.0
War Cry Charged 1h R2,[Light Greatsword] War Cry Charged 1h R2 #1,Any,175.0,175.0,175.0,175.0,175.0,200.0,600.0,45.0,0.0,0.0,0.0,0.0,0.0,0.0,-,0.0
War Cry 1h R2,[Light Greatsword] War Cry 1h R2 #2,Any,135.0,135.0,135.0,135.0,135.0,100.0,200.0,30.0,0.0,0.0,0.0,0.0,0.0,0.0,-,0.0
War Cry Charged 1h R2,[Light Greatsword] War Cry Charged 1h R2 #2 (Tick),Any,0.0,0.0,0.0,0.0,0.0,0.0,0.0,0.0,0.0,0.0,0.0,0.0,0.0,1.0,-,0.0
War Cry Charged 1h R2,[Light Greatsword] War Cry Charged 1h R2 #2,Any,178.0,178.0,178.0,178.0,178.0,200.0,600.0,45.0,0.0,0.0,0.0,0.0,0.0,0.0,-,0.0
War Cry 2h R2,[Light Greatsword] War Cry 2h R2 #1,Any,145.0,145.0,145.0,145.0,145.0,100.0,240.0,36.0,0.0,0.0,0.0,0.0,0.0,0.0,-,0.0
War Cry Charged 2h R2,[Light Greatsword] War Cry Charged 2h R2 #1 (Tick),Any,0.0,0.0,0.0,0.0,0.0,0.0,0.0,0.0,0.0,0.0,0.0,0.0,0.0,1.0,-,0.0
War Cry Charged 2h R2,[Light Greatsword] War Cry Charged 2h R2 #1 (Tick),Any,0.0,0.0,0.0,0.0,0.0,0.0,0.0,0.0,0.0,0.0,0.0,0.0,0.0,1.0,-,0.0
War Cry Charged 2h R2,[Light Greatsword] War Cry Charged 2h R2 #1,Any,185.0,185.0,185.0,185.0,185.0,200.0,660.0,54.0,0.0,0.0,0.0,0.0,0.0,0.0,-,0.0
War Cry 2h R2,[Light Greatsword] War Cry 2h R2 #2,Any,145.0,145.0,145.0,145.0,145.0,100.0,240.0,36.0,0.0,0.0,0.0,0.0,0.0,0.0,-,0.0
War Cry Charged 2h R2,[Light Greatsword] War Cry Charged 2h R2 #2 (Tick),Any,0.0,0.0,0.0,0.0,0.0,0.0,0.0,0.0,0.0,0.0,0.0,0.0,0.0,1.0,-,0.0
War Cry Charged 2h R2,[Light Greatsword] War Cry Charged 2h R2 #2,Any,188.0,188.0,188.0,188.0,188.0,200.0,660.0,54.0,0.0,0.0,0.0,0.0,0.0,0.0,-,0.0
War Cry 1h R2,[Greatsword] War Cry 1h R2 #1,Any,135.0,135.0,135.0,135.0,135.0,100.0,200.0,35.0,0.0,0.0,0.0,0.0,0.0,0.0,-,0.0
War Cry Charged 1h R2,[Greatsword] War Cry Charged 1h R2 #1 (Tick),Any,0.0,0.0,0.0,0.0,0.0,0.0,0.0,0.0,0.0,0.0,0.0,0.0,0.0,1.0,-,0.0
War Cry Charged 1h R2,[Greatsword] War Cry Charged 1h R2 #1 (Tick),Any,0.0,0.0,0.0,0.0,0.0,0.0,0.0,0.0,0.0,0.0,0.0,0.0,0.0,1.0,-,0.0
War Cry Charged 1h R2,[Greatsword] War Cry Charged 1h R2 #1,Any,190.0,190.0,190.0,190.0,190.0,200.0,600.0,50.0,0.0,0.0,0.0,0.0,0.0,0.0,-,0.0
War Cry 1h R2,[Greatsword] War Cry 1h R2 #2,Any,135.0,135.0,135.0,135.0,135.0,100.0,200.0,35.0,0.0,0.0,0.0,0.0,0.0,0.0,-,0.0
War Cry Charged 1h R2,[Greatsword] War Cry Charged 1h R2 #2 (Tick),Any,0.0,0.0,0.0,0.0,0.0,0.0,0.0,0.0,0.0,0.0,0.0,0.0,0.0,1.0,-,0.0
War Cry Charged 1h R2,[Greatsword] War Cry Charged 1h R2 #2,Any,195.0,195.0,195.0,195.0,195.0,200.0,600.0,50.0,0.0,0.0,0.0,0.0,0.0,0.0,-,0.0
War Cry 2h R2,[Greatsword] War Cry 2h R2 #1,Any,150.0,150.0,150.0,150.0,150.0,100.0,240.0,42.0,0.0,0.0,0.0,0.0,0.0,0.0,-,0.0
War Cry Charged 2h R2,[Greatsword] War Cry Charged 2h R2 #1 (Tick),Any,0.0,0.0,0.0,0.0,0.0,0.0,0.0,0.0,0.0,0.0,0.0,0.0,0.0,1.0,-,0.0
War Cry Charged 2h R2,[Greatsword] War Cry Charged 2h R2 #1 (Tick),Any,0.0,0.0,0.0,0.0,0.0,0.0,0.0,0.0,0.0,0.0,0.0,0.0,0.0,1.0,-,0.0
War Cry Charged 2h R2,[Greatsword] War Cry Charged 2h R2 #1,Any,205.0,205.0,205.0,205.0,205.0,200.0,660.0,60.0,0.0,0.0,0.0,0.0,0.0,0.0,-,0.0
War Cry 2h R2,[Greatsword] War Cry 2h R2 #2,Any,150.0,150.0,150.0,150.0,150.0,100.0,240.0,42.0,0.0,0.0,0.0,0.0,0.0,0.0,-,0.0
War Cry Charged 2h R2,[Greatsword] War Cry Charged 2h R2 #2 (Tick),Any,0.0,0.0,0.0,0.0,0.0,0.0,0.0,0.0,0.0,0.0,0.0,0.0,0.0,1.0,-,0.0
War Cry Charged 2h R2,[Greatsword] War Cry Charged 2h R2 #2,Any,210.0,210.0,210.0,210.0,210.0,200.0,660.0,60.0,0.0,0.0,0.0,0.0,0.0,0.0,-,0.0
War Cry 1h R2,[Colossal Sword] War Cry 1h R2 #1,Any,135.0,135.0,135.0,135.0,135.0,100.0,200.0,40.0,0.0,0.0,0.0,0.0,0.0,0.0,-,0.0
War Cry Charged 1h R2,[Colossal Sword] War Cry Charged 1h R2 #1 (Tick),Any,0.0,0.0,0.0,0.0,0.0,0.0,0.0,0.0,0.0,0.0,0.0,0.0,0.0,1.0,-,0.0
War Cry Charged 1h R2,[Colossal Sword] War Cry Charged 1h R2 #1 (Tick),Any,0.0,0.0,0.0,0.0,0.0,0.0,0.0,0.0,0.0,0.0,0.0,0.0,0.0,1.0,-,0.0
War Cry Charged 1h R2,[Colossal Sword] War Cry Charged 1h R2 #1,Any,195.0,195.0,195.0,195.0,195.0,300.0,600.0,55.0,0.0,0.0,0.0,0.0,0.0,0.0,-,0.0
War Cry 1h R2,[Colossal Sword] War Cry 1h R2 #2,Any,135.0,135.0,135.0,135.0,135.0,100.0,200.0,45.0,0.0,0.0,0.0,0.0,0.0,0.0,-,0.0
War Cry Charged 1h R2,[Colossal Sword] War Cry Charged 1h R2 #2 (Tick),Any,0.0,0.0,0.0,0.0,0.0,0.0,0.0,0.0,0.0,0.0,0.0,0.0,0.0,1.0,-,0.0
War Cry Charged 1h R2,[Colossal Sword] War Cry Charged 1h R2 #2,Any,200.0,200.0,200.0,200.0,200.0,300.0,600.0,55.0,0.0,0.0,0.0,0.0,0.0,0.0,-,0.0
War Cry 2h R2,[Colossal Sword] War Cry 2h R2 #1,Any,140.0,140.0,140.0,140.0,140.0,100.0,240.0,48.0,0.0,0.0,0.0,0.0,0.0,0.0,-,0.0
War Cry Charged 2h R2,[Colossal Sword] War Cry Charged 2h R2 #1 (Tick),Any,0.0,0.0,0.0,0.0,0.0,0.0,0.0,0.0,0.0,0.0,0.0,0.0,0.0,1.0,-,0.0
War Cry Charged 2h R2,[Colossal Sword] War Cry Charged 2h R2 #1 (Tick),Any,0.0,0.0,0.0,0.0,0.0,0.0,0.0,0.0,0.0,0.0,0.0,0.0,0.0,1.0,-,0.0
War Cry Charged 2h R2,[Colossal Sword] War Cry Charged 2h R2 #1,Any,205.0,205.0,205.0,205.0,205.0,300.0,660.0,66.0,0.0,0.0,0.0,0.0,0.0,0.0,-,0.0
War Cry 2h R2,[Colossal Sword] War Cry 2h R2 #2,Any,140.0,140.0,140.0,140.0,140.0,100.0,240.0,54.0,0.0,0.0,0.0,0.0,0.0,0.0,-,0.0
War Cry Charged 2h R2,[Colossal Sword] War Cry Charged 2h R2 #2 (Tick),Any,0.0,0.0,0.0,0.0,0.0,0.0,0.0,0.0,0.0,0.0,0.0,0.0,0.0,1.0,-,0.0
War Cry Charged 2h R2,[Colossal Sword] War Cry Charged 2h R2 #2,Any,210.0,210.0,210.0,210.0,210.0,300.0,660.0,66.0,0.0,0.0,0.0,0.0,0.0,0.0,-,0.0
War Cry 1h R2,[Curved Sword] War Cry 1h R2 #1,Any,135.0,135.0,135.0,135.0,135.0,100.0,200.0,30.0,0.0,0.0,0.0,0.0,0.0,0.0,-,0.0
War Cry Charged 1h R2,[Curved Sword] War Cry Charged 1h R2 #1 (Tick),Any,0.0,0.0,0.0,0.0,0.0,0.0,0.0,0.0,0.0,0.0,0.0,0.0,0.0,1.0,-,0.0
War Cry Charged 1h R2,[Curved Sword] War Cry Charged 1h R2 #1 (Tick),Any,0.0,0.0,0.0,0.0,0.0,0.0,0.0,0.0,0.0,0.0,0.0,0.0,0.0,1.0,-,0.0
War Cry Charged 1h R2,[Curved Sword] War Cry Charged 1h R2 #1,Any,175.0,175.0,175.0,175.0,175.0,200.0,600.0,45.0,0.0,0.0,0.0,0.0,0.0,0.0,-,0.0
War Cry 1h R2,[Curved Sword] War Cry 1h R2 #2,Any,135.0,135.0,135.0,135.0,135.0,100.0,200.0,30.0,0.0,0.0,0.0,0.0,0.0,0.0,-,0.0
War Cry Charged 1h R2,[Curved Sword] War Cry Charged 1h R2 #2 (Tick),Any,0.0,0.0,0.0,0.0,0.0,0.0,0.0,0.0,0.0,0.0,0.0,0.0,0.0,1.0,-,0.0
War Cry Charged 1h R2,[Curved Sword] War Cry Charged 1h R2 #2,Any,178.0,178.0,178.0,178.0,178.0,200.0,600.0,45.0,0.0,0.0,0.0,0.0,0.0,0.0,-,0.0
War Cry 2h R2,[Curved Sword] War Cry 2h R2 #1,Any,145.0,145.0,145.0,145.0,145.0,100.0,240.0,36.0,0.0,0.0,0.0,0.0,0.0,0.0,-,0.0
War Cry Charged 2h R2,[Curved Sword] War Cry Charged 2h R2 #1 (Tick),Any,0.0,0.0,0.0,0.0,0.0,0.0,0.0,0.0,0.0,0.0,0.0,0.0,0.0,1.0,-,0.0
War Cry Charged 2h R2,[Curved Sword] War Cry Charged 2h R2 #1 (Tick),Any,0.0,0.0,0.0,0.0,0.0,0.0,0.0,0.0,0.0,0.0,0.0,0.0,0.0,1.0,-,0.0
War Cry Charged 2h R2,[Curved Sword] War Cry Charged 2h R2 #1,Any,185.0,185.0,185.0,185.0,185.0,200.0,660.0,54.0,0.0,0.0,0.0,0.0,0.0,0.0,-,0.0
War Cry 2h R2,[Curved Sword] War Cry 2h R2 #2,Any,145.0,145.0,145.0,145.0,145.0,100.0,240.0,36.0,0.0,0.0,0.0,0.0,0.0,0.0,-,0.0
War Cry Charged 2h R2,[Curved Sword] War Cry Charged 2h R2 #2 (Tick),Any,0.0,0.0,0.0,0.0,0.0,0.0,0.0,0.0,0.0,0.0,0.0,0.0,0.0,1.0,-,0.0
War Cry Charged 2h R2,[Curved Sword] War Cry Charged 2h R2 #2,Any,188.0,188.0,188.0,188.0,188.0,200.0,660.0,54.0,0.0,0.0,0.0,0.0,0.0,0.0,-,0.0
War Cry 1h R2,[Curved Greatsword] War Cry 1h R2 #1,Any,135.0,135.0,135.0,135.0,135.0,100.0,200.0,35.0,0.0,0.0,0.0,0.0,0.0,0.0,-,0.0
War Cry Charged 1h R2,[Curved Greatsword] War Cry Charged 1h R2 #1 (Tick),Any,0.0,0.0,0.0,0.0,0.0,0.0,0.0,0.0,0.0,0.0,0.0,0.0,0.0,1.0,-,0.0
War Cry Charged 1h R2,[Curved Greatsword] War Cry Charged 1h R2 #1 (Tick),Any,0.0,0.0,0.0,0.0,0.0,0.0,0.0,0.0,0.0,0.0,0.0,0.0,0.0,1.0,-,0.0
War Cry Charged 1h R2,[Curved Greatsword] War Cry Charged 1h R2 #1,Any,190.0,190.0,190.0,190.0,190.0,200.0,600.0,50.0,0.0,0.0,0.0,0.0,0.0,0.0,-,0.0
War Cry 1h R2,[Curved Greatsword] War Cry 1h R2 #2,Any,135.0,135.0,135.0,135.0,135.0,100.0,200.0,35.0,0.0,0.0,0.0,0.0,0.0,0.0,-,0.0
War Cry Charged 1h R2,[Curved Greatsword] War Cry Charged 1h R2 #2 (Tick),Any,0.0,0.0,0.0,0.0,0.0,0.0,0.0,0.0,0.0,0.0,0.0,0.0,0.0,1.0,-,0.0
War Cry Charged 1h R2,[Curved Greatsword] War Cry Charged 1h R2 #2,Any,195.0,195.0,195.0,195.0,195.0,200.0,600.0,50.0,0.0,0.0,0.0,0.0,0.0,0.0,-,0.0
War Cry 2h R2,[Curved Greatsword] War Cry 2h R2 #1,Any,150.0,150.0,150.0,150.0,150.0,100.0,240.0,42.0,0.0,0.0,0.0,0.0,0.0,0.0,-,0.0
War Cry Charged 2h R2,[Curved Greatsword] War Cry Charged 2h R2 #1 (Tick),Any,0.0,0.0,0.0,0.0,0.0,0.0,0.0,0.0,0.0,0.0,0.0,0.0,0.0,1.0,-,0.0
War Cry Charged 2h R2,[Curved Greatsword] War Cry Charged 2h R2 #1 (Tick),Any,0.0,0.0,0.0,0.0,0.0,0.0,0.0,0.0,0.0,0.0,0.0,0.0,0.0,1.0,-,0.0
War Cry Charged 2h R2,[Curved Greatsword] War Cry Charged 2h R2 #1,Any,205.0,205.0,205.0,205.0,205.0,200.0,660.0,60.0,0.0,0.0,0.0,0.0,0.0,0.0,-,0.0
War Cry 2h R2,[Curved Greatsword] War Cry 2h R2 #2,Any,150.0,150.0,150.0,150.0,150.0,100.0,240.0,42.0,0.0,0.0,0.0,0.0,0.0,0.0,-,0.0
War Cry Charged 2h R2,[Curved Greatsword] War Cry Charged 2h R2 #2 (Tick),Any,0.0,0.0,0.0,0.0,0.0,0.0,0.0,0.0,0.0,0.0,0.0,0.0,0.0,1.0,-,0.0
War Cry Charged 2h R2,[Curved Greatsword] War Cry Charged 2h R2 #2,Any,210.0,210.0,210.0,210.0,210.0,200.0,660.0,60.0,0.0,0.0,0.0,0.0,0.0,0.0,-,0.0
War Cry 1h R2,[Katana] War Cry 1h R2 #1,Any,135.0,135.0,135.0,135.0,135.0,100.0,200.0,30.0,0.0,0.0,0.0,0.0,0.0,0.0,-,0.0
War Cry Charged 1h R2,[Katana] War Cry Charged 1h R2 #1 (Tick),Any,0.0,0.0,0.0,0.0,0.0,0.0,0.0,0.0,0.0,0.0,0.0,0.0,0.0,1.0,-,0.0
War Cry Charged 1h R2,[Katana] War Cry Charged 1h R2 #1 (Tick),Any,0.0,0.0,0.0,0.0,0.0,0.0,0.0,0.0,0.0,0.0,0.0,0.0,0.0,1.0,-,0.0
War Cry Charged 1h R2,[Katana] War Cry Charged 1h R2 #1,Any,175.0,175.0,175.0,175.0,175.0,200.0,600.0,45.0,0.0,0.0,0.0,0.0,0.0,0.0,-,0.0
War Cry 1h R2,[Katana] War Cry 1h R2 #2,Any,135.0,135.0,135.0,135.0,135.0,100.0,200.0,30.0,0.0,0.0,0.0,0.0,0.0,0.0,-,0.0
War Cry Charged 1h R2,[Katana] War Cry Charged 1h R2 #2 (Tick),Any,0.0,0.0,0.0,0.0,0.0,0.0,0.0,0.0,0.0,0.0,0.0,0.0,0.0,1.0,-,0.0
War Cry Charged 1h R2,[Katana] War Cry Charged 1h R2 #2,Any,178.0,178.0,178.0,178.0,178.0,200.0,600.0,45.0,0.0,0.0,0.0,0.0,0.0,0.0,-,0.0
War Cry 2h R2,[Katana] War Cry 2h R2 #1,Any,145.0,145.0,145.0,145.0,145.0,100.0,240.0,36.0,0.0,0.0,0.0,0.0,0.0,0.0,-,0.0
War Cry Charged 2h R2,[Katana] War Cry Charged 2h R2 #1 (Tick),Any,0.0,0.0,0.0,0.0,0.0,0.0,0.0,0.0,0.0,0.0,0.0,0.0,0.0,1.0,-,0.0
War Cry Charged 2h R2,[Katana] War Cry Charged 2h R2 #1 (Tick),Any,0.0,0.0,0.0,0.0,0.0,0.0,0.0,0.0,0.0,0.0,0.0,0.0,0.0,1.0,-,0.0
War Cry Charged 2h R2,[Katana] War Cry Charged 2h R2 #1,Any,185.0,185.0,185.0,185.0,185.0,200.0,660.0,54.0,0.0,0.0,0.0,0.0,0.0,0.0,-,0.0
War Cry 2h R2,[Katana] War Cry 2h R2 #2,Any,145.0,145.0,145.0,145.0,145.0,100.0,240.0,36.0,0.0,0.0,0.0,0.0,0.0,0.0,-,0.0
War Cry Charged 2h R2,[Katana] War Cry Charged 2h R2 #2 (Tick),Any,0.0,0.0,0.0,0.0,0.0,0.0,0.0,0.0,0.0,0.0,0.0,0.0,0.0,1.0,-,0.0
War Cry Charged 2h R2,[Katana] War Cry Charged 2h R2 #2,Any,188.0,188.0,188.0,188.0,188.0,200.0,660.0,54.0,0.0,0.0,0.0,0.0,0.0,0.0,-,0.0
War Cry 1h R2,[Great Katana] War Cry 1h R2 #1,Any,135.0,135.0,135.0,135.0,135.0,100.0,200.0,30.0,0.0,0.0,0.0,0.0,0.0,0.0,-,0.0
War Cry Charged 1h R2,[Great Katana] War Cry Charged 1h R2 #1 (Tick),Any,0.0,0.0,0.0,0.0,0.0,0.0,0.0,0.0,0.0,0.0,0.0,0.0,0.0,1.0,-,0.0
War Cry Charged 1h R2,[Great Katana] War Cry Charged 1h R2 #1 (Tick),Any,0.0,0.0,0.0,0.0,0.0,0.0,0.0,0.0,0.0,0.0,0.0,0.0,0.0,1.0,-,0.0
War Cry Charged 1h R2,[Great Katana] War Cry Charged 1h R2 #1,Any,175.0,175.0,175.0,175.0,175.0,200.0,600.0,45.0,0.0,0.0,0.0,0.0,0.0,0.0,-,0.0
War Cry 1h R2,[Great Katana] War Cry 1h R2 #2,Any,135.0,135.0,135.0,135.0,135.0,100.0,200.0,30.0,0.0,0.0,0.0,0.0,0.0,0.0,-,0.0
War Cry Charged 1h R2,[Great Katana] War Cry Charged 1h R2 #2 (Tick),Any,0.0,0.0,0.0,0.0,0.0,0.0,0.0,0.0,0.0,0.0,0.0,0.0,0.0,1.0,-,0.0
War Cry Charged 1h R2,[Great Katana] War Cry Charged 1h R2 #2,Any,178.0,178.0,178.0,178.0,178.0,200.0,600.0,45.0,0.0,0.0,0.0,0.0,0.0,0.0,-,0.0
War Cry 2h R2,[Great Katana] War Cry 2h R2 #1,Any,145.0,145.0,145.0,145.0,145.0,100.0,240.0,36.0,0.0,0.0,0.0,0.0,0.0,0.0,-,0.0
War Cry Charged 2h R2,[Great Katana] War Cry Charged 2h R2 #1 (Tick),Any,0.0,0.0,0.0,0.0,0.0,0.0,0.0,0.0,0.0,0.0,0.0,0.0,0.0,1.0,-,0.0
War Cry Charged 2h R2,[Great Katana] War Cry Charged 2h R2 #1 (Tick),Any,0.0,0.0,0.0,0.0,0.0,0.0,0.0,0.0,0.0,0.0,0.0,0.0,0.0,1.0,-,0.0
War Cry Charged 2h R2,[Great Katana] War Cry Charged 2h R2 #1,Any,185.0,185.0,185.0,185.0,185.0,200.0,660.0,54.0,0.0,0.0,0.0,0.0,0.0,0.0,-,0.0
War Cry 2h R2,[Great Katana] War Cry 2h R2 #2,Any,145.0,145.0,145.0,145.0,145.0,100.0,240.0,36.0,0.0,0.0,0.0,0.0,0.0,0.0,-,0.0
War Cry Charged 2h R2,[Great Katana] War Cry Charged 2h R2 #2 (Tick),Any,0.0,0.0,0.0,0.0,0.0,0.0,0.0,0.0,0.0,0.0,0.0,0.0,0.0,1.0,-,0.0
War Cry Charged 2h R2,[Great Katana] War Cry Charged 2h R2 #2,Any,188.0,188.0,188.0,188.0,188.0,200.0,660.0,54.0,0.0,0.0,0.0,0.0,0.0,0.0,-,0.0
War Cry 1h R2,[Twinblade] War Cry 1h R2 #1,Any,135.0,135.0,135.0,135.0,135.0,100.0,200.0,30.0,0.0,0.0,0.0,0.0,0.0,0.0,-,0.0
War Cry Charged 1h R2,[Twinblade] War Cry Charged 1h R2 #1 (Tick),Any,0.0,0.0,0.0,0.0,0.0,0.0,0.0,0.0,0.0,0.0,0.0,0.0,0.0,1.0,-,0.0
War Cry Charged 1h R2,[Twinblade] War Cry Charged 1h R2 #1 (Tick),Any,0.0,0.0,0.0,0.0,0.0,0.0,0.0,0.0,0.0,0.0,0.0,0.0,0.0,1.0,-,0.0
War Cry Charged 1h R2,[Twinblade] War Cry Charged 1h R2 #1,Any,175.0,175.0,175.0,175.0,175.0,200.0,600.0,45.0,0.0,0.0,0.0,0.0,0.0,0.0,-,0.0
War Cry 1h R2,[Twinblade] War Cry 1h R2 #2,Any,135.0,135.0,135.0,135.0,135.0,100.0,200.0,30.0,0.0,0.0,0.0,0.0,0.0,0.0,-,0.0
War Cry Charged 1h R2,[Twinblade] War Cry Charged 1h R2 #2 (Tick),Any,0.0,0.0,0.0,0.0,0.0,0.0,0.0,0.0,0.0,0.0,0.0,0.0,0.0,1.0,-,0.0
War Cry Charged 1h R2,[Twinblade] War Cry Charged 1h R2 #2,Any,178.0,178.0,178.0,178.0,178.0,200.0,600.0,45.0,0.0,0.0,0.0,0.0,0.0,0.0,-,0.0
War Cry 2h R2,[Twinblade] War Cry 2h R2 #1,Any,145.0,145.0,145.0,145.0,145.0,100.0,240.0,36.0,0.0,0.0,0.0,0.0,0.0,0.0,-,0.0
War Cry Charged 2h R2,[Twinblade] War Cry Charged 2h R2 #1 (Tick),Any,0.0,0.0,0.0,0.0,0.0,0.0,0.0,0.0,0.0,0.0,0.0,0.0,0.0,1.0,-,0.0
War Cry Charged 2h R2,[Twinblade] War Cry Charged 2h R2 #1 (Tick),Any,0.0,0.0,0.0,0.0,0.0,0.0,0.0,0.0,0.0,0.0,0.0,0.0,0.0,1.0,-,0.0
War Cry Charged 2h R2,[Twinblade] War Cry Charged 2h R2 #1,Any,185.0,185.0,185.0,185.0,185.0,200.0,660.0,54.0,0.0,0.0,0.0,0.0,0.0,0.0,-,0.0
War Cry 2h R2,[Twinblade] War Cry 2h R2 #2,Any,145.0,145.0,145.0,145.0,145.0,100.0,240.0,36.0,0.0,0.0,0.0,0.0,0.0,0.0,-,0.0
War Cry Charged 2h R2,[Twinblade] War Cry Charged 2h R2 #2 (Tick),Any,0.0,0.0,0.0,0.0,0.0,0.0,0.0,0.0,0.0,0.0,0.0,0.0,0.0,1.0,-,0.0
War Cry Charged 2h R2,[Twinblade] War Cry Charged 2h R2 #2,Any,188.0,188.0,188.0,188.0,188.0,200.0,660.0,54.0,0.0,0.0,0.0,0.0,0.0,0.0,-,0.0
War Cry 1h R2,[Axe] War Cry 1h R2 #1,Any,140.0,140.0,140.0,140.0,140.0,100.0,200.0,30.0,0.0,0.0,0.0,0.0,0.0,0.0,-,0.0
War Cry Charged 1h R2,[Axe] War Cry Charged 1h R2 #1 (Tick),Any,0.0,0.0,0.0,0.0,0.0,0.0,0.0,0.0,0.0,0.0,0.0,0.0,0.0,1.0,-,0.0
War Cry Charged 1h R2,[Axe] War Cry Charged 1h R2 #1 (Tick),Any,0.0,0.0,0.0,0.0,0.0,0.0,0.0,0.0,0.0,0.0,0.0,0.0,0.0,1.0,-,0.0
War Cry Charged 1h R2,[Axe] War Cry Charged 1h R2 #1,Any,180.0,180.0,180.0,180.0,180.0,200.0,600.0,45.0,0.0,0.0,0.0,0.0,0.0,0.0,-,0.0
War Cry 1h R2,[Axe] War Cry 1h R2 #2,Any,140.0,140.0,140.0,140.0,140.0,100.0,200.0,30.0,0.0,0.0,0.0,0.0,0.0,0.0,-,0.0
War Cry Charged 1h R2,[Axe] War Cry Charged 1h R2 #2 (Tick),Any,0.0,0.0,0.0,0.0,0.0,0.0,0.0,0.0,0.0,0.0,0.0,0.0,0.0,1.0,-,0.0
War Cry Charged 1h R2,[Axe] War Cry Charged 1h R2 #2,Any,183.0,183.0,183.0,183.0,183.0,200.0,600.0,45.0,0.0,0.0,0.0,0.0,0.0,0.0,-,0.0
War Cry 2h R2,[Axe] War Cry 2h R2 #1,Any,150.0,150.0,150.0,150.0,150.0,100.0,240.0,36.0,0.0,0.0,0.0,0.0,0.0,0.0,-,0.0
War Cry Charged 2h R2,[Axe] War Cry Charged 2h R2 #1 (Tick),Any,0.0,0.0,0.0,0.0,0.0,0.0,0.0,0.0,0.0,0.0,0.0,0.0,0.0,1.0,-,0.0
War Cry Charged 2h R2,[Axe] War Cry Charged 2h R2 #1 (Tick),Any,0.0,0.0,0.0,0.0,0.0,0.0,0.0,0.0,0.0,0.0,0.0,0.0,0.0,1.0,-,0.0
War Cry Charged 2h R2,[Axe] War Cry Charged 2h R2 #1,Any,190.0,190.0,190.0,190.0,190.0,200.0,660.0,54.0,0.0,0.0,0.0,0.0,0.0,0.0,-,0.0
War Cry 2h R2,[Axe] War Cry 2h R2 #2,Any,150.0,150.0,150.0,150.0,150.0,100.0,240.0,36.0,0.0,0.0,0.0,0.0,0.0,0.0,-,0.0
War Cry Charged 2h R2,[Axe] War Cry Charged 2h R2 #2 (Tick),Any,0.0,0.0,0.0,0.0,0.0,0.0,0.0,0.0,0.0,0.0,0.0,0.0,0.0,1.0,-,0.0
War Cry Charged 2h R2,[Axe] War Cry Charged 2h R2 #2,Any,193.0,193.0,193.0,193.0,193.0,200.0,660.0,54.0,0.0,0.0,0.0,0.0,0.0,0.0,-,0.0
War Cry 1h R2,[Greataxe] War Cry 1h R2 #1,Any,140.0,140.0,140.0,140.0,140.0,100.0,200.0,38.0,0.0,0.0,0.0,0.0,0.0,0.0,-,0.0
War Cry Charged 1h R2,[Greataxe] War Cry Charged 1h R2 #1 (Tick),Any,0.0,0.0,0.0,0.0,0.0,0.0,0.0,0.0,0.0,0.0,0.0,0.0,0.0,1.0,-,0.0
War Cry Charged 1h R2,[Greataxe] War Cry Charged 1h R2 #1 (Tick),Any,0.0,0.0,0.0,0.0,0.0,0.0,0.0,0.0,0.0,0.0,0.0,0.0,0.0,1.0,-,0.0
War Cry Charged 1h R2,[Greataxe] War Cry Charged 1h R2 #1,Any,195.0,195.0,195.0,195.0,195.0,200.0,600.0,53.0,0.0,0.0,0.0,0.0,0.0,0.0,-,0.0
War Cry 1h R2,[Greataxe] War Cry 1h R2 #2,Any,140.0,140.0,140.0,140.0,140.0,100.0,200.0,38.0,0.0,0.0,0.0,0.0,0.0,0.0,-,0.0
War Cry Charged 1h R2,[Greataxe] War Cry Charged 1h R2 #2 (Tick),Any,0.0,0.0,0.0,0.0,0.0,0.0,0.0,0.0,0.0,0.0,0.0,0.0,0.0,1.0,-,0.0
War Cry Charged 1h R2,[Greataxe] War Cry Charged 1h R2 #2,Any,200.0,200.0,200.0,200.0,200.0,200.0,600.0,53.0,0.0,0.0,0.0,0.0,0.0,0.0,-,0.0
War Cry 2h R2,[Greataxe] War Cry 2h R2 #1,Any,155.0,155.0,155.0,155.0,155.0,100.0,240.0,46.0,0.0,0.0,0.0,0.0,0.0,0.0,-,0.0
War Cry Charged 2h R2,[Greataxe] War Cry Charged 2h R2 #1 (Tick),Any,0.0,0.0,0.0,0.0,0.0,0.0,0.0,0.0,0.0,0.0,0.0,0.0,0.0,1.0,-,0.0
War Cry Charged 2h R2,[Greataxe] War Cry Charged 2h R2 #1 (Tick),Any,0.0,0.0,0.0,0.0,0.0,0.0,0.0,0.0,0.0,0.0,0.0,0.0,0.0,1.0,-,0.0
War Cry Charged 2h R2,[Greataxe] War Cry Charged 2h R2 #1,Any,210.0,210.0,210.0,210.0,210.0,200.0,660.0,64.0,0.0,0.0,0.0,0.0,0.0,0.0,-,0.0
War Cry 2h R2,[Greataxe] War Cry 2h R2 #2,Any,155.0,155.0,155.0,155.0,155.0,100.0,240.0,46.0,0.0,0.0,0.0,0.0,0.0,0.0,-,0.0
War Cry Charged 2h R2,[Greataxe] War Cry Charged 2h R2 #2 (Tick),Any,0.0,0.0,0.0,0.0,0.0,0.0,0.0,0.0,0.0,0.0,0.0,0.0,0.0,1.0,-,0.0
War Cry Charged 2h R2,[Greataxe] War Cry Charged 2h R2 #2,Any,215.0,215.0,215.0,215.0,215.0,200.0,660.0,64.0,0.0,0.0,0.0,0.0,0.0,0.0,-,0.0
War Cry 1h R2,[Hammer] War Cry 1h R2 #1,Any,135.0,135.0,135.0,135.0,135.0,100.0,200.0,30.0,0.0,0.0,0.0,0.0,0.0,0.0,-,0.0
War Cry Charged 1h R2,[Hammer] War Cry Charged 1h R2 #1 (Tick),Any,0.0,0.0,0.0,0.0,0.0,0.0,0.0,0.0,0.0,0.0,0.0,0.0,0.0,1.0,-,0.0
War Cry Charged 1h R2,[Hammer] War Cry Charged 1h R2 #1 (Tick),Any,0.0,0.0,0.0,0.0,0.0,0.0,0.0,0.0,0.0,0.0,0.0,0.0,0.0,1.0,-,0.0
War Cry Charged 1h R2,[Hammer] War Cry Charged 1h R2 #1,Any,175.0,175.0,175.0,175.0,175.0,200.0,600.0,45.0,0.0,0.0,0.0,0.0,0.0,0.0,-,0.0
War Cry 1h R2,[Hammer] War Cry 1h R2 #2,Any,135.0,135.0,135.0,135.0,135.0,100.0,200.0,30.0,0.0,0.0,0.0,0.0,0.0,0.0,-,0.0
War Cry Charged 1h R2,[Hammer] War Cry Charged 1h R2 #2 (Tick),Any,0.0,0.0,0.0,0.0,0.0,0.0,0.0,0.0,0.0,0.0,0.0,0.0,0.0,1.0,-,0.0
War Cry Charged 1h R2,[Hammer] War Cry Charged 1h R2 #2,Any,178.0,178.0,178.0,178.0,178.0,200.0,600.0,45.0,0.0,0.0,0.0,0.0,0.0,0.0,-,0.0
War Cry 2h R2,[Hammer] War Cry 2h R2 #1,Any,145.0,145.0,145.0,145.0,145.0,100.0,240.0,36.0,0.0,0.0,0.0,0.0,0.0,0.0,-,0.0
War Cry Charged 2h R2,[Hammer] War Cry Charged 2h R2 #1 (Tick),Any,0.0,0.0,0.0,0.0,0.0,0.0,0.0,0.0,0.0,0.0,0.0,0.0,0.0,1.0,-,0.0
War Cry Charged 2h R2,[Hammer] War Cry Charged 2h R2 #1 (Tick),Any,0.0,0.0,0.0,0.0,0.0,0.0,0.0,0.0,0.0,0.0,0.0,0.0,0.0,1.0,-,0.0
War Cry Charged 2h R2,[Hammer] War Cry Charged 2h R2 #1,Any,185.0,185.0,185.0,185.0,185.0,200.0,660.0,54.0,0.0,0.0,0.0,0.0,0.0,0.0,-,0.0
War Cry 2h R2,[Hammer] War Cry 2h R2 #2,Any,145.0,145.0,145.0,145.0,145.0,100.0,240.0,36.0,0.0,0.0,0.0,0.0,0.0,0.0,-,0.0
War Cry Charged 2h R2,[Hammer] War Cry Charged 2h R2 #2 (Tick),Any,0.0,0.0,0.0,0.0,0.0,0.0,0.0,0.0,0.0,0.0,0.0,0.0,0.0,1.0,-,0.0
War Cry Charged 2h R2,[Hammer] War Cry Charged 2h R2 #2,Any,188.0,188.0,188.0,188.0,188.0,200.0,660.0,54.0,0.0,0.0,0.0,0.0,0.0,0.0,-,0.0
War Cry 1h R2,[Flail] War Cry 1h R2 #1,Any,135.0,135.0,135.0,135.0,135.0,100.0,200.0,30.0,0.0,0.0,0.0,0.0,0.0,0.0,-,0.0
War Cry Charged 1h R2,[Flail] War Cry Charged 1h R2 #1 (Tick),Any,0.0,0.0,0.0,0.0,0.0,0.0,0.0,0.0,0.0,0.0,0.0,0.0,0.0,1.0,-,0.0
War Cry Charged 1h R2,[Flail] War Cry Charged 1h R2 #1 (Tick),Any,0.0,0.0,0.0,0.0,0.0,0.0,0.0,0.0,0.0,0.0,0.0,0.0,0.0,1.0,-,0.0
War Cry Charged 1h R2,[Flail] War Cry Charged 1h R2 #1,Any,175.0,175.0,175.0,175.0,175.0,200.0,600.0,45.0,0.0,0.0,0.0,0.0,0.0,0.0,-,0.0
War Cry 1h R2,[Flail] War Cry 1h R2 #2,Any,135.0,135.0,135.0,135.0,135.0,100.0,200.0,30.0,0.0,0.0,0.0,0.0,0.0,0.0,-,0.0
War Cry Charged 1h R2,[Flail] War Cry Charged 1h R2 #2 (Tick),Any,0.0,0.0,0.0,0.0,0.0,0.0,0.0,0.0,0.0,0.0,0.0,0.0,0.0,1.0,-,0.0
War Cry Charged 1h R2,[Flail] War Cry Charged 1h R2 #2,Any,178.0,178.0,178.0,178.0,178.0,200.0,600.0,45.0,0.0,0.0,0.0,0.0,0.0,0.0,-,0.0
War Cry 2h R2,[Flail] War Cry 2h R2 #1,Any,145.0,145.0,145.0,145.0,145.0,100.0,240.0,36.0,0.0,0.0,0.0,0.0,0.0,0.0,-,0.0
War Cry Charged 2h R2,[Flail] War Cry Charged 2h R2 #1 (Tick),Any,0.0,0.0,0.0,0.0,0.0,0.0,0.0,0.0,0.0,0.0,0.0,0.0,0.0,1.0,-,0.0
War Cry Charged 2h R2,[Flail] War Cry Charged 2h R2 #1 (Tick),Any,0.0,0.0,0.0,0.0,0.0,0.0,0.0,0.0,0.0,0.0,0.0,0.0,0.0,1.0,-,0.0
War Cry Charged 2h R2,[Flail] War Cry Charged 2h R2 #1,Any,185.0,185.0,185.0,185.0,185.0,200.0,660.0,54.0,0.0,0.0,0.0,0.0,0.0,0.0,-,0.0
War Cry 2h R2,[Flail] War Cry 2h R2 #2,Any,145.0,145.0,145.0,145.0,145.0,100.0,240.0,36.0,0.0,0.0,0.0,0.0,0.0,0.0,-,0.0
War Cry Charged 2h R2,[Flail] War Cry Charged 2h R2 #2 (Tick),Any,0.0,0.0,0.0,0.0,0.0,0.0,0.0,0.0,0.0,0.0,0.0,0.0,0.0,1.0,-,0.0
War Cry Charged 2h R2,[Flail] War Cry Charged 2h R2 #2,Any,188.0,188.0,188.0,188.0,188.0,200.0,660.0,54.0,0.0,0.0,0.0,0.0,0.0,0.0,-,0.0
War Cry 1h R2,[Great Hammer] War Cry 1h R2 #1,Any,135.0,135.0,135.0,135.0,135.0,100.0,200.0,37.0,0.0,0.0,0.0,0.0,0.0,0.0,-,0.0
War Cry Charged 1h R2,[Great Hammer] War Cry Charged 1h R2 #1 (Tick),Any,0.0,0.0,0.0,0.0,0.0,0.0,0.0,0.0,0.0,0.0,0.0,0.0,0.0,1.0,-,0.0
War Cry Charged 1h R2,[Great Hammer] War Cry Charged 1h R2 #1 (Tick),Any,0.0,0.0,0.0,0.0,0.0,0.0,0.0,0.0,0.0,0.0,0.0,0.0,0.0,1.0,-,0.0
War Cry Charged 1h R2,[Great Hammer] War Cry Charged 1h R2 #1,Any,190.0,190.0,190.0,190.0,190.0,200.0,600.0,52.0,0.0,0.0,0.0,0.0,0.0,0.0,-,0.0
War Cry 1h R2,[Great Hammer] War Cry 1h R2 #2,Any,135.0,135.0,135.0,135.0,135.0,100.0,200.0,37.0,0.0,0.0,0.0,0.0,0.0,0.0,-,0.0
War Cry Charged 1h R2,[Great Hammer] War Cry Charged 1h R2 #2 (Tick),Any,0.0,0.0,0.0,0.0,0.0,0.0,0.0,0.0,0.0,0.0,0.0,0.0,0.0,1.0,-,0.0
War Cry Charged 1h R2,[Great Hammer] War Cry Charged 1h R2 #2,Any,195.0,195.0,195.0,195.0,195.0,200.0,600.0,52.0,0.0,0.0,0.0,0.0,0.0,0.0,-,0.0
War Cry 2h R2,[Great Hammer] War Cry 2h R2 #1,Any,150.0,150.0,150.0,150.0,150.0,100.0,240.0,45.0,0.0,0.0,0.0,0.0,0.0,0.0,-,0.0
War Cry Charged 2h R2,[Great Hammer] War Cry Charged 2h R2 #1 (Tick),Any,0.0,0.0,0.0,0.0,0.0,0.0,0.0,0.0,0.0,0.0,0.0,0.0,0.0,1.0,-,0.0
War Cry Charged 2h R2,[Great Hammer] War Cry Charged 2h R2 #1 (Tick),Any,0.0,0.0,0.0,0.0,0.0,0.0,0.0,0.0,0.0,0.0,0.0,0.0,0.0,1.0,-,0.0
War Cry Charged 2h R2,[Great Hammer] War Cry Charged 2h R2 #1,Any,205.0,205.0,205.0,205.0,205.0,200.0,660.0,63.0,0.0,0.0,0.0,0.0,0.0,0.0,-,0.0
War Cry 2h R2,[Great Hammer] War Cry 2h R2 #2,Any,150.0,150.0,150.0,150.0,150.0,100.0,240.0,45.0,0.0,0.0,0.0,0.0,0.0,0.0,-,0.0
War Cry Charged 2h R2,[Great Hammer] War Cry Charged 2h R2 #2 (Tick),Any,0.0,0.0,0.0,0.0,0.0,0.0,0.0,0.0,0.0,0.0,0.0,0.0,0.0,1.0,-,0.0
War Cry Charged 2h R2,[Great Hammer] War Cry Charged 2h R2 #2,Any,210.0,210.0,210.0,210.0,210.0,200.0,660.0,63.0,0.0,0.0,0.0,0.0,0.0,0.0,-,0.0
War Cry 1h R2,[Colossal Weapon] War Cry 1h R2 #1,Any,135.0,135.0,135.0,135.0,135.0,100.0,200.0,40.0,0.0,0.0,0.0,0.0,0.0,0.0,-,0.0
War Cry Charged 1h R2,[Colossal Weapon] War Cry Charged 1h R2 #1 (Tick),Any,0.0,0.0,0.0,0.0,0.0,0.0,0.0,0.0,0.0,0.0,0.0,0.0,0.0,1.0,-,0.0
War Cry Charged 1h R2,[Colossal Weapon] War Cry Charged 1h R2 #1 (Tick),Any,0.0,0.0,0.0,0.0,0.0,0.0,0.0,0.0,0.0,0.0,0.0,0.0,0.0,1.0,-,0.0
War Cry Charged 1h R2,[Colossal Weapon] War Cry Charged 1h R2 #1,Any,195.0,195.0,195.0,195.0,195.0,300.0,600.0,55.0,0.0,0.0,0.0,0.0,0.0,0.0,-,0.0
War Cry 1h R2,[Colossal Weapon] War Cry 1h R2 #2,Any,135.0,135.0,135.0,135.0,135.0,100.0,200.0,45.0,0.0,0.0,0.0,0.0,0.0,0.0,-,0.0
War Cry Charged 1h R2,[Colossal Weapon] War Cry Charged 1h R2 #2 (Tick),Any,0.0,0.0,0.0,0.0,0.0,0.0,0.0,0.0,0.0,0.0,0.0,0.0,0.0,1.0,-,0.0
War Cry Charged 1h R2,[Colossal Weapon] War Cry Charged 1h R2 #2,Any,200.0,200.0,200.0,200.0,200.0,300.0,600.0,55.0,0.0,0.0,0.0,0.0,0.0,0.0,-,0.0
War Cry 2h R2,[Colossal Weapon] War Cry 2h R2 #1,Any,140.0,140.0,140.0,140.0,140.0,100.0,240.0,48.0,0.0,0.0,0.0,0.0,0.0,0.0,-,0.0
War Cry Charged 2h R2,[Colossal Weapon] War Cry Charged 2h R2 #1 (Tick),Any,0.0,0.0,0.0,0.0,0.0,0.0,0.0,0.0,0.0,0.0,0.0,0.0,0.0,1.0,-,0.0
War Cry Charged 2h R2,[Colossal Weapon] War Cry Charged 2h R2 #1 (Tick),Any,0.0,0.0,0.0,0.0,0.0,0.0,0.0,0.0,0.0,0.0,0.0,0.0,0.0,1.0,-,0.0
War Cry Charged 2h R2,[Colossal Weapon] War Cry Charged 2h R2 #1,Any,205.0,205.0,205.0,205.0,205.0,300.0,660.0,66.0,0.0,0.0,0.0,0.0,0.0,0.0,-,0.0
War Cry 2h R2,[Colossal Weapon] War Cry 2h R2 #2,Any,140.0,140.0,140.0,140.0,140.0,100.0,240.0,54.0,0.0,0.0,0.0,0.0,0.0,0.0,-,0.0
War Cry Charged 2h R2,[Colossal Weapon] War Cry Charged 2h R2 #2 (Tick),Any,0.0,0.0,0.0,0.0,0.0,0.0,0.0,0.0,0.0,0.0,0.0,0.0,0.0,1.0,-,0.0
War Cry Charged 2h R2,[Colossal Weapon] War Cry Charged 2h R2 #2,Any,210.0,210.0,210.0,210.0,210.0,300.0,660.0,66.0,0.0,0.0,0.0,0.0,0.0,0.0,-,0.0
War Cry 1h R2,[Spear] War Cry 1h R2 #1,Any,135.0,135.0,135.0,135.0,135.0,100.0,200.0,35.0,0.0,0.0,0.0,0.0,0.0,0.0,-,0.0
War Cry Charged 1h R2,[Spear] War Cry Charged 1h R2 #1 (Tick),Any,0.0,0.0,0.0,0.0,0.0,0.0,0.0,0.0,0.0,0.0,0.0,0.0,0.0,1.0,-,0.0
War Cry Charged 1h R2,[Spear] War Cry Charged 1h R2 #1 (Tick),Any,0.0,0.0,0.0,0.0,0.0,0.0,0.0,0.0,0.0,0.0,0.0,0.0,0.0,1.0,-,0.0
War Cry Charged 1h R2,[Spear] War Cry Charged 1h R2 #1,Any,175.0,175.0,175.0,175.0,175.0,200.0,600.0,50.0,0.0,0.0,0.0,0.0,0.0,0.0,-,0.0
War Cry 1h R2,[Spear] War Cry 1h R2 #2,Any,135.0,135.0,135.0,135.0,135.0,100.0,200.0,35.0,0.0,0.0,0.0,0.0,0.0,0.0,-,0.0
War Cry Charged 1h R2,[Spear] War Cry Charged 1h R2 #2 (Tick),Any,0.0,0.0,0.0,0.0,0.0,0.0,0.0,0.0,0.0,0.0,0.0,0.0,0.0,1.0,-,0.0
War Cry Charged 1h R2,[Spear] War Cry Charged 1h R2 #2,Any,178.0,178.0,178.0,178.0,178.0,200.0,600.0,50.0,0.0,0.0,0.0,0.0,0.0,0.0,-,0.0
War Cry 2h R2,[Spear] War Cry 2h R2 #1,Any,145.0,145.0,145.0,145.0,145.0,100.0,240.0,42.0,0.0,0.0,0.0,0.0,0.0,0.0,-,0.0
War Cry Charged 2h R2,[Spear] War Cry Charged 2h R2 #1 (Tick),Any,0.0,0.0,0.0,0.0,0.0,0.0,0.0,0.0,0.0,0.0,0.0,0.0,0.0,1.0,-,0.0
War Cry Charged 2h R2,[Spear] War Cry Charged 2h R2 #1 (Tick),Any,0.0,0.0,0.0,0.0,0.0,0.0,0.0,0.0,0.0,0.0,0.0,0.0,0.0,1.0,-,0.0
War Cry Charged 2h R2,[Spear] War Cry Charged 2h R2 #1,Any,185.0,185.0,185.0,185.0,185.0,200.0,660.0,60.0,0.0,0.0,0.0,0.0,0.0,0.0,-,0.0
War Cry 2h R2,[Spear] War Cry 2h R2 #2,Any,145.0,145.0,145.0,145.0,145.0,100.0,240.0,42.0,0.0,0.0,0.0,0.0,0.0,0.0,-,0.0
War Cry Charged 2h R2,[Spear] War Cry Charged 2h R2 #2 (Tick),Any,0.0,0.0,0.0,0.0,0.0,0.0,0.0,0.0,0.0,0.0,0.0,0.0,0.0,1.0,-,0.0
War Cry Charged 2h R2,[Spear] War Cry Charged 2h R2 #2,Any,188.0,188.0,188.0,188.0,188.0,200.0,660.0,60.0,0.0,0.0,0.0,0.0,0.0,0.0,-,0.0
War Cry 1h R2,[Great Spear] War Cry 1h R2 #1,Any,135.0,135.0,135.0,135.0,135.0,100.0,200.0,38.0,0.0,0.0,0.0,0.0,0.0,0.0,-,0.0
War Cry Charged 1h R2,[Great Spear] War Cry Charged 1h R2 #1 (Tick),Any,0.0,0.0,0.0,0.0,0.0,0.0,0.0,0.0,0.0,0.0,0.0,0.0,0.0,1.0,-,0.0
War Cry Charged 1h R2,[Great Spear] War Cry Charged 1h R2 #1 (Tick),Any,0.0,0.0,0.0,0.0,0.0,0.0,0.0,0.0,0.0,0.0,0.0,0.0,0.0,1.0,-,0.0
War Cry Charged 1h R2,[Great Spear] War Cry Charged 1h R2 #1,Any,175.0,175.0,175.0,175.0,175.0,200.0,600.0,53.0,0.0,0.0,0.0,0.0,0.0,0.0,-,0.0
War Cry 1h R2,[Great Spear] War Cry 1h R2 #2,Any,135.0,135.0,135.0,135.0,135.0,100.0,200.0,38.0,0.0,0.0,0.0,0.0,0.0,0.0,-,0.0
War Cry Charged 1h R2,[Great Spear] War Cry Charged 1h R2 #2 (Tick),Any,0.0,0.0,0.0,0.0,0.0,0.0,0.0,0.0,0.0,0.0,0.0,0.0,0.0,1.0,-,0.0
War Cry Charged 1h R2,[Great Spear] War Cry Charged 1h R2 #2,Any,178.0,178.0,178.0,178.0,178.0,200.0,600.0,53.0,0.0,0.0,0.0,0.0,0.0,0.0,-,0.0
War Cry 2h R2,[Great Spear] War Cry 2h R2 #1,Any,145.0,145.0,145.0,145.0,145.0,100.0,240.0,46.0,0.0,0.0,0.0,0.0,0.0,0.0,-,0.0
War Cry Charged 2h R2,[Great Spear] War Cry Charged 2h R2 #1 (Tick),Any,0.0,0.0,0.0,0.0,0.0,0.0,0.0,0.0,0.0,0.0,0.0,0.0,0.0,1.0,-,0.0
War Cry Charged 2h R2,[Great Spear] War Cry Charged 2h R2 #1 (Tick),Any,0.0,0.0,0.0,0.0,0.0,0.0,0.0,0.0,0.0,0.0,0.0,0.0,0.0,1.0,-,0.0
War Cry Charged 2h R2,[Great Spear] War Cry Charged 2h R2 #1,Any,185.0,185.0,185.0,185.0,185.0,200.0,660.0,64.0,0.0,0.0,0.0,0.0,0.0,0.0,-,0.0
War Cry 2h R2,[Great Spear] War Cry 2h R2 #2,Any,145.0,145.0,145.0,145.0,145.0,100.0,240.0,46.0,0.0,0.0,0.0,0.0,0.0,0.0,-,0.0
War Cry Charged 2h R2,[Great Spear] War Cry Charged 2h R2 #2 (Tick),Any,0.0,0.0,0.0,0.0,0.0,0.0,0.0,0.0,0.0,0.0,0.0,0.0,0.0,1.0,-,0.0
War Cry Charged 2h R2,[Great Spear] War Cry Charged 2h R2 #2,Any,188.0,188.0,188.0,188.0,188.0,200.0,660.0,64.0,0.0,0.0,0.0,0.0,0.0,0.0,-,0.0
War Cry 1h R2,[Halberd] War Cry 1h R2 #1,Any,135.0,135.0,135.0,135.0,135.0,100.0,200.0,35.0,0.0,0.0,0.0,0.0,0.0,0.0,-,0.0
War Cry Charged 1h R2,[Halberd] War Cry Charged 1h R2 #1 (Tick),Any,0.0,0.0,0.0,0.0,0.0,0.0,0.0,0.0,0.0,0.0,0.0,0.0,0.0,1.0,-,0.0
War Cry Charged 1h R2,[Halberd] War Cry Charged 1h R2 #1 (Tick),Any,0.0,0.0,0.0,0.0,0.0,0.0,0.0,0.0,0.0,0.0,0.0,0.0,0.0,1.0,-,0.0
War Cry Charged 1h R2,[Halberd] War Cry Charged 1h R2 #1,Any,175.0,175.0,175.0,175.0,175.0,200.0,600.0,50.0,0.0,0.0,0.0,0.0,0.0,0.0,-,0.0
War Cry 1h R2,[Halberd] War Cry 1h R2 #2,Any,135.0,135.0,135.0,135.0,135.0,100.0,200.0,35.0,0.0,0.0,0.0,0.0,0.0,0.0,-,0.0
War Cry Charged 1h R2,[Halberd] War Cry Charged 1h R2 #2 (Tick),Any,0.0,0.0,0.0,0.0,0.0,0.0,0.0,0.0,0.0,0.0,0.0,0.0,0.0,1.0,-,0.0
War Cry Charged 1h R2,[Halberd] War Cry Charged 1h R2 #2,Any,178.0,178.0,178.0,178.0,178.0,200.0,600.0,50.0,0.0,0.0,0.0,0.0,0.0,0.0,-,0.0
War Cry 2h R2,[Halberd] War Cry 2h R2 #1,Any,145.0,145.0,145.0,145.0,145.0,100.0,240.0,42.0,0.0,0.0,0.0,0.0,0.0,0.0,-,0.0
War Cry Charged 2h R2,[Halberd] War Cry Charged 2h R2 #1 (Tick),Any,0.0,0.0,0.0,0.0,0.0,0.0,0.0,0.0,0.0,0.0,0.0,0.0,0.0,1.0,-,0.0
War Cry Charged 2h R2,[Halberd] War Cry Charged 2h R2 #1 (Tick),Any,0.0,0.0,0.0,0.0,0.0,0.0,0.0,0.0,0.0,0.0,0.0,0.0,0.0,1.0,-,0.0
War Cry Charged 2h R2,[Halberd] War Cry Charged 2h R2 #1,Any,185.0,185.0,185.0,185.0,185.0,200.0,660.0,60.0,0.0,0.0,0.0,0.0,0.0,0.0,-,0.0
War Cry 2h R2,[Halberd] War Cry 2h R2 #2,Any,145.0,145.0,145.0,145.0,145.0,100.0,240.0,42.0,0.0,0.0,0.0,0.0,0.0,0.0,-,0.0
War Cry Charged 2h R2,[Halberd] War Cry Charged 2h R2 #2 (Tick),Any,0.0,0.0,0.0,0.0,0.0,0.0,0.0,0.0,0.0,0.0,0.0,0.0,0.0,1.0,-,0.0
War Cry Charged 2h R2,[Halberd] War Cry Charged 2h R2 #2,Any,188.0,188.0,188.0,188.0,188.0,200.0,660.0,60.0,0.0,0.0,0.0,0.0,0.0,0.0,-,0.0
War Cry 1h R2,[Reaper] War Cry 1h R2 #1,Any,135.0,135.0,135.0,135.0,135.0,100.0,200.0,35.0,0.0,0.0,0.0,0.0,0.0,0.0,-,0.0
War Cry Charged 1h R2,[Reaper] War Cry Charged 1h R2 #1 (Tick),Any,0.0,0.0,0.0,0.0,0.0,0.0,0.0,0.0,0.0,0.0,0.0,0.0,0.0,1.0,-,0.0
War Cry Charged 1h R2,[Reaper] War Cry Charged 1h R2 #1 (Tick),Any,0.0,0.0,0.0,0.0,0.0,0.0,0.0,0.0,0.0,0.0,0.0,0.0,0.0,1.0,-,0.0
War Cry Charged 1h R2,[Reaper] War Cry Charged 1h R2 #1,Any,175.0,175.0,175.0,175.0,175.0,200.0,600.0,50.0,0.0,0.0,0.0,0.0,0.0,0.0,-,0.0
War Cry 1h R2,[Reaper] War Cry 1h R2 #2,Any,135.0,135.0,135.0,135.0,135.0,100.0,200.0,35.0,0.0,0.0,0.0,0.0,0.0,0.0,-,0.0
War Cry Charged 1h R2,[Reaper] War Cry Charged 1h R2 #2 (Tick),Any,0.0,0.0,0.0,0.0,0.0,0.0,0.0,0.0,0.0,0.0,0.0,0.0,0.0,1.0,-,0.0
War Cry Charged 1h R2,[Reaper] War Cry Charged 1h R2 #2,Any,178.0,178.0,178.0,178.0,178.0,200.0,600.0,50.0,0.0,0.0,0.0,0.0,0.0,0.0,-,0.0
War Cry 2h R2,[Reaper] War Cry 2h R2 #1,Any,145.0,145.0,145.0,145.0,145.0,100.0,240.0,42.0,0.0,0.0,0.0,0.0,0.0,0.0,-,0.0
War Cry Charged 2h R2,[Reaper] War Cry Charged 2h R2 #1 (Tick),Any,0.0,0.0,0.0,0.0,0.0,0.0,0.0,0.0,0.0,0.0,0.0,0.0,0.0,1.0,-,0.0
War Cry Charged 2h R2,[Reaper] War Cry Charged 2h R2 #1 (Tick),Any,0.0,0.0,0.0,0.0,0.0,0.0,0.0,0.0,0.0,0.0,0.0,0.0,0.0,1.0,-,0.0
War Cry Charged 2h R2,[Reaper] War Cry Charged 2h R2 #1,Any,185.0,185.0,185.0,185.0,185.0,200.0,660.0,60.0,0.0,0.0,0.0,0.0,0.0,0.0,-,0.0
War Cry 2h R2,[Reaper] War Cry 2h R2 #2,Any,145.0,145.0,145.0,145.0,145.0,100.0,240.0,42.0,0.0,0.0,0.0,0.0,0.0,0.0,-,0.0
War Cry Charged 2h R2,[Reaper] War Cry Charged 2h R2 #2 (Tick),Any,0.0,0.0,0.0,0.0,0.0,0.0,0.0,0.0,0.0,0.0,0.0,0.0,0.0,1.0,-,0.0
War Cry Charged 2h R2,[Reaper] War Cry Charged 2h R2 #2,Any,188.0,188.0,188.0,188.0,188.0,200.0,660.0,60.0,0.0,0.0,0.0,0.0,0.0,0.0,-,0.0
War Cry 1h R2,[Fist] War Cry 1h R2 #1,Any,135.0,135.0,135.0,135.0,135.0,100.0,200.0,20.0,0.0,0.0,0.0,0.0,0.0,0.0,-,0.0
War Cry Charged 1h R2,[Fist] War Cry Charged 1h R2 #1 (Tick),Any,0.0,0.0,0.0,0.0,0.0,0.0,0.0,0.0,0.0,0.0,0.0,0.0,0.0,1.0,-,0.0
War Cry Charged 1h R2,[Fist] War Cry Charged 1h R2 #1 (Tick),Any,0.0,0.0,0.0,0.0,0.0,0.0,0.0,0.0,0.0,0.0,0.0,0.0,0.0,1.0,-,0.0
War Cry Charged 1h R2,[Fist] War Cry Charged 1h R2 #1,Any,175.0,175.0,175.0,175.0,175.0,200.0,600.0,35.0,0.0,0.0,0.0,0.0,0.0,0.0,-,0.0
War Cry 1h R2,[Fist] War Cry 1h R2 #2,Any,135.0,135.0,135.0,135.0,135.0,100.0,200.0,20.0,0.0,0.0,0.0,0.0,0.0,0.0,-,0.0
War Cry Charged 1h R2,[Fist] War Cry Charged 1h R2 #2 (Tick),Any,0.0,0.0,0.0,0.0,0.0,0.0,0.0,0.0,0.0,0.0,0.0,0.0,0.0,1.0,-,0.0
War Cry Charged 1h R2,[Fist] War Cry Charged 1h R2 #2,Any,178.0,178.0,178.0,178.0,178.0,200.0,600.0,35.0,0.0,0.0,0.0,0.0,0.0,0.0,-,0.0
War Cry 2h R2,[Fist] War Cry 2h R2 #1,Any,100.0,100.0,100.0,100.0,100.0,100.0,120.0,15.0,0.0,0.0,0.0,0.0,0.0,0.0,-,0.0
War Cry 2h R2,[Fist] War Cry 2h R2 #1,Any,100.0,100.0,100.0,100.0,100.0,100.0,120.0,15.0,0.0,0.0,0.0,0.0,0.0,0.0,-,0.0
War Cry Charged 2h R2,[Fist] War Cry Charged 2h R2 #1 (Tick),Any,0.0,0.0,0.0,0.0,0.0,0.0,0.0,0.0,0.0,0.0,0.0,0.0,0.0,1.0,-,0.0
War Cry Charged 2h R2,[Fist] War Cry Charged 2h R2 #1 (Tick),Any,0.0,0.0,0.0,0.0,0.0,0.0,0.0,0.0,0.0,0.0,0.0,0.0,0.0,1.0,-,0.0
War Cry Charged 2h R2,[Fist] War Cry Charged 2h R2 #1,Any,125.0,125.0,125.0,125.0,125.0,150.0,360.0,20.0,0.0,0.0,0.0,0.0,0.0,0.0,-,0.0
War Cry Charged 2h R2,[Fist] War Cry Charged 2h R2 #1,Any,125.0,125.0,125.0,125.0,125.0,150.0,360.0,20.0,0.0,0.0,0.0,0.0,0.0,0.0,-,0.0
War Cry 2h R2,[Fist] War Cry 2h R2 #2,Any,100.0,100.0,100.0,100.0,100.0,100.0,120.0,15.0,0.0,0.0,0.0,0.0,0.0,0.0,-,0.0
War Cry 2h R2,[Fist] War Cry 2h R2 #2,Any,100.0,100.0,100.0,100.0,100.0,100.0,120.0,15.0,0.0,0.0,0.0,0.0,0.0,0.0,-,0.0
War Cry Charged 2h R2,[Fist] War Cry Charged 2h R2 #2 (Tick),Any,0.0,0.0,0.0,0.0,0.0,0.0,0.0,0.0,0.0,0.0,0.0,0.0,0.0,1.0,-,0.0
War Cry Charged 2h R2,[Fist] War Cry Charged 2h R2 #2,Any,130.0,130.0,130.0,130.0,130.0,150.0,480.0,20.0,0.0,0.0,0.0,0.0,0.0,0.0,-,0.0
War Cry Charged 2h R2,[Fist] War Cry Charged 2h R2 #2,Any,130.0,130.0,130.0,130.0,130.0,150.0,480.0,20.0,0.0,0.0,0.0,0.0,0.0,0.0,-,0.0
War Cry 1h R2,[Hand-to-Hand] War Cry 1h R2 #1,Any,135.0,135.0,135.0,135.0,135.0,100.0,200.0,20.0,0.0,0.0,0.0,0.0,0.0,0.0,-,0.0
War Cry Charged 1h R2,[Hand-to-Hand] War Cry Charged 1h R2 #1 (Tick),Any,0.0,0.0,0.0,0.0,0.0,0.0,0.0,0.0,0.0,0.0,0.0,0.0,0.0,1.0,-,0.0
War Cry Charged 1h R2,[Hand-to-Hand] War Cry Charged 1h R2 #1 (Tick),Any,0.0,0.0,0.0,0.0,0.0,0.0,0.0,0.0,0.0,0.0,0.0,0.0,0.0,1.0,-,0.0
War Cry Charged 1h R2,[Hand-to-Hand] War Cry Charged 1h R2 #1,Any,175.0,175.0,175.0,175.0,175.0,200.0,600.0,35.0,0.0,0.0,0.0,0.0,0.0,0.0,-,0.0
War Cry 1h R2,[Hand-to-Hand] War Cry 1h R2 #2,Any,135.0,135.0,135.0,135.0,135.0,100.0,200.0,20.0,0.0,0.0,0.0,0.0,0.0,0.0,-,0.0
War Cry Charged 1h R2,[Hand-to-Hand] War Cry Charged 1h R2 #2 (Tick),Any,0.0,0.0,0.0,0.0,0.0,0.0,0.0,0.0,0.0,0.0,0.0,0.0,0.0,1.0,-,0.0
War Cry Charged 1h R2,[Hand-to-Hand] War Cry Charged 1h R2 #2,Any,178.0,178.0,178.0,178.0,178.0,200.0,600.0,35.0,0.0,0.0,0.0,0.0,0.0,0.0,-,0.0
War Cry 2h R2,[Hand-to-Hand] War Cry 2h R2 #1,Any,100.0,100.0,100.0,100.0,100.0,100.0,120.0,15.0,0.0,0.0,0.0,0.0,0.0,0.0,-,0.0
War Cry 2h R2,[Hand-to-Hand] War Cry 2h R2 #1,Any,100.0,100.0,100.0,100.0,100.0,100.0,120.0,15.0,0.0,0.0,0.0,0.0,0.0,0.0,-,0.0
War Cry Charged 2h R2,[Hand-to-Hand] War Cry Charged 2h R2 #1 (Tick),Any,0.0,0.0,0.0,0.0,0.0,0.0,0.0,0.0,0.0,0.0,0.0,0.0,0.0,1.0,-,0.0
War Cry Charged 2h R2,[Hand-to-Hand] War Cry Charged 2h R2 #1 (Tick),Any,0.0,0.0,0.0,0.0,0.0,0.0,0.0,0.0,0.0,0.0,0.0,0.0,0.0,1.0,-,0.0
War Cry Charged 2h R2,[Hand-to-Hand] War Cry Charged 2h R2 #1,Any,125.0,125.0,125.0,125.0,125.0,150.0,360.0,20.0,0.0,0.0,0.0,0.0,0.0,0.0,-,0.0
War Cry Charged 2h R2,[Hand-to-Hand] War Cry Charged 2h R2 #1,Any,125.0,125.0,125.0,125.0,125.0,150.0,360.0,20.0,0.0,0.0,0.0,0.0,0.0,0.0,-,0.0
War Cry 2h R2,[Hand-to-Hand] War Cry 2h R2 #2,Any,100.0,100.0,100.0,100.0,100.0,100.0,120.0,15.0,0.0,0.0,0.0,0.0,0.0,0.0,-,0.0
War Cry 2h R2,[Hand-to-Hand] War Cry 2h R2 #2,Any,100.0,100.0,100.0,100.0,100.0,100.0,120.0,15.0,0.0,0.0,0.0,0.0,0.0,0.0,-,0.0
War Cry Charged 2h R2,[Hand-to-Hand] War Cry Charged 2h R2 #2 (Tick),Any,0.0,0.0,0.0,0.0,0.0,0.0,0.0,0.0,0.0,0.0,0.0,0.0,0.0,1.0,-,0.0
War Cry Charged 2h R2,[Hand-to-Hand] War Cry Charged 2h R2 #2,Any,130.0,130.0,130.0,130.0,130.0,150.0,480.0,20.0,0.0,0.0,0.0,0.0,0.0,0.0,-,0.0
War Cry Charged 2h R2,[Hand-to-Hand] War Cry Charged 2h R2 #2,Any,130.0,130.0,130.0,130.0,130.0,150.0,480.0,20.0,0.0,0.0,0.0,0.0,0.0,0.0,-,0.0
War Cry 1h R2,[Claw] War Cry 1h R2 #1,Any,135.0,135.0,135.0,135.0,135.0,100.0,200.0,20.0,0.0,0.0,0.0,0.0,0.0,0.0,-,0.0
War Cry Charged 1h R2,[Claw] War Cry Charged 1h R2 #1 (Tick),Any,0.0,0.0,0.0,0.0,0.0,0.0,0.0,0.0,0.0,0.0,0.0,0.0,0.0,1.0,-,0.0
War Cry Charged 1h R2,[Claw] War Cry Charged 1h R2 #1 (Tick),Any,0.0,0.0,0.0,0.0,0.0,0.0,0.0,0.0,0.0,0.0,0.0,0.0,0.0,1.0,-,0.0
War Cry Charged 1h R2,[Claw] War Cry Charged 1h R2 #1,Any,175.0,175.0,175.0,175.0,175.0,200.0,600.0,35.0,0.0,0.0,0.0,0.0,0.0,0.0,-,0.0
War Cry 1h R2,[Claw] War Cry 1h R2 #2,Any,135.0,135.0,135.0,135.0,135.0,100.0,200.0,20.0,0.0,0.0,0.0,0.0,0.0,0.0,-,0.0
War Cry Charged 1h R2,[Claw] War Cry Charged 1h R2 #2 (Tick),Any,0.0,0.0,0.0,0.0,0.0,0.0,0.0,0.0,0.0,0.0,0.0,0.0,0.0,1.0,-,0.0
War Cry Charged 1h R2,[Claw] War Cry Charged 1h R2 #2,Any,178.0,178.0,178.0,178.0,178.0,200.0,600.0,35.0,0.0,0.0,0.0,0.0,0.0,0.0,-,0.0
War Cry 2h R2,[Claw] War Cry 2h R2 #1,Any,100.0,100.0,100.0,100.0,100.0,100.0,120.0,15.0,0.0,0.0,0.0,0.0,0.0,0.0,-,0.0
War Cry 2h R2,[Claw] War Cry 2h R2 #1,Any,100.0,100.0,100.0,100.0,100.0,100.0,120.0,15.0,0.0,0.0,0.0,0.0,0.0,0.0,-,0.0
War Cry Charged 2h R2,[Claw] War Cry Charged 2h R2 #1 (Tick),Any,0.0,0.0,0.0,0.0,0.0,0.0,0.0,0.0,0.0,0.0,0.0,0.0,0.0,1.0,-,0.0
War Cry Charged 2h R2,[Claw] War Cry Charged 2h R2 #1 (Tick),Any,0.0,0.0,0.0,0.0,0.0,0.0,0.0,0.0,0.0,0.0,0.0,0.0,0.0,1.0,-,0.0
War Cry Charged 2h R2,[Claw] War Cry Charged 2h R2 #1,Any,125.0,125.0,125.0,125.0,125.0,150.0,360.0,20.0,0.0,0.0,0.0,0.0,0.0,0.0,-,0.0
War Cry Charged 2h R2,[Claw] War Cry Charged 2h R2 #1,Any,125.0,125.0,125.0,125.0,125.0,150.0,360.0,20.0,0.0,0.0,0.0,0.0,0.0,0.0,-,0.0
War Cry 2h R2,[Claw] War Cry 2h R2 #2,Any,100.0,100.0,100.0,100.0,100.0,100.0,120.0,15.0,0.0,0.0,0.0,0.0,0.0,0.0,-,0.0
War Cry 2h R2,[Claw] War Cry 2h R2 #2,Any,100.0,100.0,100.0,100.0,100.0,100.0,120.0,15.0,0.0,0.0,0.0,0.0,0.0,0.0,-,0.0
War Cry Charged 2h R2,[Claw] War Cry Charged 2h R2 #2 (Tick),Any,0.0,0.0,0.0,0.0,0.0,0.0,0.0,0.0,0.0,0.0,0.0,0.0,0.0,1.0,-,0.0
War Cry Charged 2h R2,[Claw] War Cry Charged 2h R2 #2,Any,130.0,130.0,130.0,130.0,130.0,150.0,480.0,20.0,0.0,0.0,0.0,0.0,0.0,0.0,-,0.0
War Cry Charged 2h R2,[Claw] War Cry Charged 2h R2 #2,Any,130.0,130.0,130.0,130.0,130.0,150.0,480.0,20.0,0.0,0.0,0.0,0.0,0.0,0.0,-,0.0
War Cry 1h R2,[Beast Claw] War Cry 1h R2 #1,Any,135.0,135.0,135.0,135.0,135.0,100.0,200.0,20.0,0.0,0.0,0.0,0.0,0.0,0.0,-,0.0
War Cry Charged 1h R2,[Beast Claw] War Cry Charged 1h R2 #1 (Tick),Any,0.0,0.0,0.0,0.0,0.0,0.0,0.0,0.0,0.0,0.0,0.0,0.0,0.0,1.0,-,0.0
War Cry Charged 1h R2,[Beast Claw] War Cry Charged 1h R2 #1 (Tick),Any,0.0,0.0,0.0,0.0,0.0,0.0,0.0,0.0,0.0,0.0,0.0,0.0,0.0,1.0,-,0.0
War Cry Charged 1h R2,[Beast Claw] War Cry Charged 1h R2 #1,Any,175.0,175.0,175.0,175.0,175.0,200.0,600.0,35.0,0.0,0.0,0.0,0.0,0.0,0.0,-,0.0
War Cry 1h R2,[Beast Claw] War Cry 1h R2 #2,Any,135.0,135.0,135.0,135.0,135.0,100.0,200.0,20.0,0.0,0.0,0.0,0.0,0.0,0.0,-,0.0
War Cry Charged 1h R2,[Beast Claw] War Cry Charged 1h R2 #2 (Tick),Any,0.0,0.0,0.0,0.0,0.0,0.0,0.0,0.0,0.0,0.0,0.0,0.0,0.0,1.0,-,0.0
War Cry Charged 1h R2,[Beast Claw] War Cry Charged 1h R2 #2,Any,178.0,178.0,178.0,178.0,178.0,200.0,600.0,35.0,0.0,0.0,0.0,0.0,0.0,0.0,-,0.0
War Cry 2h R2,[Beast Claw] War Cry 2h R2 #1,Any,100.0,100.0,100.0,100.0,100.0,100.0,120.0,15.0,0.0,0.0,0.0,0.0,0.0,0.0,-,0.0
War Cry 2h R2,[Beast Claw] War Cry 2h R2 #1,Any,100.0,100.0,100.0,100.0,100.0,100.0,120.0,15.0,0.0,0.0,0.0,0.0,0.0,0.0,-,0.0
War Cry Charged 2h R2,[Beast Claw] War Cry Charged 2h R2 #1 (Tick),Any,0.0,0.0,0.0,0.0,0.0,0.0,0.0,0.0,0.0,0.0,0.0,0.0,0.0,1.0,-,0.0
War Cry Charged 2h R2,[Beast Claw] War Cry Charged 2h R2 #1 (Tick),Any,0.0,0.0,0.0,0.0,0.0,0.0,0.0,0.0,0.0,0.0,0.0,0.0,0.0,1.0,-,0.0
War Cry Charged 2h R2,[Beast Claw] War Cry Charged 2h R2 #1,Any,125.0,125.0,125.0,125.0,125.0,150.0,360.0,20.0,0.0,0.0,0.0,0.0,0.0,0.0,-,0.0
War Cry Charged 2h R2,[Beast Claw] War Cry Charged 2h R2 #1,Any,125.0,125.0,125.0,125.0,125.0,150.0,360.0,20.0,0.0,0.0,0.0,0.0,0.0,0.0,-,0.0
War Cry 2h R2,[Beast Claw] War Cry 2h R2 #2,Any,100.0,100.0,100.0,100.0,100.0,100.0,120.0,15.0,0.0,0.0,0.0,0.0,0.0,0.0,-,0.0
War Cry 2h R2,[Beast Claw] War Cry 2h R2 #2,Any,100.0,100.0,100.0,100.0,100.0,100.0,120.0,15.0,0.0,0.0,0.0,0.0,0.0,0.0,-,0.0
War Cry Charged 2h R2,[Beast Claw] War Cry Charged 2h R2 #2 (Tick),Any,0.0,0.0,0.0,0.0,0.0,0.0,0.0,0.0,0.0,0.0,0.0,0.0,0.0,1.0,-,0.0
War Cry Charged 2h R2,[Beast Claw] War Cry Charged 2h R2 #2,Any,130.0,130.0,130.0,130.0,130.0,150.0,480.0,20.0,0.0,0.0,0.0,0.0,0.0,0.0,-,0.0
War Cry Charged 2h R2,[Beast Claw] War Cry Charged 2h R2 #2,Any,130.0,130.0,130.0,130.0,130.0,150.0,480.0,20.0,0.0,0.0,0.0,0.0,0.0,0.0,-,0.0
Barbaric Roar,Barbaric Roar - Roar,Any,0.0,0.0,0.0,0.0,0.0,0.0,0.0,20.0,0.0,0.0,0.0,0.0,0.0,1.0,Strength,0.0
Barbaric Roar,Barbaric Roar - Roar (Lacking FP),Any,0.0,0.0,0.0,0.0,0.0,0.0,0.0,40.0,0.0,0.0,0.0,0.0,0.0,0.0,-,1.0
Barbaric Roar 1h R2,[Straight Sword] Barbaric Roar 1h R2 #1 [1],Any,70.0,70.0,70.0,70.0,70.0,65.0,100.0,9.0,0.0,0.0,0.0,0.0,0.0,0.0,-,0.0
Barbaric Roar 1h R2,[Straight Sword] Barbaric Roar 1h R2 #1 [2],Any,70.0,70.0,70.0,70.0,70.0,65.0,100.0,9.0,0.0,0.0,0.0,0.0,0.0,0.0,-,0.0
Barbaric Roar 1h R2,[Straight Sword] Barbaric Roar 1h R2 #1 [3],Any,75.0,75.0,75.0,75.0,75.0,65.0,150.0,13.0,0.0,0.0,0.0,0.0,0.0,0.0,-,0.0
Barbaric Roar Charged 1h R2,[Straight Sword] Barbaric Roar Charged 1h R2 #1 [1],Any,82.0,82.0,82.0,82.0,82.0,80.0,150.0,10.0,0.0,0.0,0.0,0.0,0.0,0.0,-,0.0
Barbaric Roar Charged 1h R2,[Straight Sword] Barbaric Roar Charged 1h R2 #1 [2],Any,82.0,82.0,82.0,82.0,82.0,80.0,150.0,10.0,0.0,0.0,0.0,0.0,0.0,0.0,-,0.0
Barbaric Roar Charged 1h R2,[Straight Sword] Barbaric Roar Charged 1h R2 #1 [3],Any,86.0,86.0,86.0,86.0,86.0,80.0,200.0,16.0,0.0,0.0,0.0,0.0,0.0,0.0,-,0.0
Barbaric Roar 1h R2,[Straight Sword] Barbaric Roar 1h R2 #2 [1],Any,85.0,85.0,85.0,85.0,85.0,80.0,100.0,12.0,0.0,0.0,0.0,0.0,0.0,0.0,-,0.0
Barbaric Roar 1h R2,[Straight Sword] Barbaric Roar 1h R2 #2 [2],Any,105.0,105.0,105.0,105.0,105.0,100.0,120.0,20.0,0.0,0.0,0.0,0.0,0.0,0.0,-,0.0
Barbaric Roar Charged 1h R2,[Straight Sword] Barbaric Roar Charged 1h R2 #2 [1],Any,100.0,100.0,100.0,100.0,100.0,100.0,120.0,14.0,0.0,0.0,0.0,0.0,0.0,0.0,-,0.0
Barbaric Roar Charged 1h R2,[Straight Sword] Barbaric Roar Charged 1h R2 #2 [2],Any,125.0,125.0,125.0,125.0,125.0,135.0,200.0,24.0,0.0,0.0,0.0,0.0,0.0,0.0,-,0.0
Barbaric Roar 2h R2,[Straight Sword] Barbaric Roar 2h R2 #1 [1],Any,75.0,75.0,75.0,75.0,75.0,65.0,120.0,11.0,0.0,0.0,0.0,0.0,0.0,0.0,-,0.0
Barbaric Roar 2h R2,[Straight Sword] Barbaric Roar 2h R2 #1 [2],Any,75.0,75.0,75.0,75.0,75.0,65.0,120.0,11.0,0.0,0.0,0.0,0.0,0.0,0.0,-,0.0
Barbaric Roar 2h R2,[Straight Sword] Barbaric Roar 2h R2 #1 [3],Any,80.0,80.0,80.0,80.0,80.0,65.0,180.0,16.0,0.0,0.0,0.0,0.0,0.0,0.0,-,0.0
Barbaric Roar Charged 2h R2,[Straight Sword] Barbaric Roar Charged 2h R2 #1 [1],Any,87.0,87.0,87.0,87.0,87.0,80.0,180.0,12.0,0.0,0.0,0.0,0.0,0.0,0.0,-,0.0
Barbaric Roar Charged 2h R2,[Straight Sword] Barbaric Roar Charged 2h R2 #1 [2],Any,87.0,87.0,87.0,87.0,87.0,80.0,180.0,12.0,0.0,0.0,0.0,0.0,0.0,0.0,-,0.0
Barbaric Roar Charged 2h R2,[Straight Sword] Barbaric Roar Charged 2h R2 #1 [3],Any,91.0,91.0,91.0,91.0,91.0,80.0,250.0,20.0,0.0,0.0,0.0,0.0,0.0,0.0,-,0.0
Barbaric Roar 2h R2,[Straight Sword] Barbaric Roar 2h R2 #2 [1],Any,90.0,90.0,90.0,90.0,90.0,80.0,120.0,15.0,0.0,0.0,0.0,0.0,0.0,0.0,-,0.0
Barbaric Roar 2h R2,[Straight Sword] Barbaric Roar 2h R2 #2 [2],Any,110.0,110.0,110.0,110.0,110.0,100.0,140.0,24.0,0.0,0.0,0.0,0.0,0.0,0.0,-,0.0
Barbaric Roar Charged 2h R2,[Straight Sword] Barbaric Roar Charged 2h R2 #2 [1],Any,105.0,105.0,105.0,105.0,105.0,100.0,150.0,17.0,0.0,0.0,0.0,0.0,0.0,0.0,-,0.0
Barbaric Roar Charged 2h R2,[Straight Sword] Barbaric Roar Charged 2h R2 #2 [2],Any,130.0,130.0,130.0,130.0,130.0,135.0,250.0,29.0,0.0,0.0,0.0,0.0,0.0,0.0,-,0.0
Barbaric Roar 1h R2,[Light Greatsword] Barbaric Roar 1h R2 #1 [1],Any,70.0,70.0,70.0,70.0,70.0,65.0,100.0,9.0,0.0,0.0,0.0,0.0,0.0,0.0,-,0.0
Barbaric Roar 1h R2,[Light Greatsword] Barbaric Roar 1h R2 #1 [2],Any,70.0,70.0,70.0,70.0,70.0,65.0,100.0,9.0,0.0,0.0,0.0,0.0,0.0,0.0,-,0.0
Barbaric Roar 1h R2,[Light Greatsword] Barbaric Roar 1h R2 #1 [3],Any,75.0,75.0,75.0,75.0,75.0,65.0,150.0,13.0,0.0,0.0,0.0,0.0,0.0,0.0,-,0.0
Barbaric Roar Charged 1h R2,[Light Greatsword] Barbaric Roar Charged 1h R2 #1 [1],Any,82.0,82.0,82.0,82.0,82.0,80.0,150.0,10.0,0.0,0.0,0.0,0.0,0.0,0.0,-,0.0
Barbaric Roar Charged 1h R2,[Light Greatsword] Barbaric Roar Charged 1h R2 #1 [2],Any,82.0,82.0,82.0,82.0,82.0,80.0,150.0,10.0,0.0,0.0,0.0,0.0,0.0,0.0,-,0.0
Barbaric Roar Charged 1h R2,[Light Greatsword] Barbaric Roar Charged 1h R2 #1 [3],Any,86.0,86.0,86.0,86.0,86.0,80.0,200.0,16.0,0.0,0.0,0.0,0.0,0.0,0.0,-,0.0
Barbaric Roar 1h R2,[Light Greatsword] Barbaric Roar 1h R2 #2 [1],Any,85.0,85.0,85.0,85.0,85.0,80.0,100.0,12.0,0.0,0.0,0.0,0.0,0.0,0.0,-,0.0
Barbaric Roar 1h R2,[Light Greatsword] Barbaric Roar 1h R2 #2 [2],Any,105.0,105.0,105.0,105.0,105.0,100.0,120.0,20.0,0.0,0.0,0.0,0.0,0.0,0.0,-,0.0
Barbaric Roar Charged 1h R2,[Light Greatsword] Barbaric Roar Charged 1h R2 #2 [1],Any,100.0,100.0,100.0,100.0,100.0,100.0,120.0,14.0,0.0,0.0,0.0,0.0,0.0,0.0,-,0.0
Barbaric Roar Charged 1h R2,[Light Greatsword] Barbaric Roar Charged 1h R2 #2 [2],Any,125.0,125.0,125.0,125.0,125.0,135.0,200.0,24.0,0.0,0.0,0.0,0.0,0.0,0.0,-,0.0
Barbaric Roar 2h R2,[Light Greatsword] Barbaric Roar 2h R2 #1 [1],Any,75.0,75.0,75.0,75.0,75.0,65.0,120.0,11.0,0.0,0.0,0.0,0.0,0.0,0.0,-,0.0
Barbaric Roar 2h R2,[Light Greatsword] Barbaric Roar 2h R2 #1 [2],Any,75.0,75.0,75.0,75.0,75.0,65.0,120.0,11.0,0.0,0.0,0.0,0.0,0.0,0.0,-,0.0
Barbaric Roar 2h R2,[Light Greatsword] Barbaric Roar 2h R2 #1 [3],Any,80.0,80.0,80.0,80.0,80.0,65.0,180.0,16.0,0.0,0.0,0.0,0.0,0.0,0.0,-,0.0
Barbaric Roar Charged 2h R2,[Light Greatsword] Barbaric Roar Charged 2h R2 #1 [1],Any,87.0,87.0,87.0,87.0,87.0,80.0,180.0,12.0,0.0,0.0,0.0,0.0,0.0,0.0,-,0.0
Barbaric Roar Charged 2h R2,[Light Greatsword] Barbaric Roar Charged 2h R2 #1 [2],Any,87.0,87.0,87.0,87.0,87.0,80.0,180.0,12.0,0.0,0.0,0.0,0.0,0.0,0.0,-,0.0
Barbaric Roar Charged 2h R2,[Light Greatsword] Barbaric Roar Charged 2h R2 #1 [3],Any,91.0,91.0,91.0,91.0,91.0,80.0,250.0,20.0,0.0,0.0,0.0,0.0,0.0,0.0,-,0.0
Barbaric Roar 2h R2,[Light Greatsword] Barbaric Roar 2h R2 #2 [1],Any,90.0,90.0,90.0,90.0,90.0,80.0,120.0,15.0,0.0,0.0,0.0,0.0,0.0,0.0,-,0.0
Barbaric Roar 2h R2,[Light Greatsword] Barbaric Roar 2h R2 #2 [2],Any,110.0,110.0,110.0,110.0,110.0,100.0,140.0,24.0,0.0,0.0,0.0,0.0,0.0,0.0,-,0.0
Barbaric Roar Charged 2h R2,[Light Greatsword] Barbaric Roar Charged 2h R2 #2 [1],Any,105.0,105.0,105.0,105.0,105.0,100.0,150.0,17.0,0.0,0.0,0.0,0.0,0.0,0.0,-,0.0
Barbaric Roar Charged 2h R2,[Light Greatsword] Barbaric Roar Charged 2h R2 #2 [2],Any,130.0,130.0,130.0,130.0,130.0,135.0,250.0,29.0,0.0,0.0,0.0,0.0,0.0,0.0,-,0.0
Barbaric Roar 1h R2,[Greatsword] Barbaric Roar 1h R2 #1 [1],Any,70.0,70.0,70.0,70.0,70.0,75.0,100.0,9.0,0.0,0.0,0.0,0.0,0.0,0.0,-,0.0
Barbaric Roar 1h R2,[Greatsword] Barbaric Roar 1h R2 #1 [2],Any,70.0,70.0,70.0,70.0,70.0,75.0,100.0,9.0,0.0,0.0,0.0,0.0,0.0,0.0,-,0.0
Barbaric Roar 1h R2,[Greatsword] Barbaric Roar 1h R2 #1 [3],Any,75.0,75.0,75.0,75.0,75.0,75.0,150.0,16.0,0.0,0.0,0.0,0.0,0.0,0.0,-,0.0
Barbaric Roar Charged 1h R2,[Greatsword] Barbaric Roar Charged 1h R2 #1 [1],Any,82.0,82.0,82.0,82.0,82.0,85.0,170.0,11.0,0.0,0.0,0.0,0.0,0.0,0.0,-,0.0
Barbaric Roar Charged 1h R2,[Greatsword] Barbaric Roar Charged 1h R2 #1 [2],Any,82.0,82.0,82.0,82.0,82.0,85.0,170.0,11.0,0.0,0.0,0.0,0.0,0.0,0.0,-,0.0
Barbaric Roar Charged 1h R2,[Greatsword] Barbaric Roar Charged 1h R2 #1 [3],Any,86.0,86.0,86.0,86.0,86.0,85.0,240.0,18.0,0.0,0.0,0.0,0.0,0.0,0.0,-,0.0
Barbaric Roar 1h R2,[Greatsword] Barbaric Roar 1h R2 #2,Any,135.0,135.0,135.0,135.0,135.0,150.0,200.0,36.0,0.0,0.0,0.0,0.0,0.0,0.0,-,0.0
Barbaric Roar Charged 1h R2,[Greatsword] Barbaric Roar Charged 1h R2 #2,Any,195.0,195.0,195.0,195.0,195.0,200.0,600.0,42.0,0.0,0.0,0.0,0.0,0.0,0.0,-,0.0
Barbaric Roar 2h R2,[Greatsword] Barbaric Roar 2h R2 #1 [1],Any,75.0,75.0,75.0,75.0,75.0,75.0,120.0,11.0,0.0,0.0,0.0,0.0,0.0,0.0,-,0.0
Barbaric Roar 2h R2,[Greatsword] Barbaric Roar 2h R2 #1 [2],Any,75.0,75.0,75.0,75.0,75.0,75.0,120.0,11.0,0.0,0.0,0.0,0.0,0.0,0.0,-,0.0
Barbaric Roar 2h R2,[Greatsword] Barbaric Roar 2h R2 #1 [3],Any,80.0,80.0,80.0,80.0,80.0,75.0,200.0,20.0,0.0,0.0,0.0,0.0,0.0,0.0,-,0.0
Barbaric Roar Charged 2h R2,[Greatsword] Barbaric Roar Charged 2h R2 #1 [1],Any,87.0,87.0,87.0,87.0,87.0,85.0,200.0,14.0,0.0,0.0,0.0,0.0,0.0,0.0,-,0.0
Barbaric Roar Charged 2h R2,[Greatsword] Barbaric Roar Charged 2h R2 #1 [2],Any,87.0,87.0,87.0,87.0,87.0,85.0,200.0,14.0,0.0,0.0,0.0,0.0,0.0,0.0,-,0.0
Barbaric Roar Charged 2h R2,[Greatsword] Barbaric Roar Charged 2h R2 #1 [3],Any,91.0,91.0,91.0,91.0,91.0,85.0,300.0,22.0,0.0,0.0,0.0,0.0,0.0,0.0,-,0.0
Barbaric Roar 2h R2,[Greatsword] Barbaric Roar 2h R2 #2,Any,140.0,140.0,140.0,140.0,140.0,180.0,240.0,44.0,0.0,0.0,0.0,0.0,0.0,0.0,-,0.0
Barbaric Roar Charged 2h R2,[Greatsword] Barbaric Roar Charged 2h R2 #2,Any,200.0,200.0,200.0,200.0,200.0,240.0,660.0,51.0,0.0,0.0,0.0,0.0,0.0,0.0,-,0.0
Barbaric Roar 1h R2,[Colossal Sword] Barbaric Roar 1h R2 #1 [1],Any,70.0,70.0,70.0,70.0,70.0,80.0,100.0,12.0,0.0,0.0,0.0,0.0,0.0,0.0,-,0.0
Barbaric Roar 1h R2,[Colossal Sword] Barbaric Roar 1h R2 #1 [2],Any,70.0,70.0,70.0,70.0,70.0,80.0,100.0,12.0,0.0,0.0,0.0,0.0,0.0,0.0,-,0.0
Barbaric Roar 1h R2,[Colossal Sword] Barbaric Roar 1h R2 #1 [3],Any,75.0,75.0,75.0,75.0,75.0,80.0,150.0,16.0,0.0,0.0,0.0,0.0,0.0,0.0,-,0.0
Barbaric Roar Charged 1h R2,[Colossal Sword] Barbaric Roar Charged 1h R2 #1 [1],Any,82.0,82.0,82.0,82.0,82.0,90.0,170.0,14.0,0.0,0.0,0.0,0.0,0.0,0.0,-,0.0
Barbaric Roar Charged 1h R2,[Colossal Sword] Barbaric Roar Charged 1h R2 #1 [2],Any,82.0,82.0,82.0,82.0,82.0,90.0,170.0,14.0,0.0,0.0,0.0,0.0,0.0,0.0,-,0.0
Barbaric Roar Charged 1h R2,[Colossal Sword] Barbaric Roar Charged 1h R2 #1 [3],Any,86.0,86.0,86.0,86.0,86.0,90.0,240.0,20.0,0.0,0.0,0.0,0.0,0.0,0.0,-,0.0
Barbaric Roar 1h R2,[Colossal Sword] Barbaric Roar 1h R2 #2,Any,135.0,135.0,135.0,135.0,135.0,150.0,200.0,42.0,0.0,0.0,0.0,0.0,0.0,0.0,-,0.0
Barbaric Roar Charged 1h R2,[Colossal Sword] Barbaric Roar Charged 1h R2 #2,Any,210.0,210.0,210.0,210.0,210.0,250.0,600.0,51.0,0.0,0.0,0.0,0.0,0.0,0.0,-,0.0
Barbaric Roar 2h R2,[Colossal Sword] Barbaric Roar 2h R2 #1 [1],Any,75.0,75.0,75.0,75.0,75.0,80.0,120.0,15.0,0.0,0.0,0.0,0.0,0.0,0.0,-,0.0
Barbaric Roar 2h R2,[Colossal Sword] Barbaric Roar 2h R2 #1 [2],Any,75.0,75.0,75.0,75.0,75.0,80.0,120.0,15.0,0.0,0.0,0.0,0.0,0.0,0.0,-,0.0
Barbaric Roar 2h R2,[Colossal Sword] Barbaric Roar 2h R2 #1 [3],Any,80.0,80.0,80.0,80.0,80.0,80.0,200.0,20.0,0.0,0.0,0.0,0.0,0.0,0.0,-,0.0
Barbaric Roar Charged 2h R2,[Colossal Sword] Barbaric Roar Charged 2h R2 #1 [1],Any,87.0,87.0,87.0,87.0,87.0,90.0,200.0,17.0,0.0,0.0,0.0,0.0,0.0,0.0,-,0.0
Barbaric Roar Charged 2h R2,[Colossal Sword] Barbaric Roar Charged 2h R2 #1 [2],Any,87.0,87.0,87.0,87.0,87.0,90.0,200.0,17.0,0.0,0.0,0.0,0.0,0.0,0.0,-,0.0
Barbaric Roar Charged 2h R2,[Colossal Sword] Barbaric Roar Charged 2h R2 #1 [3],Any,91.0,91.0,91.0,91.0,91.0,90.0,300.0,24.0,0.0,0.0,0.0,0.0,0.0,0.0,-,0.0
Barbaric Roar 2h R2,[Colossal Sword] Barbaric Roar 2h R2 #2,Any,140.0,140.0,140.0,140.0,140.0,180.0,240.0,51.0,0.0,0.0,0.0,0.0,0.0,0.0,-,0.0
Barbaric Roar Charged 2h R2,[Colossal Sword] Barbaric Roar Charged 2h R2 #2,Any,220.0,220.0,220.0,220.0,220.0,300.0,660.0,62.0,0.0,0.0,0.0,0.0,0.0,0.0,-,0.0
Barbaric Roar 1h R2,[Curved Sword] Barbaric Roar 1h R2 #1 [1],Any,70.0,70.0,70.0,70.0,70.0,65.0,100.0,8.0,0.0,0.0,0.0,0.0,0.0,0.0,-,0.0
Barbaric Roar 1h R2,[Curved Sword] Barbaric Roar 1h R2 #1 [2],Any,70.0,70.0,70.0,70.0,70.0,65.0,100.0,8.0,0.0,0.0,0.0,0.0,0.0,0.0,-,0.0
Barbaric Roar 1h R2,[Curved Sword] Barbaric Roar 1h R2 #1 [3],Any,75.0,75.0,75.0,75.0,75.0,65.0,150.0,12.0,0.0,0.0,0.0,0.0,0.0,0.0,-,0.0
Barbaric Roar Charged 1h R2,[Curved Sword] Barbaric Roar Charged 1h R2 #1 [1],Any,82.0,82.0,82.0,82.0,82.0,80.0,150.0,9.0,0.0,0.0,0.0,0.0,0.0,0.0,-,0.0
Barbaric Roar Charged 1h R2,[Curved Sword] Barbaric Roar Charged 1h R2 #1 [2],Any,82.0,82.0,82.0,82.0,82.0,80.0,150.0,9.0,0.0,0.0,0.0,0.0,0.0,0.0,-,0.0
Barbaric Roar Charged 1h R2,[Curved Sword] Barbaric Roar Charged 1h R2 #1 [3],Any,86.0,86.0,86.0,86.0,86.0,80.0,200.0,15.0,0.0,0.0,0.0,0.0,0.0,0.0,-,0.0
Barbaric Roar 1h R2,[Curved Sword] Barbaric Roar 1h R2 #2 [1],Any,85.0,85.0,85.0,85.0,85.0,80.0,100.0,10.0,0.0,0.0,0.0,0.0,0.0,0.0,-,0.0
Barbaric Roar 1h R2,[Curved Sword] Barbaric Roar 1h R2 #2 [2],Any,105.0,105.0,105.0,105.0,105.0,100.0,120.0,20.0,0.0,0.0,0.0,0.0,0.0,0.0,-,0.0
Barbaric Roar Charged 1h R2,[Curved Sword] Barbaric Roar Charged 1h R2 #2 [1],Any,100.0,100.0,100.0,100.0,100.0,100.0,120.0,12.0,0.0,0.0,0.0,0.0,0.0,0.0,-,0.0
Barbaric Roar Charged 1h R2,[Curved Sword] Barbaric Roar Charged 1h R2 #2 [2],Any,125.0,125.0,125.0,125.0,125.0,135.0,200.0,25.0,0.0,0.0,0.0,0.0,0.0,0.0,-,0.0
Barbaric Roar 2h R2,[Curved Sword] Barbaric Roar 2h R2 #1 [1],Any,75.0,75.0,75.0,75.0,75.0,65.0,120.0,10.0,0.0,0.0,0.0,0.0,0.0,0.0,-,0.0
Barbaric Roar 2h R2,[Curved Sword] Barbaric Roar 2h R2 #1 [2],Any,75.0,75.0,75.0,75.0,75.0,65.0,120.0,10.0,0.0,0.0,0.0,0.0,0.0,0.0,-,0.0
Barbaric Roar 2h R2,[Curved Sword] Barbaric Roar 2h R2 #1 [3],Any,80.0,80.0,80.0,80.0,80.0,65.0,180.0,15.0,0.0,0.0,0.0,0.0,0.0,0.0,-,0.0
Barbaric Roar Charged 2h R2,[Curved Sword] Barbaric Roar Charged 2h R2 #1 [1],Any,87.0,87.0,87.0,87.0,87.0,80.0,180.0,11.0,0.0,0.0,0.0,0.0,0.0,0.0,-,0.0
Barbaric Roar Charged 2h R2,[Curved Sword] Barbaric Roar Charged 2h R2 #1 [2],Any,87.0,87.0,87.0,87.0,87.0,80.0,180.0,11.0,0.0,0.0,0.0,0.0,0.0,0.0,-,0.0
Barbaric Roar Charged 2h R2,[Curved Sword] Barbaric Roar Charged 2h R2 #1 [3],Any,91.0,91.0,91.0,91.0,91.0,80.0,250.0,18.0,0.0,0.0,0.0,0.0,0.0,0.0,-,0.0
Barbaric Roar 2h R2,[Curved Sword] Barbaric Roar 2h R2 #2 [1],Any,90.0,90.0,90.0,90.0,90.0,80.0,120.0,12.0,0.0,0.0,0.0,0.0,0.0,0.0,-,0.0
Barbaric Roar 2h R2,[Curved Sword] Barbaric Roar 2h R2 #2 [2],Any,110.0,110.0,110.0,110.0,110.0,100.0,140.0,24.0,0.0,0.0,0.0,0.0,0.0,0.0,-,0.0
Barbaric Roar Charged 2h R2,[Curved Sword] Barbaric Roar Charged 2h R2 #2 [1],Any,105.0,105.0,105.0,105.0,105.0,100.0,150.0,15.0,0.0,0.0,0.0,0.0,0.0,0.0,-,0.0
Barbaric Roar Charged 2h R2,[Curved Sword] Barbaric Roar Charged 2h R2 #2 [2],Any,130.0,130.0,130.0,130.0,130.0,135.0,250.0,30.0,0.0,0.0,0.0,0.0,0.0,0.0,-,0.0
Barbaric Roar 1h R2,[Curved Greatsword] Barbaric Roar 1h R2 #1 [1],Any,70.0,70.0,70.0,70.0,70.0,75.0,100.0,9.0,0.0,0.0,0.0,0.0,0.0,0.0,-,0.0
Barbaric Roar 1h R2,[Curved Greatsword] Barbaric Roar 1h R2 #1 [2],Any,70.0,70.0,70.0,70.0,70.0,75.0,100.0,9.0,0.0,0.0,0.0,0.0,0.0,0.0,-,0.0
Barbaric Roar 1h R2,[Curved Greatsword] Barbaric Roar 1h R2 #1 [3],Any,75.0,75.0,75.0,75.0,75.0,75.0,150.0,16.0,0.0,0.0,0.0,0.0,0.0,0.0,-,0.0
Barbaric Roar Charged 1h R2,[Curved Greatsword] Barbaric Roar Charged 1h R2 #1 [1],Any,82.0,82.0,82.0,82.0,82.0,85.0,170.0,11.0,0.0,0.0,0.0,0.0,0.0,0.0,-,0.0
Barbaric Roar Charged 1h R2,[Curved Greatsword] Barbaric Roar Charged 1h R2 #1 [2],Any,82.0,82.0,82.0,82.0,82.0,85.0,170.0,11.0,0.0,0.0,0.0,0.0,0.0,0.0,-,0.0
Barbaric Roar Charged 1h R2,[Curved Greatsword] Barbaric Roar Charged 1h R2 #1 [3],Any,86.0,86.0,86.0,86.0,86.0,85.0,240.0,18.0,0.0,0.0,0.0,0.0,0.0,0.0,-,0.0
Barbaric Roar 1h R2,[Curved Greatsword] Barbaric Roar 1h R2 #2,Any,135.0,135.0,135.0,135.0,135.0,150.0,200.0,36.0,0.0,0.0,0.0,0.0,0.0,0.0,-,0.0
Barbaric Roar Charged 1h R2,[Curved Greatsword] Barbaric Roar Charged 1h R2 #2,Any,195.0,195.0,195.0,195.0,195.0,200.0,600.0,42.0,0.0,0.0,0.0,0.0,0.0,0.0,-,0.0
Barbaric Roar 2h R2,[Curved Greatsword] Barbaric Roar 2h R2 #1 [1],Any,75.0,75.0,75.0,75.0,75.0,75.0,120.0,11.0,0.0,0.0,0.0,0.0,0.0,0.0,-,0.0
Barbaric Roar 2h R2,[Curved Greatsword] Barbaric Roar 2h R2 #1 [2],Any,75.0,75.0,75.0,75.0,75.0,75.0,120.0,11.0,0.0,0.0,0.0,0.0,0.0,0.0,-,0.0
Barbaric Roar 2h R2,[Curved Greatsword] Barbaric Roar 2h R2 #1 [3],Any,80.0,80.0,80.0,80.0,80.0,75.0,200.0,20.0,0.0,0.0,0.0,0.0,0.0,0.0,-,0.0
Barbaric Roar Charged 2h R2,[Curved Greatsword] Barbaric Roar Charged 2h R2 #1 [1],Any,87.0,87.0,87.0,87.0,87.0,85.0,200.0,14.0,0.0,0.0,0.0,0.0,0.0,0.0,-,0.0
Barbaric Roar Charged 2h R2,[Curved Greatsword] Barbaric Roar Charged 2h R2 #1 [2],Any,87.0,87.0,87.0,87.0,87.0,85.0,200.0,14.0,0.0,0.0,0.0,0.0,0.0,0.0,-,0.0
Barbaric Roar Charged 2h R2,[Curved Greatsword] Barbaric Roar Charged 2h R2 #1 [3],Any,91.0,91.0,91.0,91.0,91.0,85.0,300.0,22.0,0.0,0.0,0.0,0.0,0.0,0.0,-,0.0
Barbaric Roar 2h R2,[Curved Greatsword] Barbaric Roar 2h R2 #2,Any,140.0,140.0,140.0,140.0,140.0,180.0,240.0,44.0,0.0,0.0,0.0,0.0,0.0,0.0,-,0.0
Barbaric Roar Charged 2h R2,[Curved Greatsword] Barbaric Roar Charged 2h R2 #2,Any,200.0,200.0,200.0,200.0,200.0,240.0,660.0,51.0,0.0,0.0,0.0,0.0,0.0,0.0,-,0.0
Barbaric Roar 1h R2,[Katana] Barbaric Roar 1h R2 #1 [1],Any,70.0,70.0,70.0,70.0,70.0,65.0,100.0,9.0,0.0,0.0,0.0,0.0,0.0,0.0,-,0.0
Barbaric Roar 1h R2,[Katana] Barbaric Roar 1h R2 #1 [2],Any,70.0,70.0,70.0,70.0,70.0,65.0,100.0,9.0,0.0,0.0,0.0,0.0,0.0,0.0,-,0.0
Barbaric Roar 1h R2,[Katana] Barbaric Roar 1h R2 #1 [3],Any,75.0,75.0,75.0,75.0,75.0,65.0,150.0,13.0,0.0,0.0,0.0,0.0,0.0,0.0,-,0.0
Barbaric Roar Charged 1h R2,[Katana] Barbaric Roar Charged 1h R2 #1 [1],Any,82.0,82.0,82.0,82.0,82.0,80.0,150.0,10.0,0.0,0.0,0.0,0.0,0.0,0.0,-,0.0
Barbaric Roar Charged 1h R2,[Katana] Barbaric Roar Charged 1h R2 #1 [2],Any,82.0,82.0,82.0,82.0,82.0,80.0,150.0,10.0,0.0,0.0,0.0,0.0,0.0,0.0,-,0.0
Barbaric Roar Charged 1h R2,[Katana] Barbaric Roar Charged 1h R2 #1 [3],Any,86.0,86.0,86.0,86.0,86.0,80.0,200.0,16.0,0.0,0.0,0.0,0.0,0.0,0.0,-,0.0
Barbaric Roar 1h R2,[Katana] Barbaric Roar 1h R2 #2 [1],Any,85.0,85.0,85.0,85.0,85.0,80.0,100.0,12.0,0.0,0.0,0.0,0.0,0.0,0.0,-,0.0
Barbaric Roar 1h R2,[Katana] Barbaric Roar 1h R2 #2 [2],Any,105.0,105.0,105.0,105.0,105.0,100.0,120.0,20.0,0.0,0.0,0.0,0.0,0.0,0.0,-,0.0
Barbaric Roar Charged 1h R2,[Katana] Barbaric Roar Charged 1h R2 #2 [1],Any,100.0,100.0,100.0,100.0,100.0,100.0,120.0,14.0,0.0,0.0,0.0,0.0,0.0,0.0,-,0.0
Barbaric Roar Charged 1h R2,[Katana] Barbaric Roar Charged 1h R2 #2 [2],Any,125.0,125.0,125.0,125.0,125.0,135.0,200.0,24.0,0.0,0.0,0.0,0.0,0.0,0.0,-,0.0
Barbaric Roar 2h R2,[Katana] Barbaric Roar 2h R2 #1 [1],Any,75.0,75.0,75.0,75.0,75.0,65.0,120.0,11.0,0.0,0.0,0.0,0.0,0.0,0.0,-,0.0
Barbaric Roar 2h R2,[Katana] Barbaric Roar 2h R2 #1 [2],Any,75.0,75.0,75.0,75.0,75.0,65.0,120.0,11.0,0.0,0.0,0.0,0.0,0.0,0.0,-,0.0
Barbaric Roar 2h R2,[Katana] Barbaric Roar 2h R2 #1 [3],Any,80.0,80.0,80.0,80.0,80.0,65.0,180.0,16.0,0.0,0.0,0.0,0.0,0.0,0.0,-,0.0
Barbaric Roar Charged 2h R2,[Katana] Barbaric Roar Charged 2h R2 #1 [1],Any,87.0,87.0,87.0,87.0,87.0,80.0,180.0,12.0,0.0,0.0,0.0,0.0,0.0,0.0,-,0.0
Barbaric Roar Charged 2h R2,[Katana] Barbaric Roar Charged 2h R2 #1 [2],Any,87.0,87.0,87.0,87.0,87.0,80.0,180.0,12.0,0.0,0.0,0.0,0.0,0.0,0.0,-,0.0
Barbaric Roar Charged 2h R2,[Katana] Barbaric Roar Charged 2h R2 #1 [3],Any,91.0,91.0,91.0,91.0,91.0,80.0,250.0,20.0,0.0,0.0,0.0,0.0,0.0,0.0,-,0.0
Barbaric Roar 2h R2,[Katana] Barbaric Roar 2h R2 #2 [1],Any,90.0,90.0,90.0,90.0,90.0,80.0,120.0,15.0,0.0,0.0,0.0,0.0,0.0,0.0,-,0.0
Barbaric Roar 2h R2,[Katana] Barbaric Roar 2h R2 #2 [2],Any,110.0,110.0,110.0,110.0,110.0,100.0,140.0,24.0,0.0,0.0,0.0,0.0,0.0,0.0,-,0.0
Barbaric Roar Charged 2h R2,[Katana] Barbaric Roar Charged 2h R2 #2 [1],Any,105.0,105.0,105.0,105.0,105.0,100.0,150.0,17.0,0.0,0.0,0.0,0.0,0.0,0.0,-,0.0
Barbaric Roar Charged 2h R2,[Katana] Barbaric Roar Charged 2h R2 #2 [2],Any,130.0,130.0,130.0,130.0,130.0,135.0,250.0,29.0,0.0,0.0,0.0,0.0,0.0,0.0,-,0.0
Barbaric Roar 1h R2,[Great Katana] Barbaric Roar 1h R2 #1 [1],Any,70.0,70.0,70.0,70.0,70.0,65.0,100.0,9.0,0.0,0.0,0.0,0.0,0.0,0.0,-,0.0
Barbaric Roar 1h R2,[Great Katana] Barbaric Roar 1h R2 #1 [2],Any,70.0,70.0,70.0,70.0,70.0,65.0,100.0,9.0,0.0,0.0,0.0,0.0,0.0,0.0,-,0.0
Barbaric Roar 1h R2,[Great Katana] Barbaric Roar 1h R2 #1 [3],Any,75.0,75.0,75.0,75.0,75.0,65.0,150.0,13.0,0.0,0.0,0.0,0.0,0.0,0.0,-,0.0
Barbaric Roar Charged 1h R2,[Great Katana] Barbaric Roar Charged 1h R2 #1 [1],Any,82.0,82.0,82.0,82.0,82.0,80.0,150.0,10.0,0.0,0.0,0.0,0.0,0.0,0.0,-,0.0
Barbaric Roar Charged 1h R2,[Great Katana] Barbaric Roar Charged 1h R2 #1 [2],Any,82.0,82.0,82.0,82.0,82.0,80.0,150.0,10.0,0.0,0.0,0.0,0.0,0.0,0.0,-,0.0
Barbaric Roar Charged 1h R2,[Great Katana] Barbaric Roar Charged 1h R2 #1 [3],Any,86.0,86.0,86.0,86.0,86.0,80.0,200.0,16.0,0.0,0.0,0.0,0.0,0.0,0.0,-,0.0
Barbaric Roar 1h R2,[Great Katana] Barbaric Roar 1h R2 #2 [1],Any,85.0,85.0,85.0,85.0,85.0,80.0,100.0,12.0,0.0,0.0,0.0,0.0,0.0,0.0,-,0.0
Barbaric Roar 1h R2,[Great Katana] Barbaric Roar 1h R2 #2 [2],Any,105.0,105.0,105.0,105.0,105.0,100.0,120.0,20.0,0.0,0.0,0.0,0.0,0.0,0.0,-,0.0
Barbaric Roar Charged 1h R2,[Great Katana] Barbaric Roar Charged 1h R2 #2 [1],Any,100.0,100.0,100.0,100.0,100.0,100.0,120.0,14.0,0.0,0.0,0.0,0.0,0.0,0.0,-,0.0
Barbaric Roar Charged 1h R2,[Great Katana] Barbaric Roar Charged 1h R2 #2 [2],Any,125.0,125.0,125.0,125.0,125.0,135.0,200.0,24.0,0.0,0.0,0.0,0.0,0.0,0.0,-,0.0
Barbaric Roar 2h R2,[Great Katana] Barbaric Roar 2h R2 #1 [1],Any,75.0,75.0,75.0,75.0,75.0,65.0,120.0,11.0,0.0,0.0,0.0,0.0,0.0,0.0,-,0.0
Barbaric Roar 2h R2,[Great Katana] Barbaric Roar 2h R2 #1 [2],Any,75.0,75.0,75.0,75.0,75.0,65.0,120.0,11.0,0.0,0.0,0.0,0.0,0.0,0.0,-,0.0
Barbaric Roar 2h R2,[Great Katana] Barbaric Roar 2h R2 #1 [3],Any,80.0,80.0,80.0,80.0,80.0,65.0,180.0,16.0,0.0,0.0,0.0,0.0,0.0,0.0,-,0.0
Barbaric Roar Charged 2h R2,[Great Katana] Barbaric Roar Charged 2h R2 #1 [1],Any,87.0,87.0,87.0,87.0,87.0,80.0,180.0,12.0,0.0,0.0,0.0,0.0,0.0,0.0,-,0.0
Barbaric Roar Charged 2h R2,[Great Katana] Barbaric Roar Charged 2h R2 #1 [2],Any,87.0,87.0,87.0,87.0,87.0,80.0,180.0,12.0,0.0,0.0,0.0,0.0,0.0,0.0,-,0.0
Barbaric Roar Charged 2h R2,[Great Katana] Barbaric Roar Charged 2h R2 #1 [3],Any,91.0,91.0,91.0,91.0,91.0,80.0,250.0,20.0,0.0,0.0,0.0,0.0,0.0,0.0,-,0.0
Barbaric Roar 2h R2,[Great Katana] Barbaric Roar 2h R2 #2 [1],Any,90.0,90.0,90.0,90.0,90.0,80.0,120.0,15.0,0.0,0.0,0.0,0.0,0.0,0.0,-,0.0
Barbaric Roar 2h R2,[Great Katana] Barbaric Roar 2h R2 #2 [2],Any,110.0,110.0,110.0,110.0,110.0,100.0,140.0,24.0,0.0,0.0,0.0,0.0,0.0,0.0,-,0.0
Barbaric Roar Charged 2h R2,[Great Katana] Barbaric Roar Charged 2h R2 #2 [1],Any,105.0,105.0,105.0,105.0,105.0,100.0,150.0,17.0,0.0,0.0,0.0,0.0,0.0,0.0,-,0.0
Barbaric Roar Charged 2h R2,[Great Katana] Barbaric Roar Charged 2h R2 #2 [2],Any,130.0,130.0,130.0,130.0,130.0,135.0,250.0,29.0,0.0,0.0,0.0,0.0,0.0,0.0,-,0.0
Barbaric Roar 1h R2,[Twinblade] Barbaric Roar 1h R2 #1 [1],Any,70.0,70.0,70.0,70.0,70.0,70.0,100.0,9.0,0.0,0.0,0.0,0.0,0.0,0.0,-,0.0
Barbaric Roar 1h R2,[Twinblade] Barbaric Roar 1h R2 #1 [2],Any,70.0,70.0,70.0,70.0,70.0,70.0,100.0,9.0,0.0,0.0,0.0,0.0,0.0,0.0,-,0.0
Barbaric Roar 1h R2,[Twinblade] Barbaric Roar 1h R2 #1 [3],Any,75.0,75.0,75.0,75.0,75.0,70.0,150.0,13.0,0.0,0.0,0.0,0.0,0.0,0.0,-,0.0
Barbaric Roar Charged 1h R2,[Twinblade] Barbaric Roar Charged 1h R2 #1 [1],Any,82.0,82.0,82.0,82.0,82.0,100.0,150.0,10.0,0.0,0.0,0.0,0.0,0.0,0.0,-,0.0
Barbaric Roar Charged 1h R2,[Twinblade] Barbaric Roar Charged 1h R2 #1 [2],Any,82.0,82.0,82.0,82.0,82.0,100.0,150.0,10.0,0.0,0.0,0.0,0.0,0.0,0.0,-,0.0
Barbaric Roar Charged 1h R2,[Twinblade] Barbaric Roar Charged 1h R2 #1 [3],Any,86.0,86.0,86.0,86.0,86.0,100.0,200.0,16.0,0.0,0.0,0.0,0.0,0.0,0.0,-,0.0
Barbaric Roar 1h R2,[Twinblade] Barbaric Roar 1h R2 #2,Any,135.0,135.0,135.0,135.0,135.0,150.0,200.0,12.0,0.0,0.0,0.0,0.0,0.0,0.0,-,0.0
Barbaric Roar Charged 1h R2,[Twinblade] Barbaric Roar Charged 1h R2 #2,Any,195.0,195.0,195.0,195.0,195.0,200.0,400.0,14.0,0.0,0.0,0.0,0.0,0.0,0.0,-,0.0
Barbaric Roar 2h R2,[Twinblade] Barbaric Roar 2h R2 #1 [1],Any,75.0,75.0,75.0,75.0,75.0,70.0,120.0,11.0,0.0,0.0,0.0,0.0,0.0,0.0,-,0.0
Barbaric Roar 2h R2,[Twinblade] Barbaric Roar 2h R2 #1 [2],Any,75.0,75.0,75.0,75.0,75.0,70.0,120.0,11.0,0.0,0.0,0.0,0.0,0.0,0.0,-,0.0
Barbaric Roar 2h R2,[Twinblade] Barbaric Roar 2h R2 #1 [3],Any,80.0,80.0,80.0,80.0,80.0,70.0,180.0,16.0,0.0,0.0,0.0,0.0,0.0,0.0,-,0.0
Barbaric Roar Charged 2h R2,[Twinblade] Barbaric Roar Charged 2h R2 #1 [1],Any,87.0,87.0,87.0,87.0,87.0,100.0,180.0,12.0,0.0,0.0,0.0,0.0,0.0,0.0,-,0.0
Barbaric Roar Charged 2h R2,[Twinblade] Barbaric Roar Charged 2h R2 #1 [2],Any,87.0,87.0,87.0,87.0,87.0,100.0,180.0,12.0,0.0,0.0,0.0,0.0,0.0,0.0,-,0.0
Barbaric Roar Charged 2h R2,[Twinblade] Barbaric Roar Charged 2h R2 #1 [3],Any,91.0,91.0,91.0,91.0,91.0,100.0,250.0,20.0,0.0,0.0,0.0,0.0,0.0,0.0,-,0.0
Barbaric Roar 2h R2,[Twinblade] Barbaric Roar 2h R2 #2,Any,140.0,140.0,140.0,140.0,140.0,150.0,240.0,15.0,0.0,0.0,0.0,0.0,0.0,0.0,-,0.0
Barbaric Roar Charged 2h R2,[Twinblade] Barbaric Roar Charged 2h R2 #2,Any,200.0,200.0,200.0,200.0,200.0,200.0,480.0,17.0,0.0,0.0,0.0,0.0,0.0,0.0,-,0.0
Barbaric Roar 1h R2,[Axe] Barbaric Roar 1h R2 #1 [1],Any,70.0,70.0,70.0,70.0,70.0,65.0,100.0,10.0,0.0,0.0,0.0,0.0,0.0,0.0,-,0.0
Barbaric Roar 1h R2,[Axe] Barbaric Roar 1h R2 #1 [2],Any,70.0,70.0,70.0,70.0,70.0,65.0,100.0,10.0,0.0,0.0,0.0,0.0,0.0,0.0,-,0.0
Barbaric Roar 1h R2,[Axe] Barbaric Roar 1h R2 #1 [3],Any,75.0,75.0,75.0,75.0,75.0,65.0,150.0,14.0,0.0,0.0,0.0,0.0,0.0,0.0,-,0.0
Barbaric Roar Charged 1h R2,[Axe] Barbaric Roar Charged 1h R2 #1 [1],Any,82.0,82.0,82.0,82.0,82.0,80.0,150.0,11.0,0.0,0.0,0.0,0.0,0.0,0.0,-,0.0
Barbaric Roar Charged 1h R2,[Axe] Barbaric Roar Charged 1h R2 #1 [2],Any,82.0,82.0,82.0,82.0,82.0,80.0,150.0,11.0,0.0,0.0,0.0,0.0,0.0,0.0,-,0.0
Barbaric Roar Charged 1h R2,[Axe] Barbaric Roar Charged 1h R2 #1 [3],Any,86.0,86.0,86.0,86.0,86.0,80.0,200.0,17.0,0.0,0.0,0.0,0.0,0.0,0.0,-,0.0
Barbaric Roar 1h R2,[Axe] Barbaric Roar 1h R2 #2 [1],Any,85.0,85.0,85.0,85.0,85.0,80.0,100.0,14.0,0.0,0.0,0.0,0.0,0.0,0.0,-,0.0
Barbaric Roar 1h R2,[Axe] Barbaric Roar 1h R2 #2 [2],Any,105.0,105.0,105.0,105.0,105.0,100.0,120.0,22.0,0.0,0.0,0.0,0.0,0.0,0.0,-,0.0
Barbaric Roar Charged 1h R2,[Axe] Barbaric Roar Charged 1h R2 #2 [1],Any,100.0,100.0,100.0,100.0,100.0,100.0,120.0,15.0,0.0,0.0,0.0,0.0,0.0,0.0,-,0.0
Barbaric Roar Charged 1h R2,[Axe] Barbaric Roar Charged 1h R2 #2 [2],Any,125.0,125.0,125.0,125.0,125.0,135.0,200.0,26.0,0.0,0.0,0.0,0.0,0.0,0.0,-,0.0
Barbaric Roar 2h R2,[Axe] Barbaric Roar 2h R2 #1 [1],Any,75.0,75.0,75.0,75.0,75.0,65.0,120.0,12.0,0.0,0.0,0.0,0.0,0.0,0.0,-,0.0
Barbaric Roar 2h R2,[Axe] Barbaric Roar 2h R2 #1 [2],Any,75.0,75.0,75.0,75.0,75.0,65.0,120.0,12.0,0.0,0.0,0.0,0.0,0.0,0.0,-,0.0
Barbaric Roar 2h R2,[Axe] Barbaric Roar 2h R2 #1 [3],Any,80.0,80.0,80.0,80.0,80.0,65.0,180.0,17.0,0.0,0.0,0.0,0.0,0.0,0.0,-,0.0
Barbaric Roar Charged 2h R2,[Axe] Barbaric Roar Charged 2h R2 #1 [1],Any,87.0,87.0,87.0,87.0,87.0,80.0,180.0,14.0,0.0,0.0,0.0,0.0,0.0,0.0,-,0.0
Barbaric Roar Charged 2h R2,[Axe] Barbaric Roar Charged 2h R2 #1 [2],Any,87.0,87.0,87.0,87.0,87.0,80.0,180.0,14.0,0.0,0.0,0.0,0.0,0.0,0.0,-,0.0
Barbaric Roar Charged 2h R2,[Axe] Barbaric Roar Charged 2h R2 #1 [3],Any,91.0,91.0,91.0,91.0,91.0,80.0,250.0,21.0,0.0,0.0,0.0,0.0,0.0,0.0,-,0.0
Barbaric Roar 2h R2,[Axe] Barbaric Roar 2h R2 #2 [1],Any,90.0,90.0,90.0,90.0,90.0,80.0,120.0,17.0,0.0,0.0,0.0,0.0,0.0,0.0,-,0.0
Barbaric Roar 2h R2,[Axe] Barbaric Roar 2h R2 #2 [2],Any,110.0,110.0,110.0,110.0,110.0,100.0,140.0,27.0,0.0,0.0,0.0,0.0,0.0,0.0,-,0.0
Barbaric Roar Charged 2h R2,[Axe] Barbaric Roar Charged 2h R2 #2 [1],Any,105.0,105.0,105.0,105.0,105.0,100.0,150.0,18.0,0.0,0.0,0.0,0.0,0.0,0.0,-,0.0
Barbaric Roar Charged 2h R2,[Axe] Barbaric Roar Charged 2h R2 #2 [2],Any,130.0,130.0,130.0,130.0,130.0,135.0,250.0,32.0,0.0,0.0,0.0,0.0,0.0,0.0,-,0.0
Barbaric Roar 1h R2,[Greataxe] Barbaric Roar 1h R2 #1 [1],Any,70.0,70.0,70.0,70.0,70.0,75.0,100.0,10.0,0.0,0.0,0.0,0.0,0.0,0.0,-,0.0
Barbaric Roar 1h R2,[Greataxe] Barbaric Roar 1h R2 #1 [2],Any,70.0,70.0,70.0,70.0,70.0,75.0,100.0,10.0,0.0,0.0,0.0,0.0,0.0,0.0,-,0.0
Barbaric Roar 1h R2,[Greataxe] Barbaric Roar 1h R2 #1 [3],Any,75.0,75.0,75.0,75.0,75.0,75.0,150.0,17.0,0.0,0.0,0.0,0.0,0.0,0.0,-,0.0
Barbaric Roar Charged 1h R2,[Greataxe] Barbaric Roar Charged 1h R2 #1 [1],Any,82.0,82.0,82.0,82.0,82.0,85.0,170.0,12.0,0.0,0.0,0.0,0.0,0.0,0.0,-,0.0
Barbaric Roar Charged 1h R2,[Greataxe] Barbaric Roar Charged 1h R2 #1 [2],Any,82.0,82.0,82.0,82.0,82.0,85.0,170.0,12.0,0.0,0.0,0.0,0.0,0.0,0.0,-,0.0
Barbaric Roar Charged 1h R2,[Greataxe] Barbaric Roar Charged 1h R2 #1 [3],Any,86.0,86.0,86.0,86.0,86.0,85.0,240.0,19.0,0.0,0.0,0.0,0.0,0.0,0.0,-,0.0
Barbaric Roar 1h R2,[Greataxe] Barbaric Roar 1h R2 #2,Any,135.0,135.0,135.0,135.0,135.0,150.0,200.0,38.0,0.0,0.0,0.0,0.0,0.0,0.0,-,0.0
Barbaric Roar Charged 1h R2,[Greataxe] Barbaric Roar Charged 1h R2 #2,Any,195.0,195.0,195.0,195.0,195.0,200.0,600.0,45.0,0.0,0.0,0.0,0.0,0.0,0.0,-,0.0
Barbaric Roar 2h R2,[Greataxe] Barbaric Roar 2h R2 #1 [1],Any,75.0,75.0,75.0,75.0,75.0,75.0,120.0,12.0,0.0,0.0,0.0,0.0,0.0,0.0,-,0.0
Barbaric Roar 2h R2,[Greataxe] Barbaric Roar 2h R2 #1 [2],Any,75.0,75.0,75.0,75.0,75.0,75.0,120.0,12.0,0.0,0.0,0.0,0.0,0.0,0.0,-,0.0
Barbaric Roar 2h R2,[Greataxe] Barbaric Roar 2h R2 #1 [3],Any,80.0,80.0,80.0,80.0,80.0,75.0,200.0,21.0,0.0,0.0,0.0,0.0,0.0,0.0,-,0.0
Barbaric Roar Charged 2h R2,[Greataxe] Barbaric Roar Charged 2h R2 #1 [1],Any,87.0,87.0,87.0,87.0,87.0,85.0,200.0,15.0,0.0,0.0,0.0,0.0,0.0,0.0,-,0.0
Barbaric Roar Charged 2h R2,[Greataxe] Barbaric Roar Charged 2h R2 #1 [2],Any,87.0,87.0,87.0,87.0,87.0,85.0,200.0,15.0,0.0,0.0,0.0,0.0,0.0,0.0,-,0.0
Barbaric Roar Charged 2h R2,[Greataxe] Barbaric Roar Charged 2h R2 #1 [3],Any,91.0,91.0,91.0,91.0,91.0,85.0,300.0,23.0,0.0,0.0,0.0,0.0,0.0,0.0,-,0.0
Barbaric Roar 2h R2,[Greataxe] Barbaric Roar 2h R2 #2,Any,140.0,140.0,140.0,140.0,140.0,180.0,240.0,46.0,0.0,0.0,0.0,0.0,0.0,0.0,-,0.0
Barbaric Roar Charged 2h R2,[Greataxe] Barbaric Roar Charged 2h R2 #2,Any,200.0,200.0,200.0,200.0,200.0,240.0,660.0,54.0,0.0,0.0,0.0,0.0,0.0,0.0,-,0.0
Barbaric Roar 1h R2,[Hammer] Barbaric Roar 1h R2 #1 [1],Any,70.0,70.0,70.0,70.0,70.0,65.0,100.0,10.0,0.0,0.0,0.0,0.0,0.0,0.0,-,0.0
Barbaric Roar 1h R2,[Hammer] Barbaric Roar 1h R2 #1 [2],Any,70.0,70.0,70.0,70.0,70.0,65.0,100.0,10.0,0.0,0.0,0.0,0.0,0.0,0.0,-,0.0
Barbaric Roar 1h R2,[Hammer] Barbaric Roar 1h R2 #1 [3],Any,75.0,75.0,75.0,75.0,75.0,65.0,150.0,14.0,0.0,0.0,0.0,0.0,0.0,0.0,-,0.0
Barbaric Roar Charged 1h R2,[Hammer] Barbaric Roar Charged 1h R2 #1 [1],Any,82.0,82.0,82.0,82.0,82.0,80.0,150.0,11.0,0.0,0.0,0.0,0.0,0.0,0.0,-,0.0
Barbaric Roar Charged 1h R2,[Hammer] Barbaric Roar Charged 1h R2 #1 [2],Any,82.0,82.0,82.0,82.0,82.0,80.0,150.0,11.0,0.0,0.0,0.0,0.0,0.0,0.0,-,0.0
Barbaric Roar Charged 1h R2,[Hammer] Barbaric Roar Charged 1h R2 #1 [3],Any,86.0,86.0,86.0,86.0,86.0,80.0,200.0,17.0,0.0,0.0,0.0,0.0,0.0,0.0,-,0.0
Barbaric Roar 1h R2,[Hammer] Barbaric Roar 1h R2 #2 [1],Any,85.0,85.0,85.0,85.0,85.0,80.0,100.0,14.0,0.0,0.0,0.0,0.0,0.0,0.0,-,0.0
Barbaric Roar 1h R2,[Hammer] Barbaric Roar 1h R2 #2 [2],Any,105.0,105.0,105.0,105.0,105.0,100.0,120.0,22.0,0.0,0.0,0.0,0.0,0.0,0.0,-,0.0
Barbaric Roar Charged 1h R2,[Hammer] Barbaric Roar Charged 1h R2 #2 [1],Any,100.0,100.0,100.0,100.0,100.0,100.0,120.0,15.0,0.0,0.0,0.0,0.0,0.0,0.0,-,0.0
Barbaric Roar Charged 1h R2,[Hammer] Barbaric Roar Charged 1h R2 #2 [2],Any,125.0,125.0,125.0,125.0,125.0,135.0,200.0,26.0,0.0,0.0,0.0,0.0,0.0,0.0,-,0.0
Barbaric Roar 2h R2,[Hammer] Barbaric Roar 2h R2 #1 [1],Any,75.0,75.0,75.0,75.0,75.0,65.0,120.0,12.0,0.0,0.0,0.0,0.0,0.0,0.0,-,0.0
Barbaric Roar 2h R2,[Hammer] Barbaric Roar 2h R2 #1 [2],Any,75.0,75.0,75.0,75.0,75.0,65.0,120.0,12.0,0.0,0.0,0.0,0.0,0.0,0.0,-,0.0
Barbaric Roar 2h R2,[Hammer] Barbaric Roar 2h R2 #1 [3],Any,80.0,80.0,80.0,80.0,80.0,65.0,180.0,17.0,0.0,0.0,0.0,0.0,0.0,0.0,-,0.0
Barbaric Roar Charged 2h R2,[Hammer] Barbaric Roar Charged 2h R2 #1 [1],Any,87.0,87.0,87.0,87.0,87.0,80.0,180.0,14.0,0.0,0.0,0.0,0.0,0.0,0.0,-,0.0
Barbaric Roar Charged 2h R2,[Hammer] Barbaric Roar Charged 2h R2 #1 [2],Any,87.0,87.0,87.0,87.0,87.0,80.0,180.0,14.0,0.0,0.0,0.0,0.0,0.0,0.0,-,0.0
Barbaric Roar Charged 2h R2,[Hammer] Barbaric Roar Charged 2h R2 #1 [3],Any,91.0,91.0,91.0,91.0,91.0,80.0,250.0,21.0,0.0,0.0,0.0,0.0,0.0,0.0,-,0.0
Barbaric Roar 2h R2,[Hammer] Barbaric Roar 2h R2 #2 [1],Any,90.0,90.0,90.0,90.0,90.0,80.0,120.0,17.0,0.0,0.0,0.0,0.0,0.0,0.0,-,0.0
Barbaric Roar 2h R2,[Hammer] Barbaric Roar 2h R2 #2 [2],Any,110.0,110.0,110.0,110.0,110.0,100.0,140.0,27.0,0.0,0.0,0.0,0.0,0.0,0.0,-,0.0
Barbaric Roar Charged 2h R2,[Hammer] Barbaric Roar Charged 2h R2 #2 [1],Any,105.0,105.0,105.0,105.0,105.0,100.0,150.0,18.0,0.0,0.0,0.0,0.0,0.0,0.0,-,0.0
Barbaric Roar Charged 2h R2,[Hammer] Barbaric Roar Charged 2h R2 #2 [2],Any,130.0,130.0,130.0,130.0,130.0,135.0,250.0,32.0,0.0,0.0,0.0,0.0,0.0,0.0,-,0.0
Barbaric Roar 1h R2,[Flail] Barbaric Roar 1h R2 #1 [1],Any,70.0,70.0,70.0,70.0,70.0,65.0,100.0,12.0,0.0,0.0,0.0,0.0,0.0,0.0,-,0.0
Barbaric Roar 1h R2,[Flail] Barbaric Roar 1h R2 #1 [2],Any,70.0,70.0,70.0,70.0,70.0,65.0,100.0,12.0,0.0,0.0,0.0,0.0,0.0,0.0,-,0.0
Barbaric Roar 1h R2,[Flail] Barbaric Roar 1h R2 #1 [3],Any,75.0,75.0,75.0,75.0,75.0,65.0,150.0,17.0,0.0,0.0,0.0,0.0,0.0,0.0,-,0.0
Barbaric Roar Charged 1h R2,[Flail] Barbaric Roar Charged 1h R2 #1 [1],Any,82.0,82.0,82.0,82.0,82.0,80.0,150.0,13.0,0.0,0.0,0.0,0.0,0.0,0.0,-,0.0
Barbaric Roar Charged 1h R2,[Flail] Barbaric Roar Charged 1h R2 #1 [2],Any,82.0,82.0,82.0,82.0,82.0,80.0,150.0,13.0,0.0,0.0,0.0,0.0,0.0,0.0,-,0.0
Barbaric Roar Charged 1h R2,[Flail] Barbaric Roar Charged 1h R2 #1 [3],Any,86.0,86.0,86.0,86.0,86.0,80.0,200.0,20.0,0.0,0.0,0.0,0.0,0.0,0.0,-,0.0
Barbaric Roar 1h R2,[Flail] Barbaric Roar 1h R2 #2 [1],Any,85.0,85.0,85.0,85.0,85.0,80.0,100.0,17.0,0.0,0.0,0.0,0.0,0.0,0.0,-,0.0
Barbaric Roar 1h R2,[Flail] Barbaric Roar 1h R2 #2 [2],Any,105.0,105.0,105.0,105.0,105.0,100.0,120.0,26.0,0.0,0.0,0.0,0.0,0.0,0.0,-,0.0
Barbaric Roar Charged 1h R2,[Flail] Barbaric Roar Charged 1h R2 #2 [1],Any,100.0,100.0,100.0,100.0,100.0,100.0,120.0,18.0,0.0,0.0,0.0,0.0,0.0,0.0,-,0.0
Barbaric Roar Charged 1h R2,[Flail] Barbaric Roar Charged 1h R2 #2 [2],Any,125.0,125.0,125.0,125.0,125.0,135.0,200.0,30.0,0.0,0.0,0.0,0.0,0.0,0.0,-,0.0
Barbaric Roar 2h R2,[Flail] Barbaric Roar 2h R2 #1 [1],Any,75.0,75.0,75.0,75.0,75.0,65.0,120.0,14.0,0.0,0.0,0.0,0.0,0.0,0.0,-,0.0
Barbaric Roar 2h R2,[Flail] Barbaric Roar 2h R2 #1 [2],Any,75.0,75.0,75.0,75.0,75.0,65.0,120.0,14.0,0.0,0.0,0.0,0.0,0.0,0.0,-,0.0
Barbaric Roar 2h R2,[Flail] Barbaric Roar 2h R2 #1 [3],Any,80.0,80.0,80.0,80.0,80.0,65.0,180.0,20.0,0.0,0.0,0.0,0.0,0.0,0.0,-,0.0
Barbaric Roar Charged 2h R2,[Flail] Barbaric Roar Charged 2h R2 #1 [1],Any,87.0,87.0,87.0,87.0,87.0,80.0,180.0,17.0,0.0,0.0,0.0,0.0,0.0,0.0,-,0.0
Barbaric Roar Charged 2h R2,[Flail] Barbaric Roar Charged 2h R2 #1 [2],Any,87.0,87.0,87.0,87.0,87.0,80.0,180.0,17.0,0.0,0.0,0.0,0.0,0.0,0.0,-,0.0
Barbaric Roar Charged 2h R2,[Flail] Barbaric Roar Charged 2h R2 #1 [3],Any,91.0,91.0,91.0,91.0,91.0,80.0,250.0,25.0,0.0,0.0,0.0,0.0,0.0,0.0,-,0.0
Barbaric Roar 2h R2,[Flail] Barbaric Roar 2h R2 #2 [1],Any,90.0,90.0,90.0,90.0,90.0,80.0,120.0,20.0,0.0,0.0,0.0,0.0,0.0,0.0,-,0.0
Barbaric Roar 2h R2,[Flail] Barbaric Roar 2h R2 #2 [2],Any,110.0,110.0,110.0,110.0,110.0,100.0,140.0,32.0,0.0,0.0,0.0,0.0,0.0,0.0,-,0.0
Barbaric Roar Charged 2h R2,[Flail] Barbaric Roar Charged 2h R2 #2 [1],Any,105.0,105.0,105.0,105.0,105.0,100.0,150.0,21.0,0.0,0.0,0.0,0.0,0.0,0.0,-,0.0
Barbaric Roar Charged 2h R2,[Flail] Barbaric Roar Charged 2h R2 #2 [2],Any,130.0,130.0,130.0,130.0,130.0,135.0,250.0,37.0,0.0,0.0,0.0,0.0,0.0,0.0,-,0.0
Barbaric Roar 1h R2,[Great Hammer] Barbaric Roar 1h R2 #1 [1],Any,70.0,70.0,70.0,70.0,70.0,75.0,100.0,10.0,0.0,0.0,0.0,0.0,0.0,0.0,-,0.0
Barbaric Roar 1h R2,[Great Hammer] Barbaric Roar 1h R2 #1 [2],Any,70.0,70.0,70.0,70.0,70.0,75.0,100.0,10.0,0.0,0.0,0.0,0.0,0.0,0.0,-,0.0
Barbaric Roar 1h R2,[Great Hammer] Barbaric Roar 1h R2 #1 [3],Any,75.0,75.0,75.0,75.0,75.0,75.0,150.0,17.0,0.0,0.0,0.0,0.0,0.0,0.0,-,0.0
Barbaric Roar Charged 1h R2,[Great Hammer] Barbaric Roar Charged 1h R2 #1 [1],Any,82.0,82.0,82.0,82.0,82.0,85.0,170.0,12.0,0.0,0.0,0.0,0.0,0.0,0.0,-,0.0
Barbaric Roar Charged 1h R2,[Great Hammer] Barbaric Roar Charged 1h R2 #1 [2],Any,82.0,82.0,82.0,82.0,82.0,85.0,170.0,12.0,0.0,0.0,0.0,0.0,0.0,0.0,-,0.0
Barbaric Roar Charged 1h R2,[Great Hammer] Barbaric Roar Charged 1h R2 #1 [3],Any,86.0,86.0,86.0,86.0,86.0,85.0,240.0,19.0,0.0,0.0,0.0,0.0,0.0,0.0,-,0.0
Barbaric Roar 1h R2,[Great Hammer] Barbaric Roar 1h R2 #2,Any,135.0,135.0,135.0,135.0,135.0,150.0,200.0,38.0,0.0,0.0,0.0,0.0,0.0,0.0,-,0.0
Barbaric Roar Charged 1h R2,[Great Hammer] Barbaric Roar Charged 1h R2 #2,Any,195.0,195.0,195.0,195.0,195.0,200.0,600.0,45.0,0.0,0.0,0.0,0.0,0.0,0.0,-,0.0
Barbaric Roar 2h R2,[Great Hammer] Barbaric Roar 2h R2 #1 [1],Any,75.0,75.0,75.0,75.0,75.0,75.0,120.0,12.0,0.0,0.0,0.0,0.0,0.0,0.0,-,0.0
Barbaric Roar 2h R2,[Great Hammer] Barbaric Roar 2h R2 #1 [2],Any,75.0,75.0,75.0,75.0,75.0,75.0,120.0,12.0,0.0,0.0,0.0,0.0,0.0,0.0,-,0.0
Barbaric Roar 2h R2,[Great Hammer] Barbaric Roar 2h R2 #1 [3],Any,80.0,80.0,80.0,80.0,80.0,75.0,200.0,21.0,0.0,0.0,0.0,0.0,0.0,0.0,-,0.0
Barbaric Roar Charged 2h R2,[Great Hammer] Barbaric Roar Charged 2h R2 #1 [1],Any,87.0,87.0,87.0,87.0,87.0,85.0,200.0,15.0,0.0,0.0,0.0,0.0,0.0,0.0,-,0.0
Barbaric Roar Charged 2h R2,[Great Hammer] Barbaric Roar Charged 2h R2 #1 [2],Any,87.0,87.0,87.0,87.0,87.0,85.0,200.0,15.0,0.0,0.0,0.0,0.0,0.0,0.0,-,0.0
Barbaric Roar Charged 2h R2,[Great Hammer] Barbaric Roar Charged 2h R2 #1 [3],Any,91.0,91.0,91.0,91.0,91.0,85.0,300.0,23.0,0.0,0.0,0.0,0.0,0.0,0.0,-,0.0
Barbaric Roar 2h R2,[Great Hammer] Barbaric Roar 2h R2 #2,Any,140.0,140.0,140.0,140.0,140.0,180.0,240.0,46.0,0.0,0.0,0.0,0.0,0.0,0.0,-,0.0
Barbaric Roar Charged 2h R2,[Great Hammer] Barbaric Roar Charged 2h R2 #2,Any,200.0,200.0,200.0,200.0,200.0,240.0,660.0,54.0,0.0,0.0,0.0,0.0,0.0,0.0,-,0.0
Barbaric Roar 1h R2,[Colossal Weapon] Barbaric Roar 1h R2 #1 [1],Any,70.0,70.0,70.0,70.0,70.0,80.0,100.0,12.0,0.0,0.0,0.0,0.0,0.0,0.0,-,0.0
Barbaric Roar 1h R2,[Colossal Weapon] Barbaric Roar 1h R2 #1 [2],Any,70.0,70.0,70.0,70.0,70.0,80.0,100.0,12.0,0.0,0.0,0.0,0.0,0.0,0.0,-,0.0
Barbaric Roar 1h R2,[Colossal Weapon] Barbaric Roar 1h R2 #1 [3],Any,75.0,75.0,75.0,75.0,75.0,80.0,150.0,16.0,0.0,0.0,0.0,0.0,0.0,0.0,-,0.0
Barbaric Roar Charged 1h R2,[Colossal Weapon] Barbaric Roar Charged 1h R2 #1 [1],Any,82.0,82.0,82.0,82.0,82.0,90.0,170.0,14.0,0.0,0.0,0.0,0.0,0.0,0.0,-,0.0
Barbaric Roar Charged 1h R2,[Colossal Weapon] Barbaric Roar Charged 1h R2 #1 [2],Any,82.0,82.0,82.0,82.0,82.0,90.0,170.0,14.0,0.0,0.0,0.0,0.0,0.0,0.0,-,0.0
Barbaric Roar Charged 1h R2,[Colossal Weapon] Barbaric Roar Charged 1h R2 #1 [3],Any,86.0,86.0,86.0,86.0,86.0,90.0,240.0,20.0,0.0,0.0,0.0,0.0,0.0,0.0,-,0.0
Barbaric Roar 1h R2,[Colossal Weapon] Barbaric Roar 1h R2 #2,Any,135.0,135.0,135.0,135.0,135.0,150.0,200.0,42.0,0.0,0.0,0.0,0.0,0.0,0.0,-,0.0
Barbaric Roar Charged 1h R2,[Colossal Weapon] Barbaric Roar Charged 1h R2 #2,Any,210.0,210.0,210.0,210.0,210.0,250.0,600.0,51.0,0.0,0.0,0.0,0.0,0.0,0.0,-,0.0
Barbaric Roar 2h R2,[Colossal Weapon] Barbaric Roar 2h R2 #1 [1],Any,75.0,75.0,75.0,75.0,75.0,80.0,120.0,15.0,0.0,0.0,0.0,0.0,0.0,0.0,-,0.0
Barbaric Roar 2h R2,[Colossal Weapon] Barbaric Roar 2h R2 #1 [2],Any,75.0,75.0,75.0,75.0,75.0,80.0,120.0,15.0,0.0,0.0,0.0,0.0,0.0,0.0,-,0.0
Barbaric Roar 2h R2,[Colossal Weapon] Barbaric Roar 2h R2 #1 [3],Any,80.0,80.0,80.0,80.0,80.0,80.0,200.0,20.0,0.0,0.0,0.0,0.0,0.0,0.0,-,0.0
Barbaric Roar Charged 2h R2,[Colossal Weapon] Barbaric Roar Charged 2h R2 #1 [1],Any,87.0,87.0,87.0,87.0,87.0,90.0,200.0,17.0,0.0,0.0,0.0,0.0,0.0,0.0,-,0.0
Barbaric Roar Charged 2h R2,[Colossal Weapon] Barbaric Roar Charged 2h R2 #1 [2],Any,87.0,87.0,87.0,87.0,87.0,90.0,200.0,17.0,0.0,0.0,0.0,0.0,0.0,0.0,-,0.0
Barbaric Roar Charged 2h R2,[Colossal Weapon] Barbaric Roar Charged 2h R2 #1 [3],Any,91.0,91.0,91.0,91.0,91.0,90.0,300.0,24.0,0.0,0.0,0.0,0.0,0.0,0.0,-,0.0
Barbaric Roar 2h R2,[Colossal Weapon] Barbaric Roar 2h R2 #2,Any,140.0,140.0,140.0,140.0,140.0,180.0,240.0,51.0,0.0,0.0,0.0,0.0,0.0,0.0,-,0.0
Barbaric Roar Charged 2h R2,[Colossal Weapon] Barbaric Roar Charged 2h R2 #2,Any,220.0,220.0,220.0,220.0,220.0,300.0,660.0,62.0,0.0,0.0,0.0,0.0,0.0,0.0,-,0.0
Barbaric Roar 1h R2,[Spear] Barbaric Roar 1h R2 #1 [1],Any,70.0,70.0,70.0,70.0,70.0,65.0,100.0,9.0,0.0,0.0,0.0,0.0,0.0,0.0,-,0.0
Barbaric Roar 1h R2,[Spear] Barbaric Roar 1h R2 #1 [2],Any,70.0,70.0,70.0,70.0,70.0,65.0,100.0,9.0,0.0,0.0,0.0,0.0,0.0,0.0,-,0.0
Barbaric Roar 1h R2,[Spear] Barbaric Roar 1h R2 #1 [3],Any,75.0,75.0,75.0,75.0,75.0,65.0,150.0,16.0,0.0,0.0,0.0,0.0,0.0,0.0,-,0.0
Barbaric Roar Charged 1h R2,[Spear] Barbaric Roar Charged 1h R2 #1 [1],Any,82.0,82.0,82.0,82.0,82.0,80.0,150.0,11.0,0.0,0.0,0.0,0.0,0.0,0.0,-,0.0
Barbaric Roar Charged 1h R2,[Spear] Barbaric Roar Charged 1h R2 #1 [2],Any,82.0,82.0,82.0,82.0,82.0,80.0,150.0,11.0,0.0,0.0,0.0,0.0,0.0,0.0,-,0.0
Barbaric Roar Charged 1h R2,[Spear] Barbaric Roar Charged 1h R2 #1 [3],Any,86.0,86.0,86.0,86.0,86.0,80.0,200.0,18.0,0.0,0.0,0.0,0.0,0.0,0.0,-,0.0
Barbaric Roar 1h R2,[Spear] Barbaric Roar 1h R2 #2,Any,135.0,135.0,135.0,135.0,135.0,150.0,200.0,36.0,0.0,0.0,0.0,0.0,0.0,0.0,-,0.0
Barbaric Roar Charged 1h R2,[Spear] Barbaric Roar Charged 1h R2 #2,Any,195.0,195.0,195.0,195.0,195.0,200.0,600.0,42.0,0.0,0.0,0.0,0.0,0.0,0.0,-,0.0
Barbaric Roar 2h R2,[Spear] Barbaric Roar 2h R2 #1 [1],Any,75.0,75.0,75.0,75.0,75.0,65.0,120.0,11.0,0.0,0.0,0.0,0.0,0.0,0.0,-,0.0
Barbaric Roar 2h R2,[Spear] Barbaric Roar 2h R2 #1 [2],Any,75.0,75.0,75.0,75.0,75.0,65.0,120.0,11.0,0.0,0.0,0.0,0.0,0.0,0.0,-,0.0
Barbaric Roar 2h R2,[Spear] Barbaric Roar 2h R2 #1 [3],Any,80.0,80.0,80.0,80.0,80.0,65.0,180.0,20.0,0.0,0.0,0.0,0.0,0.0,0.0,-,0.0
Barbaric Roar Charged 2h R2,[Spear] Barbaric Roar Charged 2h R2 #1 [1],Any,87.0,87.0,87.0,87.0,87.0,80.0,180.0,14.0,0.0,0.0,0.0,0.0,0.0,0.0,-,0.0
Barbaric Roar Charged 2h R2,[Spear] Barbaric Roar Charged 2h R2 #1 [2],Any,87.0,87.0,87.0,87.0,87.0,80.0,180.0,14.0,0.0,0.0,0.0,0.0,0.0,0.0,-,0.0
Barbaric Roar Charged 2h R2,[Spear] Barbaric Roar Charged 2h R2 #1 [3],Any,91.0,91.0,91.0,91.0,91.0,80.0,250.0,22.0,0.0,0.0,0.0,0.0,0.0,0.0,-,0.0
Barbaric Roar 2h R2,[Spear] Barbaric Roar 2h R2 #2,Any,140.0,140.0,140.0,140.0,140.0,180.0,240.0,44.0,0.0,0.0,0.0,0.0,0.0,0.0,-,0.0
Barbaric Roar Charged 2h R2,[Spear] Barbaric Roar Charged 2h R2 #2,Any,200.0,200.0,200.0,200.0,200.0,240.0,660.0,51.0,0.0,0.0,0.0,0.0,0.0,0.0,-,0.0
Barbaric Roar 1h R2,[Great Spear] Barbaric Roar 1h R2 #1 [1],Any,70.0,70.0,70.0,70.0,70.0,65.0,100.0,10.0,0.0,0.0,0.0,0.0,0.0,0.0,-,0.0
Barbaric Roar 1h R2,[Great Spear] Barbaric Roar 1h R2 #1 [2],Any,70.0,70.0,70.0,70.0,70.0,65.0,100.0,10.0,0.0,0.0,0.0,0.0,0.0,0.0,-,0.0
Barbaric Roar 1h R2,[Great Spear] Barbaric Roar 1h R2 #1 [3],Any,75.0,75.0,75.0,75.0,75.0,65.0,150.0,18.0,0.0,0.0,0.0,0.0,0.0,0.0,-,0.0
Barbaric Roar Charged 1h R2,[Great Spear] Barbaric Roar Charged 1h R2 #1 [1],Any,82.0,82.0,82.0,82.0,82.0,80.0,150.0,12.0,0.0,0.0,0.0,0.0,0.0,0.0,-,0.0
Barbaric Roar Charged 1h R2,[Great Spear] Barbaric Roar Charged 1h R2 #1 [2],Any,82.0,82.0,82.0,82.0,82.0,80.0,150.0,12.0,0.0,0.0,0.0,0.0,0.0,0.0,-,0.0
Barbaric Roar Charged 1h R2,[Great Spear] Barbaric Roar Charged 1h R2 #1 [3],Any,86.0,86.0,86.0,86.0,86.0,80.0,200.0,20.0,0.0,0.0,0.0,0.0,0.0,0.0,-,0.0
Barbaric Roar 1h R2,[Great Spear] Barbaric Roar 1h R2 #2,Any,135.0,135.0,135.0,135.0,135.0,150.0,200.0,41.0,0.0,0.0,0.0,0.0,0.0,0.0,-,0.0
Barbaric Roar Charged 1h R2,[Great Spear] Barbaric Roar Charged 1h R2 #2,Any,195.0,195.0,195.0,195.0,195.0,200.0,600.0,48.0,0.0,0.0,0.0,0.0,0.0,0.0,-,0.0
Barbaric Roar 2h R2,[Great Spear] Barbaric Roar 2h R2 #1 [1],Any,75.0,75.0,75.0,75.0,75.0,65.0,120.0,12.0,0.0,0.0,0.0,0.0,0.0,0.0,-,0.0
Barbaric Roar 2h R2,[Great Spear] Barbaric Roar 2h R2 #1 [2],Any,75.0,75.0,75.0,75.0,75.0,65.0,120.0,12.0,0.0,0.0,0.0,0.0,0.0,0.0,-,0.0
Barbaric Roar 2h R2,[Great Spear] Barbaric Roar 2h R2 #1 [3],Any,80.0,80.0,80.0,80.0,80.0,65.0,180.0,22.0,0.0,0.0,0.0,0.0,0.0,0.0,-,0.0
Barbaric Roar Charged 2h R2,[Great Spear] Barbaric Roar Charged 2h R2 #1 [1],Any,87.0,87.0,87.0,87.0,87.0,80.0,180.0,15.0,0.0,0.0,0.0,0.0,0.0,0.0,-,0.0
Barbaric Roar Charged 2h R2,[Great Spear] Barbaric Roar Charged 2h R2 #1 [2],Any,87.0,87.0,87.0,87.0,87.0,80.0,180.0,15.0,0.0,0.0,0.0,0.0,0.0,0.0,-,0.0
Barbaric Roar Charged 2h R2,[Great Spear] Barbaric Roar Charged 2h R2 #1 [3],Any,91.0,91.0,91.0,91.0,91.0,80.0,250.0,24.0,0.0,0.0,0.0,0.0,0.0,0.0,-,0.0
Barbaric Roar 2h R2,[Great Spear] Barbaric Roar 2h R2 #2,Any,140.0,140.0,140.0,140.0,140.0,180.0,240.0,50.0,0.0,0.0,0.0,0.0,0.0,0.0,-,0.0
Barbaric Roar Charged 2h R2,[Great Spear] Barbaric Roar Charged 2h R2 #2,Any,200.0,200.0,200.0,200.0,200.0,240.0,660.0,58.0,0.0,0.0,0.0,0.0,0.0,0.0,-,0.0
Barbaric Roar 1h R2,[Halberd] Barbaric Roar 1h R2 #1 [1],Any,70.0,70.0,70.0,70.0,70.0,65.0,100.0,9.0,0.0,0.0,0.0,0.0,0.0,0.0,-,0.0
Barbaric Roar 1h R2,[Halberd] Barbaric Roar 1h R2 #1 [2],Any,70.0,70.0,70.0,70.0,70.0,65.0,100.0,9.0,0.0,0.0,0.0,0.0,0.0,0.0,-,0.0
Barbaric Roar 1h R2,[Halberd] Barbaric Roar 1h R2 #1 [3],Any,75.0,75.0,75.0,75.0,75.0,65.0,150.0,18.0,0.0,0.0,0.0,0.0,0.0,0.0,-,0.0
Barbaric Roar Charged 1h R2,[Halberd] Barbaric Roar Charged 1h R2 #1 [1],Any,82.0,82.0,82.0,82.0,82.0,80.0,150.0,11.0,0.0,0.0,0.0,0.0,0.0,0.0,-,0.0
Barbaric Roar Charged 1h R2,[Halberd] Barbaric Roar Charged 1h R2 #1 [2],Any,82.0,82.0,82.0,82.0,82.0,80.0,150.0,11.0,0.0,0.0,0.0,0.0,0.0,0.0,-,0.0
Barbaric Roar Charged 1h R2,[Halberd] Barbaric Roar Charged 1h R2 #1 [3],Any,86.0,86.0,86.0,86.0,86.0,80.0,200.0,20.0,0.0,0.0,0.0,0.0,0.0,0.0,-,0.0
Barbaric Roar 1h R2,[Halberd] Barbaric Roar 1h R2 #2,Any,135.0,135.0,135.0,135.0,135.0,150.0,200.0,38.0,0.0,0.0,0.0,0.0,0.0,0.0,-,0.0
Barbaric Roar Charged 1h R2,[Halberd] Barbaric Roar Charged 1h R2 #2,Any,195.0,195.0,195.0,195.0,195.0,200.0,600.0,44.0,0.0,0.0,0.0,0.0,0.0,0.0,-,0.0
Barbaric Roar 2h R2,[Halberd] Barbaric Roar 2h R2 #1 [1],Any,75.0,75.0,75.0,75.0,75.0,65.0,120.0,11.0,0.0,0.0,0.0,0.0,0.0,0.0,-,0.0
Barbaric Roar 2h R2,[Halberd] Barbaric Roar 2h R2 #1 [2],Any,75.0,75.0,75.0,75.0,75.0,65.0,120.0,11.0,0.0,0.0,0.0,0.0,0.0,0.0,-,0.0
Barbaric Roar 2h R2,[Halberd] Barbaric Roar 2h R2 #1 [3],Any,80.0,80.0,80.0,80.0,80.0,65.0,180.0,22.0,0.0,0.0,0.0,0.0,0.0,0.0,-,0.0
Barbaric Roar Charged 2h R2,[Halberd] Barbaric Roar Charged 2h R2 #1 [1],Any,87.0,87.0,87.0,87.0,87.0,80.0,180.0,14.0,0.0,0.0,0.0,0.0,0.0,0.0,-,0.0
Barbaric Roar Charged 2h R2,[Halberd] Barbaric Roar Charged 2h R2 #1 [2],Any,87.0,87.0,87.0,87.0,87.0,80.0,180.0,14.0,0.0,0.0,0.0,0.0,0.0,0.0,-,0.0
Barbaric Roar Charged 2h R2,[Halberd] Barbaric Roar Charged 2h R2 #1 [3],Any,91.0,91.0,91.0,91.0,91.0,80.0,250.0,24.0,0.0,0.0,0.0,0.0,0.0,0.0,-,0.0
Barbaric Roar 2h R2,[Halberd] Barbaric Roar 2h R2 #2,Any,140.0,140.0,140.0,140.0,140.0,180.0,240.0,46.0,0.0,0.0,0.0,0.0,0.0,0.0,-,0.0
Barbaric Roar Charged 2h R2,[Halberd] Barbaric Roar Charged 2h R2 #2,Any,200.0,200.0,200.0,200.0,200.0,240.0,660.0,53.0,0.0,0.0,0.0,0.0,0.0,0.0,-,0.0
Barbaric Roar 1h R2,[Reaper] Barbaric Roar 1h R2 #1 [1],Any,70.0,70.0,70.0,70.0,70.0,65.0,100.0,9.0,0.0,0.0,0.0,0.0,0.0,0.0,-,0.0
Barbaric Roar 1h R2,[Reaper] Barbaric Roar 1h R2 #1 [2],Any,70.0,70.0,70.0,70.0,70.0,65.0,100.0,9.0,0.0,0.0,0.0,0.0,0.0,0.0,-,0.0
Barbaric Roar 1h R2,[Reaper] Barbaric Roar 1h R2 #1 [3],Any,75.0,75.0,75.0,75.0,75.0,65.0,150.0,18.0,0.0,0.0,0.0,0.0,0.0,0.0,-,0.0
Barbaric Roar Charged 1h R2,[Reaper] Barbaric Roar Charged 1h R2 #1 [1],Any,82.0,82.0,82.0,82.0,82.0,80.0,150.0,11.0,0.0,0.0,0.0,0.0,0.0,0.0,-,0.0
Barbaric Roar Charged 1h R2,[Reaper] Barbaric Roar Charged 1h R2 #1 [2],Any,82.0,82.0,82.0,82.0,82.0,80.0,150.0,11.0,0.0,0.0,0.0,0.0,0.0,0.0,-,0.0
Barbaric Roar Charged 1h R2,[Reaper] Barbaric Roar Charged 1h R2 #1 [3],Any,86.0,86.0,86.0,86.0,86.0,80.0,200.0,20.0,0.0,0.0,0.0,0.0,0.0,0.0,-,0.0
Barbaric Roar 1h R2,[Reaper] Barbaric Roar 1h R2 #2,Any,135.0,135.0,135.0,135.0,135.0,150.0,200.0,38.0,0.0,0.0,0.0,0.0,0.0,0.0,-,0.0
Barbaric Roar Charged 1h R2,[Reaper] Barbaric Roar Charged 1h R2 #2,Any,195.0,195.0,195.0,195.0,195.0,200.0,600.0,44.0,0.0,0.0,0.0,0.0,0.0,0.0,-,0.0
Barbaric Roar 2h R2,[Reaper] Barbaric Roar 2h R2 #1 [1],Any,75.0,75.0,75.0,75.0,75.0,65.0,120.0,11.0,0.0,0.0,0.0,0.0,0.0,0.0,-,0.0
Barbaric Roar 2h R2,[Reaper] Barbaric Roar 2h R2 #1 [2],Any,75.0,75.0,75.0,75.0,75.0,65.0,120.0,11.0,0.0,0.0,0.0,0.0,0.0,0.0,-,0.0
Barbaric Roar 2h R2,[Reaper] Barbaric Roar 2h R2 #1 [3],Any,80.0,80.0,80.0,80.0,80.0,65.0,180.0,22.0,0.0,0.0,0.0,0.0,0.0,0.0,-,0.0
Barbaric Roar Charged 2h R2,[Reaper] Barbaric Roar Charged 2h R2 #1 [1],Any,87.0,87.0,87.0,87.0,87.0,80.0,180.0,14.0,0.0,0.0,0.0,0.0,0.0,0.0,-,0.0
Barbaric Roar Charged 2h R2,[Reaper] Barbaric Roar Charged 2h R2 #1 [2],Any,87.0,87.0,87.0,87.0,87.0,80.0,180.0,14.0,0.0,0.0,0.0,0.0,0.0,0.0,-,0.0
Barbaric Roar Charged 2h R2,[Reaper] Barbaric Roar Charged 2h R2 #1 [3],Any,91.0,91.0,91.0,91.0,91.0,80.0,250.0,24.0,0.0,0.0,0.0,0.0,0.0,0.0,-,0.0
Barbaric Roar 2h R2,[Reaper] Barbaric Roar 2h R2 #2,Any,140.0,140.0,140.0,140.0,140.0,180.0,240.0,46.0,0.0,0.0,0.0,0.0,0.0,0.0,-,0.0
Barbaric Roar Charged 2h R2,[Reaper] Barbaric Roar Charged 2h R2 #2,Any,200.0,200.0,200.0,200.0,200.0,240.0,660.0,53.0,0.0,0.0,0.0,0.0,0.0,0.0,-,0.0
Barbaric Roar 1h R2,[Fist] Barbaric Roar 1h R2 #1 [1],Any,73.0,73.0,73.0,73.0,73.0,65.0,100.0,6.0,0.0,0.0,0.0,0.0,0.0,0.0,-,0.0
Barbaric Roar 1h R2,[Fist] Barbaric Roar 1h R2 #1 [2],Any,73.0,73.0,73.0,73.0,73.0,65.0,100.0,6.0,0.0,0.0,0.0,0.0,0.0,0.0,-,0.0
Barbaric Roar 1h R2,[Fist] Barbaric Roar 1h R2 #1 [3],Any,78.0,78.0,78.0,78.0,78.0,65.0,150.0,10.0,0.0,0.0,0.0,0.0,0.0,0.0,-,0.0
Barbaric Roar Charged 1h R2,[Fist] Barbaric Roar Charged 1h R2 #1 [1],Any,86.0,86.0,86.0,86.0,86.0,80.0,150.0,7.0,0.0,0.0,0.0,0.0,0.0,0.0,-,0.0
Barbaric Roar Charged 1h R2,[Fist] Barbaric Roar Charged 1h R2 #1 [2],Any,86.0,86.0,86.0,86.0,86.0,80.0,150.0,7.0,0.0,0.0,0.0,0.0,0.0,0.0,-,0.0
Barbaric Roar Charged 1h R2,[Fist] Barbaric Roar Charged 1h R2 #1 [3],Any,90.0,90.0,90.0,90.0,90.0,80.0,200.0,12.0,0.0,0.0,0.0,0.0,0.0,0.0,-,0.0
Barbaric Roar 1h R2,[Fist] Barbaric Roar 1h R2 #2 [1],Any,89.0,89.0,89.0,89.0,89.0,80.0,100.0,8.0,0.0,0.0,0.0,0.0,0.0,0.0,-,0.0
Barbaric Roar 1h R2,[Fist] Barbaric Roar 1h R2 #2 [2],Any,110.0,110.0,110.0,110.0,110.0,100.0,120.0,16.0,0.0,0.0,0.0,0.0,0.0,0.0,-,0.0
Barbaric Roar Charged 1h R2,[Fist] Barbaric Roar Charged 1h R2 #2 [1],Any,105.0,105.0,105.0,105.0,105.0,100.0,120.0,10.0,0.0,0.0,0.0,0.0,0.0,0.0,-,0.0
Barbaric Roar Charged 1h R2,[Fist] Barbaric Roar Charged 1h R2 #2 [2],Any,131.0,131.0,131.0,131.0,131.0,135.0,200.0,18.0,0.0,0.0,0.0,0.0,0.0,0.0,-,0.0
Barbaric Roar 2h R2,[Fist] Barbaric Roar 2h R2 #1 [1],Any,93.0,93.0,93.0,93.0,93.0,65.0,120.0,8.0,0.0,0.0,0.0,0.0,0.0,0.0,-,0.0
Barbaric Roar 2h R2,[Fist] Barbaric Roar 2h R2 #1 [2],Any,93.0,93.0,93.0,93.0,93.0,65.0,120.0,8.0,0.0,0.0,0.0,0.0,0.0,0.0,-,0.0
Barbaric Roar 2h R2,[Fist] Barbaric Roar 2h R2 #1 [3],Any,96.0,96.0,96.0,96.0,96.0,65.0,180.0,12.0,0.0,0.0,0.0,0.0,0.0,0.0,-,0.0
Barbaric Roar Charged 2h R2,[Fist] Barbaric Roar Charged 2h R2 #1 [1],Any,97.0,97.0,97.0,97.0,97.0,80.0,180.0,9.0,0.0,0.0,0.0,0.0,0.0,0.0,-,0.0
Barbaric Roar Charged 2h R2,[Fist] Barbaric Roar Charged 2h R2 #1 [2],Any,97.0,97.0,97.0,97.0,97.0,80.0,180.0,9.0,0.0,0.0,0.0,0.0,0.0,0.0,-,0.0
Barbaric Roar Charged 2h R2,[Fist] Barbaric Roar Charged 2h R2 #1 [3],Any,111.0,111.0,111.0,111.0,111.0,80.0,250.0,15.0,0.0,0.0,0.0,0.0,0.0,0.0,-,0.0
Barbaric Roar 2h R2,[Fist] Barbaric Roar 2h R2 #2 [1],Any,99.0,99.0,99.0,99.0,99.0,80.0,120.0,10.0,0.0,0.0,0.0,0.0,0.0,0.0,-,0.0
Barbaric Roar 2h R2,[Fist] Barbaric Roar 2h R2 #2 [2],Any,121.0,121.0,121.0,121.0,121.0,100.0,140.0,20.0,0.0,0.0,0.0,0.0,0.0,0.0,-,0.0
Barbaric Roar Charged 2h R2,[Fist] Barbaric Roar Charged 2h R2 #2 [1],Any,115.0,115.0,115.0,115.0,115.0,100.0,150.0,12.0,0.0,0.0,0.0,0.0,0.0,0.0,-,0.0
Barbaric Roar Charged 2h R2,[Fist] Barbaric Roar Charged 2h R2 #2 [2],Any,145.0,145.0,145.0,145.0,145.0,135.0,250.0,22.0,0.0,0.0,0.0,0.0,0.0,0.0,-,0.0
Barbaric Roar 1h R2,[Hand-to-Hand] Barbaric Roar 1h R2 #1 [1],Any,73.0,73.0,73.0,73.0,73.0,65.0,100.0,7.0,0.0,0.0,0.0,0.0,0.0,0.0,-,0.0
Barbaric Roar 1h R2,[Hand-to-Hand] Barbaric Roar 1h R2 #1 [2],Any,73.0,73.0,73.0,73.0,73.0,65.0,100.0,7.0,0.0,0.0,0.0,0.0,0.0,0.0,-,0.0
Barbaric Roar 1h R2,[Hand-to-Hand] Barbaric Roar 1h R2 #1 [3],Any,78.0,78.0,78.0,78.0,78.0,65.0,150.0,11.0,0.0,0.0,0.0,0.0,0.0,0.0,-,0.0
Barbaric Roar Charged 1h R2,[Hand-to-Hand] Barbaric Roar Charged 1h R2 #1 [1],Any,86.0,86.0,86.0,86.0,86.0,80.0,150.0,8.0,0.0,0.0,0.0,0.0,0.0,0.0,-,0.0
Barbaric Roar Charged 1h R2,[Hand-to-Hand] Barbaric Roar Charged 1h R2 #1 [2],Any,86.0,86.0,86.0,86.0,86.0,80.0,150.0,8.0,0.0,0.0,0.0,0.0,0.0,0.0,-,0.0
Barbaric Roar Charged 1h R2,[Hand-to-Hand] Barbaric Roar Charged 1h R2 #1 [3],Any,90.0,90.0,90.0,90.0,90.0,80.0,200.0,13.0,0.0,0.0,0.0,0.0,0.0,0.0,-,0.0
Barbaric Roar 1h R2,[Hand-to-Hand] Barbaric Roar 1h R2 #2 [1],Any,89.0,89.0,89.0,89.0,89.0,80.0,100.0,9.0,0.0,0.0,0.0,0.0,0.0,0.0,-,0.0
Barbaric Roar 1h R2,[Hand-to-Hand] Barbaric Roar 1h R2 #2 [2],Any,110.0,110.0,110.0,110.0,110.0,100.0,120.0,17.0,0.0,0.0,0.0,0.0,0.0,0.0,-,0.0
Barbaric Roar Charged 1h R2,[Hand-to-Hand] Barbaric Roar Charged 1h R2 #2 [1],Any,105.0,105.0,105.0,105.0,105.0,100.0,120.0,11.0,0.0,0.0,0.0,0.0,0.0,0.0,-,0.0
Barbaric Roar Charged 1h R2,[Hand-to-Hand] Barbaric Roar Charged 1h R2 #2 [2],Any,131.0,131.0,131.0,131.0,131.0,135.0,200.0,19.0,0.0,0.0,0.0,0.0,0.0,0.0,-,0.0
Barbaric Roar 2h R2,[Hand-to-Hand] Barbaric Roar 2h R2 #1 [1],Any,93.0,93.0,93.0,93.0,93.0,65.0,120.0,9.0,0.0,0.0,0.0,0.0,0.0,0.0,-,0.0
Barbaric Roar 2h R2,[Hand-to-Hand] Barbaric Roar 2h R2 #1 [2],Any,93.0,93.0,93.0,93.0,93.0,65.0,120.0,9.0,0.0,0.0,0.0,0.0,0.0,0.0,-,0.0
Barbaric Roar 2h R2,[Hand-to-Hand] Barbaric Roar 2h R2 #1 [3],Any,96.0,96.0,96.0,96.0,96.0,65.0,180.0,14.0,0.0,0.0,0.0,0.0,0.0,0.0,-,0.0
Barbaric Roar Charged 2h R2,[Hand-to-Hand] Barbaric Roar Charged 2h R2 #1 [1],Any,97.0,97.0,97.0,97.0,97.0,80.0,180.0,10.0,0.0,0.0,0.0,0.0,0.0,0.0,-,0.0
Barbaric Roar Charged 2h R2,[Hand-to-Hand] Barbaric Roar Charged 2h R2 #1 [2],Any,97.0,97.0,97.0,97.0,97.0,80.0,180.0,10.0,0.0,0.0,0.0,0.0,0.0,0.0,-,0.0
Barbaric Roar Charged 2h R2,[Hand-to-Hand] Barbaric Roar Charged 2h R2 #1 [3],Any,111.0,111.0,111.0,111.0,111.0,80.0,250.0,16.0,0.0,0.0,0.0,0.0,0.0,0.0,-,0.0
Barbaric Roar 2h R2,[Hand-to-Hand] Barbaric Roar 2h R2 #2 [1],Any,99.0,99.0,99.0,99.0,99.0,80.0,120.0,11.0,0.0,0.0,0.0,0.0,0.0,0.0,-,0.0
Barbaric Roar 2h R2,[Hand-to-Hand] Barbaric Roar 2h R2 #2 [2],Any,121.0,121.0,121.0,121.0,121.0,100.0,140.0,21.0,0.0,0.0,0.0,0.0,0.0,0.0,-,0.0
Barbaric Roar Charged 2h R2,[Hand-to-Hand] Barbaric Roar Charged 2h R2 #2 [1],Any,115.0,115.0,115.0,115.0,115.0,100.0,150.0,14.0,0.0,0.0,0.0,0.0,0.0,0.0,-,0.0
Barbaric Roar Charged 2h R2,[Hand-to-Hand] Barbaric Roar Charged 2h R2 #2 [2],Any,145.0,145.0,145.0,145.0,145.0,135.0,250.0,23.0,0.0,0.0,0.0,0.0,0.0,0.0,-,0.0
Barbaric Roar 1h R2,[Claw] Barbaric Roar 1h R2 #1 [1],Any,73.0,73.0,73.0,73.0,73.0,65.0,100.0,7.0,0.0,0.0,0.0,0.0,0.0,0.0,-,0.0
Barbaric Roar 1h R2,[Claw] Barbaric Roar 1h R2 #1 [2],Any,73.0,73.0,73.0,73.0,73.0,65.0,100.0,7.0,0.0,0.0,0.0,0.0,0.0,0.0,-,0.0
Barbaric Roar 1h R2,[Claw] Barbaric Roar 1h R2 #1 [3],Any,78.0,78.0,78.0,78.0,78.0,65.0,150.0,11.0,0.0,0.0,0.0,0.0,0.0,0.0,-,0.0
Barbaric Roar Charged 1h R2,[Claw] Barbaric Roar Charged 1h R2 #1 [1],Any,86.0,86.0,86.0,86.0,86.0,80.0,150.0,8.0,0.0,0.0,0.0,0.0,0.0,0.0,-,0.0
Barbaric Roar Charged 1h R2,[Claw] Barbaric Roar Charged 1h R2 #1 [2],Any,86.0,86.0,86.0,86.0,86.0,80.0,150.0,8.0,0.0,0.0,0.0,0.0,0.0,0.0,-,0.0
Barbaric Roar Charged 1h R2,[Claw] Barbaric Roar Charged 1h R2 #1 [3],Any,90.0,90.0,90.0,90.0,90.0,80.0,200.0,13.0,0.0,0.0,0.0,0.0,0.0,0.0,-,0.0
Barbaric Roar 1h R2,[Claw] Barbaric Roar 1h R2 #2 [1],Any,89.0,89.0,89.0,89.0,89.0,80.0,100.0,9.0,0.0,0.0,0.0,0.0,0.0,0.0,-,0.0
Barbaric Roar 1h R2,[Claw] Barbaric Roar 1h R2 #2 [2],Any,110.0,110.0,110.0,110.0,110.0,100.0,120.0,17.0,0.0,0.0,0.0,0.0,0.0,0.0,-,0.0
Barbaric Roar Charged 1h R2,[Claw] Barbaric Roar Charged 1h R2 #2 [1],Any,105.0,105.0,105.0,105.0,105.0,100.0,120.0,11.0,0.0,0.0,0.0,0.0,0.0,0.0,-,0.0
Barbaric Roar Charged 1h R2,[Claw] Barbaric Roar Charged 1h R2 #2 [2],Any,131.0,131.0,131.0,131.0,131.0,135.0,200.0,19.0,0.0,0.0,0.0,0.0,0.0,0.0,-,0.0
Barbaric Roar 2h R2,[Claw] Barbaric Roar 2h R2 #1 [1],Any,93.0,93.0,93.0,93.0,93.0,65.0,120.0,9.0,0.0,0.0,0.0,0.0,0.0,0.0,-,0.0
Barbaric Roar 2h R2,[Claw] Barbaric Roar 2h R2 #1 [2],Any,93.0,93.0,93.0,93.0,93.0,65.0,120.0,9.0,0.0,0.0,0.0,0.0,0.0,0.0,-,0.0
Barbaric Roar 2h R2,[Claw] Barbaric Roar 2h R2 #1 [3],Any,96.0,96.0,96.0,96.0,96.0,65.0,180.0,14.0,0.0,0.0,0.0,0.0,0.0,0.0,-,0.0
Barbaric Roar Charged 2h R2,[Claw] Barbaric Roar Charged 2h R2 #1 [1],Any,97.0,97.0,97.0,97.0,97.0,80.0,180.0,10.0,0.0,0.0,0.0,0.0,0.0,0.0,-,0.0
Barbaric Roar Charged 2h R2,[Claw] Barbaric Roar Charged 2h R2 #1 [2],Any,97.0,97.0,97.0,97.0,97.0,80.0,180.0,10.0,0.0,0.0,0.0,0.0,0.0,0.0,-,0.0
Barbaric Roar Charged 2h R2,[Claw] Barbaric Roar Charged 2h R2 #1 [3],Any,111.0,111.0,111.0,111.0,111.0,80.0,250.0,16.0,0.0,0.0,0.0,0.0,0.0,0.0,-,0.0
Barbaric Roar 2h R2,[Claw] Barbaric Roar 2h R2 #2 [1],Any,99.0,99.0,99.0,99.0,99.0,80.0,120.0,11.0,0.0,0.0,0.0,0.0,0.0,0.0,-,0.0
Barbaric Roar 2h R2,[Claw] Barbaric Roar 2h R2 #2 [2],Any,121.0,121.0,121.0,121.0,121.0,100.0,140.0,21.0,0.0,0.0,0.0,0.0,0.0,0.0,-,0.0
Barbaric Roar Charged 2h R2,[Claw] Barbaric Roar Charged 2h R2 #2 [1],Any,115.0,115.0,115.0,115.0,115.0,100.0,150.0,14.0,0.0,0.0,0.0,0.0,0.0,0.0,-,0.0
Barbaric Roar Charged 2h R2,[Claw] Barbaric Roar Charged 2h R2 #2 [2],Any,145.0,145.0,145.0,145.0,145.0,135.0,250.0,23.0,0.0,0.0,0.0,0.0,0.0,0.0,-,0.0
Barbaric Roar 1h R2,[Beast Claw] Barbaric Roar 1h R2 #1 [1],Any,73.0,73.0,73.0,73.0,73.0,65.0,100.0,7.0,0.0,0.0,0.0,0.0,0.0,0.0,-,0.0
Barbaric Roar 1h R2,[Beast Claw] Barbaric Roar 1h R2 #1 [2],Any,73.0,73.0,73.0,73.0,73.0,65.0,100.0,7.0,0.0,0.0,0.0,0.0,0.0,0.0,-,0.0
Barbaric Roar 1h R2,[Beast Claw] Barbaric Roar 1h R2 #1 [3],Any,78.0,78.0,78.0,78.0,78.0,65.0,150.0,11.0,0.0,0.0,0.0,0.0,0.0,0.0,-,0.0
Barbaric Roar Charged 1h R2,[Beast Claw] Barbaric Roar Charged 1h R2 #1 [1],Any,86.0,86.0,86.0,86.0,86.0,80.0,150.0,8.0,0.0,0.0,0.0,0.0,0.0,0.0,-,0.0
Barbaric Roar Charged 1h R2,[Beast Claw] Barbaric Roar Charged 1h R2 #1 [2],Any,86.0,86.0,86.0,86.0,86.0,80.0,150.0,8.0,0.0,0.0,0.0,0.0,0.0,0.0,-,0.0
Barbaric Roar Charged 1h R2,[Beast Claw] Barbaric Roar Charged 1h R2 #1 [3],Any,90.0,90.0,90.0,90.0,90.0,80.0,200.0,13.0,0.0,0.0,0.0,0.0,0.0,0.0,-,0.0
Barbaric Roar 1h R2,[Beast Claw] Barbaric Roar 1h R2 #2 [1],Any,89.0,89.0,89.0,89.0,89.0,80.0,100.0,9.0,0.0,0.0,0.0,0.0,0.0,0.0,-,0.0
Barbaric Roar 1h R2,[Beast Claw] Barbaric Roar 1h R2 #2 [2],Any,110.0,110.0,110.0,110.0,110.0,100.0,120.0,17.0,0.0,0.0,0.0,0.0,0.0,0.0,-,0.0
Barbaric Roar Charged 1h R2,[Beast Claw] Barbaric Roar Charged 1h R2 #2 [1],Any,105.0,105.0,105.0,105.0,105.0,100.0,120.0,11.0,0.0,0.0,0.0,0.0,0.0,0.0,-,0.0
Barbaric Roar Charged 1h R2,[Beast Claw] Barbaric Roar Charged 1h R2 #2 [2],Any,131.0,131.0,131.0,131.0,131.0,135.0,200.0,19.0,0.0,0.0,0.0,0.0,0.0,0.0,-,0.0
Barbaric Roar 2h R2,[Beast Claw] Barbaric Roar 2h R2 #1 [1],Any,93.0,93.0,93.0,93.0,93.0,65.0,120.0,9.0,0.0,0.0,0.0,0.0,0.0,0.0,-,0.0
Barbaric Roar 2h R2,[Beast Claw] Barbaric Roar 2h R2 #1 [2],Any,93.0,93.0,93.0,93.0,93.0,65.0,120.0,9.0,0.0,0.0,0.0,0.0,0.0,0.0,-,0.0
Barbaric Roar 2h R2,[Beast Claw] Barbaric Roar 2h R2 #1 [3],Any,96.0,96.0,96.0,96.0,96.0,65.0,180.0,14.0,0.0,0.0,0.0,0.0,0.0,0.0,-,0.0
Barbaric Roar Charged 2h R2,[Beast Claw] Barbaric Roar Charged 2h R2 #1 [1],Any,97.0,97.0,97.0,97.0,97.0,80.0,180.0,10.0,0.0,0.0,0.0,0.0,0.0,0.0,-,0.0
Barbaric Roar Charged 2h R2,[Beast Claw] Barbaric Roar Charged 2h R2 #1 [2],Any,97.0,97.0,97.0,97.0,97.0,80.0,180.0,10.0,0.0,0.0,0.0,0.0,0.0,0.0,-,0.0
Barbaric Roar Charged 2h R2,[Beast Claw] Barbaric Roar Charged 2h R2 #1 [3],Any,111.0,111.0,111.0,111.0,111.0,80.0,250.0,16.0,0.0,0.0,0.0,0.0,0.0,0.0,-,0.0
Barbaric Roar 2h R2,[Beast Claw] Barbaric Roar 2h R2 #2 [1],Any,99.0,99.0,99.0,99.0,99.0,80.0,120.0,11.0,0.0,0.0,0.0,0.0,0.0,0.0,-,0.0
Barbaric Roar 2h R2,[Beast Claw] Barbaric Roar 2h R2 #2 [2],Any,121.0,121.0,121.0,121.0,121.0,100.0,140.0,21.0,0.0,0.0,0.0,0.0,0.0,0.0,-,0.0
Barbaric Roar Charged 2h R2,[Beast Claw] Barbaric Roar Charged 2h R2 #2 [1],Any,115.0,115.0,115.0,115.0,115.0,100.0,150.0,14.0,0.0,0.0,0.0,0.0,0.0,0.0,-,0.0
Barbaric Roar Charged 2h R2,[Beast Claw] Barbaric Roar Charged 2h R2 #2 [2],Any,145.0,145.0,145.0,145.0,145.0,135.0,250.0,23.0,0.0,0.0,0.0,0.0,0.0,0.0,-,0.0
Braggart's Roar,Braggart's Roar - Roar,Any,0.0,0.0,0.0,0.0,0.0,0.0,0.0,20.0,0.0,0.0,0.0,0.0,0.0,1.0,Strength,0.0
Braggart's Roar,Braggart's Roar - Roar (Lacking FP),Any,0.0,0.0,0.0,0.0,0.0,0.0,0.0,40.0,0.0,0.0,0.0,0.0,0.0,0.0,-,1.0
Troll's Roar,Troll's Roar - Inner Roar,Any,0.0,0.0,0.0,0.0,0.0,0.0,0.0,30.0,195.0,0.0,0.0,0.0,0.0,1.0,Strength,0.0
Troll's Roar,Troll's Roar - Outer Roar,Any,0.0,0.0,0.0,0.0,0.0,0.0,0.0,0.0,155.0,0.0,0.0,0.0,0.0,1.0,Strength,0.0
Troll's Roar R2,Troll's Roar R2,Any,180.0,180.0,180.0,180.0,180.0,180.0,600.0,40.0,0.0,0.0,0.0,0.0,0.0,0.0,-,0.0
Troll's Roar R2,Troll's Roar R2 - Ground Impact?,Any,140.0,140.0,140.0,140.0,140.0,140.0,200.0,40.0,0.0,0.0,0.0,0.0,0.0,0.0,-,0.0
Troll's Roar R2,Troll's Roar R2 - Shockwave,Any,80.0,80.0,80.0,80.0,0.0,0.0,100.0,0.0,0.0,0.0,0.0,0.0,0.0,0.0,-,0.0
Troll's Roar,Troll's Roar - Roar (Lacking FP),Any,0.0,0.0,0.0,0.0,0.0,0.0,0.0,75.0,85.0,0.0,0.0,0.0,0.0,1.0,Strength,1.0
Troll's Roar R2,Troll's Roar R2 (Lacking FP),Any,120.0,120.0,120.0,120.0,120.0,100.0,100.0,80.0,0.0,0.0,0.0,0.0,0.0,0.0,-,1.0
Troll's Roar R2,Troll's Roar R2 - Ground Impact? (Lacking FP),Any,100.0,100.0,100.0,100.0,100.0,100.0,100.0,60.0,0.0,0.0,0.0,0.0,0.0,0.0,-,1.0
Spinning Slash,[Dagger] Spinning Slash #1,Any,110.0,110.0,110.0,110.0,110.0,65.0,290.0,15.0,0.0,0.0,0.0,0.0,0.0,0.0,-,0.0
Spinning Slash,[Dagger] Spinning Slash #2 [1],Any,65.0,65.0,65.0,65.0,65.0,50.0,90.0,10.0,0.0,0.0,0.0,0.0,0.0,0.0,-,0.0
Spinning Slash,[Dagger] Spinning Slash #2 [2],Any,115.0,115.0,115.0,115.0,115.0,70.0,290.0,15.0,0.0,0.0,0.0,0.0,0.0,0.0,-,0.0
Spinning Slash,[Dagger] Spinning Slash #1 (Lacking FP),Any,70.0,70.0,70.0,70.0,70.0,65.0,75.0,15.0,0.0,0.0,0.0,0.0,0.0,0.0,-,1.0
Spinning Slash,[Dagger] Spinning Slash #2 [1] (Lacking FP),Any,40.0,40.0,40.0,40.0,40.0,50.0,50.0,10.0,0.0,0.0,0.0,0.0,0.0,0.0,-,1.0
Spinning Slash,[Dagger] Spinning Slash #2 [2] (Lacking FP),Any,85.0,85.0,85.0,85.0,85.0,70.0,75.0,15.0,0.0,0.0,0.0,0.0,0.0,0.0,-,1.0
Spinning Slash,[Throwing Blade] Spinning Slash #1,Any,110.0,110.0,110.0,110.0,110.0,65.0,290.0,15.0,0.0,0.0,0.0,0.0,0.0,0.0,-,0.0
Spinning Slash,[Throwing Blade] Spinning Slash #2 [1],Any,65.0,65.0,65.0,65.0,65.0,50.0,90.0,10.0,0.0,0.0,0.0,0.0,0.0,0.0,-,0.0
Spinning Slash,[Throwing Blade] Spinning Slash #2 [2],Any,115.0,115.0,115.0,115.0,115.0,70.0,290.0,15.0,0.0,0.0,0.0,0.0,0.0,0.0,-,0.0
Spinning Slash,[Throwing Blade] Spinning Slash #1 (Lacking FP),Any,70.0,70.0,70.0,70.0,70.0,65.0,75.0,15.0,0.0,0.0,0.0,0.0,0.0,0.0,-,1.0
Spinning Slash,[Throwing Blade] Spinning Slash #2 [1] (Lacking FP),Any,40.0,40.0,40.0,40.0,40.0,50.0,50.0,10.0,0.0,0.0,0.0,0.0,0.0,0.0,-,1.0
Spinning Slash,[Throwing Blade] Spinning Slash #2 [2] (Lacking FP),Any,85.0,85.0,85.0,85.0,85.0,70.0,75.0,15.0,0.0,0.0,0.0,0.0,0.0,0.0,-,1.0
Spinning Slash,[Straight Sword] Spinning Slash #1,Any,110.0,110.0,110.0,110.0,110.0,65.0,290.0,15.0,0.0,0.0,0.0,0.0,0.0,0.0,-,0.0
Spinning Slash,[Straight Sword] Spinning Slash #2 [1],Any,65.0,65.0,65.0,65.0,65.0,50.0,90.0,10.0,0.0,0.0,0.0,0.0,0.0,0.0,-,0.0
Spinning Slash,[Straight Sword] Spinning Slash #2 [2],Any,115.0,115.0,115.0,115.0,115.0,70.0,290.0,15.0,0.0,0.0,0.0,0.0,0.0,0.0,-,0.0
Spinning Slash,[Straight Sword] Spinning Slash #1 (Lacking FP),Any,70.0,70.0,70.0,70.0,70.0,65.0,75.0,15.0,0.0,0.0,0.0,0.0,0.0,0.0,-,1.0
Spinning Slash,[Straight Sword] Spinning Slash #2 [1] (Lacking FP),Any,40.0,40.0,40.0,40.0,40.0,50.0,50.0,10.0,0.0,0.0,0.0,0.0,0.0,0.0,-,1.0
Spinning Slash,[Straight Sword] Spinning Slash #2 [2] (Lacking FP),Any,85.0,85.0,85.0,85.0,85.0,70.0,75.0,15.0,0.0,0.0,0.0,0.0,0.0,0.0,-,1.0
Spinning Slash,[Light Greatsword] Spinning Slash #1,Any,110.0,110.0,110.0,110.0,110.0,65.0,290.0,15.0,0.0,0.0,0.0,0.0,0.0,0.0,-,0.0
Spinning Slash,[Light Greatsword] Spinning Slash #2 [1],Any,65.0,65.0,65.0,65.0,65.0,50.0,90.0,10.0,0.0,0.0,0.0,0.0,0.0,0.0,-,0.0
Spinning Slash,[Light Greatsword] Spinning Slash #2 [2],Any,115.0,115.0,115.0,115.0,115.0,70.0,290.0,15.0,0.0,0.0,0.0,0.0,0.0,0.0,-,0.0
Spinning Slash,[Light Greatsword] Spinning Slash #1 (Lacking FP),Any,70.0,70.0,70.0,70.0,70.0,65.0,75.0,15.0,0.0,0.0,0.0,0.0,0.0,0.0,-,1.0
Spinning Slash,[Light Greatsword] Spinning Slash #2 [1] (Lacking FP),Any,40.0,40.0,40.0,40.0,40.0,50.0,50.0,10.0,0.0,0.0,0.0,0.0,0.0,0.0,-,1.0
Spinning Slash,[Light Greatsword] Spinning Slash #2 [2] (Lacking FP),Any,85.0,85.0,85.0,85.0,85.0,70.0,75.0,15.0,0.0,0.0,0.0,0.0,0.0,0.0,-,1.0
Spinning Slash,[Curved Sword] Spinning Slash #1,Any,110.0,110.0,110.0,110.0,110.0,65.0,290.0,15.0,0.0,0.0,0.0,0.0,0.0,0.0,-,0.0
Spinning Slash,[Curved Sword] Spinning Slash #2 [1],Any,65.0,65.0,65.0,65.0,65.0,50.0,90.0,10.0,0.0,0.0,0.0,0.0,0.0,0.0,-,0.0
Spinning Slash,[Curved Sword] Spinning Slash #2 [2],Any,115.0,115.0,115.0,115.0,115.0,70.0,290.0,15.0,0.0,0.0,0.0,0.0,0.0,0.0,-,0.0
Spinning Slash,[Curved Sword] Spinning Slash #1 (Lacking FP),Any,70.0,70.0,70.0,70.0,70.0,65.0,75.0,15.0,0.0,0.0,0.0,0.0,0.0,0.0,-,1.0
Spinning Slash,[Curved Sword] Spinning Slash #2 [1] (Lacking FP),Any,40.0,40.0,40.0,40.0,40.0,50.0,50.0,10.0,0.0,0.0,0.0,0.0,0.0,0.0,-,1.0
Spinning Slash,[Curved Sword] Spinning Slash #2 [2] (Lacking FP),Any,85.0,85.0,85.0,85.0,85.0,70.0,75.0,15.0,0.0,0.0,0.0,0.0,0.0,0.0,-,1.0
Spinning Slash,[Backhand Blade] Spinning Slash #1,Any,110.0,110.0,110.0,110.0,110.0,65.0,290.0,15.0,0.0,0.0,0.0,0.0,0.0,0.0,-,0.0
Spinning Slash,[Backhand Blade] Spinning Slash #2 [1],Any,65.0,65.0,65.0,65.0,65.0,50.0,90.0,10.0,0.0,0.0,0.0,0.0,0.0,0.0,-,0.0
Spinning Slash,[Backhand Blade] Spinning Slash #2 [2],Any,115.0,115.0,115.0,115.0,115.0,70.0,290.0,15.0,0.0,0.0,0.0,0.0,0.0,0.0,-,0.0
Spinning Slash,[Backhand Blade] Spinning Slash #1 (Lacking FP),Any,70.0,70.0,70.0,70.0,70.0,65.0,75.0,15.0,0.0,0.0,0.0,0.0,0.0,0.0,-,1.0
Spinning Slash,[Backhand Blade] Spinning Slash #2 [1] (Lacking FP),Any,40.0,40.0,40.0,40.0,40.0,50.0,50.0,10.0,0.0,0.0,0.0,0.0,0.0,0.0,-,1.0
Spinning Slash,[Backhand Blade] Spinning Slash #2 [2] (Lacking FP),Any,85.0,85.0,85.0,85.0,85.0,70.0,75.0,15.0,0.0,0.0,0.0,0.0,0.0,0.0,-,1.0
Spinning Slash,[Katana] Spinning Slash #1,Any,110.0,110.0,110.0,110.0,110.0,65.0,290.0,15.0,0.0,0.0,0.0,0.0,0.0,0.0,-,0.0
Spinning Slash,[Katana] Spinning Slash #2 [1],Any,65.0,65.0,65.0,65.0,65.0,50.0,90.0,10.0,0.0,0.0,0.0,0.0,0.0,0.0,-,0.0
Spinning Slash,[Katana] Spinning Slash #2 [2],Any,115.0,115.0,115.0,115.0,115.0,70.0,290.0,15.0,0.0,0.0,0.0,0.0,0.0,0.0,-,0.0
Spinning Slash,[Katana] Spinning Slash #1 (Lacking FP),Any,70.0,70.0,70.0,70.0,70.0,65.0,75.0,15.0,0.0,0.0,0.0,0.0,0.0,0.0,-,1.0
Spinning Slash,[Katana] Spinning Slash #2 [1] (Lacking FP),Any,40.0,40.0,40.0,40.0,40.0,50.0,50.0,10.0,0.0,0.0,0.0,0.0,0.0,0.0,-,1.0
Spinning Slash,[Katana] Spinning Slash #2 [2] (Lacking FP),Any,85.0,85.0,85.0,85.0,85.0,70.0,75.0,15.0,0.0,0.0,0.0,0.0,0.0,0.0,-,1.0
Spinning Slash,[Axe] Spinning Slash #1,Any,110.0,110.0,110.0,110.0,110.0,65.0,290.0,15.0,0.0,0.0,0.0,0.0,0.0,0.0,-,0.0
Spinning Slash,[Axe] Spinning Slash #2 [1],Any,65.0,65.0,65.0,65.0,65.0,50.0,90.0,10.0,0.0,0.0,0.0,0.0,0.0,0.0,-,0.0
Spinning Slash,[Axe] Spinning Slash #2 [2],Any,115.0,115.0,115.0,115.0,115.0,70.0,290.0,15.0,0.0,0.0,0.0,0.0,0.0,0.0,-,0.0
Spinning Slash,[Axe] Spinning Slash #1 (Lacking FP),Any,70.0,70.0,70.0,70.0,70.0,65.0,75.0,15.0,0.0,0.0,0.0,0.0,0.0,0.0,-,1.0
Spinning Slash,[Axe] Spinning Slash #2 [1] (Lacking FP),Any,40.0,40.0,40.0,40.0,40.0,50.0,50.0,10.0,0.0,0.0,0.0,0.0,0.0,0.0,-,1.0
Spinning Slash,[Axe] Spinning Slash #2 [2] (Lacking FP),Any,85.0,85.0,85.0,85.0,85.0,70.0,75.0,15.0,0.0,0.0,0.0,0.0,0.0,0.0,-,1.0
Spinning Slash,[Var1] Spinning Slash #1,Any,105.0,105.0,105.0,105.0,105.0,65.0,230.0,20.0,0.0,0.0,0.0,0.0,0.0,0.0,-,0.0
Spinning Slash,[Var1] Spinning Slash #2 [1],Any,60.0,60.0,60.0,60.0,60.0,50.0,75.0,10.0,0.0,0.0,0.0,0.0,0.0,0.0,-,0.0
Spinning Slash,[Var1] Spinning Slash #2 [2],Any,110.0,110.0,110.0,110.0,110.0,70.0,230.0,25.0,0.0,0.0,0.0,0.0,0.0,0.0,-,0.0
Spinning Slash,[Var1] Spinning Slash #1 (Lacking FP),Any,70.0,70.0,70.0,70.0,70.0,65.0,100.0,20.0,0.0,0.0,0.0,0.0,0.0,0.0,-,1.0
Spinning Slash,[Var1] Spinning Slash #2 [1] (Lacking FP),Any,40.0,40.0,40.0,40.0,40.0,50.0,50.0,10.0,0.0,0.0,0.0,0.0,0.0,0.0,-,1.0
Spinning Slash,[Var1] Spinning Slash #2 [2] (Lacking FP),Any,85.0,85.0,85.0,85.0,85.0,70.0,100.0,25.0,0.0,0.0,0.0,0.0,0.0,0.0,-,1.0
Spinning Slash,[Var2] Spinning Slash #1,Any,105.0,105.0,105.0,105.0,105.0,65.0,230.0,20.0,0.0,0.0,0.0,0.0,0.0,0.0,-,0.0
Spinning Slash,[Var2] Spinning Slash #2 [1],Any,60.0,60.0,60.0,60.0,60.0,50.0,75.0,10.0,0.0,0.0,0.0,0.0,0.0,0.0,-,0.0
Spinning Slash,[Var2] Spinning Slash #2 [2],Any,110.0,110.0,110.0,110.0,110.0,70.0,230.0,25.0,0.0,0.0,0.0,0.0,0.0,0.0,-,0.0
Spinning Slash,[Var2] Spinning Slash #1 (Lacking FP),Any,70.0,70.0,70.0,70.0,70.0,65.0,100.0,20.0,0.0,0.0,0.0,0.0,0.0,0.0,-,1.0
Spinning Slash,[Var2] Spinning Slash #2 [1] (Lacking FP),Any,40.0,40.0,40.0,40.0,40.0,50.0,50.0,10.0,0.0,0.0,0.0,0.0,0.0,0.0,-,1.0
Spinning Slash,[Var2] Spinning Slash #2 [2] (Lacking FP),Any,85.0,85.0,85.0,85.0,85.0,70.0,100.0,25.0,0.0,0.0,0.0,0.0,0.0,0.0,-,1.0
Spinning Slash,[Twinblade] Spinning Slash #1,Any,105.0,105.0,105.0,105.0,105.0,65.0,290.0,20.0,0.0,0.0,0.0,0.0,0.0,0.0,-,0.0
Spinning Slash,[Twinblade] Spinning Slash #2 [1],Any,60.0,60.0,60.0,60.0,60.0,50.0,90.0,10.0,0.0,0.0,0.0,0.0,0.0,0.0,-,0.0
Spinning Slash,[Twinblade] Spinning Slash #2 [2],Any,110.0,110.0,110.0,110.0,110.0,70.0,290.0,20.0,0.0,0.0,0.0,0.0,0.0,0.0,-,0.0
Spinning Slash,[Twinblade] Spinning Slash #1 (Lacking FP),Any,70.0,70.0,70.0,70.0,70.0,65.0,100.0,20.0,0.0,0.0,0.0,0.0,0.0,0.0,-,1.0
Spinning Slash,[Twinblade] Spinning Slash #2 [1] (Lacking FP),Any,40.0,40.0,40.0,40.0,40.0,50.0,50.0,10.0,0.0,0.0,0.0,0.0,0.0,0.0,-,1.0
Spinning Slash,[Twinblade] Spinning Slash #2 [2] (Lacking FP),Any,85.0,85.0,85.0,85.0,85.0,70.0,100.0,20.0,0.0,0.0,0.0,0.0,0.0,0.0,-,1.0
Impaling Thrust,Impaling Thrust,Any,187.0,187.0,187.0,187.0,187.0,100.0,600.0,40.0,0.0,0.0,0.0,0.0,0.0,0.0,-,0.0
Impaling Thrust,Impaling Thrust (Lacking FP),Any,90.0,90.0,90.0,90.0,90.0,100.0,200.0,40.0,0.0,0.0,0.0,0.0,0.0,0.0,-,1.0
Blind Spot,Blind Spot,Any,145.0,145.0,145.0,145.0,145.0,100.0,200.0,30.0,0.0,0.0,0.0,0.0,0.0,0.0,-,0.0
Blind Spot,Blind Spot,Any,145.0,145.0,145.0,145.0,145.0,100.0,200.0,30.0,0.0,0.0,0.0,0.0,0.0,0.0,-,0.0
Blind Spot,Blind Spot (Lacking FP),Any,70.0,70.0,70.0,70.0,70.0,100.0,100.0,30.0,0.0,0.0,0.0,0.0,0.0,0.0,-,1.0
Blind Spot,Blind Spot (Lacking FP),Any,70.0,70.0,70.0,70.0,70.0,100.0,100.0,30.0,0.0,0.0,0.0,0.0,0.0,0.0,-,1.0
Swift Slash,Swift Slash,Any,92.0,92.0,92.0,92.0,92.0,100.0,100.0,30.0,0.0,0.0,0.0,0.0,0.0,0.0,-,0.0
Swift Slash,Swift Slash - Bullet,Any,120.0,120.0,120.0,120.0,120.0,100.0,100.0,0.0,0.0,0.0,0.0,0.0,0.0,0.0,-,0.0
Swift Slash Charged,Swift Slash Charged,Any,104.0,104.0,104.0,104.0,104.0,100.0,300.0,50.0,0.0,0.0,0.0,0.0,0.0,0.0,-,0.0
Swift Slash Charged,Swift Slash Charged - Bullet,Any,160.0,160.0,160.0,160.0,160.0,100.0,100.0,0.0,0.0,0.0,0.0,0.0,0.0,0.0,-,0.0
Swift Slash,Swift Slash (Lacking FP),Any,70.0,70.0,70.0,70.0,70.0,100.0,100.0,30.0,0.0,0.0,0.0,0.0,0.0,0.0,-,1.0
Swift Slash Charged (lacking FP),Swift Slash Charged (lacking FP),Any,80.0,80.0,80.0,80.0,80.0,100.0,100.0,50.0,0.0,0.0,0.0,0.0,0.0,0.0,-,0.0
Piercing Fang,Piercing Fang,Any,212.0,212.0,212.0,212.0,212.0,100.0,600.0,30.0,0.0,0.0,0.0,0.0,0.0,0.0,-,0.0
Piercing Fang,Piercing Fang (Lacking FP),Any,110.0,110.0,110.0,110.0,110.0,100.0,120.0,30.0,0.0,0.0,0.0,0.0,0.0,0.0,-,1.0
Repeating Thrust,Repeating Thrust [1],Any,99.0,99.0,99.0,99.0,99.0,100.0,200.0,7.0,0.0,0.0,0.0,0.0,0.0,0.0,-,0.0
Repeating Thrust,Repeating Thrust [2],Any,57.0,57.0,57.0,57.0,57.0,50.0,40.0,7.0,0.0,0.0,0.0,0.0,0.0,0.0,-,0.0
Repeating Thrust,Repeating Thrust [3],Any,57.0,57.0,57.0,57.0,57.0,50.0,40.0,7.0,0.0,0.0,0.0,0.0,0.0,0.0,-,0.0
Repeating Thrust,Repeating Thrust [4],Any,115.0,115.0,115.0,115.0,115.0,100.0,100.0,12.0,0.0,0.0,0.0,0.0,0.0,0.0,-,0.0
Repeating Thrust,Repeating Thrust [1] (Lacking FP),Any,72.0,72.0,72.0,72.0,72.0,100.0,70.0,10.0,0.0,0.0,0.0,0.0,0.0,0.0,-,1.0
Repeating Thrust,Repeating Thrust [2] (Lacking FP),Any,40.0,40.0,40.0,40.0,40.0,50.0,28.0,10.0,0.0,0.0,0.0,0.0,0.0,0.0,-,1.0
Repeating Thrust,Repeating Thrust [3] (Lacking FP),Any,40.0,40.0,40.0,40.0,40.0,50.0,28.0,10.0,0.0,0.0,0.0,0.0,0.0,0.0,-,1.0
Repeating Thrust,Repeating Thrust [4] (Lacking FP),Any,88.0,88.0,88.0,88.0,88.0,100.0,70.0,16.0,0.0,0.0,0.0,0.0,0.0,0.0,-,1.0
Repeating Thrust,[Dagger] Repeating Thrust [1],Any,80.0,80.0,80.0,80.0,80.0,100.0,200.0,5.0,0.0,0.0,0.0,0.0,0.0,0.0,-,0.0
Repeating Thrust,[Dagger] Repeating Thrust [2],Any,57.0,57.0,57.0,57.0,57.0,50.0,40.0,5.0,0.0,0.0,0.0,0.0,0.0,0.0,-,0.0
Repeating Thrust,[Dagger] Repeating Thrust [3],Any,57.0,57.0,57.0,57.0,57.0,50.0,40.0,5.0,0.0,0.0,0.0,0.0,0.0,0.0,-,0.0
Repeating Thrust,[Dagger] Repeating Thrust [4],Any,80.0,80.0,80.0,80.0,80.0,100.0,80.0,10.0,0.0,0.0,0.0,0.0,0.0,0.0,-,0.0
Repeating Thrust,[Dagger] Repeating Thrust [1] (Lacking FP),Any,56.0,56.0,56.0,56.0,56.0,100.0,56.0,7.0,0.0,0.0,0.0,0.0,0.0,0.0,-,1.0
Repeating Thrust,[Dagger] Repeating Thrust [2] (Lacking FP),Any,32.0,32.0,32.0,32.0,32.0,50.0,28.0,7.0,0.0,0.0,0.0,0.0,0.0,0.0,-,1.0
Repeating Thrust,[Dagger] Repeating Thrust [3] (Lacking FP),Any,32.0,32.0,32.0,32.0,32.0,50.0,28.0,7.0,0.0,0.0,0.0,0.0,0.0,0.0,-,1.0
Repeating Thrust,[Dagger] Repeating Thrust [4] (Lacking FP),Any,56.0,56.0,56.0,56.0,56.0,100.0,56.0,14.0,0.0,0.0,0.0,0.0,0.0,0.0,-,1.0
Double Slash,Double Slash #1 [1],Any,92.0,92.0,92.0,92.0,92.0,75.0,75.0,14.0,0.0,0.0,0.0,0.0,0.0,0.0,-,0.0
Double Slash,Double Slash #1 [2],Any,105.0,105.0,105.0,105.0,105.0,100.0,100.0,14.0,0.0,0.0,0.0,0.0,0.0,0.0,-,0.0
Double Slash,Double Slash #2 [1],Any,84.0,84.0,84.0,84.0,84.0,75.0,75.0,14.0,0.0,0.0,0.0,0.0,0.0,0.0,-,0.0
Double Slash,Double Slash #2 [2],Any,86.0,86.0,86.0,86.0,86.0,75.0,75.0,14.0,0.0,0.0,0.0,0.0,0.0,0.0,-,0.0
Double Slash,Double Slash #2 [3],Any,115.0,115.0,115.0,115.0,115.0,100.0,100.0,14.0,0.0,0.0,0.0,0.0,0.0,0.0,-,0.0
Double Slash,Double Slash #3,Any,145.0,145.0,145.0,145.0,145.0,100.0,200.0,20.0,0.0,0.0,0.0,0.0,0.0,0.0,-,0.0
Double Slash,Double Slash #1 [1] (Lacking FP),Any,74.0,74.0,74.0,74.0,74.0,75.0,75.0,14.0,0.0,0.0,0.0,0.0,0.0,0.0,-,1.0
Double Slash,Double Slash #1 [2] (Lacking FP),Any,78.0,78.0,78.0,78.0,78.0,75.0,75.0,14.0,0.0,0.0,0.0,0.0,0.0,0.0,-,1.0
Double Slash,Double Slash #2 [1] (Lacking FP),Any,76.0,76.0,76.0,76.0,76.0,75.0,75.0,14.0,0.0,0.0,0.0,0.0,0.0,0.0,-,1.0
Double Slash,Double Slash #2 [2] (Lacking FP),Any,78.0,78.0,78.0,78.0,78.0,75.0,75.0,14.0,0.0,0.0,0.0,0.0,0.0,0.0,-,1.0
Double Slash,Double Slash #2 [3] (Lacking FP),Any,85.0,85.0,85.0,85.0,85.0,75.0,75.0,14.0,0.0,0.0,0.0,0.0,0.0,0.0,-,1.0
Double Slash,Double Slash #3 (Lacking FP),Any,100.0,100.0,100.0,100.0,100.0,100.0,100.0,20.0,0.0,0.0,0.0,0.0,0.0,0.0,-,1.0
Double Slash,[Slow] Double Slash #1 [1],Any,92.0,92.0,92.0,92.0,92.0,75.0,75.0,16.0,0.0,0.0,0.0,0.0,0.0,0.0,-,0.0
Double Slash,[Slow] Double Slash #1 [2],Any,105.0,105.0,105.0,105.0,105.0,100.0,100.0,16.0,0.0,0.0,0.0,0.0,0.0,0.0,-,0.0
Double Slash,[Slow] Double Slash #2 [1],Any,84.0,84.0,84.0,84.0,84.0,75.0,75.0,16.0,0.0,0.0,0.0,0.0,0.0,0.0,-,0.0
Double Slash,[Slow] Double Slash #2 [2],Any,86.0,86.0,86.0,86.0,86.0,75.0,75.0,16.0,0.0,0.0,0.0,0.0,0.0,0.0,-,0.0
Double Slash,[Slow] Double Slash #2 [3],Any,115.0,115.0,115.0,115.0,115.0,100.0,100.0,16.0,0.0,0.0,0.0,0.0,0.0,0.0,-,0.0
Double Slash,[Slow] Double Slash #3,Any,145.0,145.0,145.0,145.0,145.0,100.0,200.0,24.0,0.0,0.0,0.0,0.0,0.0,0.0,-,0.0
Double Slash,[Slow] Double Slash #1 [1] (Lacking FP),Any,74.0,74.0,74.0,74.0,74.0,75.0,75.0,16.0,0.0,0.0,0.0,0.0,0.0,0.0,-,1.0
Double Slash,[Slow] Double Slash #1 [2] (Lacking FP),Any,78.0,78.0,78.0,78.0,78.0,75.0,75.0,16.0,0.0,0.0,0.0,0.0,0.0,0.0,-,1.0
Double Slash,[Slow] Double Slash #2 [1] (Lacking FP),Any,76.0,76.0,76.0,76.0,76.0,75.0,75.0,16.0,0.0,0.0,0.0,0.0,0.0,0.0,-,1.0
Double Slash,[Slow] Double Slash #2 [2] (Lacking FP),Any,78.0,78.0,78.0,78.0,78.0,75.0,75.0,16.0,0.0,0.0,0.0,0.0,0.0,0.0,-,1.0
Double Slash,[Slow] Double Slash #2 [3] (Lacking FP),Any,85.0,85.0,85.0,85.0,85.0,75.0,75.0,16.0,0.0,0.0,0.0,0.0,0.0,0.0,-,1.0
Double Slash,[Slow] Double Slash #3 (Lacking FP),Any,100.0,100.0,100.0,100.0,100.0,100.0,100.0,24.0,0.0,0.0,0.0,0.0,0.0,0.0,-,1.0
Sword Dance,[Dagger] Sword Dance #1 [1],Any,120.0,120.0,120.0,120.0,120.0,75.0,120.0,15.0,0.0,0.0,0.0,0.0,0.0,0.0,-,0.0
Sword Dance,[Dagger] Sword Dance #1 [2],Any,120.0,120.0,120.0,120.0,120.0,100.0,120.0,15.0,0.0,0.0,0.0,0.0,0.0,0.0,-,0.0
Sword Dance,[Dagger] Sword Dance #2,Any,150.0,150.0,150.0,150.0,150.0,100.0,150.0,20.0,0.0,0.0,0.0,0.0,0.0,0.0,-,0.0
Sword Dance,[Dagger] Sword Dance #1 [1] (Lacking FP),Any,100.0,100.0,100.0,100.0,100.0,75.0,100.0,15.0,0.0,0.0,0.0,0.0,0.0,0.0,-,1.0
Sword Dance,[Dagger] Sword Dance #1 [2] (Lacking FP),Any,100.0,100.0,100.0,100.0,100.0,100.0,100.0,15.0,0.0,0.0,0.0,0.0,0.0,0.0,-,1.0
Sword Dance,[Dagger] Sword Dance #2 (Lacking FP),Any,105.0,105.0,105.0,105.0,105.0,100.0,105.0,20.0,0.0,0.0,0.0,0.0,0.0,0.0,-,1.0
Sword Dance,[Throwing Blade] Sword Dance #1 [1],Any,120.0,120.0,120.0,120.0,120.0,75.0,120.0,15.0,0.0,0.0,0.0,0.0,0.0,0.0,-,0.0
Sword Dance,[Throwing Blade] Sword Dance #1 [2],Any,120.0,120.0,120.0,120.0,120.0,100.0,120.0,15.0,0.0,0.0,0.0,0.0,0.0,0.0,-,0.0
Sword Dance,[Throwing Blade] Sword Dance #2,Any,150.0,150.0,150.0,150.0,150.0,100.0,150.0,20.0,0.0,0.0,0.0,0.0,0.0,0.0,-,0.0
Sword Dance,[Throwing Blade] Sword Dance #1 [1] (Lacking FP),Any,100.0,100.0,100.0,100.0,100.0,75.0,100.0,15.0,0.0,0.0,0.0,0.0,0.0,0.0,-,1.0
Sword Dance,[Throwing Blade] Sword Dance #1 [2] (Lacking FP),Any,100.0,100.0,100.0,100.0,100.0,100.0,100.0,15.0,0.0,0.0,0.0,0.0,0.0,0.0,-,1.0
Sword Dance,[Throwing Blade] Sword Dance #2 (Lacking FP),Any,105.0,105.0,105.0,105.0,105.0,100.0,105.0,20.0,0.0,0.0,0.0,0.0,0.0,0.0,-,1.0
Sword Dance,[Straight Sword] Sword Dance #1 [1],Any,120.0,120.0,120.0,120.0,120.0,75.0,120.0,15.0,0.0,0.0,0.0,0.0,0.0,0.0,-,0.0
Sword Dance,[Straight Sword] Sword Dance #1 [2],Any,120.0,120.0,120.0,120.0,120.0,100.0,120.0,15.0,0.0,0.0,0.0,0.0,0.0,0.0,-,0.0
Sword Dance,[Straight Sword] Sword Dance #2,Any,150.0,150.0,150.0,150.0,150.0,100.0,150.0,20.0,0.0,0.0,0.0,0.0,0.0,0.0,-,0.0
Sword Dance,[Straight Sword] Sword Dance #1 [1] (Lacking FP),Any,100.0,100.0,100.0,100.0,100.0,75.0,100.0,15.0,0.0,0.0,0.0,0.0,0.0,0.0,-,1.0
Sword Dance,[Straight Sword] Sword Dance #1 [2] (Lacking FP),Any,100.0,100.0,100.0,100.0,100.0,100.0,100.0,15.0,0.0,0.0,0.0,0.0,0.0,0.0,-,1.0
Sword Dance,[Straight Sword] Sword Dance #2 (Lacking FP),Any,105.0,105.0,105.0,105.0,105.0,100.0,105.0,20.0,0.0,0.0,0.0,0.0,0.0,0.0,-,1.0
Sword Dance,[Light Greatsword] Sword Dance #1 [1],Any,120.0,120.0,120.0,120.0,120.0,75.0,120.0,15.0,0.0,0.0,0.0,0.0,0.0,0.0,-,0.0
Sword Dance,[Light Greatsword] Sword Dance #1 [2],Any,120.0,120.0,120.0,120.0,120.0,100.0,120.0,15.0,0.0,0.0,0.0,0.0,0.0,0.0,-,0.0
Sword Dance,[Light Greatsword] Sword Dance #2,Any,150.0,150.0,150.0,150.0,150.0,100.0,150.0,20.0,0.0,0.0,0.0,0.0,0.0,0.0,-,0.0
Sword Dance,[Light Greatsword] Sword Dance #1 [1] (Lacking FP),Any,100.0,100.0,100.0,100.0,100.0,75.0,100.0,15.0,0.0,0.0,0.0,0.0,0.0,0.0,-,1.0
Sword Dance,[Light Greatsword] Sword Dance #1 [2] (Lacking FP),Any,100.0,100.0,100.0,100.0,100.0,100.0,100.0,15.0,0.0,0.0,0.0,0.0,0.0,0.0,-,1.0
Sword Dance,[Light Greatsword] Sword Dance #2 (Lacking FP),Any,105.0,105.0,105.0,105.0,105.0,100.0,105.0,20.0,0.0,0.0,0.0,0.0,0.0,0.0,-,1.0
Sword Dance,[Curved Sword] Sword Dance #1 [1],Any,120.0,120.0,120.0,120.0,120.0,75.0,120.0,15.0,0.0,0.0,0.0,0.0,0.0,0.0,-,0.0
Sword Dance,[Curved Sword] Sword Dance #1 [2],Any,120.0,120.0,120.0,120.0,120.0,100.0,120.0,15.0,0.0,0.0,0.0,0.0,0.0,0.0,-,0.0
Sword Dance,[Curved Sword] Sword Dance #2,Any,150.0,150.0,150.0,150.0,150.0,100.0,150.0,20.0,0.0,0.0,0.0,0.0,0.0,0.0,-,0.0
Sword Dance,[Curved Sword] Sword Dance #1 [1] (Lacking FP),Any,100.0,100.0,100.0,100.0,100.0,75.0,100.0,15.0,0.0,0.0,0.0,0.0,0.0,0.0,-,1.0
Sword Dance,[Curved Sword] Sword Dance #1 [2] (Lacking FP),Any,100.0,100.0,100.0,100.0,100.0,100.0,100.0,15.0,0.0,0.0,0.0,0.0,0.0,0.0,-,1.0
Sword Dance,[Curved Sword] Sword Dance #2 (Lacking FP),Any,105.0,105.0,105.0,105.0,105.0,100.0,105.0,20.0,0.0,0.0,0.0,0.0,0.0,0.0,-,1.0
Sword Dance,[Backhand Blade] Sword Dance #1 [1],Any,120.0,120.0,120.0,120.0,120.0,75.0,120.0,15.0,0.0,0.0,0.0,0.0,0.0,0.0,-,0.0
Sword Dance,[Backhand Blade] Sword Dance #1 [2],Any,120.0,120.0,120.0,120.0,120.0,100.0,120.0,15.0,0.0,0.0,0.0,0.0,0.0,0.0,-,0.0
Sword Dance,[Backhand Blade] Sword Dance #2,Any,150.0,150.0,150.0,150.0,150.0,100.0,150.0,20.0,0.0,0.0,0.0,0.0,0.0,0.0,-,0.0
Sword Dance,[Backhand Blade] Sword Dance #1 [1] (Lacking FP),Any,100.0,100.0,100.0,100.0,100.0,75.0,100.0,15.0,0.0,0.0,0.0,0.0,0.0,0.0,-,1.0
Sword Dance,[Backhand Blade] Sword Dance #1 [2] (Lacking FP),Any,100.0,100.0,100.0,100.0,100.0,100.0,100.0,15.0,0.0,0.0,0.0,0.0,0.0,0.0,-,1.0
Sword Dance,[Backhand Blade] Sword Dance #2 (Lacking FP),Any,105.0,105.0,105.0,105.0,105.0,100.0,105.0,20.0,0.0,0.0,0.0,0.0,0.0,0.0,-,1.0
Sword Dance,[Katana] Sword Dance #1 [1],Any,120.0,120.0,120.0,120.0,120.0,75.0,120.0,15.0,0.0,0.0,0.0,0.0,0.0,0.0,-,0.0
Sword Dance,[Katana] Sword Dance #1 [2],Any,120.0,120.0,120.0,120.0,120.0,100.0,120.0,15.0,0.0,0.0,0.0,0.0,0.0,0.0,-,0.0
Sword Dance,[Katana] Sword Dance #2,Any,150.0,150.0,150.0,150.0,150.0,100.0,150.0,20.0,0.0,0.0,0.0,0.0,0.0,0.0,-,0.0
Sword Dance,[Katana] Sword Dance #1 [1] (Lacking FP),Any,100.0,100.0,100.0,100.0,100.0,75.0,100.0,15.0,0.0,0.0,0.0,0.0,0.0,0.0,-,1.0
Sword Dance,[Katana] Sword Dance #1 [2] (Lacking FP),Any,100.0,100.0,100.0,100.0,100.0,100.0,100.0,15.0,0.0,0.0,0.0,0.0,0.0,0.0,-,1.0
Sword Dance,[Katana] Sword Dance #2 (Lacking FP),Any,105.0,105.0,105.0,105.0,105.0,100.0,105.0,20.0,0.0,0.0,0.0,0.0,0.0,0.0,-,1.0
Sword Dance,[Axe] Sword Dance #1 [1],Any,120.0,120.0,120.0,120.0,120.0,75.0,120.0,15.0,0.0,0.0,0.0,0.0,0.0,0.0,-,0.0
Sword Dance,[Axe] Sword Dance #1 [2],Any,120.0,120.0,120.0,120.0,120.0,100.0,120.0,15.0,0.0,0.0,0.0,0.0,0.0,0.0,-,0.0
Sword Dance,[Axe] Sword Dance #2,Any,150.0,150.0,150.0,150.0,150.0,100.0,150.0,20.0,0.0,0.0,0.0,0.0,0.0,0.0,-,0.0
Sword Dance,[Axe] Sword Dance #1 [1] (Lacking FP),Any,100.0,100.0,100.0,100.0,100.0,75.0,100.0,15.0,0.0,0.0,0.0,0.0,0.0,0.0,-,1.0
Sword Dance,[Axe] Sword Dance #1 [2] (Lacking FP),Any,100.0,100.0,100.0,100.0,100.0,100.0,100.0,15.0,0.0,0.0,0.0,0.0,0.0,0.0,-,1.0
Sword Dance,[Axe] Sword Dance #2 (Lacking FP),Any,105.0,105.0,105.0,105.0,105.0,100.0,105.0,20.0,0.0,0.0,0.0,0.0,0.0,0.0,-,1.0
Sword Dance,[Greatsword] Sword Dance #1 [1],Any,130.0,130.0,130.0,130.0,130.0,75.0,130.0,20.0,0.0,0.0,0.0,0.0,0.0,0.0,-,0.0
Sword Dance,[Greatsword] Sword Dance #1 [2],Any,130.0,130.0,130.0,130.0,130.0,100.0,130.0,15.0,0.0,0.0,0.0,0.0,0.0,0.0,-,0.0
Sword Dance,[Greatsword] Sword Dance #2,Any,150.0,150.0,150.0,150.0,150.0,100.0,150.0,25.0,0.0,0.0,0.0,0.0,0.0,0.0,-,0.0
Sword Dance,[Greatsword] Sword Dance #1 [1] (Lacking FP),Any,100.0,100.0,100.0,100.0,100.0,75.0,100.0,20.0,0.0,0.0,0.0,0.0,0.0,0.0,-,1.0
Sword Dance,[Greatsword] Sword Dance #1 [2] (Lacking FP),Any,100.0,100.0,100.0,100.0,100.0,100.0,100.0,15.0,0.0,0.0,0.0,0.0,0.0,0.0,-,1.0
Sword Dance,[Greatsword] Sword Dance #2 (Lacking FP),Any,105.0,105.0,105.0,105.0,105.0,100.0,105.0,25.0,0.0,0.0,0.0,0.0,0.0,0.0,-,1.0
Sword Dance,[Curved Greatsword] Sword Dance #1 [1],Any,130.0,130.0,130.0,130.0,130.0,75.0,130.0,20.0,0.0,0.0,0.0,0.0,0.0,0.0,-,0.0
Sword Dance,[Curved Greatsword] Sword Dance #1 [2],Any,130.0,130.0,130.0,130.0,130.0,100.0,130.0,15.0,0.0,0.0,0.0,0.0,0.0,0.0,-,0.0
Sword Dance,[Curved Greatsword] Sword Dance #2,Any,150.0,150.0,150.0,150.0,150.0,100.0,150.0,25.0,0.0,0.0,0.0,0.0,0.0,0.0,-,0.0
Sword Dance,[Curved Greatsword] Sword Dance #1 [1] (Lacking FP),Any,100.0,100.0,100.0,100.0,100.0,75.0,100.0,20.0,0.0,0.0,0.0,0.0,0.0,0.0,-,1.0
Sword Dance,[Curved Greatsword] Sword Dance #1 [2] (Lacking FP),Any,100.0,100.0,100.0,100.0,100.0,100.0,100.0,15.0,0.0,0.0,0.0,0.0,0.0,0.0,-,1.0
Sword Dance,[Curved Greatsword] Sword Dance #2 (Lacking FP),Any,105.0,105.0,105.0,105.0,105.0,100.0,105.0,25.0,0.0,0.0,0.0,0.0,0.0,0.0,-,1.0
Sword Dance,[Great Katana] Sword Dance #1 [1],Any,130.0,130.0,130.0,130.0,130.0,75.0,130.0,20.0,0.0,0.0,0.0,0.0,0.0,0.0,-,0.0
Sword Dance,[Great Katana] Sword Dance #1 [2],Any,130.0,130.0,130.0,130.0,130.0,100.0,130.0,15.0,0.0,0.0,0.0,0.0,0.0,0.0,-,0.0
Sword Dance,[Great Katana] Sword Dance #2,Any,150.0,150.0,150.0,150.0,150.0,100.0,150.0,25.0,0.0,0.0,0.0,0.0,0.0,0.0,-,0.0
Sword Dance,[Great Katana] Sword Dance #1 [1] (Lacking FP),Any,100.0,100.0,100.0,100.0,100.0,75.0,100.0,20.0,0.0,0.0,0.0,0.0,0.0,0.0,-,1.0
Sword Dance,[Great Katana] Sword Dance #1 [2] (Lacking FP),Any,100.0,100.0,100.0,100.0,100.0,100.0,100.0,15.0,0.0,0.0,0.0,0.0,0.0,0.0,-,1.0
Sword Dance,[Great Katana] Sword Dance #2 (Lacking FP),Any,105.0,105.0,105.0,105.0,105.0,100.0,105.0,25.0,0.0,0.0,0.0,0.0,0.0,0.0,-,1.0
Sword Dance,[Greataxe] Sword Dance #1 [1],Any,130.0,130.0,130.0,130.0,130.0,75.0,130.0,20.0,0.0,0.0,0.0,0.0,0.0,0.0,-,0.0
Sword Dance,[Greataxe] Sword Dance #1 [2],Any,130.0,130.0,130.0,130.0,130.0,100.0,130.0,15.0,0.0,0.0,0.0,0.0,0.0,0.0,-,0.0
Sword Dance,[Greataxe] Sword Dance #2,Any,150.0,150.0,150.0,150.0,150.0,100.0,150.0,25.0,0.0,0.0,0.0,0.0,0.0,0.0,-,0.0
Sword Dance,[Greataxe] Sword Dance #1 [1] (Lacking FP),Any,100.0,100.0,100.0,100.0,100.0,75.0,100.0,20.0,0.0,0.0,0.0,0.0,0.0,0.0,-,1.0
Sword Dance,[Greataxe] Sword Dance #1 [2] (Lacking FP),Any,100.0,100.0,100.0,100.0,100.0,100.0,100.0,15.0,0.0,0.0,0.0,0.0,0.0,0.0,-,1.0
Sword Dance,[Greataxe] Sword Dance #2 (Lacking FP),Any,105.0,105.0,105.0,105.0,105.0,100.0,105.0,25.0,0.0,0.0,0.0,0.0,0.0,0.0,-,1.0
Sword Dance,[Spear] Sword Dance #1 [1],Any,120.0,120.0,120.0,120.0,120.0,75.0,120.0,20.0,0.0,0.0,0.0,0.0,0.0,0.0,-,0.0
Sword Dance,[Spear] Sword Dance #1 [2],Any,120.0,120.0,120.0,120.0,120.0,100.0,120.0,15.0,0.0,0.0,0.0,0.0,0.0,0.0,-,0.0
Sword Dance,[Spear] Sword Dance #2,Any,155.0,155.0,155.0,155.0,155.0,100.0,155.0,25.0,0.0,0.0,0.0,0.0,0.0,0.0,-,0.0
Sword Dance,[Spear] Sword Dance #1 [1] (Lacking FP),Any,95.0,95.0,95.0,95.0,95.0,75.0,95.0,20.0,0.0,0.0,0.0,0.0,0.0,0.0,-,1.0
Sword Dance,[Spear] Sword Dance #1 [2] (Lacking FP),Any,95.0,95.0,95.0,95.0,95.0,100.0,95.0,15.0,0.0,0.0,0.0,0.0,0.0,0.0,-,1.0
Sword Dance,[Spear] Sword Dance #2 (Lacking FP),Any,110.0,110.0,110.0,110.0,110.0,100.0,110.0,25.0,0.0,0.0,0.0,0.0,0.0,0.0,-,1.0
Sword Dance,[Halberd] Sword Dance #1 [1],Any,120.0,120.0,120.0,120.0,120.0,75.0,120.0,20.0,0.0,0.0,0.0,0.0,0.0,0.0,-,0.0
Sword Dance,[Halberd] Sword Dance #1 [2],Any,120.0,120.0,120.0,120.0,120.0,100.0,120.0,15.0,0.0,0.0,0.0,0.0,0.0,0.0,-,0.0
Sword Dance,[Halberd] Sword Dance #2,Any,155.0,155.0,155.0,155.0,155.0,100.0,155.0,25.0,0.0,0.0,0.0,0.0,0.0,0.0,-,0.0
Sword Dance,[Halberd] Sword Dance #1 [1] (Lacking FP),Any,95.0,95.0,95.0,95.0,95.0,75.0,95.0,20.0,0.0,0.0,0.0,0.0,0.0,0.0,-,1.0
Sword Dance,[Halberd] Sword Dance #1 [2] (Lacking FP),Any,95.0,95.0,95.0,95.0,95.0,100.0,95.0,15.0,0.0,0.0,0.0,0.0,0.0,0.0,-,1.0
Sword Dance,[Halberd] Sword Dance #2 (Lacking FP),Any,110.0,110.0,110.0,110.0,110.0,100.0,110.0,25.0,0.0,0.0,0.0,0.0,0.0,0.0,-,1.0
Sword Dance,[Reaper] Sword Dance #1 [1],Any,120.0,120.0,120.0,120.0,120.0,75.0,120.0,20.0,0.0,0.0,0.0,0.0,0.0,0.0,-,0.0
Sword Dance,[Reaper] Sword Dance #1 [2],Any,120.0,120.0,120.0,120.0,120.0,100.0,120.0,15.0,0.0,0.0,0.0,0.0,0.0,0.0,-,0.0
Sword Dance,[Reaper] Sword Dance #2,Any,155.0,155.0,155.0,155.0,155.0,100.0,155.0,25.0,0.0,0.0,0.0,0.0,0.0,0.0,-,0.0
Sword Dance,[Reaper] Sword Dance #1 [1] (Lacking FP),Any,95.0,95.0,95.0,95.0,95.0,75.0,95.0,20.0,0.0,0.0,0.0,0.0,0.0,0.0,-,1.0
Sword Dance,[Reaper] Sword Dance #1 [2] (Lacking FP),Any,95.0,95.0,95.0,95.0,95.0,100.0,95.0,15.0,0.0,0.0,0.0,0.0,0.0,0.0,-,1.0
Sword Dance,[Reaper] Sword Dance #2 (Lacking FP),Any,110.0,110.0,110.0,110.0,110.0,100.0,110.0,25.0,0.0,0.0,0.0,0.0,0.0,0.0,-,1.0
Sword Dance,[Twinblade] Sword Dance #1 [1],Any,120.0,120.0,120.0,120.0,120.0,75.0,120.0,20.0,0.0,0.0,0.0,0.0,0.0,0.0,-,0.0
Sword Dance,[Twinblade] Sword Dance #1 [2],Any,120.0,120.0,120.0,120.0,120.0,100.0,120.0,15.0,0.0,0.0,0.0,0.0,0.0,0.0,-,0.0
Sword Dance,[Twinblade] Sword Dance #2,Any,150.0,150.0,150.0,150.0,150.0,100.0,150.0,25.0,0.0,0.0,0.0,0.0,0.0,0.0,-,0.0
Sword Dance,[Twinblade] Sword Dance #1 [1] (Lacking FP),Any,100.0,100.0,100.0,100.0,100.0,75.0,100.0,20.0,0.0,0.0,0.0,0.0,0.0,0.0,-,1.0
Sword Dance,[Twinblade] Sword Dance #1 [2] (Lacking FP),Any,100.0,100.0,100.0,100.0,100.0,100.0,100.0,15.0,0.0,0.0,0.0,0.0,0.0,0.0,-,1.0
Sword Dance,[Twinblade] Sword Dance #2 (Lacking FP),Any,105.0,105.0,105.0,105.0,105.0,100.0,105.0,25.0,0.0,0.0,0.0,0.0,0.0,0.0,-,1.0
Unsheathe R1,Unsheathe R1,Any,190.0,190.0,190.0,190.0,190.0,100.0,300.0,24.0,0.0,0.0,0.0,0.0,0.0,0.0,-,0.0
Unsheathe R2,Unsheathe R2,Any,245.0,245.0,245.0,245.0,245.0,100.0,600.0,40.0,0.0,0.0,0.0,0.0,0.0,0.0,-,0.0
Unsheathe R1,Unsheathe R1 (Lacking FP),Any,115.0,115.0,115.0,115.0,115.0,100.0,100.0,24.0,0.0,0.0,0.0,0.0,0.0,0.0,-,1.0
Unsheathe R2,Unsheathe R2 (Lacking FP),Any,135.0,135.0,135.0,135.0,135.0,100.0,200.0,40.0,0.0,0.0,0.0,0.0,0.0,0.0,-,1.0
Overhead Stance R1,Overhead Stance R1,Great Katana,147.0,155.0,155.0,155.0,155.0,100.0,200.0,20.0,0.0,0.0,0.0,0.0,0.0,0.0,-,0.0
Overhead Stance R2,Overhead Stance R2 [1],Great Katana,87.0,90.0,90.0,90.0,90.0,70.0,100.0,20.0,0.0,0.0,0.0,0.0,0.0,0.0,-,0.0
Overhead Stance R2,Overhead Stance R2 [2],Great Katana,97.0,95.0,95.0,95.0,95.0,75.0,100.0,20.0,0.0,0.0,0.0,0.0,0.0,0.0,-,0.0
Overhead Stance R2,Overhead Stance R2 [3],Great Katana,103.0,110.0,110.0,110.0,110.0,85.0,200.0,20.0,0.0,0.0,0.0,0.0,0.0,0.0,-,0.0
Overhead Stance R1,Overhead Stance R1 (Lacking FP),Great Katana,50.0,50.0,50.0,50.0,50.0,100.0,50.0,20.0,0.0,0.0,0.0,0.0,0.0,0.0,-,1.0
Overhead Stance R2,Overhead Stance R2 [1] (Lacking FP),Great Katana,50.0,50.0,50.0,50.0,50.0,100.0,50.0,20.0,0.0,0.0,0.0,0.0,0.0,0.0,-,1.0
Overhead Stance R2,Overhead Stance R2 [2] (Lacking FP),Great Katana,50.0,50.0,50.0,50.0,50.0,100.0,50.0,20.0,0.0,0.0,0.0,0.0,0.0,0.0,-,1.0
Overhead Stance R2,Overhead Stance R2 [3] (Lacking FP),Great Katana,50.0,50.0,50.0,50.0,50.0,100.0,50.0,20.0,0.0,0.0,0.0,0.0,0.0,0.0,-,1.0
Beast's Roar,Beast's Roar - Roar,Any,0.0,0.0,0.0,0.0,0.0,0.0,0.0,30.0,0.0,0.0,0.0,0.0,0.0,1.0,Dexterity,0.0
Beast's Roar,Beast's Roar - Bullet,Any,0.0,0.0,0.0,0.0,0.0,0.0,0.0,0.0,110.0,0.0,0.0,0.0,0.0,1.0,Dexterity,0.0
Beast's Roar,Beast's Roar - Bullet AoE,Any,0.0,0.0,0.0,0.0,0.0,0.0,0.0,0.0,80.0,0.0,0.0,0.0,0.0,1.0,Dexterity,0.0
Beast's Roar,Beast's Roar - Roar (Lacking FP),Any,0.0,0.0,0.0,0.0,0.0,0.0,0.0,45.0,0.0,0.0,0.0,0.0,0.0,1.0,Dexterity,1.0
Savage Claws,Savage Claws [1],Beast Claw,80.0,80.0,80.0,80.0,80.0,60.0,100.0,10.0,0.0,0.0,0.0,0.0,0.0,0.0,-,0.0
Savage Claws,Savage Claws [2],Beast Claw,81.0,81.0,81.0,81.0,81.0,60.0,100.0,10.0,0.0,0.0,0.0,0.0,0.0,0.0,-,0.0
Savage Claws,Savage Claws [3],Beast Claw,73.0,73.0,73.0,73.0,73.0,60.0,50.0,10.0,0.0,0.0,0.0,0.0,0.0,0.0,-,0.0
Savage Claws,Savage Claws [4],Beast Claw,74.0,74.0,74.0,74.0,74.0,60.0,50.0,10.0,0.0,0.0,0.0,0.0,0.0,0.0,-,0.0
Savage Claws,Savage Claws [5],Beast Claw,75.0,75.0,75.0,75.0,75.0,60.0,50.0,10.0,0.0,0.0,0.0,0.0,0.0,0.0,-,0.0
Savage Claws,Savage Claws [6],Beast Claw,102.0,102.0,102.0,102.0,102.0,60.0,200.0,10.0,0.0,0.0,0.0,0.0,0.0,0.0,-,0.0
Savage Claws,Savage Claws [1] (Lacking FP),Beast Claw,50.0,50.0,50.0,50.0,50.0,100.0,40.0,10.0,0.0,0.0,0.0,0.0,0.0,0.0,-,1.0
Savage Claws,Savage Claws [2] (Lacking FP),Beast Claw,50.0,50.0,50.0,50.0,50.0,100.0,40.0,10.0,0.0,0.0,0.0,0.0,0.0,0.0,-,1.0
Savage Claws,Savage Claws [3] (Lacking FP),Beast Claw,50.0,50.0,50.0,50.0,50.0,100.0,40.0,10.0,0.0,0.0,0.0,0.0,0.0,0.0,-,1.0
Savage Claws,Savage Claws [4] (Lacking FP),Beast Claw,50.0,50.0,50.0,50.0,50.0,100.0,40.0,10.0,0.0,0.0,0.0,0.0,0.0,0.0,-,1.0
Savage Claws,Savage Claws [5] (Lacking FP),Beast Claw,50.0,50.0,50.0,50.0,50.0,100.0,40.0,10.0,0.0,0.0,0.0,0.0,0.0,0.0,-,1.0
Savage Claws,Savage Claws [6] (Lacking FP),Beast Claw,50.0,50.0,50.0,50.0,50.0,100.0,40.0,10.0,0.0,0.0,0.0,0.0,0.0,0.0,-,1.0
Raging Beast,Raging Beast,Beast Claw,145.0,145.0,145.0,145.0,145.0,100.0,150.0,15.0,0.0,0.0,0.0,0.0,0.0,0.0,-,0.0
Raging Beast R2,Raging Beast R2 [1],Beast Claw,75.0,75.0,75.0,75.0,75.0,50.0,60.0,10.0,0.0,0.0,0.0,0.0,0.0,0.0,-,0.0
Raging Beast R2,Raging Beast R2 [2],Beast Claw,160.0,160.0,160.0,160.0,160.0,100.0,200.0,20.0,0.0,0.0,0.0,0.0,0.0,0.0,-,0.0
Raging Beast,Raging Beast (Lacking FP),Beast Claw,85.0,85.0,85.0,85.0,85.0,100.0,100.0,15.0,0.0,0.0,0.0,0.0,0.0,0.0,-,1.0
Raging Beast R2,Raging Beast R2 [1] (Lacking FP),Beast Claw,60.0,60.0,60.0,60.0,60.0,50.0,45.0,10.0,0.0,0.0,0.0,0.0,0.0,0.0,-,1.0
Raging Beast R2,Raging Beast R2 [2] (Lacking FP),Beast Claw,90.0,90.0,90.0,90.0,90.0,100.0,90.0,20.0,0.0,0.0,0.0,0.0,0.0,0.0,-,1.0
Piercing Throw,Piercing Throw,Smithscript Dagger,175.0,175.0,175.0,175.0,175.0,100.0,150.0,20.0,0.0,0.0,0.0,0.0,0.0,0.0,-,0.0
Piercing Throw,Piercing Throw (Lacking FP),Smithscript Dagger,50.0,50.0,50.0,50.0,50.0,50.0,100.0,20.0,0.0,0.0,0.0,0.0,0.0,0.0,-,1.0
Scattershot Throw,Scattershot Throw #1 [1],Smithscript Dagger,88.0,88.0,88.0,88.0,88.0,70.0,120.0,8.0,0.0,0.0,0.0,0.0,0.0,0.0,-,0.0
Scattershot Throw,Scattershot Throw #1 [2],Smithscript Dagger,88.0,88.0,88.0,88.0,88.0,70.0,120.0,8.0,0.0,0.0,0.0,0.0,0.0,0.0,-,0.0
Scattershot Throw,Scattershot Throw #2 [1],Smithscript Dagger,88.0,88.0,88.0,88.0,88.0,70.0,120.0,8.0,0.0,0.0,0.0,0.0,0.0,0.0,-,0.0
Scattershot Throw,Scattershot Throw #2 [2],Smithscript Dagger,88.0,88.0,88.0,88.0,88.0,70.0,120.0,8.0,0.0,0.0,0.0,0.0,0.0,0.0,-,0.0
Scattershot Throw (Far),Scattershot Throw (Far),Smithscript Dagger,53.0,53.0,53.0,53.0,53.0,70.0,70.0,0.0,0.0,0.0,0.0,0.0,0.0,0.0,-,0.0
Scattershot Throw,Scattershot Throw (Lacking FP),Smithscript Dagger,70.0,70.0,70.0,70.0,70.0,70.0,70.0,16.0,0.0,0.0,0.0,0.0,0.0,0.0,-,1.0
Square Off R1,Square Off R1,Any,200.0,200.0,200.0,200.0,200.0,100.0,600.0,24.0,0.0,0.0,0.0,0.0,0.0,0.0,-,0.0
Square Off R1,Square Off R1 (Lacking FP),Any,120.0,120.0,120.0,120.0,120.0,100.0,200.0,24.0,0.0,0.0,0.0,0.0,0.0,0.0,-,1.0
Square Off R2,Square Off R2,Any,240.0,240.0,240.0,240.0,240.0,100.0,800.0,40.0,0.0,0.0,0.0,0.0,0.0,0.0,-,0.0
Square Off R2,Square Off R2 (Lacking FP),Any,155.0,155.0,155.0,155.0,155.0,100.0,200.0,40.0,0.0,0.0,0.0,0.0,0.0,0.0,-,1.0
Wing Stance R1,Wing Stance R1 [1],Milady,83.0,83.0,83.0,83.0,83.0,80.0,100.0,6.0,0.0,0.0,0.0,0.0,0.0,0.0,-,0.0
Wing Stance R1,Wing Stance R1 [2],Milady,84.0,84.0,84.0,84.0,84.0,80.0,50.0,6.0,0.0,0.0,0.0,0.0,0.0,0.0,-,0.0
Wing Stance R1,Wing Stance R1 [3],Milady,87.0,87.0,87.0,87.0,87.0,80.0,150.0,6.0,0.0,0.0,0.0,0.0,0.0,0.0,-,0.0
Wing Stance R2,Wing Stance R2,Milady,251.0,251.0,251.0,251.0,251.0,100.0,550.0,29.0,0.0,0.0,0.0,0.0,0.0,0.0,-,0.0
Wing Stance R1,Wing Stance R1 [1] (Lacking FP),Milady,50.0,50.0,50.0,50.0,50.0,100.0,100.0,6.0,0.0,0.0,0.0,0.0,0.0,0.0,-,1.0
Wing Stance R1,Wing Stance R1 [2] (Lacking FP),Milady,50.0,50.0,50.0,50.0,50.0,100.0,100.0,6.0,0.0,0.0,0.0,0.0,0.0,0.0,-,1.0
Wing Stance R1,Wing Stance R1 [3] (Lacking FP),Milady,50.0,50.0,50.0,50.0,50.0,100.0,100.0,6.0,0.0,0.0,0.0,0.0,0.0,0.0,-,1.0
Wing Stance R2,Wing Stance R2 (Lacking FP),Milady,100.0,100.0,100.0,100.0,100.0,100.0,100.0,29.0,0.0,0.0,0.0,0.0,0.0,0.0,-,1.0
Charge Forth,Charge Forth [1],Any,35.0,35.0,35.0,35.0,35.0,25.0,50.0,8.0,0.0,0.0,0.0,0.0,0.0,0.0,-,0.0
Charge Forth,Charge Forth [2],Any,35.0,35.0,35.0,35.0,35.0,25.0,50.0,8.0,0.0,0.0,0.0,0.0,0.0,0.0,-,0.0
Charge Forth,Charge Forth [3],Any,35.0,35.0,35.0,35.0,35.0,25.0,50.0,8.0,0.0,0.0,0.0,0.0,0.0,0.0,-,0.0
Charge Forth,Charge Forth [4],Any,35.0,35.0,35.0,35.0,35.0,25.0,50.0,8.0,0.0,0.0,0.0,0.0,0.0,0.0,-,0.0
Charge Forth,Charge Forth [5],Any,145.0,145.0,145.0,145.0,145.0,100.0,200.0,40.0,0.0,0.0,0.0,0.0,0.0,0.0,-,0.0
Charge Forth Early Release,Charge Forth Early Release [1],Any,35.0,35.0,35.0,35.0,35.0,25.0,50.0,8.0,0.0,0.0,0.0,0.0,0.0,0.0,-,0.0
Charge Forth Early Release,Charge Forth Early Release [2],Any,145.0,145.0,145.0,145.0,145.0,100.0,150.0,30.0,0.0,0.0,0.0,0.0,0.0,0.0,-,0.0
Charge Forth,Charge Forth [1] (Lacking FP),Any,30.0,30.0,30.0,30.0,30.0,25.0,20.0,8.0,0.0,0.0,0.0,0.0,0.0,0.0,-,1.0
Charge Forth,Charge Forth [2] (Lacking FP),Any,30.0,30.0,30.0,30.0,30.0,25.0,20.0,8.0,0.0,0.0,0.0,0.0,0.0,0.0,-,1.0
Charge Forth,Charge Forth [3] (Lacking FP),Any,30.0,30.0,30.0,30.0,30.0,25.0,20.0,8.0,0.0,0.0,0.0,0.0,0.0,0.0,-,1.0
Charge Forth,Charge Forth [4] (Lacking FP),Any,30.0,30.0,30.0,30.0,30.0,25.0,20.0,8.0,0.0,0.0,0.0,0.0,0.0,0.0,-,1.0
Charge Forth,Charge Forth [5] (Lacking FP),Any,130.0,130.0,130.0,130.0,130.0,100.0,90.0,40.0,0.0,0.0,0.0,0.0,0.0,0.0,-,1.0
Charge Forth Early Release,Charge Forth Early Release [1] (Lacking FP),Any,30.0,30.0,30.0,30.0,30.0,25.0,20.0,8.0,0.0,0.0,0.0,0.0,0.0,0.0,-,1.0
Charge Forth Early Release,Charge Forth Early Release [2] (Lacking FP),Any,120.0,120.0,120.0,120.0,120.0,100.0,60.0,30.0,0.0,0.0,0.0,0.0,0.0,0.0,-,1.0
Spinning Strikes,Spinning Strikes - Loop,Any,117.0,117.0,117.0,117.0,117.0,100.0,112.0,6.0,0.0,0.0,0.0,0.0,0.0,0.0,-,0.0
Spinning Strikes R1,Spinning Strikes R1 [1],Any,84.0,84.0,84.0,84.0,84.0,100.0,80.0,9.0,0.0,0.0,0.0,0.0,0.0,0.0,-,0.0
Spinning Strikes R1,Spinning Strikes R1 [2],Any,115.0,115.0,115.0,115.0,115.0,100.0,110.0,9.0,0.0,0.0,0.0,0.0,0.0,0.0,-,0.0
Spinning Strikes R2,Spinning Strikes R2 [1],Any,99.0,99.0,99.0,99.0,99.0,100.0,95.0,12.0,0.0,0.0,0.0,0.0,0.0,0.0,-,0.0
Spinning Strikes R2,Spinning Strikes R2 [2],Any,189.0,189.0,189.0,189.0,189.0,100.0,180.0,12.0,0.0,0.0,0.0,0.0,0.0,0.0,-,0.0
Spinning Strikes,Spinning Strikes - Bullet (Deflect Projectile AoE),Any,0.0,0.0,0.0,0.0,0.0,0.0,0.0,0.0,0.0,0.0,0.0,0.0,0.0,0.0,-,0.0
Spinning Strikes,Spinning Strikes - Loop (Lacking FP),Any,70.0,70.0,70.0,70.0,70.0,100.0,70.0,6.0,0.0,0.0,0.0,0.0,0.0,0.0,-,1.0
Spinning Strikes R1,Spinning Strikes R1 [1] (Lacking FP),Any,50.0,50.0,50.0,50.0,50.0,100.0,50.0,9.0,0.0,0.0,0.0,0.0,0.0,0.0,-,1.0
Spinning Strikes R1,Spinning Strikes R1 [2] (Lacking FP),Any,70.0,70.0,70.0,70.0,70.0,100.0,70.0,9.0,0.0,0.0,0.0,0.0,0.0,0.0,-,1.0
Spinning Strikes R2,Spinning Strikes R2 [1] (Lacking FP),Any,55.0,55.0,55.0,55.0,55.0,100.0,55.0,12.0,0.0,0.0,0.0,0.0,0.0,0.0,-,1.0
Spinning Strikes R2,Spinning Strikes R2 [2] (Lacking FP),Any,75.0,75.0,75.0,75.0,75.0,100.0,75.0,12.0,0.0,0.0,0.0,0.0,0.0,0.0,-,1.0
Giant Hunt,Giant Hunt,Any,220.0,220.0,220.0,220.0,220.0,100.0,600.0,40.0,0.0,0.0,0.0,0.0,0.0,0.0,-,0.0
Giant Hunt,Giant Hunt (Lacking FP),Any,120.0,120.0,120.0,120.0,120.0,100.0,100.0,40.0,0.0,0.0,0.0,0.0,0.0,0.0,-,1.0
Storm Blade,Storm Blade #1,Any,65.0,65.0,65.0,65.0,65.0,100.0,65.0,0.0,0.0,0.0,0.0,0.0,0.0,0.0,-,0.0
Storm Blade,Storm Blade #2,Any,66.0,66.0,66.0,66.0,66.0,100.0,66.0,0.0,0.0,0.0,0.0,0.0,0.0,0.0,-,0.0
Storm Blade,Storm Blade #3,Any,67.0,67.0,67.0,67.0,67.0,100.0,67.0,0.0,0.0,0.0,0.0,0.0,0.0,0.0,-,0.0
Storm Blade,Storm Blade - Bullet,Any,0.0,0.0,0.0,0.0,0.0,0.0,0.0,20.0,150.0,0.0,0.0,0.0,0.0,1.0,Str/Dex,0.0
Storm Blade,Storm Blade #1 (Lacking FP),Any,105.0,105.0,105.0,105.0,105.0,100.0,65.0,20.0,0.0,0.0,0.0,0.0,0.0,0.0,-,1.0
Storm Blade,Storm Blade #2 (Lacking FP),Any,106.0,106.0,106.0,106.0,106.0,100.0,66.0,20.0,0.0,0.0,0.0,0.0,0.0,0.0,-,1.0
Storm Blade,Storm Blade #3 (Lacking FP),Any,107.0,107.0,107.0,107.0,107.0,100.0,67.0,20.0,0.0,0.0,0.0,0.0,0.0,0.0,-,1.0
Storm Assault,Storm Assault - Bullet (Jump),Any,90.0,90.0,90.0,90.0,90.0,0.0,100.0,10.0,0.0,0.0,0.0,0.0,0.0,1.0,Str/Dex,0.0
Storm Assault,Storm Assault - Bullet (Land),Any,90.0,90.0,90.0,90.0,90.0,0.0,100.0,0.0,0.0,0.0,0.0,0.0,0.0,1.0,Str/Dex,0.0
Storm Assault,Storm Assault,Any,200.0,200.0,200.0,200.0,200.0,100.0,400.0,20.0,0.0,0.0,0.0,0.0,0.0,0.0,-,0.0
Storm Assault,Storm Assault (Lacking FP),Any,130.0,130.0,130.0,130.0,130.0,100.0,100.0,20.0,0.0,0.0,0.0,0.0,0.0,0.0,-,1.0
Stormcaller,Stormcaller #1 [1],Any,92.0,92.0,92.0,92.0,92.0,75.0,240.0,10.0,0.0,0.0,0.0,0.0,0.0,0.0,-,0.0
Stormcaller,Stormcaller #1 [2],Any,94.0,94.0,94.0,94.0,94.0,75.0,100.0,10.0,0.0,0.0,0.0,0.0,0.0,0.0,-,0.0
Stormcaller,Stormcaller #1 [3],Any,97.0,97.0,97.0,97.0,97.0,100.0,100.0,10.0,0.0,0.0,0.0,0.0,0.0,0.0,-,0.0
Stormcaller,Stormcaller #1 [1] - Bullet,Any,92.0,92.0,92.0,92.0,92.0,0.0,100.0,0.0,0.0,0.0,0.0,0.0,0.0,1.0,Str/Dex,0.0
Stormcaller,Stormcaller #1 [2] - Bullet,Any,94.0,94.0,94.0,94.0,94.0,0.0,100.0,0.0,0.0,0.0,0.0,0.0,0.0,1.0,Str/Dex,0.0
Stormcaller,Stormcaller #1 [3] - Bullet,Any,97.0,97.0,97.0,97.0,97.0,0.0,100.0,0.0,0.0,0.0,0.0,0.0,0.0,1.0,Str/Dex,0.0
Stormcaller,Stormcaller #2 [1],Any,98.0,98.0,98.0,98.0,98.0,75.0,100.0,10.0,0.0,0.0,0.0,0.0,0.0,0.0,-,0.0
Stormcaller,Stormcaller #2 [2],Any,100.0,100.0,100.0,100.0,100.0,100.0,100.0,10.0,0.0,0.0,0.0,0.0,0.0,0.0,-,0.0
Stormcaller,Stormcaller #2 [1] - Bullet,Any,98.0,98.0,98.0,98.0,98.0,0.0,100.0,0.0,0.0,0.0,0.0,0.0,0.0,1.0,Str/Dex,0.0
Stormcaller,Stormcaller #2 [2] - Bullet,Any,100.0,100.0,100.0,100.0,100.0,0.0,100.0,0.0,0.0,0.0,0.0,0.0,0.0,1.0,Str/Dex,0.0
Stormcaller,Stormcaller #3 [1],Any,103.0,103.0,103.0,103.0,103.0,75.0,100.0,10.0,0.0,0.0,0.0,0.0,0.0,0.0,-,0.0
Stormcaller,Stormcaller #3 [2],Any,115.0,115.0,115.0,115.0,115.0,100.0,100.0,15.0,0.0,0.0,0.0,0.0,0.0,0.0,-,0.0
Stormcaller,Stormcaller #3 [1] - Bullet,Any,70.0,70.0,70.0,70.0,70.0,0.0,100.0,0.0,0.0,0.0,0.0,0.0,0.0,1.0,Str/Dex,0.0
Stormcaller,Stormcaller #3 [2] - Bullet,Any,70.0,70.0,70.0,70.0,70.0,0.0,100.0,0.0,0.0,0.0,0.0,0.0,0.0,1.0,Str/Dex,0.0
Stormcaller,Stormcaller #1 [1] (Lacking FP),Any,60.0,60.0,60.0,60.0,60.0,75.0,75.0,10.0,0.0,0.0,0.0,0.0,0.0,0.0,-,1.0
Stormcaller,Stormcaller #1 [2] (Lacking FP),Any,60.0,60.0,60.0,60.0,60.0,75.0,75.0,10.0,0.0,0.0,0.0,0.0,0.0,0.0,-,1.0
Stormcaller,Stormcaller #1 [3] (Lacking FP),Any,60.0,60.0,60.0,60.0,60.0,100.0,75.0,10.0,0.0,0.0,0.0,0.0,0.0,0.0,-,1.0
Stormcaller,Stormcaller #2 [1] (Lacking FP),Any,60.0,60.0,60.0,60.0,60.0,75.0,75.0,10.0,0.0,0.0,0.0,0.0,0.0,0.0,-,1.0
Stormcaller,Stormcaller #2 [2] (Lacking FP),Any,60.0,60.0,60.0,60.0,60.0,100.0,75.0,10.0,0.0,0.0,0.0,0.0,0.0,0.0,-,1.0
Stormcaller,Stormcaller #3 [1] (Lacking FP),Any,60.0,60.0,60.0,60.0,60.0,75.0,75.0,10.0,0.0,0.0,0.0,0.0,0.0,0.0,-,1.0
Stormcaller,Stormcaller #3 [2] (Lacking FP),Any,80.0,80.0,80.0,80.0,80.0,100.0,75.0,15.0,0.0,0.0,0.0,0.0,0.0,0.0,-,1.0
Storm Stomp,Storm Stomp - Bullet,Any,0.0,0.0,0.0,0.0,0.0,0.0,0.0,10.0,50.0,0.0,0.0,0.0,0.0,1.0,Str/Dex,0.0
Storm Stomp,Storm Stomp (Lacking FP),Any,0.0,0.0,0.0,0.0,0.0,100.0,100.0,10.0,10.0,0.0,0.0,0.0,0.0,1.0,Str/Dex,1.0
Vacuum Slice,Vacuum Slice,Any,75.0,75.0,75.0,75.0,75.0,100.0,150.0,0.0,0.0,0.0,0.0,0.0,0.0,0.0,-,0.0
Vacuum Slice,Vacuum Slice - Bullet,Any,0.0,0.0,0.0,0.0,0.0,0.0,0.0,25.0,200.0,0.0,0.0,0.0,0.0,1.0,Str/Dex,0.0
Vacuum Slice,Vacuum Slice (Lacking FP),Any,115.0,115.0,115.0,115.0,115.0,100.0,150.0,25.0,0.0,0.0,0.0,0.0,0.0,0.0,-,1.0
Phantom Slash,Phantom Slash #1 - Bullet (Phantom),Any,0.0,0.0,0.0,0.0,0.0,0.0,0.0,5.0,176.0,0.0,0.0,0.0,0.0,1.0,Str/Dex,0.0
Phantom Slash,Phantom Slash #1,Any,132.0,132.0,132.0,132.0,132.0,100.0,150.0,10.0,0.0,0.0,0.0,0.0,0.0,0.0,-,0.0
Phantom Slash,Phantom Slash #2 - Bullet (Phantom),Any,0.0,0.0,0.0,0.0,0.0,0.0,0.0,5.0,181.0,0.0,0.0,0.0,0.0,1.0,Str/Dex,0.0
Phantom Slash,Phantom Slash #2,Any,137.0,137.0,137.0,137.0,137.0,100.0,155.0,10.0,0.0,0.0,0.0,0.0,0.0,0.0,-,0.0
Phantom Slash,Phantom Slash #1 (Lacking FP),Any,90.0,90.0,90.0,90.0,90.0,100.0,95.0,10.0,0.0,0.0,0.0,0.0,0.0,0.0,-,1.0
Phantom Slash,Phantom Slash #2 (Lacking FP),Any,93.0,93.0,93.0,93.0,93.0,100.0,100.0,10.0,0.0,0.0,0.0,0.0,0.0,0.0,-,1.0
Glintstone Pebble,Glintstone Pebble - Bullet,Any,0.0,0.0,0.0,0.0,0.0,0.0,0.0,10.0,0.0,137.0,0.0,0.0,0.0,1.0,Intelligence,0.0
Glintstone Pebble R2,Glintstone Pebble R2,Any,160.0,160.0,160.0,160.0,160.0,100.0,400.0,30.0,0.0,45.0,0.0,0.0,0.0,1.0,-,0.0
Glintstone Pebble,Glintstone Pebble (Lacking FP),Any,50.0,50.0,50.0,50.0,50.0,50.0,0.0,10.0,0.0,0.0,0.0,0.0,0.0,0.0,-,1.0
Glintstone Pebble R2,Glintstone Pebble R2 (Lacking FP),Any,130.0,130.0,130.0,130.0,130.0,100.0,200.0,30.0,0.0,0.0,0.0,0.0,0.0,0.0,-,1.0
Glintblade Phalanx,Glintblade Phalanx - Bullet,Any,0.0,0.0,0.0,0.0,0.0,0.0,0.0,0.0,0.0,51.0,0.0,0.0,0.0,1.0,Intelligence,0.0
Glintblade Phalanx R2,Glintblade Phalanx R2,Any,160.0,160.0,160.0,160.0,160.0,100.0,400.0,20.0,0.0,0.0,0.0,0.0,0.0,0.0,-,0.0
Glintblade Phalanx R2,Glintblade Phalanx R2 (Lacking FP),Any,105.0,105.0,105.0,105.0,105.0,100.0,100.0,20.0,0.0,0.0,0.0,0.0,0.0,0.0,-,1.0
Carian Greatsword,Carian Greatsword,Any,0.0,0.0,0.0,0.0,0.0,0.0,0.0,30.0,0.0,220.0,0.0,0.0,0.0,1.0,Intelligence,0.0
Carian Greatsword Charged,Carian Greatsword Charged,Any,0.0,0.0,0.0,0.0,0.0,0.0,0.0,50.0,0.0,340.0,0.0,0.0,0.0,1.0,Intelligence,0.0
Carian Greatsword,Carian Greatsword (Lacking FP),Any,140.0,140.0,140.0,140.0,140.0,100.0,200.0,30.0,0.0,0.0,0.0,0.0,0.0,0.0,-,1.0
Carian Greatsword Charged,Carian Greatsword Charged (Lacking FP),Any,160.0,160.0,160.0,160.0,160.0,100.0,300.0,50.0,0.0,0.0,0.0,0.0,0.0,0.0,-,1.0
Carian Grandeur,Carian Grandeur,Any,0.0,0.0,0.0,0.0,0.0,0.0,0.0,30.0,0.0,220.0,0.0,0.0,0.0,1.0,Intelligence,0.0
Carian Grandeur Charged 1,Carian Grandeur Charged 1,Any,0.0,0.0,0.0,0.0,0.0,0.0,0.0,40.0,0.0,315.0,0.0,0.0,0.0,1.0,Intelligence,0.0
Carian Grandeur Charged 2,Carian Grandeur Charged 2,Any,0.0,0.0,0.0,0.0,0.0,0.0,0.0,60.0,0.0,400.0,0.0,0.0,0.0,1.0,Intelligence,0.0
Carian Grandeur,Carian Grandeur (Lacking FP),Any,140.0,140.0,140.0,140.0,140.0,100.0,200.0,30.0,0.0,0.0,0.0,0.0,0.0,0.0,-,1.0
Carian Grandeur Charged 1,Carian Grandeur Charged 1 (Lacking FP),Any,155.0,155.0,155.0,155.0,155.0,100.0,200.0,40.0,0.0,0.0,0.0,0.0,0.0,0.0,-,1.0
Carian Grandeur Charged 2,Carian Grandeur Charged 2 (Lacking FP),Any,170.0,170.0,170.0,170.0,170.0,100.0,300.0,60.0,0.0,0.0,0.0,0.0,0.0,0.0,-,1.0
Carian Sovereignty,Carian Sovereignty #1,Any,0.0,0.0,0.0,0.0,0.0,0.0,0.0,45.0,0.0,315.0,0.0,0.0,0.0,1.0,Intelligence,0.0
Carian Sovereignty,Carian Sovereignty #2,Any,0.0,0.0,0.0,0.0,0.0,0.0,0.0,35.0,0.0,315.0,0.0,0.0,0.0,1.0,Intelligence,0.0
Carian Sovereignty Charged,Carian Sovereignty Charged #1,Any,0.0,0.0,0.0,0.0,0.0,0.0,0.0,60.0,0.0,284.0,0.0,0.0,0.0,1.0,Intelligence,0.0
Carian Sovereignty Charged,Carian Sovereignty Charged #1 - Bullet,Any,0.0,0.0,0.0,0.0,0.0,0.0,0.0,0.0,0.0,160.0,0.0,0.0,0.0,1.0,Intelligence,0.0
Carian Sovereignty Charged,Carian Sovereignty Charged #2,Any,0.0,0.0,0.0,0.0,0.0,0.0,0.0,45.0,0.0,400.0,0.0,0.0,0.0,1.0,Intelligence,0.0
Carian Sovereignty,Carian Sovereignty #1 (Lacking FP),Any,150.0,150.0,150.0,150.0,150.0,100.0,200.0,45.0,0.0,0.0,0.0,0.0,0.0,0.0,-,1.0
Carian Sovereignty,Carian Sovereignty #2 (Lacking FP),Any,150.0,150.0,150.0,150.0,150.0,100.0,200.0,45.0,0.0,0.0,0.0,0.0,0.0,0.0,-,1.0
Carian Sovereignty Charged,Carian Sovereignty Charged #1 (Lacking FP),Any,120.0,120.0,120.0,120.0,120.0,100.0,150.0,60.0,0.0,0.0,0.0,0.0,0.0,0.0,-,1.0
Spinning Weapon,Spinning Weapon [1],Any,70.0,70.0,70.0,70.0,70.0,50.0,40.0,35.0,0.0,0.0,0.0,0.0,0.0,0.0,-,0.0
Spinning Weapon,Spinning Weapon [2],Any,58.0,58.0,58.0,58.0,58.0,50.0,40.0,0.0,0.0,0.0,0.0,0.0,0.0,0.0,-,0.0
Spinning Weapon,Spinning Weapon [3],Any,58.0,58.0,58.0,58.0,58.0,50.0,40.0,0.0,0.0,0.0,0.0,0.0,0.0,0.0,-,0.0
Spinning Weapon,Spinning Weapon [4],Any,58.0,58.0,58.0,58.0,58.0,50.0,40.0,0.0,0.0,0.0,0.0,0.0,0.0,0.0,-,0.0
Spinning Weapon,Spinning Weapon [5],Any,58.0,58.0,58.0,58.0,58.0,50.0,40.0,0.0,0.0,0.0,0.0,0.0,0.0,0.0,-,0.0
Spinning Weapon,Spinning Weapon [6],Any,58.0,58.0,58.0,58.0,58.0,50.0,40.0,0.0,0.0,0.0,0.0,0.0,0.0,0.0,-,0.0
Spinning Weapon,Spinning Weapon [7],Any,70.0,70.0,70.0,70.0,70.0,50.0,40.0,0.0,0.0,0.0,0.0,0.0,0.0,0.0,-,0.0
Spinning Weapon,Spinning Weapon [1] (Lacking FP),Any,40.0,40.0,40.0,40.0,50.0,50.0,30.0,45.0,0.0,0.0,0.0,0.0,0.0,0.0,-,1.0
Spinning Weapon,Spinning Weapon [2] (Lacking FP),Any,40.0,40.0,40.0,40.0,50.0,50.0,30.0,0.0,0.0,0.0,0.0,0.0,0.0,0.0,-,1.0
Spinning Weapon,Spinning Weapon [3] (Lacking FP),Any,40.0,40.0,40.0,40.0,50.0,50.0,30.0,0.0,0.0,0.0,0.0,0.0,0.0,0.0,-,1.0
Spinning Weapon,Spinning Weapon [4] (Lacking FP),Any,40.0,40.0,40.0,40.0,50.0,50.0,30.0,0.0,0.0,0.0,0.0,0.0,0.0,0.0,-,1.0
Spinning Weapon,Spinning Weapon [5] (Lacking FP),Any,40.0,40.0,40.0,40.0,50.0,50.0,30.0,0.0,0.0,0.0,0.0,0.0,0.0,0.0,-,1.0
Spinning Weapon,Spinning Weapon [6] (Lacking FP),Any,40.0,40.0,40.0,40.0,50.0,50.0,30.0,0.0,0.0,0.0,0.0,0.0,0.0,0.0,-,1.0
Spinning Weapon,Spinning Weapon [7] (Lacking FP),Any,40.0,40.0,40.0,40.0,50.0,50.0,30.0,0.0,0.0,0.0,0.0,0.0,0.0,0.0,-,1.0
Spinning Weapon,[Dagger] Spinning Weapon [1],Any,70.0,70.0,70.0,70.0,70.0,50.0,40.0,20.0,0.0,0.0,0.0,0.0,0.0,0.0,-,0.0
Spinning Weapon,[Dagger] Spinning Weapon [2],Any,58.0,58.0,58.0,58.0,58.0,50.0,40.0,0.0,0.0,0.0,0.0,0.0,0.0,0.0,-,0.0
Spinning Weapon,[Dagger] Spinning Weapon [3],Any,58.0,58.0,58.0,58.0,58.0,50.0,40.0,0.0,0.0,0.0,0.0,0.0,0.0,0.0,-,0.0
Spinning Weapon,[Dagger] Spinning Weapon [4],Any,58.0,58.0,58.0,58.0,58.0,50.0,40.0,0.0,0.0,0.0,0.0,0.0,0.0,0.0,-,0.0
Spinning Weapon,[Dagger] Spinning Weapon [5],Any,58.0,58.0,58.0,58.0,58.0,50.0,40.0,0.0,0.0,0.0,0.0,0.0,0.0,0.0,-,0.0
Spinning Weapon,[Dagger] Spinning Weapon [6],Any,58.0,58.0,58.0,58.0,58.0,50.0,40.0,0.0,0.0,0.0,0.0,0.0,0.0,0.0,-,0.0
Spinning Weapon,[Dagger] Spinning Weapon [7],Any,70.0,70.0,70.0,70.0,70.0,50.0,40.0,0.0,0.0,0.0,0.0,0.0,0.0,0.0,-,0.0
Spinning Weapon,[Dagger] Spinning Weapon [1] (Lacking FP),Any,40.0,40.0,40.0,40.0,50.0,50.0,30.0,30.0,0.0,0.0,0.0,0.0,0.0,0.0,-,1.0
Spinning Weapon,[Dagger] Spinning Weapon [2] (Lacking FP),Any,40.0,40.0,40.0,40.0,50.0,50.0,30.0,0.0,0.0,0.0,0.0,0.0,0.0,0.0,-,1.0
Spinning Weapon,[Dagger] Spinning Weapon [3] (Lacking FP),Any,40.0,40.0,40.0,40.0,50.0,50.0,30.0,0.0,0.0,0.0,0.0,0.0,0.0,0.0,-,1.0
Spinning Weapon,[Dagger] Spinning Weapon [4] (Lacking FP),Any,40.0,40.0,40.0,40.0,50.0,50.0,30.0,0.0,0.0,0.0,0.0,0.0,0.0,0.0,-,1.0
Spinning Weapon,[Dagger] Spinning Weapon [5] (Lacking FP),Any,40.0,40.0,40.0,40.0,50.0,50.0,30.0,0.0,0.0,0.0,0.0,0.0,0.0,0.0,-,1.0
Spinning Weapon,[Dagger] Spinning Weapon [6] (Lacking FP),Any,40.0,40.0,40.0,40.0,50.0,50.0,30.0,0.0,0.0,0.0,0.0,0.0,0.0,0.0,-,1.0
Spinning Weapon,[Dagger] Spinning Weapon [7] (Lacking FP),Any,40.0,40.0,40.0,40.0,50.0,50.0,30.0,0.0,0.0,0.0,0.0,0.0,0.0,0.0,-,1.0
Loretta's Slash,[Twinblade] Loretta's Slash [1],Any,40.0,40.0,40.0,40.0,40.0,100.0,250.0,15.0,0.0,30.0,0.0,0.0,0.0,1.0,-,0.0
Loretta's Slash,[Twinblade] Loretta's Slash [2],Any,100.0,100.0,100.0,100.0,100.0,100.0,200.0,20.0,0.0,60.0,0.0,0.0,0.0,1.0,-,0.0
Loretta's Slash,[Twinblade] Loretta's Slash [1] (Lacking FP),Any,40.0,40.0,40.0,40.0,40.0,100.0,80.0,15.0,0.0,0.0,0.0,0.0,0.0,0.0,-,1.0
Loretta's Slash,[Twinblade] Loretta's Slash [2] (Lacking FP),Any,100.0,100.0,100.0,100.0,100.0,100.0,130.0,20.0,0.0,0.0,0.0,0.0,0.0,0.0,-,1.0
Loretta's Slash,[Spear] Loretta's Slash [1],Any,40.0,40.0,40.0,40.0,40.0,100.0,250.0,15.0,0.0,30.0,0.0,0.0,0.0,1.0,-,0.0
Loretta's Slash,[Spear] Loretta's Slash [2],Any,100.0,100.0,100.0,100.0,100.0,100.0,200.0,20.0,0.0,60.0,0.0,0.0,0.0,1.0,-,0.0
Loretta's Slash,[Spear] Loretta's Slash [1] (Lacking FP),Any,40.0,40.0,40.0,40.0,40.0,100.0,80.0,15.0,0.0,0.0,0.0,0.0,0.0,0.0,-,1.0
Loretta's Slash,[Spear] Loretta's Slash [2] (Lacking FP),Any,100.0,100.0,100.0,100.0,100.0,100.0,130.0,20.0,0.0,0.0,0.0,0.0,0.0,0.0,-,1.0
Loretta's Slash,[Great Spear] Loretta's Slash [1],Any,40.0,40.0,40.0,40.0,40.0,100.0,250.0,15.0,0.0,30.0,0.0,0.0,0.0,1.0,-,0.0
Loretta's Slash,[Great Spear] Loretta's Slash [2],Any,100.0,100.0,100.0,100.0,100.0,100.0,200.0,20.0,0.0,60.0,0.0,0.0,0.0,1.0,-,0.0
Loretta's Slash,[Great Spear] Loretta's Slash [1] (Lacking FP),Any,40.0,40.0,40.0,40.0,40.0,100.0,80.0,15.0,0.0,0.0,0.0,0.0,0.0,0.0,-,1.0
Loretta's Slash,[Great Spear] Loretta's Slash [2] (Lacking FP),Any,100.0,100.0,100.0,100.0,100.0,100.0,130.0,20.0,0.0,0.0,0.0,0.0,0.0,0.0,-,1.0
Loretta's Slash,[Halberd] Loretta's Slash [1],Any,40.0,40.0,40.0,40.0,40.0,100.0,250.0,15.0,0.0,30.0,0.0,0.0,0.0,1.0,-,0.0
Loretta's Slash,[Halberd] Loretta's Slash [2],Any,100.0,100.0,100.0,100.0,100.0,100.0,200.0,20.0,0.0,60.0,0.0,0.0,0.0,1.0,-,0.0
Loretta's Slash,[Halberd] Loretta's Slash [1] (Lacking FP),Any,40.0,40.0,40.0,40.0,40.0,100.0,80.0,15.0,0.0,0.0,0.0,0.0,0.0,0.0,-,1.0
Loretta's Slash,[Halberd] Loretta's Slash [2] (Lacking FP),Any,100.0,100.0,100.0,100.0,100.0,100.0,130.0,20.0,0.0,0.0,0.0,0.0,0.0,0.0,-,1.0
Loretta's Slash,[Reaper] Loretta's Slash [1],Any,40.0,40.0,40.0,40.0,40.0,100.0,250.0,15.0,0.0,30.0,0.0,0.0,0.0,1.0,-,0.0
Loretta's Slash,[Reaper] Loretta's Slash [2],Any,100.0,100.0,100.0,100.0,100.0,100.0,200.0,20.0,0.0,60.0,0.0,0.0,0.0,1.0,-,0.0
Loretta's Slash,[Reaper] Loretta's Slash [1] (Lacking FP),Any,40.0,40.0,40.0,40.0,40.0,100.0,80.0,15.0,0.0,0.0,0.0,0.0,0.0,0.0,-,1.0
Loretta's Slash,[Reaper] Loretta's Slash [2] (Lacking FP),Any,100.0,100.0,100.0,100.0,100.0,100.0,130.0,20.0,0.0,0.0,0.0,0.0,0.0,0.0,-,1.0
Gravitas,Gravitas,Any,100.0,100.0,100.0,100.0,100.0,100.0,100.0,30.0,0.0,0.0,0.0,0.0,0.0,0.0,-,0.0
Gravitas,Gravitas - Bullet (Stackable Inner),Any,0.0,0.0,0.0,0.0,0.0,0.0,0.0,0.0,0.0,60.0,0.0,0.0,0.0,1.0,Intelligence,0.0
Gravitas,Gravitas - Bullet (Stackable Middle),Any,0.0,0.0,0.0,0.0,0.0,0.0,0.0,0.0,0.0,60.0,0.0,0.0,0.0,1.0,Intelligence,0.0
Gravitas,Gravitas - Bullet (Stackable Outer),Any,0.0,0.0,0.0,0.0,0.0,0.0,0.0,0.0,0.0,60.0,0.0,0.0,0.0,1.0,Intelligence,0.0
Gravitas,Gravitas (Lacking FP),Any,100.0,100.0,100.0,100.0,100.0,100.0,100.0,40.0,0.0,0.0,0.0,0.0,0.0,0.0,-,1.0
Waves of Darkness,Waves of Darkness [1],Any,100.0,100.0,100.0,100.0,100.0,100.0,100.0,35.0,0.0,60.0,0.0,0.0,0.0,1.0,-,0.0
Waves of Darkness,Waves of Darkness [2],Any,60.0,60.0,60.0,60.0,60.0,50.0,60.0,30.0,0.0,0.0,0.0,0.0,0.0,0.0,-,0.0
Waves of Darkness,Waves of Darkness - Bullet,Any,0.0,0.0,0.0,0.0,0.0,0.0,0.0,0.0,0.0,120.0,0.0,0.0,0.0,1.0,Intelligence,0.0
Waves of Darkness R2,Waves of Darkness R2,Any,140.0,140.0,140.0,140.0,140.0,100.0,100.0,35.0,0.0,0.0,0.0,0.0,0.0,0.0,-,0.0
Waves of Darkness,Waves of Darkness [1] (Lacking FP),Any,80.0,80.0,80.0,80.0,80.0,100.0,80.0,45.0,0.0,0.0,0.0,0.0,0.0,0.0,-,1.0
Waves of Darkness,Waves of Darkness [2] (Lacking FP),Any,40.0,40.0,40.0,40.0,40.0,50.0,40.0,30.0,0.0,0.0,0.0,0.0,0.0,0.0,-,1.0
Waves of Darkness R2,Waves of Darkness R2 (Lacking FP),Any,100.0,100.0,100.0,100.0,110.0,100.0,100.0,45.0,0.0,0.0,0.0,0.0,0.0,0.0,-,1.0
Flaming Strike,Flaming Strike - Bullet,Any,0.0,0.0,0.0,0.0,0.0,0.0,0.0,10.0,0.0,0.0,138.0,0.0,0.0,1.0,Strength,0.0
Flaming Strike R2,Flaming Strike R2,Any,178.0,178.0,178.0,178.0,178.0,0.0,300.0,12.0,0.0,0.0,0.0,0.0,0.0,0.0,-,0.0
Flaming Strike,Flaming Strike (Lacking FP),Any,0.0,0.0,0.0,0.0,0.0,0.0,0.0,10.0,40.0,0.0,0.0,0.0,0.0,1.0,Strength,1.0
Flaming Strike R2,Flaming Strike R2 (Lacking FP),Any,100.0,100.0,100.0,100.0,100.0,100.0,100.0,12.0,0.0,0.0,0.0,0.0,0.0,0.0,-,1.0
Flame of the Redmanes,Flame of the Redmanes - Bullet,Any,0.0,0.0,0.0,0.0,0.0,0.0,0.0,20.0,0.0,0.0,180.0,0.0,0.0,1.0,Strength,0.0
Eruption,Eruption [1],Any,90.0,90.0,90.0,90.0,90.0,100.0,250.0,30.0,0.0,0.0,20.0,0.0,0.0,1.0,-,0.0
Eruption,Eruption [2],Any,105.0,105.0,105.0,105.0,105.0,100.0,120.0,20.0,0.0,0.0,25.0,0.0,0.0,1.0,-,0.0
Eruption,Eruption - Bullet (Initial Lava Tick),Any,0.0,0.0,0.0,0.0,0.0,0.0,0.0,0.0,0.0,0.0,40.0,0.0,0.0,1.0,Strength,0.0
Eruption,Eruption - Bullet (Lava Ticks),Any,0.0,0.0,0.0,0.0,0.0,0.0,0.0,0.0,0.0,0.0,40.0,0.0,0.0,1.0,Strength,0.0
Eruption,Eruption [1] (Lacking FP),Any,100.0,100.0,100.0,100.0,100.0,100.0,75.0,30.0,0.0,0.0,0.0,0.0,0.0,0.0,-,1.0
Eruption,Eruption [2] (Lacking FP),Any,100.0,100.0,100.0,100.0,100.0,100.0,75.0,20.0,0.0,0.0,0.0,0.0,0.0,0.0,-,1.0
Prelate's Charge,Prelate's Charge - Initial Attack,Any,100.0,100.0,100.0,100.0,100.0,100.0,100.0,30.0,0.0,0.0,35.0,0.0,0.0,1.0,-,0.0
Prelate's Charge,Prelate's Charge - Bullet (Explosion),Any,0.0,0.0,0.0,0.0,0.0,0.0,0.0,0.0,0.0,0.0,55.0,0.0,0.0,1.0,Faith,0.0
Prelate's Charge,Prelate's Charge - Charge Tick [1],Any,5.0,5.0,5.0,5.0,5.0,5.0,5.0,4.0,0.0,0.0,0.0,0.0,0.0,0.0,-,0.0
Prelate's Charge,Prelate's Charge - Charge Tick [2],Any,5.0,5.0,5.0,5.0,5.0,5.0,5.0,4.0,0.0,0.0,0.0,0.0,0.0,0.0,-,0.0
Prelate's Charge,Prelate's Charge - Bullet (Fire Tick 1),Any,0.0,0.0,0.0,0.0,0.0,0.0,0.0,0.0,0.0,0.0,50.0,0.0,0.0,1.0,Faith,0.0
Prelate's Charge,Prelate's Charge - Bullet (Fire Tick 2),Any,0.0,0.0,0.0,0.0,0.0,0.0,0.0,0.0,0.0,0.0,50.0,0.0,0.0,1.0,Faith,0.0
Prelate's Charge,Prelate's Charge - Final Attack,Any,80.0,80.0,80.0,80.0,80.0,100.0,100.0,30.0,0.0,0.0,35.0,0.0,0.0,1.0,-,0.0
Prelate's Charge,Prelate's Charge - Initial Attack (Lacking FP),Any,75.0,75.0,75.0,75.0,75.0,100.0,100.0,40.0,0.0,0.0,0.0,0.0,0.0,0.0,-,1.0
Prelate's Charge,Prelate's Charge - Charge Tick (Lacking FP),Any,5.0,5.0,5.0,5.0,5.0,5.0,5.0,8.0,0.0,0.0,0.0,0.0,0.0,0.0,-,1.0
Prelate's Charge,Prelate's Charge - Final Attack (Lacking FP),Any,50.0,50.0,50.0,50.0,50.0,50.0,50.0,40.0,0.0,0.0,0.0,0.0,0.0,0.0,-,1.0
Black Flame Tornado,Black Flame Tornado - Loop Bullet,Any,0.0,0.0,0.0,0.0,0.0,0.0,0.0,0.0,0.0,0.0,65.0,0.0,0.0,1.0,Faith,0.0
Black Flame Tornado,Black Flame Tornado - Final Hit Bullet,Any,0.0,0.0,0.0,0.0,0.0,0.0,0.0,25.0,0.0,0.0,170.0,0.0,0.0,1.0,Faith,0.0
Black Flame Tornado,Black Flame Tornado - Loop (Lacking FP),Any,50.0,50.0,50.0,50.0,50.0,50.0,50.0,5.0,0.0,0.0,0.0,0.0,0.0,0.0,-,1.0
Black Flame Tornado,Black Flame Tornado - Final Hit (Lacking FP),Any,100.0,100.0,100.0,100.0,100.0,100.0,100.0,30.0,0.0,0.0,0.0,0.0,0.0,0.0,-,1.0
Flame Skewer,Flame Skewer,Any,138.0,138.0,138.0,138.0,138.0,100.0,400.0,40.0,0.0,0.0,0.0,0.0,0.0,0.0,-,0.0
Flame Skewer R2,Flame Skewer R2 - Bullet,Any,0.0,0.0,0.0,0.0,0.0,0.0,0.0,20.0,0.0,0.0,128.0,0.0,0.0,1.0,Faith,0.0
Flame Skewer,Flame Skewer (Lacking FP),Any,105.0,105.0,105.0,105.0,105.0,100.0,100.0,40.0,0.0,0.0,0.0,0.0,0.0,0.0,-,1.0
Flame Skewer R2,Flame Skewer R2 (Lacking FP),Any,0.0,0.0,0.0,0.0,0.0,0.0,0.0,20.0,25.0,0.0,0.0,0.0,0.0,1.0,-,1.0
Flame Skewer,[Straight Sword] Flame Skewer,Any,151.0,151.0,151.0,151.0,151.0,100.0,400.0,40.0,0.0,0.0,0.0,0.0,0.0,0.0,-,0.0
Flame Skewer R2,[Straight Sword] Flame Skewer R2 - Bullet,Any,0.0,0.0,0.0,0.0,0.0,0.0,0.0,20.0,0.0,0.0,128.0,0.0,0.0,1.0,Faith,0.0
Flame Skewer,[Straight Sword] Flame Skewer (Lacking FP),Any,105.0,105.0,105.0,105.0,105.0,100.0,100.0,40.0,0.0,0.0,0.0,0.0,0.0,0.0,-,1.0
Flame Skewer R2,[Straight Sword] Flame Skewer R2 (Lacking FP),Any,0.0,0.0,0.0,0.0,0.0,0.0,0.0,20.0,25.0,0.0,0.0,0.0,0.0,1.0,-,1.0
Flame Skewer,[Light Greatsword] Flame Skewer,Any,151.0,151.0,151.0,151.0,151.0,100.0,400.0,40.0,0.0,0.0,0.0,0.0,0.0,0.0,-,0.0
Flame Skewer R2,[Light Greatsword] Flame Skewer R2 - Bullet,Any,0.0,0.0,0.0,0.0,0.0,0.0,0.0,20.0,0.0,0.0,128.0,0.0,0.0,1.0,Faith,0.0
Flame Skewer,[Light Greatsword] Flame Skewer (Lacking FP),Any,105.0,105.0,105.0,105.0,105.0,100.0,100.0,40.0,0.0,0.0,0.0,0.0,0.0,0.0,-,1.0
Flame Skewer R2,[Light Greatsword] Flame Skewer R2 (Lacking FP),Any,0.0,0.0,0.0,0.0,0.0,0.0,0.0,20.0,25.0,0.0,0.0,0.0,0.0,1.0,-,1.0
Flame Skewer,[Thrusting Sword] Flame Skewer,Any,151.0,151.0,151.0,151.0,151.0,100.0,400.0,40.0,0.0,0.0,0.0,0.0,0.0,0.0,-,0.0
Flame Skewer R2,[Thrusting Sword] Flame Skewer R2 - Bullet,Any,0.0,0.0,0.0,0.0,0.0,0.0,0.0,20.0,0.0,0.0,128.0,0.0,0.0,1.0,Faith,0.0
Flame Skewer,[Thrusting Sword] Flame Skewer (Lacking FP),Any,105.0,105.0,105.0,105.0,105.0,100.0,100.0,40.0,0.0,0.0,0.0,0.0,0.0,0.0,-,1.0
Flame Skewer R2,[Thrusting Sword] Flame Skewer R2 (Lacking FP),Any,0.0,0.0,0.0,0.0,0.0,0.0,0.0,20.0,25.0,0.0,0.0,0.0,0.0,1.0,-,1.0
Flame Skewer,[Heavy Thrusting Sword] Flame Skewer,Any,148.0,148.0,148.0,148.0,148.0,100.0,400.0,40.0,0.0,0.0,0.0,0.0,0.0,0.0,-,0.0
Flame Skewer R2,[Heavy Thrusting Sword] Flame Skewer R2 - Bullet,Any,0.0,0.0,0.0,0.0,0.0,0.0,0.0,20.0,0.0,0.0,128.0,0.0,0.0,1.0,Faith,0.0
Flame Skewer,[Heavy Thrusting Sword] Flame Skewer (Lacking FP),Any,105.0,105.0,105.0,105.0,105.0,100.0,100.0,40.0,0.0,0.0,0.0,0.0,0.0,0.0,-,1.0
Flame Skewer R2,[Heavy Thrusting Sword] Flame Skewer R2 (Lacking FP),Any,0.0,0.0,0.0,0.0,0.0,0.0,0.0,20.0,25.0,0.0,0.0,0.0,0.0,1.0,-,1.0
Flame Skewer,[Katana] Flame Skewer,Any,151.0,151.0,151.0,151.0,151.0,100.0,400.0,40.0,0.0,0.0,0.0,0.0,0.0,0.0,-,0.0
Flame Skewer R2,[Katana] Flame Skewer R2 - Bullet,Any,0.0,0.0,0.0,0.0,0.0,0.0,0.0,20.0,0.0,0.0,128.0,0.0,0.0,1.0,Faith,0.0
Flame Skewer,[Katana] Flame Skewer (Lacking FP),Any,105.0,105.0,105.0,105.0,105.0,100.0,100.0,40.0,0.0,0.0,0.0,0.0,0.0,0.0,-,1.0
Flame Skewer R2,[Katana] Flame Skewer R2 (Lacking FP),Any,0.0,0.0,0.0,0.0,0.0,0.0,0.0,20.0,25.0,0.0,0.0,0.0,0.0,1.0,-,1.0
Flame Skewer,[Twinblade] Flame Skewer,Any,151.0,151.0,151.0,151.0,151.0,100.0,400.0,40.0,0.0,0.0,0.0,0.0,0.0,0.0,-,0.0
Flame Skewer R2,[Twinblade] Flame Skewer R2 - Bullet,Any,0.0,0.0,0.0,0.0,0.0,0.0,0.0,20.0,0.0,0.0,128.0,0.0,0.0,1.0,Faith,0.0
Flame Skewer,[Twinblade] Flame Skewer (Lacking FP),Any,105.0,105.0,105.0,105.0,105.0,100.0,100.0,40.0,0.0,0.0,0.0,0.0,0.0,0.0,-,1.0
Flame Skewer R2,[Twinblade] Flame Skewer R2 (Lacking FP),Any,0.0,0.0,0.0,0.0,0.0,0.0,0.0,20.0,25.0,0.0,0.0,0.0,0.0,1.0,-,1.0
Flame Skewer,[Spear] Flame Skewer,Any,151.0,151.0,151.0,151.0,151.0,100.0,400.0,40.0,0.0,0.0,0.0,0.0,0.0,0.0,-,0.0
Flame Skewer R2,[Spear] Flame Skewer R2 - Bullet,Any,0.0,0.0,0.0,0.0,0.0,0.0,0.0,20.0,0.0,0.0,128.0,0.0,0.0,1.0,Faith,0.0
Flame Skewer,[Spear] Flame Skewer (Lacking FP),Any,105.0,105.0,105.0,105.0,105.0,100.0,100.0,40.0,0.0,0.0,0.0,0.0,0.0,0.0,-,1.0
Flame Skewer R2,[Spear] Flame Skewer R2 (Lacking FP),Any,0.0,0.0,0.0,0.0,0.0,0.0,0.0,20.0,25.0,0.0,0.0,0.0,0.0,1.0,-,1.0
Flame Skewer,[Thrusting Shield] Flame Skewer,Any,138.0,138.0,138.0,138.0,138.0,100.0,400.0,40.0,0.0,0.0,0.0,0.0,0.0,0.0,-,0.0
Flame Skewer R2,[Thrusting Shield] Flame Skewer R2 - Bullet,Any,0.0,0.0,0.0,0.0,0.0,0.0,0.0,20.0,0.0,0.0,128.0,0.0,0.0,1.0,Faith,0.0
Flame Skewer,[Thrusting Shield] Flame Skewer (Lacking FP),Any,105.0,105.0,105.0,105.0,105.0,100.0,100.0,40.0,0.0,0.0,0.0,0.0,0.0,0.0,-,1.0
Flame Skewer R2,[Thrusting Shield] Flame Skewer R2 (Lacking FP),Any,0.0,0.0,0.0,0.0,0.0,0.0,0.0,20.0,25.0,0.0,0.0,0.0,0.0,1.0,-,1.0
Flame Spear,Flame Spear,Any,80.0,80.0,80.0,80.0,80.0,100.0,225.0,30.0,0.0,0.0,0.0,0.0,0.0,0.0,-,0.0
Flame Spear,Flame Spear - Bullet,Any,0.0,0.0,0.0,0.0,0.0,0.0,0.0,0.0,0.0,0.0,106.0,0.0,0.0,1.0,Faith,0.0
Flame Spear Charged,Flame Spear Charged,Any,120.0,120.0,120.0,120.0,120.0,100.0,540.0,46.0,0.0,0.0,0.0,0.0,0.0,0.0,-,0.0
Flame Spear Charged,Flame Spear Charged - Bullet,Any,0.0,0.0,0.0,0.0,0.0,0.0,0.0,0.0,0.0,0.0,134.0,0.0,0.0,1.0,Faith,0.0
Flame Spear,Flame Spear (Lacking FP),Any,80.0,80.0,80.0,80.0,80.0,100.0,100.0,30.0,0.0,0.0,0.0,0.0,0.0,0.0,-,1.0
Flame Spear Charged,Flame Spear Charged (Lacking FP),Any,110.0,110.0,110.0,110.0,110.0,100.0,100.0,46.0,0.0,0.0,0.0,0.0,0.0,0.0,-,1.0
Thunderbolt,Thunderbolt - Bullet,Any,0.0,0.0,0.0,0.0,0.0,0.0,0.0,10.0,0.0,0.0,0.0,120.0,0.0,1.0,Dexterity,0.0
Thunderbolt,Thunderbolt - Bullet (Water AoE),Any,0.0,0.0,0.0,0.0,0.0,0.0,0.0,0.0,0.0,0.0,0.0,60.0,0.0,1.0,Dexterity,0.0
Thunderbolt,Thunderbolt (Lacking FP),Any,70.0,70.0,70.0,70.0,70.0,50.0,70.0,10.0,0.0,0.0,0.0,0.0,0.0,0.0,-,1.0
Lightning Slash,Lightning Slash - Stomp Lightning,Any,0.0,0.0,0.0,0.0,0.0,0.0,0.0,10.0,0.0,0.0,0.0,30.0,0.0,1.0,-,0.0
Lightning Slash,Lightning Slash,Any,170.0,170.0,170.0,170.0,170.0,100.0,300.0,15.0,0.0,0.0,0.0,0.0,0.0,0.0,-,0.0
Lightning Slash,Lightning Slash - Bullet,Any,0.0,0.0,0.0,0.0,0.0,0.0,0.0,0.0,0.0,0.0,0.0,120.0,0.0,1.0,Dexterity,0.0
Lightning Slash,Lightning Slash - Bullet (Water AoE),Any,0.0,0.0,0.0,0.0,0.0,0.0,0.0,0.0,0.0,0.0,0.0,60.0,0.0,1.0,Dexterity,0.0
Lightning Slash,Lightning Slash (Lacking FP),Any,110.0,110.0,110.0,110.0,110.0,100.0,110.0,25.0,0.0,0.0,0.0,0.0,0.0,0.0,-,1.0
Blinkbolt,Blinkbolt,Any,0.0,0.0,0.0,0.0,0.0,0.0,0.0,26.0,0.0,0.0,0.0,50.0,0.0,1.0,Dexterity,0.0
Blinkbolt,Blinkbolt (Lacking FP),Any,0.0,0.0,0.0,0.0,0.0,0.0,0.0,26.0,40.0,0.0,0.0,0.0,0.0,1.0,Dexterity,1.0
Lightning Ram,Lightning Ram [1],Any,0.0,0.0,0.0,0.0,0.0,0.0,0.0,18.0,40.0,0.0,0.0,95.0,0.0,1.0,Dexterity,0.0
Lightning Ram,Lightning Ram [2],Any,0.0,0.0,0.0,0.0,0.0,0.0,0.0,18.0,40.0,0.0,0.0,95.0,0.0,1.0,Dexterity,0.0
Lightning Ram,Lightning Ram [1] (Lacking FP),Any,0.0,0.0,0.0,0.0,0.0,0.0,0.0,25.0,65.0,0.0,0.0,0.0,0.0,1.0,Dexterity,1.0
Lightning Ram,Lightning Ram [2] (Lacking FP),Any,0.0,0.0,0.0,0.0,0.0,0.0,0.0,25.0,65.0,0.0,0.0,0.0,0.0,1.0,Dexterity,1.0
Sacred Blade,Sacred Blade,Any,65.0,65.0,65.0,65.0,65.0,100.0,100.0,0.0,0.0,0.0,0.0,0.0,0.0,0.0,-,0.0
Sacred Blade,Sacred Blade - Bullet,Any,0.0,0.0,0.0,0.0,0.0,0.0,0.0,30.0,0.0,0.0,0.0,0.0,180.0,1.0,Faith,0.0
Sacred Blade,Sacred Blade (Lacking FP),Any,100.0,100.0,100.0,100.0,100.0,100.0,100.0,30.0,0.0,0.0,0.0,0.0,0.0,0.0,-,1.0
Prayerful Strike,Prayerful Strike,Any,235.0,235.0,235.0,235.0,235.0,100.0,600.0,42.0,0.0,0.0,0.0,0.0,0.0,0.0,-,0.0
Prayerful Strike,Prayerful Strike (Lacking FP),Any,120.0,120.0,120.0,120.0,120.0,100.0,200.0,37.0,0.0,0.0,0.0,0.0,0.0,0.0,-,1.0
Sacred Ring of Light,Sacred Ring of Light #1,Any,65.0,65.0,65.0,65.0,65.0,100.0,100.0,0.0,0.0,0.0,0.0,0.0,0.0,0.0,-,0.0
Sacred Ring of Light,Sacred Ring of Light #1 - Bullet,Any,0.0,0.0,0.0,0.0,0.0,0.0,0.0,10.0,0.0,0.0,0.0,0.0,125.0,1.0,Faith,0.0
Sacred Ring of Light,Sacred Ring of Light #1 - Bullet (Far),Any,0.0,0.0,0.0,0.0,0.0,0.0,0.0,0.0,0.0,0.0,0.0,0.0,125.0,1.0,Faith,0.0
Sacred Ring of Light,Sacred Ring of Light #2,Any,65.0,65.0,65.0,65.0,65.0,100.0,100.0,0.0,0.0,0.0,0.0,0.0,0.0,0.0,-,0.0
Sacred Ring of Light,Sacred Ring of Light #2 - Bullet,Any,0.0,0.0,0.0,0.0,0.0,0.0,0.0,10.0,0.0,0.0,0.0,0.0,125.0,1.0,Faith,0.0
Sacred Ring of Light,Sacred Ring of Light #2 - Bullet (Far),Any,0.0,0.0,0.0,0.0,0.0,0.0,0.0,0.0,0.0,0.0,0.0,0.0,125.0,1.0,Faith,0.0
Sacred Ring of Light,Sacred Ring of Light #3,Any,65.0,65.0,65.0,65.0,65.0,100.0,100.0,0.0,0.0,0.0,0.0,0.0,0.0,0.0,-,0.0
Sacred Ring of Light,Sacred Ring of Light #3 - Bullet,Any,0.0,0.0,0.0,0.0,0.0,0.0,0.0,10.0,0.0,0.0,0.0,0.0,125.0,1.0,Faith,0.0
Sacred Ring of Light,Sacred Ring of Light #3 - Bullet (Far),Any,0.0,0.0,0.0,0.0,0.0,0.0,0.0,0.0,0.0,0.0,0.0,0.0,125.0,1.0,Faith,0.0
Sacred Ring of Light,Sacred Ring of Light #1 (Lacking FP),Any,80.0,80.0,80.0,80.0,80.0,100.0,80.0,10.0,0.0,0.0,0.0,0.0,0.0,0.0,-,1.0
Sacred Ring of Light,Sacred Ring of Light #2 (Lacking FP),Any,80.0,80.0,80.0,80.0,80.0,100.0,80.0,10.0,0.0,0.0,0.0,0.0,0.0,0.0,-,1.0
Sacred Ring of Light,Sacred Ring of Light #3 (Lacking FP),Any,80.0,80.0,80.0,80.0,80.0,100.0,80.0,10.0,0.0,0.0,0.0,0.0,0.0,0.0,-,1.0
Golden Land,Golden Land [1],Any,100.0,100.0,100.0,100.0,100.0,100.0,100.0,35.0,0.0,0.0,0.0,0.0,0.0,0.0,-,0.0
Golden Land,Golden Land [2],Any,60.0,60.0,60.0,60.0,60.0,50.0,60.0,10.0,0.0,0.0,0.0,0.0,0.0,0.0,-,0.0
Golden Land,Golden Land - Bullet (Explosion),Any,0.0,0.0,0.0,0.0,0.0,0.0,0.0,0.0,0.0,0.0,0.0,0.0,176.0,1.0,Faith,0.0
Golden Land,Golden Land - Bullet,Any,0.0,0.0,0.0,0.0,0.0,0.0,0.0,0.0,0.0,0.0,0.0,0.0,82.0,1.0,Faith,0.0
Golden Land R2,Golden Land R2,Any,140.0,140.0,140.0,140.0,140.0,100.0,100.0,35.0,0.0,0.0,0.0,0.0,0.0,0.0,-,0.0
Golden Land,Golden Land [1] (Lacking FP),Any,80.0,80.0,80.0,80.0,80.0,100.0,80.0,45.0,0.0,0.0,0.0,0.0,0.0,0.0,-,1.0
Golden Land,Golden Land [2] (Lacking FP),Any,40.0,40.0,40.0,40.0,40.0,50.0,40.0,15.0,0.0,0.0,0.0,0.0,0.0,0.0,-,1.0
Golden Land R2,Golden Land R2 (Lacking FP),Any,100.0,100.0,100.0,100.0,100.0,100.0,100.0,45.0,0.0,0.0,0.0,0.0,0.0,0.0,-,1.0
Golden Slam,Golden Slam - Tush,Any,0.0,0.0,0.0,0.0,0.0,0.0,0.0,60.0,308.0,0.0,0.0,0.0,0.0,1.0,Faith,0.0
Golden Slam,Golden Slam - ?,Any,0.0,0.0,0.0,0.0,0.0,0.0,0.0,0.0,132.0,0.0,0.0,0.0,0.0,1.0,Faith,0.0
Golden Slam,Golden Slam - Shockwave,Any,0.0,0.0,0.0,0.0,0.0,0.0,0.0,0.0,0.0,0.0,0.0,0.0,220.0,1.0,Faith,0.0
Golden Slam,Golden Slam - Tush (Lacking FP),Any,0.0,0.0,0.0,0.0,0.0,0.0,0.0,80.0,120.0,0.0,0.0,0.0,0.0,1.0,Faith,1.0
Golden Slam,Golden Slam - Shockwave (Lacking FP),Any,0.0,0.0,0.0,0.0,0.0,0.0,0.0,0.0,0.0,0.0,0.0,0.0,0.0,1.0,Faith,1.0
Aspects of the Crucible: Wings,[Colossal Sword] Aspects of the Crucible: Wings,Any,231.0,231.0,231.0,231.0,231.0,100.0,400.0,50.0,0.0,0.0,0.0,0.0,0.0,0.0,-,0.0
Aspects of the Crucible: Wings,[Dagger] Aspects of the Crucible: Wings,Any,283.0,283.0,283.0,283.0,283.0,100.0,400.0,50.0,0.0,0.0,0.0,0.0,0.0,0.0,-,0.0
Aspects of the Crucible: Wings,[Throwing Blade] Aspects of the Crucible: Wings,Any,283.0,283.0,283.0,283.0,283.0,100.0,400.0,50.0,0.0,0.0,0.0,0.0,0.0,0.0,-,0.0
Aspects of the Crucible: Wings,[Straight Sword] Aspects of the Crucible: Wings,Any,258.0,258.0,258.0,258.0,258.0,100.0,400.0,50.0,0.0,0.0,0.0,0.0,0.0,0.0,-,0.0
Aspects of the Crucible: Wings,[Light Greatsword] Aspects of the Crucible: Wings,Any,258.0,258.0,258.0,258.0,258.0,100.0,400.0,50.0,0.0,0.0,0.0,0.0,0.0,0.0,-,0.0
Aspects of the Crucible: Wings,[Thrusting Sword] Aspects of the Crucible: Wings,Any,258.0,258.0,258.0,258.0,258.0,100.0,400.0,50.0,0.0,0.0,0.0,0.0,0.0,0.0,-,0.0
Aspects of the Crucible: Wings,[Curved Sword] Aspects of the Crucible: Wings,Any,258.0,258.0,258.0,258.0,258.0,100.0,400.0,50.0,0.0,0.0,0.0,0.0,0.0,0.0,-,0.0
Aspects of the Crucible: Wings,[Katana] Aspects of the Crucible: Wings,Any,258.0,258.0,258.0,258.0,258.0,100.0,400.0,50.0,0.0,0.0,0.0,0.0,0.0,0.0,-,0.0
Aspects of the Crucible: Wings,[Spear] Aspects of the Crucible: Wings,Any,258.0,258.0,258.0,258.0,258.0,100.0,400.0,50.0,0.0,0.0,0.0,0.0,0.0,0.0,-,0.0
Aspects of the Crucible: Wings,[Greatsword] Aspects of the Crucible: Wings,Any,247.0,247.0,247.0,247.0,247.0,100.0,400.0,50.0,0.0,0.0,0.0,0.0,0.0,0.0,-,0.0
Aspects of the Crucible: Wings,[Heavy Thrusting Sword] Aspects of the Crucible: Wings,Any,247.0,247.0,247.0,247.0,247.0,100.0,400.0,50.0,0.0,0.0,0.0,0.0,0.0,0.0,-,0.0
Aspects of the Crucible: Wings,[Curved Greatsword] Aspects of the Crucible: Wings,Any,247.0,247.0,247.0,247.0,247.0,100.0,400.0,50.0,0.0,0.0,0.0,0.0,0.0,0.0,-,0.0
Aspects of the Crucible: Wings,[Great Katana] Aspects of the Crucible: Wings,Any,247.0,247.0,247.0,247.0,247.0,100.0,400.0,50.0,0.0,0.0,0.0,0.0,0.0,0.0,-,0.0
Aspects of the Crucible: Wings,[Great Spear] Aspects of the Crucible: Wings,Any,247.0,247.0,247.0,247.0,247.0,100.0,400.0,50.0,0.0,0.0,0.0,0.0,0.0,0.0,-,0.0
Aspects of the Crucible: Wings,[Halberd] Aspects of the Crucible: Wings,Any,247.0,247.0,247.0,247.0,247.0,100.0,400.0,50.0,0.0,0.0,0.0,0.0,0.0,0.0,-,0.0
Aspects of the Crucible: Wings,[Twinblade] Aspects of the Crucible: Wings [1],Any,47.0,47.0,47.0,47.0,47.0,40.0,50.0,10.0,0.0,0.0,0.0,0.0,0.0,0.0,-,0.0
Aspects of the Crucible: Wings,[Twinblade] Aspects of the Crucible: Wings [2],Any,47.0,47.0,47.0,47.0,47.0,40.0,50.0,10.0,0.0,0.0,0.0,0.0,0.0,0.0,-,0.0
Aspects of the Crucible: Wings,[Twinblade] Aspects of the Crucible: Wings [3],Any,63.0,63.0,63.0,63.0,63.0,40.0,50.0,10.0,0.0,0.0,0.0,0.0,0.0,0.0,-,0.0
Aspects of the Crucible: Wings,[Twinblade] Aspects of the Crucible: Wings [4],Any,63.0,63.0,63.0,63.0,63.0,40.0,50.0,10.0,0.0,0.0,0.0,0.0,0.0,0.0,-,0.0
Aspects of the Crucible: Wings,[Twinblade] Aspects of the Crucible: Wings [5],Any,68.0,68.0,68.0,68.0,68.0,40.0,50.0,10.0,0.0,0.0,0.0,0.0,0.0,0.0,-,0.0
Aspects of the Crucible: Wings,[Twinblade] Aspects of the Crucible: Wings [6],Any,68.0,68.0,68.0,68.0,68.0,40.0,50.0,10.0,0.0,0.0,0.0,0.0,0.0,0.0,-,0.0
Aspects of the Crucible: Wings,[Twinblade] Aspects of the Crucible: Wings [7],Any,52.0,52.0,52.0,52.0,52.0,40.0,50.0,10.0,0.0,0.0,0.0,0.0,0.0,0.0,-,0.0
Aspects of the Crucible: Wings,[Twinblade] Aspects of the Crucible: Wings [8],Any,52.0,52.0,52.0,52.0,52.0,40.0,50.0,10.0,0.0,0.0,0.0,0.0,0.0,0.0,-,0.0
Poisonous Mist,Poisonous Mist,Any,170.0,170.0,170.0,170.0,170.0,100.0,200.0,0.0,0.0,0.0,0.0,0.0,0.0,0.0,-,0.0
Poisonous Mist,Poisonous Mist - Bullet,Any,0.0,0.0,0.0,0.0,0.0,0.0,0.0,30.0,0.0,0.0,0.0,0.0,0.0,1.0,-,0.0
Poisonous Mist,Poisonous Mist (Lacking FP),Any,100.0,100.0,100.0,100.0,100.0,100.0,100.0,30.0,0.0,0.0,0.0,0.0,0.0,0.0,-,1.0
Poison Moth Flight,Poison Moth Flight,Any,125.0,125.0,125.0,125.0,125.0,0.0,125.0,25.0,0.0,0.0,0.0,0.0,0.0,0.0,-,0.0
Poison Moth Flight,Poison Moth Flight (Lacking FP),Any,100.0,100.0,100.0,100.0,100.0,100.0,100.0,25.0,0.0,0.0,0.0,0.0,0.0,0.0,-,1.0
The Poison Flower Blooms Twice,The Poison Flower Blooms Twice,Any,0.0,0.0,0.0,0.0,0.0,0.0,0.0,40.0,150.0,0.0,0.0,0.0,0.0,1.0,Arcane,0.0
The Poison Flower Blooms Twice,The Poison Flower Blooms Twice - Bullet,Any,0.0,0.0,0.0,0.0,0.0,0.0,0.0,0.0,70.0,0.0,0.0,0.0,0.0,1.0,Arcane,0.0
The Poison Flower Blooms Twice,The Poison Flower Blooms Twice (Lacking FP),Any,0.0,0.0,0.0,0.0,0.0,0.0,0.0,40.0,55.0,0.0,0.0,0.0,0.0,1.0,Arcane,1.0
Blood Blade,Blood Blade #1,Any,55.0,55.0,55.0,55.0,55.0,100.0,55.0,0.0,0.0,0.0,0.0,0.0,0.0,0.0,-,0.0
Blood Blade,Blood Blade #1 - Bullet,Any,0.0,0.0,0.0,0.0,0.0,0.0,100.0,10.0,115.0,0.0,0.0,0.0,0.0,1.0,Arcane,0.0
Blood Blade,Blood Blade #2,Any,55.0,55.0,55.0,55.0,55.0,100.0,55.0,0.0,0.0,0.0,0.0,0.0,0.0,0.0,-,0.0
Blood Blade,Blood Blade #2 - Bullet,Any,0.0,0.0,0.0,0.0,0.0,0.0,100.0,10.0,115.0,0.0,0.0,0.0,0.0,1.0,Arcane,0.0
Blood Blade,Blood Blade #3,Any,55.0,55.0,55.0,55.0,55.0,100.0,55.0,0.0,0.0,0.0,0.0,0.0,0.0,0.0,-,0.0
Blood Blade,Blood Blade #3 - Bullet,Any,0.0,0.0,0.0,0.0,0.0,0.0,100.0,10.0,115.0,0.0,0.0,0.0,0.0,1.0,Arcane,0.0
Blood Blade,Blood Blade #1 (Lacking FP),Any,100.0,100.0,100.0,100.0,100.0,100.0,100.0,10.0,0.0,0.0,0.0,0.0,0.0,0.0,-,1.0
Blood Blade,Blood Blade #2 (Lacking FP),Any,100.0,100.0,100.0,100.0,100.0,100.0,100.0,10.0,0.0,0.0,0.0,0.0,0.0,0.0,-,1.0
Blood Blade,Blood Blade #3 (Lacking FP),Any,100.0,100.0,100.0,100.0,100.0,100.0,100.0,10.0,0.0,0.0,0.0,0.0,0.0,0.0,-,1.0
Bloody Slash,Bloody Slash,Any,0.0,0.0,0.0,0.0,0.0,0.0,200.0,20.0,322.0,0.0,0.0,0.0,0.0,1.0,Arcane,0.0
Bloody Slash,Bloody Slash (Lacking FP),Any,130.0,130.0,130.0,130.0,130.0,100.0,100.0,20.0,0.0,0.0,0.0,0.0,0.0,0.0,-,1.0
Bloody Slash,[Greatsword] Bloody Slash,Any,0.0,0.0,0.0,0.0,0.0,0.0,200.0,30.0,345.0,0.0,0.0,0.0,0.0,1.0,Arcane,0.0
Bloody Slash,[Greatsword] Bloody Slash (Lacking FP),Any,130.0,130.0,130.0,130.0,130.0,100.0,100.0,30.0,0.0,0.0,0.0,0.0,0.0,0.0,-,1.0
Bloody Slash,[Curved Greatsword] Bloody Slash,Any,0.0,0.0,0.0,0.0,0.0,0.0,200.0,30.0,345.0,0.0,0.0,0.0,0.0,1.0,Arcane,0.0
Bloody Slash,[Curved Greatsword] Bloody Slash (Lacking FP),Any,130.0,130.0,130.0,130.0,130.0,100.0,100.0,30.0,0.0,0.0,0.0,0.0,0.0,0.0,-,1.0
Bloody Slash,[Great Katana] Bloody Slash,Any,0.0,0.0,0.0,0.0,0.0,0.0,200.0,30.0,345.0,0.0,0.0,0.0,0.0,1.0,Arcane,0.0
Bloody Slash,[Great Katana] Bloody Slash (Lacking FP),Any,130.0,130.0,130.0,130.0,130.0,100.0,100.0,30.0,0.0,0.0,0.0,0.0,0.0,0.0,-,1.0
Blood Tax,Blood Tax [1],Any,88.0,88.0,88.0,88.0,88.0,100.0,100.0,10.0,0.0,0.0,0.0,0.0,0.0,0.0,-,0.0
Blood Tax,Blood Tax [2],Any,44.0,44.0,44.0,44.0,44.0,50.0,40.0,10.0,0.0,0.0,0.0,0.0,0.0,0.0,-,0.0
Blood Tax,Blood Tax [3],Any,44.0,44.0,44.0,44.0,44.0,50.0,40.0,10.0,0.0,0.0,0.0,0.0,0.0,0.0,-,0.0
Blood Tax,Blood Tax [4],Any,110.0,110.0,110.0,110.0,110.0,100.0,100.0,15.0,0.0,0.0,0.0,0.0,0.0,0.0,-,0.0
Blood Tax,Blood Tax [1] (Lacking FP),Any,64.0,64.0,64.0,64.0,64.0,100.0,80.0,14.0,0.0,0.0,0.0,0.0,0.0,0.0,-,1.0
Blood Tax,Blood Tax [2] (Lacking FP),Any,32.0,32.0,32.0,32.0,32.0,50.0,32.0,14.0,0.0,0.0,0.0,0.0,0.0,0.0,-,1.0
Blood Tax,Blood Tax [3] (Lacking FP),Any,32.0,32.0,32.0,32.0,32.0,50.0,32.0,14.0,0.0,0.0,0.0,0.0,0.0,0.0,-,1.0
Blood Tax,Blood Tax [4] (Lacking FP),Any,80.0,80.0,80.0,80.0,80.0,100.0,80.0,20.0,0.0,0.0,0.0,0.0,0.0,0.0,-,1.0
Blood Tax,[Dagger] Blood Tax [1],Any,77.0,77.0,77.0,77.0,77.0,100.0,80.0,7.0,0.0,0.0,0.0,0.0,0.0,0.0,-,0.0
Blood Tax,[Dagger] Blood Tax [2],Any,44.0,44.0,44.0,44.0,44.0,50.0,40.0,7.0,0.0,0.0,0.0,0.0,0.0,0.0,-,0.0
Blood Tax,[Dagger] Blood Tax [3],Any,44.0,44.0,44.0,44.0,44.0,50.0,40.0,7.0,0.0,0.0,0.0,0.0,0.0,0.0,-,0.0
Blood Tax,[Dagger] Blood Tax [4],Any,77.0,77.0,77.0,77.0,77.0,100.0,80.0,12.0,0.0,0.0,0.0,0.0,0.0,0.0,-,0.0
Blood Tax,[Dagger] Blood Tax [1] (Lacking FP),Any,56.0,56.0,56.0,56.0,56.0,100.0,64.0,10.0,0.0,0.0,0.0,0.0,0.0,0.0,-,1.0
Blood Tax,[Dagger] Blood Tax [2] (Lacking FP),Any,32.0,32.0,32.0,32.0,32.0,50.0,32.0,10.0,0.0,0.0,0.0,0.0,0.0,0.0,-,1.0
Blood Tax,[Dagger] Blood Tax [3] (Lacking FP),Any,32.0,32.0,32.0,32.0,32.0,50.0,32.0,10.0,0.0,0.0,0.0,0.0,0.0,0.0,-,1.0
Blood Tax,[Dagger] Blood Tax [4] (Lacking FP),Any,56.0,56.0,56.0,56.0,56.0,100.0,64.0,18.0,0.0,0.0,0.0,0.0,0.0,0.0,-,1.0
Ice Spear,Ice Spear - Startup Spin,Any,80.0,80.0,80.0,80.0,80.0,100.0,200.0,5.0,0.0,0.0,0.0,0.0,0.0,0.0,-,0.0
Ice Spear,Ice Spear - Bullet,Any,0.0,0.0,0.0,0.0,0.0,0.0,0.0,10.0,0.0,230.0,0.0,0.0,0.0,1.0,Dex/Int,0.0
Ice Spear,Ice Spear - Startup Spin (Lacking FP),Any,50.0,50.0,50.0,50.0,50.0,100.0,200.0,5.0,0.0,0.0,0.0,0.0,0.0,0.0,-,1.0
Ice Spear,Ice Spear (Lacking FP),Any,120.0,120.0,120.0,120.0,120.0,200.0,100.0,10.0,0.0,0.0,0.0,0.0,0.0,0.0,-,1.0
Chilling Mist,Chilling Mist,Any,170.0,170.0,170.0,170.0,170.0,100.0,200.0,0.0,0.0,0.0,0.0,0.0,0.0,0.0,-,0.0
Chilling Mist,Chilling Mist - Bullet,Any,0.0,0.0,0.0,0.0,0.0,0.0,0.0,30.0,0.0,0.0,0.0,0.0,0.0,1.0,Dex/Int,0.0
Chilling Mist,Chilling Mist (Lacking FP),Any,100.0,100.0,100.0,100.0,100.0,100.0,100.0,30.0,0.0,0.0,0.0,0.0,0.0,0.0,-,1.0
Ghostflame Call,Ghostflame Call,Any,50.0,50.0,50.0,50.0,50.0,50.0,100.0,15.0,0.0,0.0,0.0,0.0,0.0,0.0,-,0.0
Ghostflame Call,Ghostflame Call - Bullet (Ticks),Any,0.0,0.0,0.0,0.0,0.0,0.0,0.0,0.0,0.0,30.0,0.0,0.0,0.0,1.0,Dex/Int,0.0
Ghostflame Call,Ghostflame Call - Bullet (Explosion),Any,0.0,0.0,0.0,0.0,0.0,0.0,0.0,0.0,0.0,50.0,0.0,0.0,0.0,1.0,Dex/Int,0.0
Ghostflame Call R1,Ghostflame Call R1,Any,75.0,75.0,75.0,75.0,75.0,50.0,100.0,10.0,0.0,0.0,0.0,0.0,0.0,0.0,-,0.0
Ghostflame Call R1,Ghostflame Call R1 - Bullet,Any,0.0,0.0,0.0,0.0,0.0,0.0,0.0,0.0,0.0,50.0,0.0,0.0,0.0,1.0,Dex/Int,0.0
Ghostflame Call R1,Ghostflame Call R1 - Bullet (Ground Flame),Any,0.0,0.0,0.0,0.0,0.0,0.0,0.0,0.0,0.0,20.0,0.0,0.0,0.0,1.0,Dex/Int,0.0
Ghostflame Call R2,Ghostflame Call R2,Any,80.0,80.0,80.0,80.0,80.0,50.0,100.0,10.0,0.0,0.0,0.0,0.0,0.0,0.0,-,0.0
Ghostflame Call R2,Ghostflame Call R2 - Bullet,Any,0.0,0.0,0.0,0.0,0.0,0.0,0.0,0.0,0.0,80.0,0.0,0.0,0.0,1.0,Dex/Int,0.0
Ghostflame Call,Ghostflame Call (Lacking FP),Any,75.0,75.0,75.0,75.0,75.0,100.0,75.0,15.0,0.0,0.0,0.0,0.0,0.0,0.0,-,1.0
Ghostflame Call R1,Ghostflame Call R1 (Lacking FP),Any,85.0,85.0,85.0,85.0,85.0,100.0,85.0,10.0,0.0,0.0,0.0,0.0,0.0,0.0,-,1.0
Ghostflame Call R2,Ghostflame Call R2 (Lacking FP),Any,85.0,85.0,85.0,85.0,85.0,100.0,85.0,10.0,0.0,0.0,0.0,0.0,0.0,0.0,-,1.0
Hoarfrost Stomp,Hoarfrost Stomp - Bullet (Ice Spikes),Any,0.0,0.0,0.0,0.0,0.0,0.0,0.0,30.0,0.0,40.0,0.0,0.0,0.0,1.0,Dex/Int,0.0
Hoarfrost Stomp,Hoarfrost Stomp - Bullet (Shatter),Any,0.0,0.0,0.0,0.0,0.0,0.0,0.0,0.0,0.0,100.0,0.0,0.0,0.0,1.0,Dex/Int,0.0
Hoarfrost Stomp,Hoarfrost Stomp (Lacking FP),Any,0.0,0.0,0.0,0.0,0.0,100.0,100.0,30.0,10.0,0.0,0.0,0.0,0.0,1.0,Str/Dex,1.0
Divine Beast Frost Stomp,Divine Beast Frost Stomp - Bullet (Ice Spikes),Any,0.0,0.0,0.0,0.0,0.0,0.0,0.0,30.0,0.0,130.0,0.0,0.0,0.0,1.0,Dex/Int,0.0
Divine Beast Frost Stomp,Divine Beast Frost Stomp - Bullet (Shatter),Any,0.0,0.0,0.0,0.0,0.0,0.0,0.0,0.0,0.0,30.0,0.0,0.0,0.0,1.0,Dex/Int,0.0
Divine Beast Frost Stomp Charged,Divine Beast Frost Stomp Charged - Bullet (Ice Spikes),Any,0.0,0.0,0.0,0.0,0.0,0.0,0.0,30.0,0.0,180.0,0.0,0.0,0.0,1.0,Dex/Int,0.0
Divine Beast Frost Stomp Charged,Divine Beast Frost Stomp Charged - Bullet (Shatter),Any,0.0,0.0,0.0,0.0,0.0,0.0,0.0,0.0,0.0,45.0,0.0,0.0,0.0,1.0,Dex/Int,0.0
Divine Beast Frost Stomp,Divine Beast Frost Stomp (Lacking FP),Any,0.0,0.0,0.0,0.0,0.0,100.0,100.0,30.0,10.0,0.0,0.0,0.0,0.0,1.0,Str/Dex,1.0
Divine Beast Frost Stomp Charged,Divine Beast Frost Stomp Charged (Lacking FP),Any,0.0,0.0,0.0,0.0,0.0,100.0,100.0,30.0,15.0,0.0,0.0,0.0,0.0,1.0,Str/Dex,1.0
Spectral Lance,Spectral Lance - Bullet,Any,0.0,0.0,0.0,0.0,0.0,0.0,500.0,20.0,132.0,0.0,0.0,0.0,0.0,1.0,Arcane,0.0
Lifesteal Fist,Lifesteal Fist - Grab,Any,73.0,73.0,73.0,73.0,73.0,0.0,100.0,15.0,0.0,42.0,0.0,0.0,0.0,1.0,Arc - Complex,0.0
Lifesteal Fist,Lifesteal Fist - Confirmed Grab [1],Any,62.0,62.0,62.0,62.0,62.0,0.0,100.0,0.0,0.0,42.0,0.0,0.0,0.0,1.0,Arc - Complex,0.0
Lifesteal Fist,Lifesteal Fist - Confirmed Grab [2],Any,62.0,62.0,62.0,62.0,62.0,0.0,100.0,0.0,0.0,42.0,0.0,0.0,0.0,1.0,Arc - Complex,0.0
Lifesteal Fist,Lifesteal Fist - Confirmed Grab [3],Any,62.0,62.0,62.0,62.0,62.0,0.0,100.0,0.0,0.0,42.0,0.0,0.0,0.0,1.0,Arc - Complex,0.0
Lifesteal Fist,Lifesteal Fist - Confirmed Grab [4],Any,91.0,91.0,91.0,91.0,91.0,0.0,100.0,0.0,0.0,42.0,0.0,0.0,0.0,1.0,Arc - Complex,0.0
Lifesteal Fist,Lifesteal Fist - Confirmed Grab [5],Any,91.0,91.0,91.0,91.0,91.0,0.0,100.0,0.0,0.0,42.0,0.0,0.0,0.0,1.0,Arc - Complex,0.0
Lifesteal Fist,Lifesteal Fist (Lacking FP),Any,70.0,70.0,70.0,70.0,70.0,0.0,100.0,15.0,0.0,0.0,0.0,0.0,0.0,0.0,-,1.0
Shriek of Sorrow,Shriek of Sorrow,Any,0.0,0.0,0.0,0.0,0.0,0.0,0.0,20.0,0.0,0.0,0.0,0.0,0.0,1.0,Strength,0.0
Shriek of Sorrow,Shriek of Sorrow (Lacking FP),Any,0.0,0.0,0.0,0.0,0.0,0.0,0.0,40.0,0.0,0.0,0.0,0.0,0.0,0.0,-,1.0
Palm Blast,Palm Blast,Any,220.0,220.0,220.0,220.0,220.0,65.0,500.0,45.0,0.0,0.0,0.0,0.0,0.0,0.0,-,0.0
Palm Blast Charged,Palm Blast Charged,Any,460.0,460.0,460.0,460.0,460.0,65.0,900.0,55.0,0.0,0.0,0.0,0.0,0.0,0.0,-,0.0
Palm Blast,Palm Blast (Lacking FP),Any,120.0,120.0,120.0,120.0,120.0,100.0,100.0,45.0,0.0,0.0,0.0,0.0,0.0,0.0,-,1.0
Palm Blast Charged,Palm Blast Charged (Lacking FP),Any,180.0,180.0,180.0,180.0,180.0,100.0,200.0,55.0,0.0,0.0,0.0,0.0,0.0,0.0,-,1.0
Dryleaf Whirlwind,Dryleaf Whirlwind [1],Any,120.0,120.0,120.0,120.0,120.0,70.0,200.0,10.0,0.0,0.0,0.0,0.0,0.0,0.0,-,0.0
Dryleaf Whirlwind,Dryleaf Whirlwind [2],Any,91.0,91.0,91.0,91.0,91.0,70.0,50.0,10.0,0.0,0.0,0.0,0.0,0.0,0.0,-,0.0
Dryleaf Whirlwind,Dryleaf Whirlwind [3],Any,91.0,91.0,91.0,91.0,91.0,70.0,50.0,10.0,0.0,0.0,0.0,0.0,0.0,0.0,-,0.0
Dryleaf Whirlwind,Dryleaf Whirlwind [4],Any,140.0,140.0,140.0,140.0,140.0,70.0,400.0,10.0,0.0,0.0,0.0,0.0,0.0,0.0,-,0.0
Dryleaf Whirlwind,Dryleaf Whirlwind [1] (Lacking FP),Any,70.0,70.0,70.0,70.0,70.0,100.0,100.0,10.0,0.0,0.0,0.0,0.0,0.0,0.0,-,1.0
Dryleaf Whirlwind,Dryleaf Whirlwind [2] (Lacking FP),Any,70.0,70.0,70.0,70.0,70.0,100.0,100.0,10.0,0.0,0.0,0.0,0.0,0.0,0.0,-,1.0
Dryleaf Whirlwind,Dryleaf Whirlwind [3] (Lacking FP),Any,70.0,70.0,70.0,70.0,70.0,100.0,100.0,10.0,0.0,0.0,0.0,0.0,0.0,0.0,-,1.0
Dryleaf Whirlwind,Dryleaf Whirlwind [4] (Lacking FP),Any,70.0,70.0,70.0,70.0,70.0,100.0,100.0,10.0,0.0,0.0,0.0,0.0,0.0,0.0,-,1.0
Wall of Sparks,Wall of Sparks - Bullet,Any,10.0,10.0,10.0,10.0,10.0,20.0,0.0,10.0,0.0,0.0,0.0,0.0,0.0,0.0,-,0.0
Wall of Sparks,Wall of Sparks - Bullet,Any,0.0,0.0,0.0,0.0,0.0,0.0,0.0,10.0,0.0,0.0,0.0,0.0,0.0,0.0,-,0.0
Wall of Sparks,Wall of Sparks - Bullet,Any,55.0,55.0,55.0,55.0,55.0,50.0,30.0,0.0,0.0,0.0,0.0,0.0,0.0,0.0,-,0.0
Wall of Sparks,Wall of Sparks - Bullet,Any,40.0,40.0,40.0,40.0,40.0,50.0,50.0,0.0,0.0,0.0,0.0,0.0,0.0,0.0,-,0.0
Rolling Sparks,Rolling Sparks - Bullet,Any,10.0,10.0,10.0,10.0,10.0,10.0,0.0,10.0,0.0,0.0,0.0,0.0,0.0,0.0,-,0.0
Rolling Sparks,Rolling Sparks - Bullet,Any,0.0,0.0,0.0,0.0,0.0,0.0,0.0,10.0,0.0,0.0,0.0,0.0,0.0,0.0,-,0.0
Rolling Sparks,Rolling Sparks - Bullet,Any,82.0,82.0,82.0,82.0,82.0,90.0,80.0,0.0,0.0,0.0,0.0,0.0,0.0,0.0,-,0.0
Shield Bash,Shield Bash,Any,150.0,150.0,150.0,150.0,150.0,100.0,125.0,35.0,0.0,0.0,0.0,0.0,0.0,0.0,-,0.0
Shield Bash,Shield Bash (Lacking FP),Any,90.0,90.0,90.0,90.0,90.0,100.0,90.0,35.0,0.0,0.0,0.0,0.0,0.0,0.0,-,1.0
Shield Bash,[Thrusting Shield] Shield Bash,Any,105.0,105.0,105.0,105.0,105.0,100.0,125.0,35.0,0.0,0.0,0.0,0.0,0.0,0.0,-,0.0
Shield Bash,[Thrusting Shield] Shield Bash (Lacking FP),Any,63.0,63.0,63.0,63.0,63.0,100.0,90.0,35.0,0.0,0.0,0.0,0.0,0.0,0.0,-,1.0
Shield Crash,Shield Crash [1],Any,75.0,75.0,75.0,75.0,75.0,10.0,75.0,5.0,0.0,0.0,0.0,0.0,0.0,0.0,-,0.0
Shield Crash,Shield Crash [2],Any,75.0,75.0,75.0,75.0,75.0,10.0,75.0,5.0,0.0,0.0,0.0,0.0,0.0,0.0,-,0.0
Shield Crash,Shield Crash [3],Any,75.0,75.0,75.0,75.0,75.0,10.0,75.0,5.0,0.0,0.0,0.0,0.0,0.0,0.0,-,0.0
Shield Crash,Shield Crash [4],Any,75.0,75.0,75.0,75.0,75.0,100.0,75.0,5.0,0.0,0.0,0.0,0.0,0.0,0.0,-,0.0
Shield Crash,Shield Crash [5],Any,125.0,125.0,125.0,125.0,125.0,100.0,125.0,28.0,0.0,0.0,0.0,0.0,0.0,0.0,-,0.0
Shield Crash Early Release,Shield Crash Early Release,Any,125.0,125.0,125.0,125.0,125.0,100.0,125.0,28.0,0.0,0.0,0.0,0.0,0.0,0.0,-,0.0
Shield Crash,Shield Crash [1] (Lacking FP),Any,50.0,50.0,50.0,50.0,50.0,10.0,50.0,5.0,0.0,0.0,0.0,0.0,0.0,0.0,-,1.0
Shield Crash,Shield Crash [2] (Lacking FP),Any,50.0,50.0,50.0,50.0,50.0,10.0,50.0,5.0,0.0,0.0,0.0,0.0,0.0,0.0,-,1.0
Shield Crash,Shield Crash [3] (Lacking FP),Any,50.0,50.0,50.0,50.0,50.0,10.0,50.0,5.0,0.0,0.0,0.0,0.0,0.0,0.0,-,1.0
Shield Crash,Shield Crash [4] (Lacking FP),Any,50.0,50.0,50.0,50.0,50.0,100.0,50.0,5.0,0.0,0.0,0.0,0.0,0.0,0.0,-,1.0
Shield Crash,Shield Crash [5] (Lacking FP),Any,100.0,100.0,100.0,100.0,100.0,100.0,100.0,28.0,0.0,0.0,0.0,0.0,0.0,0.0,-,1.0
Shield Crash Early Release,Shield Crash Early Release (Lacking FP),Any,100.0,100.0,100.0,100.0,100.0,100.0,100.0,28.0,0.0,0.0,0.0,0.0,0.0,0.0,-,1.0
Carian Retaliation,Carian Retaliation - Parry,Any,0.0,0.0,0.0,0.0,0.0,0.0,0.0,10.0,0.0,0.0,0.0,0.0,0.0,0.0,-,0.0
Carian Retaliation,Carian Retaliation - Bullet (Parry),Any,0.0,0.0,0.0,0.0,0.0,0.0,0.0,10.0,0.0,0.0,0.0,0.0,0.0,0.0,-,0.0
Carian Retaliation,Carian Retaliation - Bullet (Swords),Any,0.0,0.0,0.0,0.0,0.0,0.0,0.0,0.0,0.0,270.0,0.0,0.0,0.0,1.0,Intelligence,0.0
Carian Retaliation,Carian Retaliation - Bullet (Swords),Any,0.0,0.0,0.0,0.0,0.0,0.0,0.0,0.0,0.0,270.0,0.0,0.0,0.0,1.0,Intelligence,0.0
Shield Strike,[Small Shield] Shield Strike #1,Any,100.0,100.0,100.0,100.0,100.0,100.0,100.0,9.0,0.0,0.0,0.0,0.0,0.0,0.0,-,0.0
Shield Strike,[Small Shield] Shield Strike #2,Any,101.0,101.0,101.0,101.0,101.0,100.0,100.0,9.0,0.0,0.0,0.0,0.0,0.0,0.0,-,0.0
Shield Strike,[Small Shield] Shield Strike #3,Any,102.0,102.0,102.0,102.0,102.0,100.0,100.0,9.0,0.0,0.0,0.0,0.0,0.0,0.0,-,0.0
Shield Strike,[Small Shield] Shield Strike #4,Any,105.0,105.0,105.0,105.0,105.0,100.0,200.0,9.0,0.0,0.0,0.0,0.0,0.0,0.0,-,0.0
Shield Strike,[Medium Shield] Shield Strike #1,Any,100.0,100.0,100.0,100.0,100.0,100.0,100.0,12.0,0.0,0.0,0.0,0.0,0.0,0.0,-,0.0
Shield Strike,[Medium Shield] Shield Strike #2,Any,101.0,101.0,101.0,101.0,101.0,100.0,100.0,12.0,0.0,0.0,0.0,0.0,0.0,0.0,-,0.0
Shield Strike,[Medium Shield] Shield Strike #3,Any,102.0,102.0,102.0,102.0,102.0,100.0,100.0,12.0,0.0,0.0,0.0,0.0,0.0,0.0,-,0.0
Shield Strike,[Medium Shield] Shield Strike #4,Any,105.0,105.0,105.0,105.0,105.0,100.0,200.0,12.0,0.0,0.0,0.0,0.0,0.0,0.0,-,0.0
Shield Strike,[Greatshield] Shield Strike #1,Any,100.0,100.0,100.0,100.0,100.0,100.0,203.0,18.0,0.0,0.0,0.0,0.0,0.0,0.0,-,0.0
Shield Strike,[Greatshield] Shield Strike #2,Any,102.0,102.0,102.0,102.0,102.0,100.0,203.0,18.0,0.0,0.0,0.0,0.0,0.0,0.0,-,0.0
Shield Strike,[Greatshield] Shield Strike #3,Any,105.0,105.0,105.0,105.0,105.0,100.0,220.0,18.0,0.0,0.0,0.0,0.0,0.0,0.0,-,0.0
Shield Strike,[Thrusting Shield] Shield Strike #1,Any,100.0,100.0,100.0,100.0,100.0,100.0,185.0,15.0,0.0,0.0,0.0,0.0,0.0,0.0,-,0.0
Shield Strike,[Thrusting Shield] Shield Strike #2,Any,101.0,101.0,101.0,101.0,101.0,100.0,185.0,15.0,0.0,0.0,0.0,0.0,0.0,0.0,-,0.0
Shield Strike,[Thrusting Shield] Shield Strike #3,Any,102.0,102.0,102.0,102.0,102.0,100.0,185.0,15.0,0.0,0.0,0.0,0.0,0.0,0.0,-,0.0
Shield Strike,[Thrusting Shield] Shield Strike #4,Any,110.0,110.0,110.0,110.0,110.0,100.0,200.0,15.0,0.0,0.0,0.0,0.0,0.0,0.0,-,0.0
Glintstone Dart,Glintstone Dart - Bullet,Glintstone Kris,0.0,0.0,0.0,0.0,0.0,0.0,0.0,12.0,0.0,155.0,0.0,0.0,0.0,1.0,-,0.0
Glintstone Dart Charged,Glintstone Dart Charged - Bullet,Glintstone Kris,0.0,0.0,0.0,0.0,0.0,0.0,0.0,20.0,0.0,190.0,0.0,0.0,0.0,1.0,-,0.0
Glintstone Dart R2,Glintstone Dart R2,Glintstone Kris,170.0,170.0,170.0,170.0,170.0,100.0,1000.0,24.0,0.0,0.0,0.0,0.0,0.0,0.0,-,0.0
Glintstone Dart,Glintstone Dart (Lacking FP),Glintstone Kris,104.0,104.0,104.0,104.0,104.0,100.0,100.0,12.0,0.0,0.0,0.0,0.0,0.0,0.0,-,1.0
Glintstone Dart Charged,Glintstone Dart Charged (Lacking FP),Glintstone Kris,140.0,140.0,140.0,140.0,140.0,100.0,100.0,20.0,0.0,0.0,0.0,0.0,0.0,0.0,-,1.0
Glintstone Dart R2,Glintstone Dart R2 (Lacking FP),Glintstone Kris,145.0,145.0,145.0,145.0,145.0,100.0,200.0,24.0,0.0,0.0,0.0,0.0,0.0,0.0,-,1.0
Reduvia Blood Blade,Reduvia Blood Blade #1,Reduvia,55.0,55.0,55.0,55.0,55.0,100.0,55.0,0.0,0.0,0.0,0.0,0.0,0.0,0.0,-,0.0
Reduvia Blood Blade,Reduvia Blood Blade #1 - Bullet,Reduvia,143.0,143.0,143.0,143.0,143.0,0.0,100.0,22.0,0.0,0.0,0.0,0.0,0.0,0.0,-,0.0
Reduvia Blood Blade,Reduvia Blood Blade #2,Reduvia,55.0,55.0,55.0,55.0,55.0,100.0,55.0,0.0,0.0,0.0,0.0,0.0,0.0,0.0,-,0.0
Reduvia Blood Blade,Reduvia Blood Blade #2 - Bullet,Reduvia,143.0,143.0,143.0,143.0,143.0,0.0,100.0,22.0,0.0,0.0,0.0,0.0,0.0,0.0,-,0.0
Reduvia Blood Blade,Reduvia Blood Blade #3,Reduvia,55.0,55.0,55.0,55.0,55.0,100.0,55.0,0.0,0.0,0.0,0.0,0.0,0.0,0.0,-,0.0
Reduvia Blood Blade,Reduvia Blood Blade #3 - Bullet,Reduvia,143.0,143.0,143.0,143.0,143.0,0.0,100.0,22.0,0.0,0.0,0.0,0.0,0.0,0.0,-,0.0
Reduvia Blood Blade,Reduvia Blood Blade #1 (Lacking FP),Reduvia,100.0,100.0,100.0,100.0,100.0,100.0,100.0,22.0,0.0,0.0,0.0,0.0,0.0,0.0,-,1.0
Reduvia Blood Blade,Reduvia Blood Blade #2 (Lacking FP),Reduvia,100.0,100.0,100.0,100.0,100.0,100.0,100.0,22.0,0.0,0.0,0.0,0.0,0.0,0.0,-,1.0
Reduvia Blood Blade,Reduvia Blood Blade #3 (Lacking FP),Reduvia,100.0,100.0,100.0,100.0,100.0,100.0,100.0,22.0,0.0,0.0,0.0,0.0,0.0,0.0,-,1.0
Blade of Gold,Blade of Gold - Bullet,Blade of Calling,0.0,0.0,0.0,0.0,0.0,0.0,0.0,37.0,0.0,0.0,0.0,0.0,145.0,1.0,-,0.0
Blade of Gold,Blade of Gold (Lacking FP),Blade of Calling,140.0,140.0,140.0,140.0,140.0,100.0,600.0,37.0,0.0,0.0,0.0,0.0,0.0,0.0,-,1.0
Blade of Death,Blade of Death - Bullet,Black Knife,0.0,0.0,0.0,0.0,0.0,0.0,0.0,39.0,0.0,0.0,0.0,0.0,180.0,1.0,-,0.0
Blade of Death,Blade of Death (Lacking FP),Black Knife,140.0,140.0,140.0,140.0,140.0,100.0,600.0,39.0,0.0,0.0,0.0,0.0,0.0,0.0,-,1.0
Golden Tempering R2 (Right),Golden Tempering R2 (Right),Ornamental Straight Sword,105.0,105.0,105.0,105.0,105.0,100.0,100.0,9.0,0.0,0.0,0.0,0.0,0.0,0.0,-,0.0
Golden Tempering R2 (Left),Golden Tempering R2 (Left),Ornamental Straight Sword,105.0,105.0,105.0,105.0,105.0,100.0,100.0,9.0,0.0,0.0,0.0,0.0,0.0,0.0,-,0.0
Golden Tempering (Partial) Charged R2,Golden Tempering (Partial) Charged R2 - 2x (Right),Ornamental Straight Sword,45.0,45.0,45.0,45.0,45.0,100.0,60.0,2.0,0.0,0.0,0.0,0.0,0.0,0.0,-,0.0
Golden Tempering (Partial) Charged R2,Golden Tempering (Partial) Charged R2 - 1x (Left),Ornamental Straight Sword,45.0,45.0,45.0,45.0,45.0,100.0,60.0,2.0,0.0,0.0,0.0,0.0,0.0,0.0,-,0.0
Golden Tempering (Partial) Charged R2 (Right),Golden Tempering (Partial) Charged R2 (Right),Ornamental Straight Sword,105.0,105.0,105.0,105.0,105.0,100.0,100.0,9.0,0.0,0.0,0.0,0.0,0.0,0.0,-,0.0
Golden Tempering (Partial) Charged R2 (Left),Golden Tempering (Partial) Charged R2 (Left),Ornamental Straight Sword,105.0,105.0,105.0,105.0,105.0,100.0,100.0,9.0,0.0,0.0,0.0,0.0,0.0,0.0,-,0.0
Golden Tempering Charged R2,Golden Tempering Charged R2 - 5x (Right),Ornamental Straight Sword,45.0,45.0,45.0,45.0,45.0,100.0,60.0,2.0,0.0,0.0,0.0,0.0,0.0,0.0,-,0.0
Golden Tempering Charged R2,Golden Tempering Charged R2 - 5x (Left),Ornamental Straight Sword,45.0,45.0,45.0,45.0,45.0,100.0,60.0,2.0,0.0,0.0,0.0,0.0,0.0,0.0,-,0.0
Golden Tempering Charged R2,Golden Tempering Charged R2 - Final (Right),Ornamental Straight Sword,125.0,125.0,125.0,125.0,125.0,100.0,200.0,9.0,0.0,0.0,0.0,0.0,0.0,0.0,-,0.0
Golden Tempering Charged R2,Golden Tempering Charged R2 - Final (Left),Ornamental Straight Sword,125.0,125.0,125.0,125.0,125.0,100.0,200.0,9.0,0.0,0.0,0.0,0.0,0.0,0.0,-,0.0
Mists of Slumber,Mists of Slumber,Sword of St. Trina,160.0,160.0,160.0,160.0,160.0,100.0,130.0,37.0,0.0,0.0,0.0,0.0,0.0,0.0,-,0.0
Mists of Slumber,Mists of Slumber (Lacking FP),Sword of St. Trina,100.0,100.0,100.0,100.0,100.0,100.0,100.0,37.0,0.0,0.0,0.0,0.0,0.0,0.0,-,1.0
Mists of Eternal Sleep,Mists of Eternal Sleep,Velvet Sword of St. Trina,160.0,160.0,160.0,160.0,160.0,100.0,130.0,38.0,0.0,0.0,0.0,0.0,0.0,0.0,-,0.0
Mists of Eternal Sleep,Mists of Eternal Sleep (Lacking FP),Velvet Sword of St. Trina,100.0,100.0,100.0,100.0,100.0,100.0,100.0,38.0,0.0,0.0,0.0,0.0,0.0,0.0,-,1.0
Eochaid's Dancing Blade,Eochaid's Dancing Blade [1],Regalia of Eochaid,35.0,35.0,35.0,35.0,35.0,50.0,300.0,10.0,0.0,0.0,0.0,0.0,0.0,0.0,-,0.0
Eochaid's Dancing Blade,Eochaid's Dancing Blade [2],Regalia of Eochaid,35.0,35.0,35.0,35.0,35.0,50.0,15.0,0.0,0.0,0.0,0.0,0.0,0.0,0.0,-,0.0
Eochaid's Dancing Blade,Eochaid's Dancing Blade [3],Regalia of Eochaid,35.0,35.0,35.0,35.0,35.0,50.0,15.0,0.0,0.0,0.0,0.0,0.0,0.0,0.0,-,0.0
Eochaid's Dancing Blade,Eochaid's Dancing Blade [4],Regalia of Eochaid,35.0,35.0,35.0,35.0,35.0,50.0,15.0,0.0,0.0,0.0,0.0,0.0,0.0,0.0,-,0.0
Eochaid's Dancing Blade,Eochaid's Dancing Blade [5],Regalia of Eochaid,35.0,35.0,35.0,35.0,35.0,50.0,15.0,0.0,0.0,0.0,0.0,0.0,0.0,0.0,-,0.0
Eochaid's Dancing Blade,Eochaid's Dancing Blade [6],Regalia of Eochaid,35.0,35.0,35.0,35.0,35.0,50.0,15.0,0.0,0.0,0.0,0.0,0.0,0.0,0.0,-,0.0
Eochaid's Dancing Blade,Eochaid's Dancing Blade [7],Regalia of Eochaid,35.0,35.0,35.0,35.0,35.0,50.0,15.0,0.0,0.0,0.0,0.0,0.0,0.0,0.0,-,0.0
Eochaid's Dancing Blade,Eochaid's Dancing Blade [8],Regalia of Eochaid,82.0,82.0,82.0,82.0,82.0,50.0,40.0,0.0,0.0,0.0,0.0,0.0,0.0,0.0,-,0.0
Eochaid's Dancing Blade,Eochaid's Dancing Blade [9],Regalia of Eochaid,95.0,95.0,95.0,95.0,95.0,100.0,40.0,10.0,0.0,0.0,0.0,0.0,0.0,0.0,-,0.0
Eochaid's Dancing Blade Charged,Eochaid's Dancing Blade Charged [1],Regalia of Eochaid,40.0,40.0,40.0,40.0,40.0,50.0,300.0,12.0,0.0,0.0,0.0,0.0,0.0,0.0,-,0.0
Eochaid's Dancing Blade Charged,Eochaid's Dancing Blade Charged [2],Regalia of Eochaid,40.0,40.0,40.0,40.0,40.0,50.0,30.0,0.0,0.0,0.0,0.0,0.0,0.0,0.0,-,0.0
Eochaid's Dancing Blade Charged,Eochaid's Dancing Blade Charged [3],Regalia of Eochaid,40.0,40.0,40.0,40.0,40.0,50.0,30.0,0.0,0.0,0.0,0.0,0.0,0.0,0.0,-,0.0
Eochaid's Dancing Blade Charged,Eochaid's Dancing Blade Charged [4],Regalia of Eochaid,40.0,40.0,40.0,40.0,40.0,50.0,30.0,0.0,0.0,0.0,0.0,0.0,0.0,0.0,-,0.0
Eochaid's Dancing Blade Charged,Eochaid's Dancing Blade Charged [5],Regalia of Eochaid,40.0,40.0,40.0,40.0,40.0,50.0,30.0,0.0,0.0,0.0,0.0,0.0,0.0,0.0,-,0.0
Eochaid's Dancing Blade Charged,Eochaid's Dancing Blade Charged [6],Regalia of Eochaid,40.0,40.0,40.0,40.0,40.0,50.0,30.0,0.0,0.0,0.0,0.0,0.0,0.0,0.0,-,0.0
Eochaid's Dancing Blade Charged,Eochaid's Dancing Blade Charged [7],Regalia of Eochaid,40.0,40.0,40.0,40.0,40.0,50.0,30.0,0.0,0.0,0.0,0.0,0.0,0.0,0.0,-,0.0
Eochaid's Dancing Blade Charged,Eochaid's Dancing Blade Charged [8],Regalia of Eochaid,40.0,40.0,40.0,40.0,40.0,50.0,30.0,0.0,0.0,0.0,0.0,0.0,0.0,0.0,-,0.0
Eochaid's Dancing Blade Charged,Eochaid's Dancing Blade Charged [9],Regalia of Eochaid,40.0,40.0,40.0,40.0,40.0,50.0,30.0,0.0,0.0,0.0,0.0,0.0,0.0,0.0,-,0.0
Eochaid's Dancing Blade Charged,Eochaid's Dancing Blade Charged [10],Regalia of Eochaid,40.0,40.0,40.0,40.0,40.0,50.0,30.0,0.0,0.0,0.0,0.0,0.0,0.0,0.0,-,0.0
Eochaid's Dancing Blade Charged,Eochaid's Dancing Blade Charged [11],Regalia of Eochaid,100.0,100.0,100.0,100.0,100.0,50.0,40.0,0.0,0.0,0.0,0.0,0.0,0.0,0.0,-,0.0
Eochaid's Dancing Blade Charged,Eochaid's Dancing Blade Charged [12],Regalia of Eochaid,100.0,100.0,100.0,100.0,100.0,100.0,100.0,12.0,0.0,0.0,0.0,0.0,0.0,0.0,-,0.0
Unblockable Blade,Unblockable Blade,Coded Sword,250.0,250.0,250.0,250.0,250.0,0.0,600.0,29.0,0.0,0.0,0.0,0.0,0.0,1.0,-,0.0
Unblockable Blade,Unblockable Blade (Lacking FP),Coded Sword,140.0,140.0,140.0,140.0,140.0,100.0,200.0,29.0,0.0,0.0,0.0,0.0,0.0,0.0,-,1.0
Night-and-Flame Stance R1,Night-and-Flame Stance R1,Sword of Night and Flame,110.0,110.0,110.0,110.0,110.0,100.0,100.0,25.0,0.0,0.0,0.0,0.0,0.0,0.0,-,0.0
Night-and-Flame Stance R1,Night-and-Flame Stance R1 [1] - Bullet (Beam - Point Blank),Sword of Night and Flame,0.0,108.0,0.0,0.0,0.0,100.0,100.0,0.0,0.0,0.0,0.0,0.0,0.0,0.0,-,0.0
Night-and-Flame Stance R1,Night-and-Flame Stance R1 [2] - Bullet (Beam Loop 5x),Sword of Night and Flame,0.0,0.0,0.0,0.0,0.0,100.0,100.0,46.0,0.0,0.0,0.0,0.0,0.0,0.0,-,0.0
Night-and-Flame Stance R1,Night-and-Flame Stance R1 [2] - Bullet (Beam Loop 2x),Sword of Night and Flame,0.0,162.0,0.0,0.0,0.0,100.0,65.0,0.0,0.0,0.0,0.0,0.0,0.0,0.0,-,0.0
Night-and-Flame Stance R1,Night-and-Flame Stance R1 [3] - Bullet (Beam Loop 4x),Sword of Night and Flame,0.0,162.0,0.0,0.0,0.0,100.0,65.0,0.0,0.0,0.0,0.0,0.0,0.0,0.0,-,0.0
Night-and-Flame Stance R1,Night-and-Flame Stance R1 [4] - Bullet (Beam Final Hit),Sword of Night and Flame,0.0,194.0,0.0,0.0,0.0,100.0,100.0,0.0,0.0,0.0,0.0,0.0,0.0,0.0,-,0.0
Night-and-Flame Stance R1,Night-and-Flame Stance R1 (Lacking FP),Sword of Night and Flame,110.0,110.0,110.0,110.0,110.0,100.0,100.0,25.0,0.0,0.0,0.0,0.0,0.0,0.0,-,1.0
Night-and-Flame Stance R2,Night-and-Flame Stance R2,Sword of Night and Flame,0.0,0.0,0.0,0.0,0.0,100.0,100.0,46.0,0.0,0.0,0.0,0.0,0.0,0.0,-,0.0
Night-and-Flame Stance R2,Night-and-Flame Stance R2,Sword of Night and Flame,120.0,120.0,120.0,120.0,120.0,100.0,100.0,25.0,0.0,0.0,0.0,0.0,0.0,0.0,-,0.0
Night-and-Flame Stance R2,Night-and-Flame Stance R2 - Bullet (Fire),Sword of Night and Flame,0.0,0.0,800.0,0.0,0.0,100.0,200.0,0.0,0.0,0.0,0.0,0.0,0.0,0.0,-,0.0
Night-and-Flame Stance R2,Night-and-Flame Stance R2 - Bullet (Fire),Sword of Night and Flame,0.0,0.0,800.0,0.0,0.0,100.0,200.0,0.0,0.0,0.0,0.0,0.0,0.0,0.0,-,0.0
Night-and-Flame Stance R2,Night-and-Flame Stance R2 (Lacking FP),Sword of Night and Flame,120.0,120.0,120.0,120.0,120.0,100.0,100.0,25.0,0.0,0.0,0.0,0.0,0.0,0.0,-,1.0
Light,Light - Bullet,Sword of Light,0.0,0.0,0.0,0.0,0.0,100.0,0.0,3.0,0.0,0.0,0.0,0.0,61.0,1.0,-,0.0
Darkness,Darkness - Bullet,Sword of Darkness,0.0,0.0,0.0,0.0,0.0,100.0,0.0,30.0,0.0,0.0,0.0,0.0,310.0,1.0,-,0.0
Needle Piercer,Needle Piercer,Leda's Sword,78.0,78.0,78.0,78.0,78.0,100.0,150.0,36.0,0.0,0.0,0.0,0.0,0.0,0.0,-,0.0
Needle Piercer,Needle Piercer - Bullet (10x),Leda's Sword,38.0,38.0,38.0,38.0,38.0,100.0,20.0,36.0,0.0,0.0,0.0,0.0,0.0,1.0,-,0.0
Needle Piercer,Needle Piercer (Lacking FP),Leda's Sword,100.0,100.0,100.0,100.0,100.0,100.0,100.0,36.0,0.0,0.0,0.0,0.0,0.0,0.0,-,1.0
Moon-and-Fire Stance R1,Moon-and-Fire Stance R1 #1 [1],Rellana's Twin Blades,50.0,50.0,0.0,0.0,0.0,100.0,50.0,10.0,0.0,0.0,0.0,0.0,0.0,0.0,-,0.0
Moon-and-Fire Stance R1,Moon-and-Fire Stance R1 #1 [2],Rellana's Twin Blades,51.0,51.0,0.0,0.0,0.0,100.0,50.0,10.0,0.0,0.0,0.0,0.0,0.0,0.0,-,0.0
Moon-and-Fire Stance R1,Moon-and-Fire Stance R1 #2 [1],Rellana's Twin Blades,52.0,52.0,0.0,0.0,0.0,100.0,50.0,10.0,0.0,0.0,0.0,0.0,0.0,0.0,-,0.0
Moon-and-Fire Stance R1,Moon-and-Fire Stance R1 #2 [2],Rellana's Twin Blades,53.0,53.0,0.0,0.0,0.0,100.0,50.0,10.0,0.0,0.0,0.0,0.0,0.0,0.0,-,0.0
Moon-and-Fire Stance R1,Moon-and-Fire Stance R1 #3,Rellana's Twin Blades,55.0,55.0,0.0,0.0,0.0,100.0,50.0,10.0,0.0,0.0,0.0,0.0,0.0,0.0,-,0.0
Moon-and-Fire Stance R1,Moon-and-Fire Stance R1 #1 [1] - Bullet,Rellana's Twin Blades,0.0,200.0,0.0,0.0,0.0,0.0,100.0,10.0,0.0,0.0,0.0,0.0,0.0,1.0,-,0.0
Moon-and-Fire Stance R1,Moon-and-Fire Stance R1 #1 [2] - Bullet,Rellana's Twin Blades,0.0,200.0,0.0,0.0,0.0,0.0,100.0,10.0,0.0,0.0,0.0,0.0,0.0,1.0,-,0.0
Moon-and-Fire Stance R1,Moon-and-Fire Stance R1 #2 [1] - Bullet,Rellana's Twin Blades,0.0,200.0,0.0,0.0,0.0,0.0,100.0,10.0,0.0,0.0,0.0,0.0,0.0,1.0,-,0.0
Moon-and-Fire Stance R1,Moon-and-Fire Stance R1 #2 [2] - Bullet,Rellana's Twin Blades,0.0,200.0,0.0,0.0,0.0,0.0,100.0,10.0,0.0,0.0,0.0,0.0,0.0,1.0,-,0.0
Moon-and-Fire Stance R1,Moon-and-Fire Stance R1 #3 - Bullet,Rellana's Twin Blades,0.0,300.0,0.0,0.0,0.0,0.0,150.0,10.0,0.0,0.0,0.0,0.0,0.0,1.0,-,0.0
Moon-and-Fire Stance R2,Moon-and-Fire Stance R2 [1],Rellana's Twin Blades,25.0,0.0,25.0,0.0,0.0,100.0,50.0,10.0,0.0,0.0,0.0,0.0,0.0,0.0,-,0.0
Moon-and-Fire Stance R2,Moon-and-Fire Stance R2 [2],Rellana's Twin Blades,25.0,0.0,25.0,0.0,0.0,100.0,50.0,10.0,0.0,0.0,0.0,0.0,0.0,0.0,-,0.0
Moon-and-Fire Stance R2,Moon-and-Fire Stance R2 [3],Rellana's Twin Blades,25.0,0.0,25.0,0.0,0.0,100.0,50.0,10.0,0.0,0.0,0.0,0.0,0.0,0.0,-,0.0
Moon-and-Fire Stance R2,Moon-and-Fire Stance R2 [1] - Bullet,Rellana's Twin Blades,0.0,0.0,220.0,0.0,0.0,0.0,150.0,5.0,0.0,0.0,0.0,0.0,0.0,1.0,-,0.0
Moon-and-Fire Stance R2,Moon-and-Fire Stance R2 [2] - Bullet,Rellana's Twin Blades,0.0,0.0,226.0,0.0,0.0,0.0,150.0,5.0,0.0,0.0,0.0,0.0,0.0,1.0,-,0.0
Moon-and-Fire Stance R2,Moon-and-Fire Stance R2 [3] - Bullet,Rellana's Twin Blades,0.0,0.0,250.0,0.0,0.0,0.0,200.0,5.0,0.0,0.0,0.0,0.0,0.0,1.0,-,0.0
Moon-and-Fire Stance R2,Moon-and-Fire Stance R2 - Bullet (Fire Pillars),Rellana's Twin Blades,0.0,0.0,120.0,0.0,0.0,0.0,100.0,5.0,0.0,0.0,0.0,0.0,0.0,1.0,-,0.0
Moon-and-Fire Stance R1,Moon-and-Fire Stance R1 #1 [1] (Lacking FP),Rellana's Twin Blades,100.0,100.0,0.0,0.0,0.0,100.0,100.0,10.0,0.0,0.0,0.0,0.0,0.0,0.0,-,1.0
Moon-and-Fire Stance R1,Moon-and-Fire Stance R1 #1 [2] (Lacking FP),Rellana's Twin Blades,101.0,101.0,0.0,0.0,0.0,100.0,100.0,10.0,0.0,0.0,0.0,0.0,0.0,0.0,-,1.0
Moon-and-Fire Stance R1,Moon-and-Fire Stance R1 #2 [1] (Lacking FP),Rellana's Twin Blades,102.0,102.0,0.0,0.0,0.0,100.0,100.0,10.0,0.0,0.0,0.0,0.0,0.0,0.0,-,1.0
Moon-and-Fire Stance R1,Moon-and-Fire Stance R1 #2 [2] (Lacking FP),Rellana's Twin Blades,103.0,103.0,0.0,0.0,0.0,100.0,100.0,10.0,0.0,0.0,0.0,0.0,0.0,0.0,-,1.0
Moon-and-Fire Stance R1,Moon-and-Fire Stance R1 #3 (Lacking FP),Rellana's Twin Blades,110.0,110.0,0.0,0.0,0.0,100.0,200.0,10.0,0.0,0.0,0.0,0.0,0.0,0.0,-,1.0
Moon-and-Fire Stance R2,Moon-and-Fire Stance R2 [1] (Lacking FP),Rellana's Twin Blades,55.0,0.0,55.0,0.0,0.0,100.0,100.0,10.0,0.0,0.0,0.0,0.0,0.0,0.0,-,1.0
Moon-and-Fire Stance R2,Moon-and-Fire Stance R2 [2] (Lacking FP),Rellana's Twin Blades,55.0,0.0,55.0,0.0,0.0,100.0,100.0,10.0,0.0,0.0,0.0,0.0,0.0,0.0,-,1.0
Moon-and-Fire Stance R2,Moon-and-Fire Stance R2 [3] (Lacking FP),Rellana's Twin Blades,55.0,0.0,55.0,0.0,0.0,100.0,100.0,10.0,0.0,0.0,0.0,0.0,0.0,0.0,-,1.0
Corpse Wax Cutter,Corpse Wax Cutter,Gargoyle's Blackblade,75.0,75.0,75.0,75.0,75.0,100.0,150.0,0.0,0.0,0.0,0.0,0.0,0.0,0.0,-,0.0
Corpse Wax Cutter,Corpse Wax Cutter - Bullet,Gargoyle's Blackblade,0.0,0.0,0.0,0.0,0.0,0.0,0.0,26.0,0.0,0.0,0.0,0.0,270.0,1.0,No Scaling,0.0
Corpse Wax Cutter,Corpse Wax Cutter (Lacking FP),Gargoyle's Blackblade,115.0,115.0,115.0,115.0,115.0,100.0,150.0,26.0,0.0,0.0,0.0,0.0,0.0,0.0,-,1.0
Shriek of Milos,Shriek of Milos - Bullet (Shriek),Sword of Milos,0.0,0.0,0.0,0.0,0.0,0.0,0.0,0.0,0.0,0.0,0.0,0.0,0.0,1.0,-,0.0
Shriek of Milos,Shriek of Milos,Sword of Milos,0.0,0.0,0.0,0.0,0.0,0.0,0.0,21.0,0.0,0.0,0.0,0.0,0.0,1.0,Strength,0.0
Shriek of Milos,Shriek of Milos,Sword of Milos,0.0,0.0,0.0,0.0,0.0,0.0,0.0,42.0,0.0,0.0,0.0,0.0,0.0,0.0,-,0.0
Shriek of Milos 1h R2,Shriek of Milos 1h R2 #1 [1],Sword of Milos,70.0,70.0,70.0,70.0,70.0,75.0,100.0,9.0,0.0,0.0,0.0,0.0,0.0,0.0,-,0.0
Shriek of Milos 1h R2,Shriek of Milos 1h R2 #1 [2],Sword of Milos,70.0,70.0,70.0,70.0,70.0,75.0,100.0,9.0,0.0,0.0,0.0,0.0,0.0,0.0,-,0.0
Shriek of Milos 1h R2,Shriek of Milos 1h R2 #1 [3],Sword of Milos,75.0,75.0,75.0,75.0,75.0,75.0,150.0,17.0,0.0,0.0,0.0,0.0,0.0,0.0,-,0.0
Shriek of Milos Charged 1h R2,Shriek of Milos Charged 1h R2 #1 [1],Sword of Milos,82.0,82.0,82.0,82.0,82.0,85.0,170.0,11.0,0.0,0.0,0.0,0.0,0.0,0.0,-,0.0
Shriek of Milos Charged 1h R2,Shriek of Milos Charged 1h R2 #1 [2],Sword of Milos,82.0,82.0,82.0,82.0,82.0,85.0,170.0,11.0,0.0,0.0,0.0,0.0,0.0,0.0,-,0.0
Shriek of Milos Charged 1h R2,Shriek of Milos Charged 1h R2 #1 [3],Sword of Milos,86.0,86.0,86.0,86.0,86.0,85.0,240.0,19.0,0.0,0.0,0.0,0.0,0.0,0.0,-,0.0
Shriek of Milos 1h R2,Shriek of Milos 1h R2 #2,Sword of Milos,135.0,135.0,135.0,135.0,135.0,150.0,200.0,38.0,0.0,0.0,0.0,0.0,0.0,0.0,-,0.0
Shriek of Milos Charged 1h R2,Shriek of Milos Charged 1h R2 #2,Sword of Milos,195.0,195.0,195.0,195.0,195.0,200.0,600.0,44.0,0.0,0.0,0.0,0.0,0.0,0.0,-,0.0
Shriek of Milos 2h R2,Shriek of Milos 2h R2 #1 [1],Sword of Milos,75.0,75.0,75.0,75.0,75.0,75.0,120.0,11.0,0.0,0.0,0.0,0.0,0.0,0.0,-,0.0
Shriek of Milos 2h R2,Shriek of Milos 2h R2 #1 [2],Sword of Milos,75.0,75.0,75.0,75.0,75.0,75.0,120.0,11.0,0.0,0.0,0.0,0.0,0.0,0.0,-,0.0
Shriek of Milos 2h R2,Shriek of Milos 2h R2 #1 [3],Sword of Milos,80.0,80.0,80.0,80.0,80.0,75.0,200.0,21.0,0.0,0.0,0.0,0.0,0.0,0.0,-,0.0
Shriek of Milos Charged 2h R2,Shriek of Milos Charged 2h R2 #1 [1],Sword of Milos,87.0,87.0,87.0,87.0,87.0,85.0,200.0,14.0,0.0,0.0,0.0,0.0,0.0,0.0,-,0.0
Shriek of Milos Charged 2h R2,Shriek of Milos Charged 2h R2 #1 [2],Sword of Milos,87.0,87.0,87.0,87.0,87.0,85.0,200.0,14.0,0.0,0.0,0.0,0.0,0.0,0.0,-,0.0
Shriek of Milos Charged 2h R2,Shriek of Milos Charged 2h R2 #1 [3],Sword of Milos,91.0,91.0,91.0,91.0,91.0,85.0,300.0,23.0,0.0,0.0,0.0,0.0,0.0,0.0,-,0.0
Shriek of Milos 2h R2,Shriek of Milos 2h R2 #2,Sword of Milos,140.0,140.0,140.0,140.0,140.0,180.0,240.0,47.0,0.0,0.0,0.0,0.0,0.0,0.0,-,0.0
Shriek of Milos Charged 2h R2,Shriek of Milos Charged 2h R2 #2,Sword of Milos,200.0,200.0,200.0,200.0,200.0,240.0,660.0,54.0,0.0,0.0,0.0,0.0,0.0,0.0,-,0.0
Eochaid's Dancing Blade,Eochaid's Dancing Blade [1],Marais Executioner's Sword,35.0,35.0,35.0,35.0,35.0,50.0,300.0,13.0,0.0,0.0,0.0,0.0,0.0,0.0,-,0.0
Eochaid's Dancing Blade,Eochaid's Dancing Blade [2],Marais Executioner's Sword,35.0,35.0,35.0,35.0,35.0,50.0,15.0,0.0,0.0,0.0,0.0,0.0,0.0,0.0,-,0.0
Eochaid's Dancing Blade,Eochaid's Dancing Blade [3],Marais Executioner's Sword,35.0,35.0,35.0,35.0,35.0,50.0,15.0,0.0,0.0,0.0,0.0,0.0,0.0,0.0,-,0.0
Eochaid's Dancing Blade,Eochaid's Dancing Blade [4],Marais Executioner's Sword,35.0,35.0,35.0,35.0,35.0,50.0,15.0,0.0,0.0,0.0,0.0,0.0,0.0,0.0,-,0.0
Eochaid's Dancing Blade,Eochaid's Dancing Blade [5],Marais Executioner's Sword,35.0,35.0,35.0,35.0,35.0,50.0,15.0,0.0,0.0,0.0,0.0,0.0,0.0,0.0,-,0.0
Eochaid's Dancing Blade,Eochaid's Dancing Blade [6],Marais Executioner's Sword,35.0,35.0,35.0,35.0,35.0,50.0,15.0,0.0,0.0,0.0,0.0,0.0,0.0,0.0,-,0.0
Eochaid's Dancing Blade,Eochaid's Dancing Blade [7],Marais Executioner's Sword,35.0,35.0,35.0,35.0,35.0,50.0,15.0,0.0,0.0,0.0,0.0,0.0,0.0,0.0,-,0.0
Eochaid's Dancing Blade,Eochaid's Dancing Blade [8],Marais Executioner's Sword,82.0,82.0,82.0,82.0,82.0,50.0,40.0,0.0,0.0,0.0,0.0,0.0,0.0,0.0,-,0.0
Eochaid's Dancing Blade,Eochaid's Dancing Blade [9],Marais Executioner's Sword,95.0,95.0,95.0,95.0,95.0,100.0,40.0,13.0,0.0,0.0,0.0,0.0,0.0,0.0,-,0.0
Eochaid's Dancing Blade Charged,Eochaid's Dancing Blade Charged [1],Marais Executioner's Sword,40.0,40.0,40.0,40.0,40.0,50.0,300.0,15.0,0.0,0.0,0.0,0.0,0.0,0.0,-,0.0
Eochaid's Dancing Blade Charged,Eochaid's Dancing Blade Charged [2],Marais Executioner's Sword,40.0,40.0,40.0,40.0,40.0,50.0,30.0,0.0,0.0,0.0,0.0,0.0,0.0,0.0,-,0.0
Eochaid's Dancing Blade Charged,Eochaid's Dancing Blade Charged [3],Marais Executioner's Sword,40.0,40.0,40.0,40.0,40.0,50.0,30.0,0.0,0.0,0.0,0.0,0.0,0.0,0.0,-,0.0
Eochaid's Dancing Blade Charged,Eochaid's Dancing Blade Charged [4],Marais Executioner's Sword,40.0,40.0,40.0,40.0,40.0,50.0,30.0,0.0,0.0,0.0,0.0,0.0,0.0,0.0,-,0.0
Eochaid's Dancing Blade Charged,Eochaid's Dancing Blade Charged [5],Marais Executioner's Sword,40.0,40.0,40.0,40.0,40.0,50.0,30.0,0.0,0.0,0.0,0.0,0.0,0.0,0.0,-,0.0
Eochaid's Dancing Blade Charged,Eochaid's Dancing Blade Charged [6],Marais Executioner's Sword,40.0,40.0,40.0,40.0,40.0,50.0,30.0,0.0,0.0,0.0,0.0,0.0,0.0,0.0,-,0.0
Eochaid's Dancing Blade Charged,Eochaid's Dancing Blade Charged [7],Marais Executioner's Sword,40.0,40.0,40.0,40.0,40.0,50.0,30.0,0.0,0.0,0.0,0.0,0.0,0.0,0.0,-,0.0
Eochaid's Dancing Blade Charged,Eochaid's Dancing Blade Charged [8],Marais Executioner's Sword,40.0,40.0,40.0,40.0,40.0,50.0,30.0,0.0,0.0,0.0,0.0,0.0,0.0,0.0,-,0.0
Eochaid's Dancing Blade Charged,Eochaid's Dancing Blade Charged [9],Marais Executioner's Sword,40.0,40.0,40.0,40.0,40.0,50.0,30.0,0.0,0.0,0.0,0.0,0.0,0.0,0.0,-,0.0
Eochaid's Dancing Blade Charged,Eochaid's Dancing Blade Charged [10],Marais Executioner's Sword,40.0,40.0,40.0,40.0,40.0,50.0,30.0,0.0,0.0,0.0,0.0,0.0,0.0,0.0,-,0.0
Eochaid's Dancing Blade Charged,Eochaid's Dancing Blade Charged [11],Marais Executioner's Sword,100.0,100.0,100.0,100.0,100.0,50.0,40.0,0.0,0.0,0.0,0.0,0.0,0.0,0.0,-,0.0
Eochaid's Dancing Blade Charged,Eochaid's Dancing Blade Charged [12],Marais Executioner's Sword,100.0,100.0,100.0,100.0,100.0,100.0,100.0,15.0,0.0,0.0,0.0,0.0,0.0,0.0,-,0.0
Solitary Moon Slash,Solitary Moon Slash,Greatsword of Solitude,50.0,50.0,50.0,50.0,50.0,100.0,100.0,0.0,0.0,0.0,0.0,0.0,0.0,0.0,-,0.0
Solitary Moon Slash,Solitary Moon Slash - Bullet,Greatsword of Solitude,130.0,130.0,130.0,130.0,130.0,100.0,200.0,34.0,0.0,0.0,0.0,0.0,0.0,0.0,-,0.0
Solitary Moon Slash R2 (Startup Stagger),Solitary Moon Slash R2 (Startup Stagger),Greatsword of Solitude,0.0,0.0,0.0,0.0,0.0,0.0,100.0,17.0,0.0,0.0,0.0,0.0,0.0,0.0,-,0.0
Solitary Moon Slash R2,Solitary Moon Slash R2,Greatsword of Solitude,170.0,170.0,170.0,170.0,170.0,100.0,500.0,29.0,0.0,0.0,0.0,0.0,0.0,0.0,-,0.0
Solitary Moon Slash,Solitary Moon Slash (Lacking FP),Greatsword of Solitude,110.0,110.0,110.0,110.0,110.0,100.0,300.0,34.0,0.0,0.0,0.0,0.0,0.0,0.0,-,1.0
Solitary Moon Slash R2 (Startup Stagger),Solitary Moon Slash R2 (Startup Stagger) (Lacking FP),Greatsword of Solitude,0.0,0.0,0.0,0.0,0.0,0.0,200.0,17.0,0.0,0.0,0.0,0.0,0.0,0.0,-,1.0
Solitary Moon Slash R2,Solitary Moon Slash R2 (Lacking FP),Greatsword of Solitude,105.0,105.0,105.0,105.0,105.0,100.0,100.0,29.0,0.0,0.0,0.0,0.0,0.0,0.0,-,1.0
Ordovis's Vortex,Ordovis's Vortex [1],Ordovis's Greatsword,154.0,154.0,154.0,154.0,154.0,100.0,200.0,39.0,0.0,0.0,0.0,0.0,0.0,1.0,-,0.0
Ordovis's Vortex,Ordovis's Vortex [2] - Bullet,Ordovis's Greatsword,77.0,77.0,77.0,77.0,77.0,100.0,150.0,0.0,0.0,0.0,0.0,0.0,0.0,1.0,-,0.0
Ordovis's Vortex Charged,Ordovis's Vortex Charged [1],Ordovis's Greatsword,160.0,160.0,160.0,160.0,160.0,100.0,600.0,55.0,0.0,0.0,0.0,0.0,0.0,1.0,-,0.0
Ordovis's Vortex Charged,Ordovis's Vortex Charged [2] - Bullet,Ordovis's Greatsword,66.0,66.0,66.0,66.0,66.0,100.0,200.0,0.0,0.0,0.0,0.0,0.0,0.0,1.0,-,0.0
Ordovis's Vortex Charged,Ordovis's Vortex Charged [3] - Bullet,Ordovis's Greatsword,66.0,66.0,66.0,66.0,66.0,100.0,200.0,0.0,0.0,0.0,0.0,0.0,0.0,1.0,-,0.0
Ordovis's Vortex Charged,Ordovis's Vortex Charged [4] - Bullet,Ordovis's Greatsword,77.0,77.0,77.0,77.0,77.0,100.0,200.0,0.0,0.0,0.0,0.0,0.0,0.0,1.0,-,0.0
Ordovis's Vortex,Ordovis's Vortex (Lacking FP),Ordovis's Greatsword,110.0,110.0,110.0,110.0,110.0,100.0,100.0,39.0,0.0,0.0,0.0,0.0,0.0,0.0,-,1.0
Ordovis's Vortex Charged,Ordovis's Vortex Charged (Lacking FP),Ordovis's Greatsword,130.0,130.0,130.0,130.0,130.0,100.0,155.0,55.0,0.0,0.0,0.0,0.0,0.0,0.0,-,1.0
Alabaster Lords' Pull,Alabaster Lords' Pull,Alabaster Lord's Sword,100.0,100.0,100.0,100.0,100.0,100.0,100.0,27.0,0.0,0.0,0.0,0.0,0.0,0.0,-,0.0
Alabaster Lords' Pull,Alabaster Lords' Pull - Bullet (Stackable Inner),Alabaster Lord's Sword,0.0,0.0,0.0,0.0,0.0,0.0,0.0,2.0,0.0,184.0,0.0,0.0,0.0,1.0,-,0.0
Alabaster Lords' Pull,Alabaster Lords' Pull - Bullet (Stackable Middle),Alabaster Lord's Sword,0.0,0.0,0.0,0.0,0.0,0.0,0.0,2.0,0.0,184.0,0.0,0.0,0.0,1.0,-,0.0
Alabaster Lords' Pull,Alabaster Lords' Pull - Bullet (Stackable Outer),Alabaster Lord's Sword,0.0,0.0,0.0,0.0,0.0,0.0,0.0,2.0,0.0,184.0,0.0,0.0,0.0,1.0,-,0.0
Alabaster Lords' Pull,Alabaster Lords' Pull (Lacking FP),Alabaster Lord's Sword,100.0,100.0,100.0,100.0,100.0,100.0,100.0,37.0,0.0,0.0,0.0,0.0,0.0,0.0,-,1.0
Ghostflame Ignition,Ghostflame Ignition,Death's Poker,0.0,0.0,0.0,0.0,0.0,100.0,100.0,14.0,0.0,0.0,0.0,0.0,0.0,0.0,-,0.0
Ghostflame Ignition,Ghostflame Ignition - Bullet (Ticks),Death's Poker,0.0,0.0,0.0,0.0,0.0,100.0,0.0,0.0,0.0,55.0,0.0,0.0,0.0,1.0,-,0.0
Ghostflame Ignition,Ghostflame Ignition - Bullet (Explosion),Death's Poker,0.0,0.0,0.0,0.0,0.0,100.0,0.0,0.0,0.0,140.0,0.0,0.0,0.0,1.0,-,0.0
Ghostflame Ignition R1,Ghostflame Ignition R1,Death's Poker,110.0,110.0,110.0,110.0,110.0,100.0,100.0,9.0,0.0,0.0,0.0,0.0,0.0,0.0,-,0.0
Ghostflame Ignition R1,Ghostflame Ignition R1 - Bullet,Death's Poker,0.0,0.0,0.0,0.0,0.0,100.0,0.0,0.0,0.0,150.0,0.0,0.0,0.0,1.0,-,0.0
Ghostflame Ignition R1,Ghostflame Ignition R1 - Bullet (Ground Flame),Death's Poker,0.0,0.0,0.0,0.0,0.0,100.0,0.0,0.0,0.0,60.0,0.0,0.0,0.0,1.0,-,0.0
Ghostflame Ignition R2,Ghostflame Ignition R2,Death's Poker,0.0,0.0,0.0,0.0,0.0,100.0,100.0,9.0,0.0,0.0,0.0,0.0,0.0,0.0,-,0.0
Ghostflame Ignition R2,Ghostflame Ignition R2 - Bullet,Death's Poker,0.0,0.0,0.0,0.0,0.0,100.0,0.0,0.0,0.0,200.0,0.0,0.0,0.0,1.0,-,0.0
Ghostflame Ignition,Ghostflame Ignition (Lacking FP),Death's Poker,75.0,75.0,75.0,75.0,75.0,100.0,75.0,14.0,0.0,0.0,0.0,0.0,0.0,0.0,-,1.0
Ghostflame Ignition R1,Ghostflame Ignition R1 (Lacking FP),Death's Poker,85.0,85.0,85.0,85.0,85.0,100.0,85.0,9.0,0.0,0.0,0.0,0.0,0.0,0.0,-,1.0
Ghostflame Ignition R2,Ghostflame Ignition R2 (Lacking FP),Death's Poker,85.0,85.0,85.0,85.0,85.0,100.0,85.0,9.0,0.0,0.0,0.0,0.0,0.0,0.0,-,1.0
Ruinous Ghostflame,Ruinous Ghostflame,Helphen's Steeple,120.0,120.0,120.0,120.0,120.0,100.0,120.0,11.0,0.0,0.0,0.0,0.0,0.0,0.0,-,0.0
Taker's Flames,Taker's Flames,Blasphemous Blade,65.0,65.0,65.0,65.0,65.0,100.0,150.0,0.0,0.0,0.0,0.0,0.0,0.0,0.0,-,0.0
Taker's Flames,Taker's Flames - Bullet,Blasphemous Blade,0.0,0.0,510.0,0.0,0.0,100.0,290.0,0.0,0.0,0.0,0.0,0.0,0.0,1.0,-,0.0
Taker's Flames,Taker's Flames (Lacking FP),Blasphemous Blade,150.0,150.0,150.0,150.0,150.0,100.0,150.0,36.0,0.0,0.0,0.0,0.0,0.0,0.0,-,1.0
Establish Order,Establish Order #1 - Bullet,Golden Order Greatsword,0.0,0.0,0.0,0.0,200.0,100.0,350.0,31.0,0.0,0.0,0.0,0.0,0.0,0.0,-,0.0
Establish Order,Establish Order #2 [1],Golden Order Greatsword,80.0,80.0,80.0,80.0,80.0,100.0,150.0,13.0,0.0,0.0,0.0,0.0,0.0,0.0,-,0.0
Establish Order,Establish Order #2 [2],Golden Order Greatsword,0.0,0.0,0.0,0.0,300.0,100.0,180.0,17.0,0.0,0.0,0.0,0.0,0.0,0.0,-,0.0
Establish Order,Establish Order #2 - Bullet,Golden Order Greatsword,0.0,0.0,0.0,0.0,300.0,100.0,180.0,0.0,0.0,0.0,0.0,0.0,0.0,0.0,-,0.0
Establish Order,Establish Order #2 - Bullet,Golden Order Greatsword,0.0,0.0,0.0,0.0,300.0,100.0,180.0,0.0,0.0,0.0,0.0,0.0,0.0,0.0,-,0.0
Establish Order ?,Establish Order ? - Bullet,Golden Order Greatsword,0.0,0.0,0.0,0.0,0.0,0.0,0.0,0.0,0.0,0.0,0.0,0.0,0.0,0.0,-,0.0
Establish Order,Establish Order #2 [1] (Lacking FP),Golden Order Greatsword,60.0,60.0,60.0,60.0,60.0,100.0,80.0,13.0,0.0,0.0,0.0,0.0,0.0,0.0,-,1.0
Establish Order,Establish Order #2 [2] (Lacking FP),Golden Order Greatsword,90.0,90.0,90.0,90.0,90.0,100.0,120.0,17.0,0.0,0.0,0.0,0.0,0.0,0.0,-,1.0
Moonlight Greatsword R2,Moonlight Greatsword R2 - Bullet,Dark Moon Greatsword,0.0,0.0,0.0,0.0,0.0,120.0,0.0,32.0,0.0,115.0,0.0,0.0,0.0,1.0,-,0.0
Moonlight Greatsword Charged R2,Moonlight Greatsword Charged R2 - Bullet,Dark Moon Greatsword,0.0,0.0,0.0,0.0,0.0,150.0,0.0,44.0,0.0,145.0,0.0,0.0,0.0,1.0,-,0.0
Moonlight Greatsword 1h R2,Moonlight Greatsword 1h R2 #1,Dark Moon Greatsword,50.0,50.0,50.0,50.0,50.0,100.0,140.0,0.0,0.0,0.0,0.0,0.0,0.0,0.0,-,0.0
Moonlight Greatsword 1h Charged R2,Moonlight Greatsword 1h Charged R2 #1,Dark Moon Greatsword,65.0,65.0,65.0,65.0,65.0,100.0,160.0,0.0,0.0,0.0,0.0,0.0,0.0,0.0,-,0.0
Moonlight Greatsword 1h R2,Moonlight Greatsword 1h R2 #2,Dark Moon Greatsword,50.0,50.0,50.0,50.0,50.0,100.0,140.0,0.0,0.0,0.0,0.0,0.0,0.0,0.0,-,0.0
Moonlight Greatsword 1h Charged R2,Moonlight Greatsword 1h Charged R2 #2,Dark Moon Greatsword,65.0,65.0,65.0,65.0,65.0,100.0,160.0,0.0,0.0,0.0,0.0,0.0,0.0,0.0,-,0.0
Moonlight Greatsword 2h R2,Moonlight Greatsword 2h R2 #1,Dark Moon Greatsword,53.0,53.0,53.0,53.0,53.0,100.0,140.0,0.0,0.0,0.0,0.0,0.0,0.0,0.0,-,0.0
Moonlight Greatsword 2h Charged R2,Moonlight Greatsword 2h Charged R2 #1,Dark Moon Greatsword,68.0,68.0,68.0,68.0,68.0,100.0,160.0,0.0,0.0,0.0,0.0,0.0,0.0,0.0,-,0.0
Moonlight Greatsword 2h R2,Moonlight Greatsword 2h R2 #2,Dark Moon Greatsword,53.0,53.0,53.0,53.0,53.0,100.0,140.0,0.0,0.0,0.0,0.0,0.0,0.0,0.0,-,0.0
Moonlight Greatsword 2h Charged R2,Moonlight Greatsword 2h Charged R2 #2,Dark Moon Greatsword,68.0,68.0,68.0,68.0,68.0,100.0,160.0,0.0,0.0,0.0,0.0,0.0,0.0,0.0,-,0.0
Golden Crux,Golden Crux - Grab,Greatsword of Damnation,0.0,0.0,0.0,0.0,0.0,0.0,0.0,38.0,0.0,0.0,0.0,0.0,0.0,0.0,-,0.0
Golden Crux,Golden Crux - Grab Confirm,Greatsword of Damnation,290.0,290.0,290.0,290.0,290.0,100.0,100.0,0.0,0.0,0.0,0.0,0.0,0.0,0.0,-,0.0
Golden Crux,Golden Crux #1,Greatsword of Damnation,150.0,150.0,150.0,150.0,150.0,100.0,300.0,0.0,0.0,0.0,0.0,0.0,0.0,0.0,-,0.0
Golden Crux,Golden Crux #2 - Bullet,Greatsword of Damnation,180.0,180.0,180.0,180.0,180.0,100.0,300.0,19.0,0.0,0.0,0.0,0.0,0.0,0.0,-,0.0
Golden Crux,Golden Crux #1 (Lacking FP),Greatsword of Damnation,120.0,120.0,120.0,120.0,120.0,100.0,100.0,38.0,0.0,0.0,0.0,0.0,0.0,0.0,-,1.0
Golden Crux,Golden Crux #2 (Lacking FP),Greatsword of Damnation,50.0,50.0,50.0,50.0,50.0,100.0,100.0,19.0,0.0,0.0,0.0,0.0,0.0,0.0,-,1.0
Wave of Gold,Wave of Gold,Sacred Relic Sword,0.0,0.0,0.0,0.0,0.0,0.0,0.0,0.0,0.0,0.0,0.0,0.0,0.0,0.0,-,0.0
Wave of Gold,Wave of Gold - Bullet,Sacred Relic Sword,0.0,0.0,0.0,0.0,0.0,0.0,0.0,75.0,0.0,0.0,0.0,0.0,250.0,1.0,-,0.0
Wave of Gold,Wave of Gold - Bullet,Sacred Relic Sword,0.0,0.0,0.0,0.0,0.0,0.0,0.0,0.0,0.0,0.0,0.0,0.0,230.0,1.0,-,0.0
Wave of Gold,Wave of Gold - Bullet,Sacred Relic Sword,0.0,0.0,0.0,0.0,0.0,0.0,0.0,0.0,0.0,0.0,0.0,0.0,250.0,1.0,-,0.0
Wave of Gold,Wave of Gold - Bullet,Sacred Relic Sword,0.0,0.0,0.0,0.0,0.0,0.0,0.0,0.0,0.0,0.0,0.0,0.0,230.0,1.0,-,0.0
Wave of Gold,Wave of Gold (Lacking FP),Sacred Relic Sword,125.0,125.0,125.0,125.0,125.0,100.0,220.0,75.0,0.0,0.0,0.0,0.0,0.0,0.0,-,1.0
Tremendous Phalanx,Tremendous Phalanx - Bullet (Swords),Moonrithyll's Knight Sword,0.0,0.0,0.0,0.0,0.0,0.0,0.0,0.0,0.0,75.0,0.0,0.0,0.0,1.0,Intelligence,0.0
Tremendous Phalanx R2,Tremendous Phalanx R2,Moonrithyll's Knight Sword,150.0,150.0,150.0,150.0,150.0,100.0,250.0,30.0,0.0,0.0,0.0,0.0,0.0,0.0,-,0.0
Tremendous Phalanx R2,Tremendous Phalanx R2 (Lacking FP),Moonrithyll's Knight Sword,105.0,105.0,105.0,105.0,105.0,100.0,100.0,30.0,0.0,0.0,0.0,0.0,0.0,0.0,-,1.0
Wolf's Assault,Wolf's Assault,Royal Greatsword,110.0,110.0,110.0,110.0,110.0,100.0,170.0,32.0,0.0,50.0,0.0,0.0,0.0,1.0,-,0.0
Wolf's Assault,Wolf's Assault - Bullet,Royal Greatsword,120.0,120.0,120.0,120.0,120.0,100.0,170.0,0.0,0.0,50.0,0.0,0.0,0.0,1.0,-,0.0
Wolf's Assault ?,Wolf's Assault ?,Royal Greatsword,0.0,0.0,0.0,0.0,0.0,0.0,0.0,0.0,0.0,0.0,0.0,0.0,0.0,0.0,-,0.0
Wolf's Assault,Wolf's Assault (Lacking FP),Royal Greatsword,110.0,110.0,110.0,110.0,110.0,100.0,140.0,32.0,0.0,0.0,0.0,0.0,0.0,0.0,-,1.0
Wave of Destruction,Wave of Destruction,Ruins Greatsword,85.0,85.0,85.0,85.0,85.0,100.0,85.0,32.0,0.0,0.0,0.0,0.0,0.0,0.0,-,0.0
Wave of Destruction,Wave of Destruction - Bullet,Ruins Greatsword,170.0,170.0,170.0,170.0,170.0,100.0,300.0,0.0,0.0,0.0,0.0,0.0,0.0,0.0,-,0.0
Wave of Destruction,Wave of Destruction (Lacking FP),Ruins Greatsword,100.0,100.0,100.0,100.0,100.0,100.0,100.0,32.0,0.0,0.0,0.0,0.0,0.0,0.0,-,1.0
White Light Charge,White Light Charge #1,Ancient Meteoric Ore Greatsword,85.0,85.0,85.0,85.0,85.0,100.0,200.0,15.0,0.0,0.0,0.0,0.0,0.0,0.0,-,0.0
White Light Charge,White Light Charge #2 - Bullet,Ancient Meteoric Ore Greatsword,185.0,185.0,185.0,185.0,185.0,100.0,400.0,21.0,0.0,0.0,0.0,0.0,0.0,0.0,-,0.0
White Light Charge,White Light Charge #1 (Lacking FP),Ancient Meteoric Ore Greatsword,70.0,70.0,70.0,70.0,70.0,100.0,100.0,15.0,0.0,0.0,0.0,0.0,0.0,0.0,-,1.0
White Light Charge,White Light Charge #2 (Lacking FP),Ancient Meteoric Ore Greatsword,70.0,70.0,70.0,70.0,70.0,100.0,100.0,21.0,0.0,0.0,0.0,0.0,0.0,0.0,-,1.0
Starcaller Cry,Starcaller Cry,Starscourge Greatsword,60.0,60.0,60.0,60.0,60.0,0.0,0.0,30.0,0.0,50.0,0.0,0.0,0.0,1.0,-,0.0
Starcaller Cry,Starcaller Cry,Starscourge Greatsword,60.0,60.0,60.0,60.0,60.0,0.0,0.0,0.0,0.0,50.0,0.0,0.0,0.0,1.0,-,0.0
Starcaller Cry,Starcaller Cry,Starscourge Greatsword,60.0,60.0,60.0,60.0,60.0,0.0,0.0,0.0,0.0,50.0,0.0,0.0,0.0,1.0,-,0.0
Starcaller Cry,Starcaller Cry,Starscourge Greatsword,60.0,60.0,60.0,60.0,60.0,0.0,0.0,0.0,0.0,50.0,0.0,0.0,0.0,1.0,-,0.0
Starcaller Cry,Starcaller Cry,Starscourge Greatsword,60.0,60.0,60.0,60.0,60.0,0.0,0.0,0.0,0.0,50.0,0.0,0.0,0.0,1.0,-,0.0
Starcaller Cry,Starcaller Cry,Starscourge Greatsword,240.0,240.0,240.0,240.0,240.0,100.0,170.0,15.0,0.0,50.0,0.0,0.0,0.0,1.0,-,0.0
Starcaller Cry,Starcaller Cry,Starscourge Greatsword,240.0,240.0,240.0,240.0,240.0,100.0,170.0,15.0,0.0,50.0,0.0,0.0,0.0,1.0,-,0.0
Starcaller Cry,Starcaller Cry - Bullet,Starscourge Greatsword,240.0,240.0,240.0,240.0,240.0,100.0,170.0,0.0,0.0,50.0,0.0,0.0,0.0,1.0,-,0.0
Starcaller Cry,Starcaller Cry,Starscourge Greatsword,170.0,170.0,170.0,170.0,170.0,100.0,120.0,15.0,0.0,0.0,0.0,0.0,0.0,0.0,-,0.0
Starcaller Cry,Starcaller Cry,Starscourge Greatsword,170.0,170.0,170.0,170.0,170.0,100.0,120.0,15.0,0.0,0.0,0.0,0.0,0.0,0.0,-,0.0
Starcaller Cry,Starcaller Cry,Starscourge Greatsword,0.0,0.0,0.0,0.0,0.0,0.0,0.0,0.0,0.0,0.0,0.0,0.0,0.0,0.0,-,0.0
Starcaller Cry,Starcaller Cry,Starscourge Greatsword,0.0,0.0,0.0,0.0,0.0,0.0,0.0,0.0,0.0,0.0,0.0,0.0,0.0,0.0,-,0.0
Starcaller Cry,Starcaller Cry,Starscourge Greatsword,0.0,0.0,0.0,0.0,0.0,0.0,0.0,0.0,0.0,0.0,0.0,0.0,0.0,0.0,-,0.0
Starcaller Cry,Starcaller Cry,Starscourge Greatsword,0.0,0.0,0.0,0.0,0.0,0.0,0.0,0.0,0.0,0.0,0.0,0.0,0.0,0.0,-,0.0
Promised Consort,Promised Consort #1 [1],Greatsword of Radahn (Lord),81.0,81.0,81.0,81.0,81.0,90.0,200.0,21.0,0.0,0.0,0.0,0.0,20.0,0.0,-,0.0
Promised Consort,Promised Consort #1 - Bullet,Greatsword of Radahn (Lord),0.0,0.0,0.0,0.0,0.0,0.0,0.0,0.0,0.0,0.0,0.0,0.0,31.0,1.0,Intelligence,0.0
Promised Consort,Promised Consort #1 [2],Greatsword of Radahn (Lord),83.0,83.0,83.0,83.0,83.0,90.0,50.0,21.0,0.0,0.0,0.0,0.0,20.0,0.0,-,0.0
Promised Consort,Promised Consort #1 - Bullet,Greatsword of Radahn (Lord),0.0,0.0,0.0,0.0,0.0,0.0,0.0,0.0,0.0,0.0,0.0,0.0,31.0,1.0,Intelligence,0.0
Promised Consort,Promised Consort #2 [1],Greatsword of Radahn (Lord),81.0,81.0,81.0,81.0,81.0,90.0,200.0,21.0,0.0,0.0,0.0,0.0,20.0,0.0,-,0.0
Promised Consort,Promised Consort #2 - Bullet,Greatsword of Radahn (Lord),0.0,0.0,0.0,0.0,0.0,0.0,0.0,0.0,0.0,0.0,0.0,0.0,31.0,1.0,Intelligence,0.0
Promised Consort,Promised Consort #2 [2],Greatsword of Radahn (Lord),83.0,83.0,83.0,83.0,83.0,90.0,50.0,21.0,0.0,0.0,0.0,0.0,20.0,0.0,-,0.0
Promised Consort,Promised Consort #2 - Bullet,Greatsword of Radahn (Lord),0.0,0.0,0.0,0.0,0.0,0.0,0.0,0.0,0.0,0.0,0.0,0.0,31.0,1.0,Intelligence,0.0
Promised Consort,Promised Consort #3 [1],Greatsword of Radahn (Lord),57.0,57.0,57.0,57.0,57.0,90.0,150.0,18.0,0.0,0.0,0.0,0.0,20.0,0.0,-,0.0
Promised Consort,Promised Consort #3 - Bullet,Greatsword of Radahn (Lord),0.0,0.0,0.0,0.0,0.0,0.0,0.0,0.0,0.0,0.0,0.0,0.0,31.0,1.0,Intelligence,0.0
Promised Consort,Promised Consort #3 [2],Greatsword of Radahn (Lord),61.0,61.0,61.0,61.0,61.0,90.0,50.0,15.0,0.0,0.0,0.0,0.0,20.0,0.0,-,0.0
Promised Consort,Promised Consort #3 [3],Greatsword of Radahn (Lord),61.0,61.0,61.0,61.0,61.0,90.0,50.0,15.0,0.0,0.0,0.0,0.0,20.0,0.0,-,0.0
Promised Consort,Promised Consort #3 - Bullet,Greatsword of Radahn (Lord),0.0,0.0,0.0,0.0,0.0,0.0,0.0,0.0,0.0,0.0,0.0,0.0,135.0,1.0,Intelligence,0.0
Promised Consort,Promised Consort #1 [1] (Lacking FP),Greatsword of Radahn (Lord),45.0,45.0,45.0,45.0,45.0,90.0,45.0,21.0,0.0,0.0,0.0,0.0,0.0,0.0,-,1.0
Promised Consort,Promised Consort #1 [2] (Lacking FP),Greatsword of Radahn (Lord),47.0,47.0,47.0,47.0,47.0,90.0,45.0,21.0,0.0,0.0,0.0,0.0,0.0,0.0,-,1.0
Promised Consort,Promised Consort #2 [1] (Lacking FP),Greatsword of Radahn (Lord),46.0,46.0,46.0,46.0,46.0,90.0,45.0,21.0,0.0,0.0,0.0,0.0,0.0,0.0,-,1.0
Promised Consort,Promised Consort #2 [2] (Lacking FP),Greatsword of Radahn (Lord),48.0,48.0,48.0,48.0,48.0,90.0,45.0,21.0,0.0,0.0,0.0,0.0,0.0,0.0,-,1.0
Promised Consort,Promised Consort #3 [1] (Lacking FP),Greatsword of Radahn (Lord),40.0,40.0,40.0,40.0,40.0,90.0,45.0,18.0,0.0,0.0,0.0,0.0,0.0,0.0,-,1.0
Promised Consort,Promised Consort #3 [2] (Lacking FP),Greatsword of Radahn (Lord),57.0,57.0,57.0,57.0,57.0,90.0,45.0,15.0,0.0,0.0,0.0,0.0,0.0,0.0,-,1.0
Promised Consort,Promised Consort #3 [3] (Lacking FP),Greatsword of Radahn (Lord),57.0,57.0,57.0,57.0,57.0,90.0,45.0,15.0,0.0,0.0,0.0,0.0,0.0,0.0,-,1.0
Lightspeed Slash,Lightspeed Slash,Greatsword of Radahn (Light),99.0,99.0,99.0,99.0,99.0,100.0,250.0,56.0,0.0,0.0,0.0,0.0,20.0,0.0,-,0.0
Lightspeed Slash,Lightspeed Slash - Bullet,Greatsword of Radahn (Light),35.0,35.0,35.0,35.0,35.0,0.0,0.0,0.0,0.0,0.0,0.0,0.0,8.0,1.0,-,0.0
Lightspeed Slash,Lightspeed Slash - Bullet,Greatsword of Radahn (Light),17.0,17.0,17.0,17.0,17.0,0.0,0.0,0.0,0.0,0.0,0.0,0.0,3.0,1.0,-,0.0
Lightspeed Slash Charged,Lightspeed Slash Charged,Greatsword of Radahn (Light),132.0,132.0,132.0,132.0,132.0,100.0,450.0,72.0,0.0,0.0,0.0,0.0,20.0,0.0,-,0.0
Lightspeed Slash Charged,Lightspeed Slash Charged - Bullet,Greatsword of Radahn (Light),38.0,38.0,38.0,38.0,38.0,0.0,0.0,0.0,0.0,0.0,0.0,0.0,8.0,1.0,-,0.0
Lightspeed Slash Charged,Lightspeed Slash Charged - Bullet,Greatsword of Radahn (Light),19.0,19.0,19.0,19.0,19.0,0.0,0.0,0.0,0.0,0.0,0.0,0.0,3.0,1.0,-,0.0
The Queen's Black Flame,The Queen's Black Flame #1 [1],Godslayer's Greatsword,75.0,75.0,75.0,75.0,75.0,100.0,100.0,5.0,0.0,0.0,60.0,0.0,0.0,0.0,-,0.0
The Queen's Black Flame,The Queen's Black Flame #1 [2],Godslayer's Greatsword,220.0,220.0,220.0,220.0,220.0,100.0,300.0,20.0,0.0,0.0,0.0,0.0,0.0,0.0,-,0.0
The Queen's Black Flame,The Queen's Black Flame #2,Godslayer's Greatsword,230.0,230.0,230.0,230.0,230.0,100.0,400.0,25.0,0.0,0.0,0.0,0.0,0.0,0.0,-,0.0
The Queen's Black Flame,The Queen's Black Flame #1 [1] (Lacking FP),Godslayer's Greatsword,75.0,75.0,75.0,75.0,75.0,100.0,100.0,5.0,0.0,0.0,60.0,0.0,0.0,0.0,-,1.0
The Queen's Black Flame,The Queen's Black Flame #1 [2] (Lacking FP),Godslayer's Greatsword,100.0,100.0,100.0,100.0,100.0,100.0,125.0,20.0,0.0,0.0,0.0,0.0,0.0,0.0,-,1.0
The Queen's Black Flame,The Queen's Black Flame #2 (Lacking FP),Godslayer's Greatsword,100.0,100.0,100.0,100.0,100.0,100.0,125.0,25.0,0.0,0.0,0.0,0.0,0.0,0.0,-,1.0
Destined Death,Destined Death [1],Maliketh's Black Blade,80.0,80.0,80.0,80.0,80.0,100.0,130.0,19.0,0.0,0.0,0.0,0.0,0.0,1.0,-,0.0
Destined Death,Destined Death [2],Maliketh's Black Blade,90.0,90.0,90.0,90.0,90.0,100.0,150.0,22.0,0.0,0.0,0.0,0.0,0.0,1.0,-,0.0
Destined Death,Destined Death - Bullet,Maliketh's Black Blade,45.0,45.0,45.0,45.0,45.0,50.0,30.0,22.0,0.0,0.0,0.0,0.0,0.0,1.0,-,0.0
Destined Death,Destined Death - Bullet,Maliketh's Black Blade,45.0,45.0,45.0,45.0,45.0,50.0,30.0,0.0,0.0,0.0,0.0,0.0,0.0,1.0,-,0.0
Destined Death,Destined Death - Bullet,Maliketh's Black Blade,45.0,45.0,45.0,45.0,45.0,50.0,30.0,0.0,0.0,0.0,0.0,0.0,0.0,1.0,-,0.0
Destined Death,Destined Death [1] (Lacking FP),Maliketh's Black Blade,80.0,80.0,80.0,80.0,80.0,100.0,100.0,19.0,0.0,0.0,0.0,0.0,0.0,0.0,-,1.0
Destined Death,Destined Death [2] (Lacking FP),Maliketh's Black Blade,90.0,90.0,90.0,90.0,90.0,100.0,100.0,22.0,0.0,0.0,0.0,0.0,0.0,0.0,-,1.0
Impaling Thrust,Impaling Thrust,Carian Sorcery Sword,187.0,187.0,187.0,187.0,187.0,100.0,600.0,39.0,0.0,0.0,0.0,0.0,0.0,0.0,-,0.0
Impaling Thrust,Impaling Thrust (Lacking FP),Carian Sorcery Sword,90.0,90.0,90.0,90.0,90.0,100.0,200.0,39.0,0.0,0.0,0.0,0.0,0.0,0.0,-,1.0
Dynast's Finesse,Dynast's Finesse - Backstep,Bloody Helice,0.0,0.0,0.0,0.0,0.0,0.0,0.0,17.0,0.0,0.0,0.0,0.0,0.0,0.0,-,0.0
Dynast's Finesse R2,Dynast's Finesse R2 #1,Bloody Helice,185.0,185.0,185.0,185.0,185.0,100.0,600.0,29.0,0.0,0.0,0.0,0.0,0.0,0.0,-,0.0
Dynast's Finesse R2,Dynast's Finesse R2 #2 [1],Bloody Helice,90.0,90.0,90.0,90.0,90.0,100.0,200.0,11.0,0.0,0.0,0.0,0.0,0.0,0.0,-,0.0
Dynast's Finesse R2,Dynast's Finesse R2 #2 [2],Bloody Helice,95.0,95.0,95.0,95.0,95.0,100.0,200.0,23.0,0.0,0.0,0.0,0.0,0.0,0.0,-,0.0
Dynast's Finesse,Dynast's Finesse - Backstep (Lacking FP),Bloody Helice,0.0,0.0,0.0,0.0,0.0,0.0,0.0,17.0,0.0,0.0,0.0,0.0,0.0,0.0,-,1.0
Dynast's Finesse R2,Dynast's Finesse R2 #1 (Lacking FP),Bloody Helice,100.0,100.0,100.0,100.0,100.0,100.0,100.0,29.0,0.0,0.0,0.0,0.0,0.0,0.0,-,1.0
Dynast's Finesse R2,Dynast's Finesse R2 #2 [1] (Lacking FP),Bloody Helice,70.0,70.0,70.0,70.0,70.0,100.0,100.0,11.0,0.0,0.0,0.0,0.0,0.0,0.0,-,1.0
Dynast's Finesse R2,Dynast's Finesse R2 #2 [2] (Lacking FP),Bloody Helice,75.0,75.0,75.0,75.0,75.0,100.0,100.0,23.0,0.0,0.0,0.0,0.0,0.0,0.0,-,1.0
Thundercloud Form,Thundercloud Form [1] - Uncharged/Partial Loop 1-3x,Dragon King's Cragblade,0.0,0.0,0.0,0.0,0.0,0.0,0.0,5.0,0.0,0.0,0.0,25.0,0.0,1.0,-,0.0
Thundercloud Form,Thundercloud Form [2],Dragon King's Cragblade,190.0,190.0,190.0,190.0,190.0,100.0,200.0,33.0,0.0,0.0,0.0,20.0,0.0,1.0,-,0.0
Thundercloud Form Charged,Thundercloud Form Charged [1] - Loop 6x,Dragon King's Cragblade,0.0,0.0,0.0,0.0,0.0,0.0,0.0,5.0,0.0,0.0,0.0,25.0,0.0,1.0,-,0.0
Thundercloud Form Charged,Thundercloud Form Charged [2],Dragon King's Cragblade,256.0,256.0,256.0,256.0,256.0,100.0,600.0,33.0,0.0,0.0,0.0,20.0,0.0,1.0,-,0.0
Magma Shower,Magma Shower #1,Magma Blade,100.0,100.0,100.0,100.0,100.0,100.0,290.0,15.0,0.0,0.0,0.0,0.0,0.0,0.0,-,0.0
Magma Shower,Magma Shower #2 [1],Magma Blade,65.0,65.0,65.0,65.0,65.0,100.0,90.0,10.0,0.0,0.0,0.0,0.0,0.0,0.0,-,0.0
Magma Shower,Magma Shower #2 [2],Magma Blade,120.0,120.0,120.0,120.0,120.0,100.0,290.0,15.0,0.0,0.0,0.0,0.0,0.0,0.0,-,0.0
Magma Shower,Magma Shower - Bullet,Magma Blade,0.0,0.0,0.0,0.0,0.0,100.0,0.0,0.0,0.0,0.0,0.0,0.0,0.0,1.0,-,0.0
Magma Shower,Magma Shower - Bullet,Magma Blade,0.0,0.0,0.0,0.0,0.0,100.0,0.0,0.0,0.0,0.0,30.0,0.0,0.0,1.0,-,0.0
Magma Shower,Magma Shower #1 (Lacking FP),Magma Blade,80.0,80.0,80.0,80.0,80.0,100.0,75.0,15.0,0.0,0.0,0.0,0.0,0.0,0.0,-,1.0
Magma Shower,Magma Shower #2 [1] (Lacking FP),Magma Blade,50.0,50.0,50.0,50.0,50.0,100.0,50.0,10.0,0.0,0.0,0.0,0.0,0.0,0.0,-,1.0
Magma Shower,Magma Shower #2 [2] (Lacking FP),Magma Blade,100.0,100.0,100.0,100.0,100.0,100.0,75.0,15.0,0.0,0.0,0.0,0.0,0.0,0.0,-,1.0
Rancor Slash,Rancor Slash #1 [1],Spirit Sword,80.0,80.0,80.0,80.0,80.0,75.0,85.0,18.0,0.0,0.0,0.0,0.0,0.0,0.0,-,0.0
Rancor Slash,Rancor Slash #1 [2],Spirit Sword,80.0,80.0,80.0,80.0,80.0,75.0,85.0,18.0,0.0,0.0,0.0,0.0,0.0,0.0,-,0.0
Rancor Slash,Rancor Slash #2,Spirit Sword,100.0,100.0,100.0,100.0,100.0,100.0,120.0,27.0,0.0,0.0,0.0,0.0,0.0,0.0,-,0.0
Rancor Slash,Rancor Slash - Bullet,Spirit Sword,0.0,0.0,0.0,0.0,0.0,100.0,0.0,0.0,0.0,46.0,0.0,0.0,0.0,1.0,Intelligence,0.0
Rancor Slash,Rancor Slash #1 [1] (Lacking FP),Spirit Sword,70.0,70.0,70.0,70.0,70.0,100.0,70.0,18.0,0.0,0.0,0.0,0.0,0.0,0.0,-,1.0
Rancor Slash,Rancor Slash #1 [2] (Lacking FP),Spirit Sword,70.0,70.0,70.0,70.0,70.0,100.0,70.0,18.0,0.0,0.0,0.0,0.0,0.0,0.0,-,1.0
Rancor Slash,Rancor Slash #2 (Lacking FP),Spirit Sword,100.0,100.0,100.0,100.0,100.0,100.0,100.0,27.0,0.0,0.0,0.0,0.0,0.0,0.0,-,1.0
Flowing Form,Flowing Form,Nox Flowing Sword,220.0,220.0,220.0,220.0,220.0,100.0,440.0,27.0,0.0,0.0,0.0,0.0,0.0,0.0,-,0.0
Flowing Form,Flowing Form (Lacking FP),Nox Flowing Sword,100.0,100.0,100.0,100.0,100.0,100.0,100.0,27.0,0.0,0.0,0.0,0.0,0.0,0.0,-,1.0
Nebula,Nebula - Bullet,Wing of Astel,0.0,0.0,0.0,0.0,0.0,0.0,0.0,27.0,0.0,0.0,0.0,0.0,0.0,0.0,-,0.0
Nebula,Nebula - Bullet,Wing of Astel,0.0,0.0,0.0,0.0,0.0,0.0,0.0,0.0,0.0,0.0,0.0,0.0,0.0,0.0,-,0.0
Nebula,Nebula - Bullet,Wing of Astel,0.0,0.0,0.0,0.0,0.0,0.0,0.0,0.0,0.0,100.0,0.0,0.0,0.0,1.0,-,0.0
Nebula,Nebula (Lacking FP),Wing of Astel,135.0,135.0,135.0,135.0,135.0,100.0,200.0,27.0,0.0,0.0,0.0,0.0,0.0,0.0,-,1.0
Revenger's Blade,Revenger's Blade [1],Falx,125.0,125.0,125.0,125.0,125.0,100.0,100.0,7.0,0.0,0.0,0.0,0.0,0.0,0.0,-,0.0
Revenger's Blade,Revenger's Blade [2],Falx,125.0,125.0,125.0,125.0,125.0,100.0,100.0,7.0,0.0,0.0,0.0,0.0,0.0,0.0,-,0.0
Revenger's Blade Charged,Revenger's Blade Charged [1],Falx,153.0,153.0,153.0,153.0,153.0,100.0,100.0,11.0,0.0,0.0,0.0,0.0,0.0,0.0,-,0.0
Revenger's Blade Charged,Revenger's Blade Charged [2],Falx,0.0,0.0,0.0,0.0,0.0,100.0,100.0,11.0,100.0,0.0,0.0,0.0,0.0,1.0,Dexterity,0.0
Revenger's Blade R1,Revenger's Blade R1 [1],Falx,50.0,50.0,50.0,50.0,50.0,100.0,70.0,2.0,0.0,0.0,0.0,0.0,0.0,0.0,-,0.0
Revenger's Blade R1,Revenger's Blade R1 [2],Falx,50.0,50.0,50.0,50.0,50.0,100.0,70.0,2.0,0.0,0.0,0.0,0.0,0.0,0.0,-,0.0
Revenger's Blade R1,Revenger's Blade R1 [3],Falx,50.0,50.0,50.0,50.0,50.0,100.0,70.0,2.0,0.0,0.0,0.0,0.0,0.0,0.0,-,0.0
Revenger's Blade R1,Revenger's Blade R1 [4],Falx,50.0,50.0,50.0,50.0,50.0,100.0,70.0,2.0,0.0,0.0,0.0,0.0,0.0,0.0,-,0.0
Revenger's Blade R1,Revenger's Blade R1 [5],Falx,50.0,50.0,50.0,50.0,50.0,100.0,70.0,2.0,0.0,0.0,0.0,0.0,0.0,0.0,-,0.0
Revenger's Blade R1,Revenger's Blade R1 [6],Falx,143.0,143.0,143.0,143.0,143.0,100.0,70.0,11.0,0.0,0.0,0.0,0.0,0.0,0.0,-,0.0
Revenger's Blade R1,Revenger's Blade R1 [7],Falx,143.0,143.0,143.0,143.0,143.0,100.0,70.0,11.0,0.0,0.0,0.0,0.0,0.0,0.0,-,0.0
Revenger's Blade,Revenger's Blade [1] (Lacking FP),Falx,100.0,100.0,100.0,100.0,100.0,100.0,100.0,7.0,0.0,0.0,0.0,0.0,0.0,0.0,-,1.0
Revenger's Blade,Revenger's Blade [2] (Lacking FP),Falx,100.0,100.0,100.0,100.0,100.0,100.0,100.0,7.0,0.0,0.0,0.0,0.0,0.0,0.0,-,1.0
Revenger's Blade Charged,Revenger's Blade Charged [1] (Lacking FP),Falx,100.0,100.0,100.0,100.0,100.0,100.0,100.0,11.0,0.0,0.0,0.0,0.0,0.0,0.0,-,1.0
Revenger's Blade Charged,Revenger's Blade Charged [2] (Lacking FP),Falx,100.0,100.0,100.0,100.0,100.0,100.0,100.0,11.0,0.0,0.0,0.0,0.0,0.0,0.0,-,1.0
Revenger's Blade R1,Revenger's Blade R1 [1] (Lacking FP),Falx,30.0,30.0,30.0,30.0,30.0,100.0,100.0,2.0,0.0,0.0,0.0,0.0,0.0,0.0,-,1.0
Revenger's Blade R1,Revenger's Blade R1 [2] (Lacking FP),Falx,30.0,30.0,30.0,30.0,30.0,100.0,100.0,2.0,0.0,0.0,0.0,0.0,0.0,0.0,-,1.0
Revenger's Blade R1,Revenger's Blade R1 [3] (Lacking FP),Falx,30.0,30.0,30.0,30.0,30.0,100.0,100.0,2.0,0.0,0.0,0.0,0.0,0.0,0.0,-,1.0
Revenger's Blade R1,Revenger's Blade R1 [4] (Lacking FP),Falx,30.0,30.0,30.0,30.0,30.0,100.0,100.0,2.0,0.0,0.0,0.0,0.0,0.0,0.0,-,1.0
Revenger's Blade R1,Revenger's Blade R1 [5] (Lacking FP),Falx,30.0,30.0,30.0,30.0,30.0,100.0,100.0,2.0,0.0,0.0,0.0,0.0,0.0,0.0,-,1.0
Revenger's Blade R1,Revenger's Blade R1 [6] (Lacking FP),Falx,100.0,100.0,100.0,100.0,100.0,100.0,100.0,11.0,0.0,0.0,0.0,0.0,0.0,0.0,-,1.0
Revenger's Blade R1,Revenger's Blade R1 [7] (Lacking FP),Falx,100.0,100.0,100.0,100.0,100.0,100.0,100.0,11.0,0.0,0.0,0.0,0.0,0.0,0.0,-,1.0
Unending Dance,Unending Dance,Dancing Blade of Ranah,110.0,110.0,110.0,110.0,110.0,60.0,120.0,8.0,0.0,0.0,0.0,0.0,0.0,0.0,-,0.0
Unending Dance,Unending Dance - Loop [1],Dancing Blade of Ranah,74.0,74.0,74.0,74.0,74.0,60.0,30.0,6.0,0.0,0.0,0.0,0.0,0.0,0.0,-,0.0
Unending Dance,Unending Dance - Loop [2],Dancing Blade of Ranah,90.0,90.0,90.0,90.0,90.0,60.0,40.0,6.0,0.0,0.0,0.0,0.0,0.0,0.0,-,0.0
Unending Dance,Unending Dance - Loop [3],Dancing Blade of Ranah,74.0,74.0,74.0,74.0,74.0,60.0,30.0,4.0,0.0,0.0,0.0,0.0,0.0,0.0,-,0.0
Unending Dance,Unending Dance - Loop [4],Dancing Blade of Ranah,74.0,74.0,74.0,74.0,74.0,60.0,40.0,4.0,0.0,0.0,0.0,0.0,0.0,0.0,-,0.0
Unending Dance,Unending Dance - Loop [5],Dancing Blade of Ranah,74.0,74.0,74.0,74.0,74.0,60.0,30.0,4.0,0.0,0.0,0.0,0.0,0.0,0.0,-,0.0
Unending Dance,Unending Dance - Loop [6],Dancing Blade of Ranah,74.0,74.0,74.0,74.0,74.0,60.0,40.0,4.0,0.0,0.0,0.0,0.0,0.0,0.0,-,0.0
Unending Dance,Unending Dance - Loop [7],Dancing Blade of Ranah,110.0,110.0,110.0,110.0,110.0,60.0,60.0,6.0,0.0,0.0,0.0,0.0,0.0,0.0,-,0.0
Unending Dance,Unending Dance - Loop [8],Dancing Blade of Ranah,120.0,120.0,120.0,120.0,120.0,60.0,70.0,6.0,0.0,0.0,0.0,0.0,0.0,0.0,-,0.0
Unending Dance,Unending Dance - Loop [9],Dancing Blade of Ranah,90.0,90.0,90.0,90.0,90.0,60.0,40.0,3.0,0.0,0.0,0.0,0.0,0.0,0.0,-,0.0
Unending Dance,Unending Dance - Loop [10],Dancing Blade of Ranah,70.0,70.0,70.0,70.0,70.0,60.0,50.0,3.0,0.0,0.0,0.0,0.0,0.0,0.0,-,0.0
Unending Dance,Unending Dance - Loop [11],Dancing Blade of Ranah,120.0,120.0,120.0,120.0,120.0,60.0,70.0,6.0,0.0,0.0,0.0,0.0,0.0,0.0,-,0.0
Unending Dance,Unending Dance - Loop [12],Dancing Blade of Ranah,74.0,74.0,74.0,74.0,74.0,60.0,30.0,6.0,0.0,0.0,0.0,0.0,0.0,0.0,-,0.0
Unending Dance,Unending Dance (Lacking FP),Dancing Blade of Ranah,75.0,75.0,75.0,75.0,75.0,60.0,30.0,8.0,0.0,0.0,0.0,0.0,0.0,0.0,-,1.0
Unending Dance,Unending Dance - Loop [1] (Lacking FP),Dancing Blade of Ranah,55.0,55.0,55.0,55.0,55.0,60.0,25.0,6.0,0.0,0.0,0.0,0.0,0.0,0.0,-,1.0
Unending Dance,Unending Dance - Loop [2] (Lacking FP),Dancing Blade of Ranah,55.0,55.0,55.0,55.0,55.0,60.0,20.0,6.0,0.0,0.0,0.0,0.0,0.0,0.0,-,1.0
Unending Dance,Unending Dance - Loop [3] (Lacking FP),Dancing Blade of Ranah,55.0,55.0,55.0,55.0,55.0,60.0,15.0,4.0,0.0,0.0,0.0,0.0,0.0,0.0,-,1.0
Unending Dance,Unending Dance - Loop [4] (Lacking FP),Dancing Blade of Ranah,39.0,39.0,39.0,39.0,39.0,60.0,20.0,4.0,0.0,0.0,0.0,0.0,0.0,0.0,-,1.0
Unending Dance,Unending Dance - Loop [5] (Lacking FP),Dancing Blade of Ranah,39.0,39.0,39.0,39.0,39.0,60.0,15.0,4.0,0.0,0.0,0.0,0.0,0.0,0.0,-,1.0
Unending Dance,Unending Dance - Loop [6] (Lacking FP),Dancing Blade of Ranah,39.0,39.0,39.0,39.0,39.0,60.0,20.0,4.0,0.0,0.0,0.0,0.0,0.0,0.0,-,1.0
Unending Dance,Unending Dance - Loop [7] (Lacking FP),Dancing Blade of Ranah,85.0,85.0,85.0,85.0,85.0,60.0,35.0,6.0,0.0,0.0,0.0,0.0,0.0,0.0,-,1.0
Unending Dance,Unending Dance - Loop [8] (Lacking FP),Dancing Blade of Ranah,85.0,85.0,85.0,85.0,85.0,60.0,35.0,6.0,0.0,0.0,0.0,0.0,0.0,0.0,-,1.0
Unending Dance,Unending Dance - Loop [9] (Lacking FP),Dancing Blade of Ranah,35.0,35.0,35.0,35.0,35.0,60.0,25.0,3.0,0.0,0.0,0.0,0.0,0.0,0.0,-,1.0
Unending Dance,Unending Dance - Loop [10] (Lacking FP),Dancing Blade of Ranah,35.0,35.0,35.0,35.0,35.0,60.0,25.0,3.0,0.0,0.0,0.0,0.0,0.0,0.0,-,1.0
Unending Dance,Unending Dance - Loop [11] (Lacking FP),Dancing Blade of Ranah,85.0,85.0,85.0,85.0,85.0,60.0,35.0,6.0,0.0,0.0,0.0,0.0,0.0,0.0,-,1.0
Unending Dance,Unending Dance - Loop [12] (Lacking FP),Dancing Blade of Ranah,85.0,85.0,85.0,85.0,85.0,60.0,30.0,6.0,0.0,0.0,0.0,0.0,0.0,0.0,-,1.0
Horn Calling,Horn Calling,Horned Warrior's Sword,100.0,100.0,100.0,100.0,100.0,100.0,100.0,34.0,0.0,0.0,0.0,0.0,0.0,0.0,-,0.0
Horn Calling,Horn Calling - Bullet,Horned Warrior's Sword,0.0,0.0,0.0,0.0,0.0,0.0,0.0,37.0,0.0,0.0,0.0,0.0,0.0,1.0,Faith,0.0
Horn Calling,Horn Calling - Bullet,Horned Warrior's Sword,0.0,0.0,0.0,0.0,0.0,0.0,0.0,0.0,0.0,0.0,0.0,0.0,215.0,1.0,Faith,0.0
Horn Calling,Horn Calling (Lacking FP),Horned Warrior's Sword,100.0,100.0,100.0,100.0,100.0,100.0,100.0,46.0,0.0,0.0,0.0,0.0,0.0,0.0,-,1.0
Death Flare,Death Flare - Bullet,Eclipse Shotel,0.0,0.0,0.0,0.0,0.0,0.0,0.0,28.0,0.0,0.0,0.0,0.0,0.0,0.0,-,0.0
Death Flare,Death Flare - Bullet,Eclipse Shotel,190.0,190.0,190.0,190.0,190.0,100.0,600.0,0.0,0.0,0.0,0.0,0.0,0.0,0.0,-,0.0
Death Flare,Death Flare (Lacking FP),Eclipse Shotel,105.0,105.0,105.0,105.0,105.0,100.0,200.0,28.0,0.0,0.0,0.0,0.0,0.0,0.0,-,1.0
Bloodhound's Finesse,Bloodhound's Finesse,Bloodhound's Fang,195.0,195.0,195.0,195.0,195.0,100.0,400.0,32.0,0.0,0.0,0.0,0.0,0.0,0.0,-,0.0
Bloodhound's Finesse R2,Bloodhound's Finesse R2,Bloodhound's Fang,210.0,210.0,210.0,210.0,210.0,100.0,400.0,32.0,0.0,0.0,0.0,0.0,0.0,0.0,-,0.0
Bloodhound's Finesse,Bloodhound's Finesse (Lacking FP),Bloodhound's Fang,100.0,100.0,100.0,100.0,100.0,100.0,100.0,42.0,0.0,0.0,0.0,0.0,0.0,0.0,-,1.0
Bloodhound's Finesse R2,Bloodhound's Finesse R2 (Lacking FP),Bloodhound's Fang,105.0,105.0,105.0,105.0,105.0,100.0,100.0,42.0,0.0,0.0,0.0,0.0,0.0,0.0,-,1.0
Onyx Lord's Repulsion,Onyx Lord's Repulsion,Onyx Lord's Greatsword,100.0,100.0,100.0,100.0,100.0,100.0,100.0,30.0,0.0,0.0,0.0,0.0,0.0,0.0,-,0.0
Onyx Lord's Repulsion,Onyx Lord's Repulsion - Bullet (Stackable Inner),Onyx Lord's Greatsword,0.0,0.0,0.0,0.0,0.0,0.0,0.0,3.0,0.0,200.0,0.0,0.0,0.0,1.0,-,0.0
Onyx Lord's Repulsion,Onyx Lord's Repulsion - Bullet (Stackable Middle),Onyx Lord's Greatsword,0.0,0.0,0.0,0.0,0.0,0.0,0.0,3.0,0.0,200.0,0.0,0.0,0.0,1.0,-,0.0
Onyx Lord's Repulsion,Onyx Lord's Repulsion - Bullet (Stackable Outer),Onyx Lord's Greatsword,0.0,0.0,0.0,0.0,0.0,0.0,0.0,3.0,0.0,200.0,0.0,0.0,0.0,1.0,-,0.0
Onyx Lord's Repulsion,Onyx Lord's Repulsion (Lacking FP),Onyx Lord's Greatsword,100.0,100.0,100.0,100.0,100.0,100.0,100.0,41.0,0.0,0.0,0.0,0.0,0.0,0.0,-,1.0
Zamor Ice Storm,Zamor Ice Storm,Zamor Curved Sword,60.0,60.0,60.0,60.0,60.0,100.0,100.0,8.0,0.0,0.0,0.0,0.0,0.0,0.0,-,0.0
Zamor Ice Storm,Zamor Ice Storm - Bullet,Zamor Curved Sword,0.0,100.0,0.0,0.0,0.0,100.0,100.0,15.0,0.0,110.0,0.0,0.0,0.0,1.0,No Scaling,0.0
Zamor Ice Storm,Zamor Ice Storm - Bullet (4x),Zamor Curved Sword,0.0,100.0,0.0,0.0,0.0,100.0,100.0,0.0,0.0,110.0,0.0,0.0,0.0,1.0,No Scaling,0.0
Zamor Ice Storm,Zamor Ice Storm (Lacking FP),Zamor Curved Sword,100.0,100.0,100.0,100.0,100.0,100.0,100.0,8.0,0.0,0.0,0.0,0.0,0.0,0.0,-,1.0
Magma Guillotine,Magma Guillotine #1,Magma Wyrm's Scalesword,170.0,170.0,170.0,170.0,170.0,100.0,300.0,44.0,0.0,0.0,0.0,0.0,0.0,0.0,-,0.0
Magma Guillotine,Magma Guillotine - Bullet (Explosion),Magma Wyrm's Scalesword,170.0,170.0,170.0,170.0,170.0,0.0,300.0,0.0,0.0,0.0,0.0,0.0,0.0,0.0,-,0.0
Magma Guillotine,Magma Guillotine - Bullet (Lava),Magma Wyrm's Scalesword,0.0,0.0,0.0,0.0,0.0,0.0,0.0,0.0,0.0,0.0,35.0,0.0,0.0,1.0,-,0.0
Magma Guillotine,Magma Guillotine #2 [1],Magma Wyrm's Scalesword,80.0,80.0,80.0,80.0,80.0,100.0,600.0,17.0,0.0,0.0,0.0,0.0,0.0,0.0,-,0.0
Magma Guillotine,Magma Guillotine #2 [2],Magma Wyrm's Scalesword,180.0,180.0,180.0,180.0,180.0,100.0,100.0,13.0,0.0,0.0,0.0,0.0,0.0,0.0,-,0.0
Magma Guillotine,Magma Guillotine #1 (Lacking FP),Magma Wyrm's Scalesword,110.0,110.0,110.0,110.0,110.0,100.0,100.0,46.0,0.0,0.0,0.0,0.0,0.0,0.0,-,1.0
Magma Guillotine,Magma Guillotine #2 [1] (Lacking FP),Magma Wyrm's Scalesword,70.0,70.0,70.0,70.0,70.0,100.0,100.0,23.0,0.0,0.0,0.0,0.0,0.0,0.0,-,1.0
Magma Guillotine,Magma Guillotine #2 [2] (Lacking FP),Magma Wyrm's Scalesword,115.0,115.0,115.0,115.0,115.0,100.0,100.0,23.0,0.0,0.0,0.0,0.0,0.0,0.0,-,1.0
Horn Calling: Storm,Horn Calling: Storm #1 [1],Horned Warrior's Greatsword,99.0,99.0,99.0,99.0,99.0,75.0,240.0,13.0,0.0,0.0,0.0,0.0,35.0,1.0,-,0.0
Horn Calling: Storm,Horn Calling: Storm #1 [1] - Bullet,Horned Warrior's Greatsword,0.0,0.0,0.0,0.0,0.0,0.0,50.0,0.0,35.0,0.0,0.0,0.0,0.0,1.0,Str/Dex,0.0
Horn Calling: Storm,Horn Calling: Storm #1 [2],Horned Warrior's Greatsword,100.0,100.0,100.0,100.0,100.0,75.0,100.0,13.0,0.0,0.0,0.0,0.0,35.0,1.0,-,0.0
Horn Calling: Storm,Horn Calling: Storm #1 [2] - Bullet,Horned Warrior's Greatsword,0.0,0.0,0.0,0.0,0.0,0.0,50.0,0.0,35.0,0.0,0.0,0.0,0.0,1.0,Str/Dex,0.0
Horn Calling: Storm,Horn Calling: Storm #2 [1],Horned Warrior's Greatsword,101.0,101.0,101.0,101.0,101.0,75.0,100.0,13.0,0.0,0.0,0.0,0.0,35.0,1.0,-,0.0
Horn Calling: Storm,Horn Calling: Storm #2 [1] - Bullet,Horned Warrior's Greatsword,0.0,0.0,0.0,0.0,0.0,0.0,50.0,0.0,35.0,0.0,0.0,0.0,0.0,1.0,Str/Dex,0.0
Horn Calling: Storm,Horn Calling: Storm #2 [2],Horned Warrior's Greatsword,102.0,102.0,102.0,102.0,102.0,100.0,100.0,13.0,0.0,0.0,0.0,0.0,35.0,1.0,-,0.0
Horn Calling: Storm,Horn Calling: Storm #2 [2] - Bullet,Horned Warrior's Greatsword,0.0,0.0,0.0,0.0,0.0,0.0,50.0,0.0,35.0,0.0,0.0,0.0,0.0,1.0,Str/Dex,0.0
Horn Calling: Storm,Horn Calling: Storm #3 [1],Horned Warrior's Greatsword,103.0,103.0,103.0,103.0,103.0,75.0,100.0,13.0,0.0,0.0,0.0,0.0,35.0,1.0,-,0.0
Horn Calling: Storm,Horn Calling: Storm #3 [1] - Bullet,Horned Warrior's Greatsword,0.0,0.0,0.0,0.0,0.0,0.0,50.0,0.0,35.0,0.0,0.0,0.0,0.0,1.0,Str/Dex,0.0
Horn Calling: Storm,Horn Calling: Storm #3 [2],Horned Warrior's Greatsword,104.0,104.0,104.0,104.0,104.0,100.0,100.0,20.0,0.0,0.0,0.0,0.0,35.0,1.0,-,0.0
Horn Calling: Storm,Horn Calling: Storm #3 [2] - Bullet,Horned Warrior's Greatsword,0.0,0.0,0.0,0.0,0.0,0.0,50.0,0.0,35.0,0.0,0.0,0.0,0.0,1.0,Str/Dex,0.0
Horn Calling: Storm,Horn Calling: Storm #1 [1] (Lacking FP),Horned Warrior's Greatsword,50.0,50.0,50.0,50.0,50.0,75.0,75.0,13.0,0.0,0.0,0.0,0.0,0.0,0.0,-,1.0
Horn Calling: Storm,Horn Calling: Storm #1 [2] (Lacking FP),Horned Warrior's Greatsword,50.0,50.0,50.0,50.0,50.0,75.0,75.0,13.0,0.0,0.0,0.0,0.0,0.0,0.0,-,1.0
Horn Calling: Storm,Horn Calling: Storm #2 [1] (Lacking FP),Horned Warrior's Greatsword,50.0,50.0,50.0,50.0,50.0,75.0,75.0,13.0,0.0,0.0,0.0,0.0,0.0,0.0,-,1.0
Horn Calling: Storm,Horn Calling: Storm #2 [2] (Lacking FP),Horned Warrior's Greatsword,50.0,50.0,50.0,50.0,50.0,100.0,75.0,13.0,0.0,0.0,0.0,0.0,0.0,0.0,-,1.0
Horn Calling: Storm,Horn Calling: Storm #3 [1] (Lacking FP),Horned Warrior's Greatsword,50.0,50.0,50.0,50.0,50.0,75.0,75.0,13.0,0.0,0.0,0.0,0.0,0.0,0.0,-,1.0
Horn Calling: Storm,Horn Calling: Storm #3 [2] (Lacking FP),Horned Warrior's Greatsword,50.0,50.0,50.0,50.0,50.0,100.0,75.0,20.0,0.0,0.0,0.0,0.0,0.0,0.0,-,1.0
Cursed-Blood Slice,Cursed-Blood Slice #1,Morgott's Cursed Sword,100.0,100.0,100.0,100.0,100.0,110.0,184.0,14.0,0.0,0.0,50.0,0.0,0.0,1.0,-,0.0
Cursed-Blood Slice,Cursed-Blood Slice #2,Morgott's Cursed Sword,100.0,100.0,100.0,100.0,100.0,110.0,240.0,14.0,0.0,0.0,50.0,0.0,0.0,1.0,-,0.0
Cursed-Blood Slice,Cursed-Blood Slice - Bullet,Morgott's Cursed Sword,0.0,0.0,0.0,0.0,0.0,70.0,0.0,0.0,0.0,0.0,80.0,0.0,0.0,1.0,-,0.0
Cursed-Blood Slice ?,Cursed-Blood Slice ?,Morgott's Cursed Sword,0.0,0.0,0.0,0.0,0.0,0.0,0.0,0.0,0.0,0.0,0.0,0.0,0.0,0.0,-,0.0
Cursed-Blood Slice,Cursed-Blood Slice - Bullet ?,Morgott's Cursed Sword,0.0,0.0,0.0,0.0,0.0,0.0,0.0,0.0,0.0,0.0,0.0,0.0,0.0,0.0,-,0.0
Cursed-Blood Slice,Cursed-Blood Slice #1 (Lacking FP),Morgott's Cursed Sword,105.0,105.0,105.0,105.0,105.0,100.0,130.0,14.0,0.0,0.0,0.0,0.0,0.0,0.0,-,1.0
Cursed-Blood Slice,Cursed-Blood Slice #2 (Lacking FP),Morgott's Cursed Sword,105.0,105.0,105.0,105.0,105.0,100.0,200.0,14.0,0.0,0.0,0.0,0.0,0.0,0.0,-,1.0
Deadly Dance,Deadly Dance #1 [1],Curseblade's Cirque,75.0,75.0,75.0,75.0,75.0,25.0,80.0,11.0,0.0,0.0,0.0,0.0,0.0,0.0,-,0.0
Deadly Dance,Deadly Dance #1 [2],Curseblade's Cirque,75.0,75.0,75.0,75.0,75.0,25.0,80.0,11.0,0.0,0.0,0.0,0.0,0.0,0.0,-,0.0
Deadly Dance,Deadly Dance #1 [3],Curseblade's Cirque,75.0,75.0,75.0,75.0,75.0,25.0,80.0,11.0,0.0,0.0,0.0,0.0,0.0,0.0,-,0.0
Deadly Dance,Deadly Dance #1 [4],Curseblade's Cirque,75.0,75.0,75.0,75.0,75.0,25.0,80.0,11.0,0.0,0.0,0.0,0.0,0.0,0.0,-,0.0
Deadly Dance,Deadly Dance #2,Curseblade's Cirque,148.0,148.0,148.0,148.0,148.0,0.0,400.0,11.0,0.0,0.0,0.0,0.0,0.0,0.0,-,0.0
Deadly Dance,Deadly Dance #1 [1] (Lacking FP),Curseblade's Cirque,38.0,38.0,38.0,38.0,38.0,25.0,60.0,11.0,0.0,0.0,0.0,0.0,0.0,0.0,-,1.0
Deadly Dance,Deadly Dance #1 [2] (Lacking FP),Curseblade's Cirque,38.0,38.0,38.0,38.0,38.0,25.0,60.0,11.0,0.0,0.0,0.0,0.0,0.0,0.0,-,1.0
Deadly Dance,Deadly Dance #1 [3] (Lacking FP),Curseblade's Cirque,38.0,38.0,38.0,38.0,38.0,25.0,60.0,11.0,0.0,0.0,0.0,0.0,0.0,0.0,-,1.0
Deadly Dance,Deadly Dance #1 [4] (Lacking FP),Curseblade's Cirque,38.0,38.0,38.0,38.0,38.0,25.0,60.0,11.0,0.0,0.0,0.0,0.0,0.0,0.0,-,1.0
Deadly Dance,Deadly Dance #2 (Lacking FP),Curseblade's Cirque,50.0,50.0,50.0,50.0,50.0,0.0,100.0,11.0,0.0,0.0,0.0,0.0,0.0,0.0,-,1.0
Transient Moonlight R1,Transient Moonlight R1,Moonveil,50.0,50.0,50.0,50.0,50.0,100.0,450.0,32.0,0.0,0.0,0.0,0.0,0.0,0.0,-,0.0
Transient Moonlight R1,Transient Moonlight R1 - Bullet,Moonveil,0.0,0.0,0.0,0.0,0.0,0.0,100.0,0.0,0.0,140.0,0.0,0.0,0.0,1.0,-,0.0
Transient Moonlight R2,Transient Moonlight R2,Moonveil,55.0,55.0,55.0,55.0,55.0,100.0,450.0,32.0,0.0,0.0,0.0,0.0,0.0,0.0,-,0.0
Transient Moonlight R2,Transient Moonlight R2 - Bullet,Moonveil,0.0,0.0,0.0,0.0,0.0,0.0,150.0,0.0,0.0,155.0,0.0,0.0,0.0,1.0,-,0.0
Transient Moonlight R1,Transient Moonlight R1 (Lacking FP),Moonveil,115.0,115.0,115.0,115.0,115.0,100.0,100.0,25.0,0.0,0.0,0.0,0.0,0.0,0.0,-,1.0
Transient Moonlight R2,Transient Moonlight R2 (Lacking FP),Moonveil,135.0,135.0,135.0,135.0,135.0,100.0,200.0,42.0,0.0,0.0,0.0,0.0,0.0,0.0,-,1.0
Witching Hour Slash,Witching Hour Slash [1],Sword of Night,85.0,85.0,85.0,85.0,85.0,100.0,70.0,9.0,0.0,0.0,0.0,0.0,0.0,0.0,-,0.0
Witching Hour Slash,Witching Hour Slash [2],Sword of Night,86.0,86.0,86.0,86.0,86.0,100.0,70.0,9.0,0.0,0.0,0.0,0.0,0.0,0.0,-,0.0
Witching Hour Slash,Witching Hour Slash [3],Sword of Night,90.0,90.0,90.0,90.0,90.0,100.0,130.0,9.0,0.0,0.0,0.0,0.0,0.0,0.0,-,0.0
Witching Hour Slash Charged,Witching Hour Slash Charged [1],Sword of Night,97.0,97.0,97.0,97.0,97.0,100.0,140.0,12.0,0.0,0.0,0.0,0.0,0.0,0.0,-,0.0
Witching Hour Slash Charged,Witching Hour Slash Charged [2],Sword of Night,98.0,98.0,98.0,98.0,98.0,100.0,140.0,12.0,0.0,0.0,0.0,0.0,0.0,0.0,-,0.0
Witching Hour Slash Charged,Witching Hour Slash Charged [3],Sword of Night,116.0,116.0,116.0,116.0,116.0,100.0,260.0,12.0,0.0,0.0,0.0,0.0,0.0,0.0,-,0.0
Witching Hour Slash,Witching Hour Slash [1] (Lacking FP),Sword of Night,50.0,50.0,50.0,50.0,50.0,100.0,70.0,9.0,0.0,0.0,0.0,0.0,0.0,0.0,-,1.0
Witching Hour Slash,Witching Hour Slash [2] (Lacking FP),Sword of Night,50.0,50.0,50.0,50.0,50.0,100.0,70.0,9.0,0.0,0.0,0.0,0.0,0.0,0.0,-,1.0
Witching Hour Slash,Witching Hour Slash [3] (Lacking FP),Sword of Night,60.0,60.0,60.0,60.0,60.0,100.0,130.0,9.0,0.0,0.0,0.0,0.0,0.0,0.0,-,1.0
Witching Hour Slash Charged,Witching Hour Slash Charged [1] (Lacking FP),Sword of Night,60.0,60.0,60.0,60.0,60.0,100.0,70.0,12.0,0.0,0.0,0.0,0.0,0.0,0.0,-,1.0
Witching Hour Slash Charged,Witching Hour Slash Charged [2] (Lacking FP),Sword of Night,60.0,60.0,60.0,60.0,60.0,100.0,70.0,12.0,0.0,0.0,0.0,0.0,0.0,0.0,-,1.0
Witching Hour Slash Charged,Witching Hour Slash Charged [3] (Lacking FP),Sword of Night,70.0,70.0,70.0,70.0,70.0,100.0,130.0,12.0,0.0,0.0,0.0,0.0,0.0,0.0,-,1.0
Corpse Piler,Corpse Piler #1 [1],Rivers of Blood,96.0,96.0,96.0,96.0,96.0,62.0,80.0,14.0,0.0,0.0,0.0,0.0,0.0,0.0,-,0.0
Corpse Piler,Corpse Piler #1 [1] - Blood Extension,Rivers of Blood,66.0,66.0,66.0,66.0,66.0,40.0,40.0,0.0,0.0,0.0,0.0,0.0,0.0,0.0,-,0.0
Corpse Piler,Corpse Piler #1 [2],Rivers of Blood,99.0,99.0,99.0,99.0,99.0,85.0,80.0,14.0,0.0,0.0,0.0,0.0,0.0,0.0,-,0.0
Corpse Piler,Corpse Piler #1 [2] - Blood Extension,Rivers of Blood,67.0,67.0,67.0,67.0,67.0,55.0,50.0,0.0,0.0,0.0,0.0,0.0,0.0,0.0,-,0.0
Corpse Piler,Corpse Piler #2 [1],Rivers of Blood,88.0,88.0,88.0,88.0,88.0,62.0,80.0,14.0,0.0,0.0,0.0,0.0,0.0,0.0,-,0.0
Corpse Piler,Corpse Piler #2 [1] - Blood Extension,Rivers of Blood,60.0,60.0,60.0,60.0,60.0,40.0,40.0,0.0,0.0,0.0,0.0,0.0,0.0,0.0,-,0.0
Corpse Piler,Corpse Piler #2 [2],Rivers of Blood,90.0,90.0,90.0,90.0,90.0,62.0,80.0,14.0,0.0,0.0,0.0,0.0,0.0,0.0,-,0.0
Corpse Piler,Corpse Piler #2 [2] - Blood Extension,Rivers of Blood,61.0,61.0,61.0,61.0,61.0,40.0,40.0,0.0,0.0,0.0,0.0,0.0,0.0,0.0,-,0.0
Corpse Piler,Corpse Piler #2 [3],Rivers of Blood,108.0,108.0,108.0,108.0,108.0,85.0,80.0,14.0,0.0,0.0,0.0,0.0,0.0,0.0,-,0.0
Corpse Piler,Corpse Piler #2 [3] - Blood Extension,Rivers of Blood,72.0,72.0,72.0,72.0,72.0,55.0,60.0,0.0,0.0,0.0,0.0,0.0,0.0,0.0,-,0.0
Corpse Piler,Corpse Piler #3,Rivers of Blood,155.0,155.0,155.0,155.0,155.0,85.0,200.0,21.0,0.0,0.0,0.0,0.0,0.0,0.0,-,0.0
Corpse Piler,Corpse Piler #3 - Blood Extension,Rivers of Blood,105.0,105.0,105.0,105.0,105.0,55.0,100.0,0.0,0.0,0.0,0.0,0.0,0.0,0.0,-,0.0
Corpse Piler,Corpse Piler #1 [1] (Lacking FP),Rivers of Blood,65.0,65.0,65.0,65.0,65.0,51.0,40.0,14.0,0.0,0.0,0.0,0.0,0.0,0.0,-,1.0
Corpse Piler,Corpse Piler #1 [2] (Lacking FP),Rivers of Blood,70.0,70.0,70.0,70.0,70.0,70.0,50.0,14.0,0.0,0.0,0.0,0.0,0.0,0.0,-,1.0
Corpse Piler,Corpse Piler #2 [1] (Lacking FP),Rivers of Blood,68.0,68.0,68.0,68.0,68.0,51.0,40.0,14.0,0.0,0.0,0.0,0.0,0.0,0.0,-,1.0
Corpse Piler,Corpse Piler #2 [2] (Lacking FP),Rivers of Blood,70.0,70.0,70.0,70.0,70.0,51.0,40.0,14.0,0.0,0.0,0.0,0.0,0.0,0.0,-,1.0
Corpse Piler,Corpse Piler #2 [3] (Lacking FP),Rivers of Blood,75.0,75.0,75.0,75.0,75.0,70.0,60.0,14.0,0.0,0.0,0.0,0.0,0.0,0.0,-,1.0
Corpse Piler,Corpse Piler #3 (Lacking FP),Rivers of Blood,90.0,90.0,90.0,90.0,90.0,70.0,100.0,21.0,0.0,0.0,0.0,0.0,0.0,0.0,-,1.0
Ice Lightning Sword,Ice Lightning Sword - Stomp Lightning,Dragonscale Blade,0.0,0.0,0.0,0.0,0.0,0.0,0.0,10.0,0.0,0.0,0.0,30.0,0.0,1.0,-,0.0
Ice Lightning Sword,Ice Lightning Sword,Dragonscale Blade,207.0,207.0,207.0,207.0,207.0,100.0,300.0,15.0,0.0,0.0,0.0,0.0,0.0,0.0,-,0.0
Ice Lightning Sword,Ice Lightning Sword - Bullet,Dragonscale Blade,100.0,100.0,100.0,166.0,100.0,0.0,100.0,0.0,0.0,0.0,0.0,149.0,0.0,0.0,No Scaling,0.0
Ice Lightning Sword,Ice Lightning Sword - Bullet (Water AoE),Dragonscale Blade,50.0,50.0,50.0,109.0,50.0,0.0,50.0,0.0,0.0,0.0,0.0,69.0,0.0,0.0,No Scaling,0.0
Ice Lightning Sword,Ice Lightning Sword (Lacking FP),Dragonscale Blade,110.0,110.0,110.0,110.0,110.0,100.0,110.0,25.0,0.0,0.0,0.0,0.0,0.0,0.0,-,1.0
Onze's Line of Stars,Onze's Line of Stars #1 [1],Star-Lined Sword,82.0,82.0,82.0,82.0,82.0,100.0,100.0,9.0,0.0,0.0,0.0,0.0,0.0,0.0,-,0.0
Onze's Line of Stars,Onze's Line of Stars #1 [2],Star-Lined Sword,83.0,83.0,83.0,83.0,83.0,100.0,50.0,9.0,0.0,0.0,0.0,0.0,0.0,0.0,-,0.0
Onze's Line of Stars,Onze's Line of Stars #2 [1],Star-Lined Sword,97.0,97.0,97.0,97.0,97.0,100.0,75.0,15.0,0.0,0.0,0.0,0.0,0.0,0.0,-,0.0
Onze's Line of Stars,Onze's Line of Stars #2 [2],Star-Lined Sword,99.0,99.0,99.0,99.0,99.0,100.0,75.0,15.0,0.0,0.0,0.0,0.0,0.0,0.0,-,0.0
Onze's Line of Stars,Onze's Line of Stars #3 [1],Star-Lined Sword,75.0,75.0,75.0,75.0,75.0,100.0,50.0,7.0,0.0,0.0,0.0,0.0,0.0,0.0,-,0.0
Onze's Line of Stars,Onze's Line of Stars #3 [2],Star-Lined Sword,140.0,140.0,140.0,140.0,140.0,100.0,250.0,35.0,0.0,0.0,0.0,0.0,0.0,0.0,-,0.0
Onze's Line of Stars,Onze's Line of Stars #1 [1] (Lacking FP),Star-Lined Sword,40.0,40.0,40.0,40.0,40.0,100.0,100.0,9.0,0.0,0.0,0.0,0.0,0.0,0.0,-,1.0
Onze's Line of Stars,Onze's Line of Stars #1 [2] (Lacking FP),Star-Lined Sword,40.0,40.0,40.0,40.0,40.0,100.0,100.0,9.0,0.0,0.0,0.0,0.0,0.0,0.0,-,1.0
Onze's Line of Stars,Onze's Line of Stars #2 [1] (Lacking FP),Star-Lined Sword,45.0,45.0,45.0,45.0,45.0,100.0,100.0,15.0,0.0,0.0,0.0,0.0,0.0,0.0,-,1.0
Onze's Line of Stars,Onze's Line of Stars #2 [2] (Lacking FP),Star-Lined Sword,45.0,45.0,45.0,45.0,45.0,100.0,100.0,15.0,0.0,0.0,0.0,0.0,0.0,0.0,-,1.0
Onze's Line of Stars,Onze's Line of Stars #3 [1] (Lacking FP),Star-Lined Sword,50.0,50.0,50.0,50.0,50.0,100.0,100.0,7.0,0.0,0.0,0.0,0.0,0.0,0.0,-,1.0
Onze's Line of Stars,Onze's Line of Stars #3 [2] (Lacking FP),Star-Lined Sword,50.0,50.0,50.0,50.0,50.0,100.0,100.0,35.0,0.0,0.0,0.0,0.0,0.0,0.0,-,1.0
Waterfowl Dance,Waterfowl Dance #1 [1],Hand of Malenia,70.0,70.0,70.0,70.0,70.0,50.0,70.0,14.0,0.0,0.0,0.0,0.0,0.0,0.0,-,0.0
Waterfowl Dance,Waterfowl Dance #1 [2],Hand of Malenia,70.0,70.0,70.0,70.0,70.0,50.0,70.0,14.0,0.0,0.0,0.0,0.0,0.0,0.0,-,0.0
Waterfowl Dance,Waterfowl Dance #1 [3],Hand of Malenia,70.0,70.0,70.0,70.0,70.0,50.0,70.0,14.0,0.0,0.0,0.0,0.0,0.0,0.0,-,0.0
Waterfowl Dance,Waterfowl Dance #1 [4],Hand of Malenia,85.0,85.0,85.0,85.0,85.0,50.0,85.0,14.0,0.0,0.0,0.0,0.0,0.0,0.0,-,0.0
Waterfowl Dance,Waterfowl Dance #2 [1],Hand of Malenia,100.0,100.0,100.0,100.0,100.0,50.0,100.0,14.0,0.0,0.0,0.0,0.0,0.0,0.0,-,0.0
Waterfowl Dance,Waterfowl Dance #2 [2],Hand of Malenia,150.0,150.0,150.0,150.0,150.0,50.0,150.0,14.0,0.0,0.0,0.0,0.0,0.0,0.0,-,0.0
Waterfowl Dance,Waterfowl Dance #3 [1],Hand of Malenia,80.0,80.0,80.0,80.0,80.0,50.0,80.0,14.0,0.0,0.0,0.0,0.0,0.0,0.0,-,0.0
Waterfowl Dance,Waterfowl Dance #3 [2],Hand of Malenia,80.0,80.0,80.0,80.0,80.0,50.0,80.0,14.0,0.0,0.0,0.0,0.0,0.0,0.0,-,0.0
Waterfowl Dance,Waterfowl Dance #3 [3],Hand of Malenia,130.0,130.0,130.0,130.0,130.0,50.0,130.0,18.0,0.0,0.0,0.0,0.0,0.0,0.0,-,0.0
Waterfowl Dance,Waterfowl Dance #3 [4],Hand of Malenia,100.0,100.0,100.0,100.0,100.0,50.0,100.0,0.0,0.0,0.0,0.0,0.0,0.0,0.0,-,0.0
Waterfowl Dance,Waterfowl Dance #1 [1] (Lacking FP),Hand of Malenia,40.0,40.0,40.0,40.0,40.0,50.0,40.0,14.0,0.0,0.0,0.0,0.0,0.0,0.0,-,1.0
Waterfowl Dance,Waterfowl Dance #1 [2] (Lacking FP),Hand of Malenia,40.0,40.0,40.0,40.0,40.0,50.0,40.0,14.0,0.0,0.0,0.0,0.0,0.0,0.0,-,1.0
Waterfowl Dance,Waterfowl Dance #1 [3] (Lacking FP),Hand of Malenia,40.0,40.0,40.0,40.0,40.0,50.0,40.0,14.0,0.0,0.0,0.0,0.0,0.0,0.0,-,1.0
Waterfowl Dance,Waterfowl Dance #1 [4] (Lacking FP),Hand of Malenia,65.0,65.0,65.0,65.0,65.0,50.0,65.0,14.0,0.0,0.0,0.0,0.0,0.0,0.0,-,1.0
Waterfowl Dance,Waterfowl Dance #2 [1] (Lacking FP),Hand of Malenia,60.0,60.0,60.0,60.0,60.0,50.0,60.0,14.0,0.0,0.0,0.0,0.0,0.0,0.0,-,1.0
Waterfowl Dance,Waterfowl Dance #2 [2] (Lacking FP),Hand of Malenia,75.0,75.0,75.0,75.0,75.0,50.0,75.0,14.0,0.0,0.0,0.0,0.0,0.0,0.0,-,1.0
Waterfowl Dance,Waterfowl Dance #3 [1] (Lacking FP),Hand of Malenia,45.0,45.0,45.0,45.0,45.0,50.0,45.0,14.0,0.0,0.0,0.0,0.0,0.0,0.0,-,1.0
Waterfowl Dance,Waterfowl Dance #3 [2] (Lacking FP),Hand of Malenia,45.0,45.0,45.0,45.0,45.0,50.0,45.0,14.0,0.0,0.0,0.0,0.0,0.0,0.0,-,1.0
Waterfowl Dance,Waterfowl Dance #3 [3] (Lacking FP),Hand of Malenia,70.0,70.0,70.0,70.0,70.0,50.0,70.0,18.0,0.0,0.0,0.0,0.0,0.0,0.0,-,1.0
Dragonwound Slash,Dragonwound Slash,Dragon-Hunter's Great Katana,169.0,169.0,169.0,169.0,169.0,100.0,400.0,48.0,0.0,0.0,0.0,0.0,0.0,0.0,-,0.0
Dragonwound Slash Charged,Dragonwound Slash Charged,Dragon-Hunter's Great Katana,65.0,65.0,65.0,65.0,65.0,100.0,300.0,63.0,0.0,0.0,0.0,0.0,0.0,0.0,-,0.0
Dragonwound Slash Charged,Dragonwound Slash Charged - Bullet,Dragon-Hunter's Great Katana,191.0,191.0,191.0,191.0,191.0,0.0,300.0,0.0,0.0,0.0,0.0,0.0,0.0,0.0,-,0.0
Dragonwound Slash,Dragonwound Slash (Lacking FP),Dragon-Hunter's Great Katana,100.0,100.0,100.0,100.0,100.0,100.0,100.0,48.0,0.0,0.0,0.0,0.0,0.0,0.0,-,1.0
Dragonwound Slash Charged,Dragonwound Slash Charged (Lacking FP),Dragon-Hunter's Great Katana,120.0,120.0,120.0,120.0,120.0,100.0,100.0,63.0,0.0,0.0,0.0,0.0,0.0,0.0,-,1.0
Weed Cutter,Weed Cutter #1 [1],Rakshasa's Great Katana,98.0,98.0,98.0,98.0,98.0,100.0,100.0,13.0,0.0,0.0,0.0,0.0,0.0,0.0,-,0.0
Weed Cutter,Weed Cutter #1 [2],Rakshasa's Great Katana,106.0,106.0,106.0,106.0,106.0,100.0,100.0,13.0,0.0,0.0,0.0,0.0,0.0,0.0,-,0.0
Weed Cutter,Weed Cutter #2 [1],Rakshasa's Great Katana,98.0,98.0,98.0,98.0,98.0,100.0,100.0,13.0,0.0,0.0,0.0,0.0,0.0,0.0,-,0.0
Weed Cutter,Weed Cutter #2 [2],Rakshasa's Great Katana,106.0,106.0,106.0,106.0,106.0,100.0,100.0,13.0,0.0,0.0,0.0,0.0,0.0,0.0,-,0.0
Weed Cutter,Weed Cutter #3 [1],Rakshasa's Great Katana,98.0,98.0,98.0,98.0,98.0,100.0,100.0,13.0,0.0,0.0,0.0,0.0,0.0,0.0,-,0.0
Weed Cutter,Weed Cutter #3 [2],Rakshasa's Great Katana,106.0,106.0,106.0,106.0,106.0,100.0,100.0,13.0,0.0,0.0,0.0,0.0,0.0,0.0,-,0.0
Weed Cutter,Weed Cutter #1 [1] (Lacking FP),Rakshasa's Great Katana,74.0,74.0,74.0,74.0,74.0,75.0,75.0,13.0,0.0,0.0,0.0,0.0,0.0,0.0,-,1.0
Weed Cutter,Weed Cutter #1 [2] (Lacking FP),Rakshasa's Great Katana,78.0,78.0,78.0,78.0,78.0,75.0,75.0,13.0,0.0,0.0,0.0,0.0,0.0,0.0,-,1.0
Weed Cutter,Weed Cutter #2 [1] (Lacking FP),Rakshasa's Great Katana,74.0,74.0,74.0,74.0,74.0,75.0,75.0,13.0,0.0,0.0,0.0,0.0,0.0,0.0,-,1.0
Weed Cutter,Weed Cutter #2 [2] (Lacking FP),Rakshasa's Great Katana,78.0,78.0,78.0,78.0,78.0,75.0,75.0,13.0,0.0,0.0,0.0,0.0,0.0,0.0,-,1.0
Weed Cutter,Weed Cutter #3 [1] (Lacking FP),Rakshasa's Great Katana,74.0,74.0,74.0,74.0,74.0,75.0,75.0,13.0,0.0,0.0,0.0,0.0,0.0,0.0,-,1.0
Weed Cutter,Weed Cutter #3 [2] (Lacking FP),Rakshasa's Great Katana,78.0,78.0,78.0,78.0,78.0,75.0,75.0,13.0,0.0,0.0,0.0,0.0,0.0,0.0,-,1.0
Bloodblade Dance,Bloodblade Dance #1 [1],Eleonora's Poleblade,50.0,50.0,50.0,50.0,50.0,30.0,50.0,4.0,0.0,0.0,0.0,0.0,0.0,0.0,-,0.0
Bloodblade Dance,Bloodblade Dance #1 [2],Eleonora's Poleblade,49.0,49.0,49.0,49.0,49.0,30.0,50.0,4.0,0.0,0.0,0.0,0.0,0.0,0.0,-,0.0
Bloodblade Dance,Bloodblade Dance #1 [3],Eleonora's Poleblade,0.0,0.0,0.0,0.0,0.0,0.0,0.0,0.0,0.0,0.0,0.0,0.0,0.0,0.0,-,0.0
Bloodblade Dance,Bloodblade Dance #1 [4],Eleonora's Poleblade,70.0,70.0,70.0,70.0,70.0,50.0,100.0,5.0,0.0,0.0,0.0,0.0,0.0,0.0,-,0.0
Bloodblade Dance,Bloodblade Dance #1 [5],Eleonora's Poleblade,70.0,70.0,70.0,70.0,70.0,50.0,100.0,5.0,0.0,0.0,0.0,0.0,0.0,0.0,-,0.0
Bloodblade Dance,Bloodblade Dance #1 [6],Eleonora's Poleblade,0.0,0.0,0.0,0.0,0.0,0.0,0.0,0.0,0.0,0.0,0.0,0.0,0.0,0.0,-,0.0
Bloodblade Dance,Bloodblade Dance #1 [7],Eleonora's Poleblade,70.0,70.0,70.0,70.0,70.0,50.0,150.0,7.0,0.0,0.0,0.0,0.0,0.0,0.0,-,0.0
Bloodblade Dance,Bloodblade Dance #1 [8],Eleonora's Poleblade,70.0,70.0,70.0,70.0,70.0,50.0,150.0,7.0,0.0,0.0,0.0,0.0,0.0,0.0,-,0.0
Bloodblade Dance,Bloodblade Dance #1 [9],Eleonora's Poleblade,100.0,100.0,100.0,100.0,100.0,50.0,300.0,11.0,0.0,0.0,0.0,0.0,0.0,0.0,-,0.0
Bloodblade Dance,Bloodblade Dance #2 [1],Eleonora's Poleblade,0.0,0.0,0.0,0.0,0.0,0.0,0.0,0.0,0.0,0.0,0.0,0.0,0.0,0.0,-,0.0
Bloodblade Dance,Bloodblade Dance #2 [2],Eleonora's Poleblade,80.0,80.0,80.0,80.0,80.0,50.0,300.0,13.0,0.0,0.0,0.0,0.0,0.0,0.0,-,0.0
Bloodblade Dance,Bloodblade Dance #2 [3],Eleonora's Poleblade,120.0,120.0,120.0,120.0,120.0,50.0,300.0,15.0,0.0,0.0,0.0,0.0,0.0,0.0,-,0.0
Bloodblade Dance,Bloodblade Dance #1 [1] (Lacking FP),Eleonora's Poleblade,80.0,80.0,80.0,80.0,80.0,50.0,300.0,13.0,0.0,0.0,0.0,0.0,0.0,0.0,-,1.0
Bloodblade Dance,Bloodblade Dance #1 [2] (Lacking FP),Eleonora's Poleblade,120.0,120.0,120.0,120.0,120.0,50.0,300.0,15.0,0.0,0.0,0.0,0.0,0.0,0.0,-,1.0
Bloodblade Dance,Bloodblade Dance #1 [3] (Lacking FP),Eleonora's Poleblade,0.0,0.0,0.0,0.0,0.0,0.0,0.0,0.0,0.0,0.0,0.0,0.0,0.0,0.0,-,1.0
Bloodblade Dance,Bloodblade Dance #1 [4] (Lacking FP),Eleonora's Poleblade,50.0,50.0,50.0,50.0,50.0,25.0,50.0,7.0,0.0,0.0,0.0,0.0,0.0,0.0,-,1.0
Bloodblade Dance,Bloodblade Dance #1 [5] (Lacking FP),Eleonora's Poleblade,50.0,50.0,50.0,50.0,50.0,25.0,50.0,7.0,0.0,0.0,0.0,0.0,0.0,0.0,-,1.0
Bloodblade Dance,Bloodblade Dance #1 [6] (Lacking FP),Eleonora's Poleblade,0.0,0.0,0.0,0.0,0.0,0.0,0.0,0.0,0.0,0.0,0.0,0.0,0.0,0.0,-,1.0
Bloodblade Dance,Bloodblade Dance #1 [7] (Lacking FP),Eleonora's Poleblade,50.0,50.0,50.0,50.0,50.0,25.0,50.0,9.0,0.0,0.0,0.0,0.0,0.0,0.0,-,1.0
Bloodblade Dance,Bloodblade Dance #1 [8] (Lacking FP),Eleonora's Poleblade,50.0,50.0,50.0,50.0,50.0,25.0,50.0,9.0,0.0,0.0,0.0,0.0,0.0,0.0,-,1.0
Bloodblade Dance,Bloodblade Dance #1 [9] (Lacking FP),Eleonora's Poleblade,100.0,100.0,100.0,100.0,100.0,25.0,50.0,13.0,0.0,0.0,0.0,0.0,0.0,0.0,-,1.0
Bloodblade Dance,Bloodblade Dance #2 [1] (Lacking FP),Eleonora's Poleblade,0.0,0.0,0.0,0.0,0.0,0.0,0.0,0.0,0.0,0.0,0.0,0.0,0.0,0.0,-,1.0
Bloodblade Dance,Bloodblade Dance #2 [2] (Lacking FP),Eleonora's Poleblade,50.0,50.0,50.0,50.0,50.0,25.0,50.0,13.0,0.0,0.0,0.0,0.0,0.0,0.0,-,1.0
Bloodblade Dance,Bloodblade Dance #2 [3] (Lacking FP),Eleonora's Poleblade,100.0,100.0,100.0,100.0,100.0,25.0,100.0,15.0,0.0,0.0,0.0,0.0,0.0,0.0,-,1.0
Euporia Vortex,Euporia Vortex [1],Euporia,70.0,70.0,70.0,70.0,70.0,30.0,25.0,10.0,0.0,0.0,0.0,0.0,0.0,0.0,-,0.0
Euporia Vortex,Euporia Vortex [2],Euporia,70.0,70.0,70.0,70.0,70.0,30.0,25.0,10.0,0.0,0.0,0.0,0.0,0.0,0.0,-,0.0
Euporia Vortex,Euporia Vortex [3],Euporia,70.0,70.0,70.0,70.0,70.0,30.0,25.0,10.0,0.0,0.0,0.0,0.0,0.0,0.0,-,0.0
Euporia Vortex,Euporia Vortex [4],Euporia,70.0,70.0,70.0,70.0,70.0,30.0,25.0,10.0,0.0,0.0,0.0,0.0,0.0,0.0,-,0.0
Euporia Vortex,Euporia Vortex [5],Euporia,70.0,70.0,70.0,70.0,70.0,30.0,25.0,10.0,0.0,0.0,0.0,0.0,0.0,0.0,-,0.0
Euporia Vortex,[Luster Tier 1] Euporia Vortex - Bullet,Euporia,0.0,0.0,0.0,0.0,0.0,100.0,50.0,0.0,0.0,0.0,0.0,0.0,41.0,1.0,-,0.0
Euporia Vortex,[Luster Tier 1] Euporia Vortex [1],Euporia,25.0,25.0,25.0,25.0,25.0,30.0,25.0,10.0,0.0,0.0,0.0,0.0,0.0,0.0,-,0.0
Euporia Vortex,[Luster Tier 1] Euporia Vortex - Bullet,Euporia,0.0,0.0,0.0,0.0,0.0,100.0,0.0,0.0,0.0,0.0,0.0,0.0,41.0,1.0,-,0.0
Euporia Vortex,[Luster Tier 1] Euporia Vortex - Bullet,Euporia,0.0,0.0,0.0,0.0,0.0,100.0,50.0,0.0,0.0,0.0,0.0,0.0,41.0,1.0,-,0.0
Euporia Vortex,[Luster Tier 1] Euporia Vortex [2],Euporia,25.0,25.0,25.0,25.0,25.0,30.0,25.0,10.0,0.0,0.0,0.0,0.0,0.0,0.0,-,0.0
Euporia Vortex,[Luster Tier 1] Euporia Vortex - Bullet,Euporia,0.0,0.0,0.0,0.0,0.0,100.0,0.0,0.0,0.0,0.0,0.0,0.0,41.0,1.0,-,0.0
Euporia Vortex,[Luster Tier 1] Euporia Vortex - Bullet,Euporia,0.0,0.0,0.0,0.0,0.0,100.0,50.0,0.0,0.0,0.0,0.0,0.0,41.0,1.0,-,0.0
Euporia Vortex,[Luster Tier 1] Euporia Vortex - Bullet,Euporia,0.0,0.0,0.0,0.0,0.0,100.0,0.0,0.0,0.0,0.0,0.0,0.0,41.0,1.0,-,0.0
Euporia Vortex,[Luster Tier 1] Euporia Vortex [3],Euporia,25.0,25.0,25.0,25.0,25.0,30.0,25.0,10.0,0.0,0.0,0.0,0.0,0.0,0.0,-,0.0
Euporia Vortex,[Luster Tier 1] Euporia Vortex - Bullet,Euporia,0.0,0.0,0.0,0.0,0.0,100.0,50.0,0.0,0.0,0.0,0.0,0.0,41.0,1.0,-,0.0
Euporia Vortex,[Luster Tier 1] Euporia Vortex - Bullet,Euporia,0.0,0.0,0.0,0.0,0.0,100.0,0.0,0.0,0.0,0.0,0.0,0.0,41.0,1.0,-,0.0
Euporia Vortex,[Luster Tier 1] Euporia Vortex [4],Euporia,25.0,25.0,25.0,25.0,25.0,30.0,25.0,10.0,0.0,0.0,0.0,0.0,0.0,0.0,-,0.0
Euporia Vortex,[Luster Tier 1] Euporia Vortex - Bullet,Euporia,0.0,0.0,0.0,0.0,0.0,100.0,100.0,0.0,0.0,0.0,0.0,0.0,45.0,1.0,-,0.0
Euporia Vortex,[Luster Tier 1] Euporia Vortex [5],Euporia,25.0,25.0,25.0,25.0,25.0,30.0,25.0,10.0,0.0,0.0,0.0,0.0,0.0,0.0,-,0.0
Euporia Vortex,[Luster Tier 2] Euporia Vortex [1],Euporia,35.0,35.0,35.0,35.0,35.0,30.0,25.0,10.0,0.0,0.0,0.0,0.0,0.0,0.0,-,0.0
Euporia Vortex,[Luster Tier 2] Euporia Vortex - Bullet,Euporia,0.0,0.0,0.0,0.0,0.0,100.0,65.0,0.0,0.0,0.0,0.0,0.0,37.0,1.0,-,0.0
Euporia Vortex,[Luster Tier 2] Euporia Vortex - Bullet,Euporia,0.0,0.0,0.0,0.0,0.0,100.0,0.0,0.0,0.0,0.0,0.0,0.0,37.0,1.0,-,0.0
Euporia Vortex,[Luster Tier 2] Euporia Vortex - Bullet,Euporia,0.0,0.0,0.0,0.0,0.0,100.0,65.0,0.0,0.0,0.0,0.0,0.0,37.0,1.0,-,0.0
Euporia Vortex,[Luster Tier 2] Euporia Vortex [2],Euporia,35.0,35.0,35.0,35.0,35.0,30.0,25.0,10.0,0.0,0.0,0.0,0.0,0.0,0.0,-,0.0
Euporia Vortex,[Luster Tier 2] Euporia Vortex - Bullet,Euporia,0.0,0.0,0.0,0.0,0.0,100.0,0.0,0.0,0.0,0.0,0.0,0.0,37.0,1.0,-,0.0
Euporia Vortex,[Luster Tier 2] Euporia Vortex - Bullet,Euporia,0.0,0.0,0.0,0.0,0.0,100.0,65.0,0.0,0.0,0.0,0.0,0.0,37.0,1.0,-,0.0
Euporia Vortex,[Luster Tier 2] Euporia Vortex [3],Euporia,35.0,35.0,35.0,35.0,35.0,30.0,25.0,10.0,0.0,0.0,0.0,0.0,0.0,0.0,-,0.0
Euporia Vortex,[Luster Tier 2] Euporia Vortex - Bullet,Euporia,0.0,0.0,0.0,0.0,0.0,100.0,0.0,0.0,0.0,0.0,0.0,0.0,37.0,1.0,-,0.0
Euporia Vortex,[Luster Tier 2] Euporia Vortex - Bullet,Euporia,0.0,0.0,0.0,0.0,0.0,100.0,65.0,0.0,0.0,0.0,0.0,0.0,37.0,1.0,-,0.0
Euporia Vortex,[Luster Tier 2] Euporia Vortex [4],Euporia,35.0,35.0,35.0,35.0,35.0,30.0,25.0,10.0,0.0,0.0,0.0,0.0,0.0,0.0,-,0.0
Euporia Vortex,[Luster Tier 2] Euporia Vortex - Bullet,Euporia,0.0,0.0,0.0,0.0,0.0,100.0,0.0,0.0,0.0,0.0,0.0,0.0,37.0,1.0,-,0.0
Euporia Vortex,[Luster Tier 2] Euporia Vortex - Bullet,Euporia,0.0,0.0,0.0,0.0,0.0,100.0,65.0,0.0,0.0,0.0,0.0,0.0,37.0,1.0,-,0.0
Euporia Vortex,[Luster Tier 2] Euporia Vortex - Bullet,Euporia,0.0,0.0,0.0,0.0,0.0,100.0,0.0,0.0,0.0,0.0,0.0,0.0,37.0,1.0,-,0.0
Euporia Vortex,[Luster Tier 2] Euporia Vortex [5],Euporia,35.0,35.0,35.0,35.0,35.0,30.0,25.0,10.0,0.0,0.0,0.0,0.0,0.0,0.0,-,0.0
Euporia Vortex,[Luster Tier 2] Euporia Vortex - Bullet,Euporia,0.0,0.0,0.0,0.0,0.0,100.0,65.0,0.0,0.0,0.0,0.0,0.0,37.0,1.0,-,0.0
Euporia Vortex,[Luster Tier 2] Euporia Vortex - Bullet,Euporia,0.0,0.0,0.0,0.0,0.0,100.0,0.0,0.0,0.0,0.0,0.0,0.0,37.0,1.0,-,0.0
Euporia Vortex,[Luster Tier 2] Euporia Vortex [6],Euporia,35.0,35.0,35.0,35.0,35.0,30.0,25.0,10.0,0.0,0.0,0.0,0.0,0.0,0.0,-,0.0
Euporia Vortex,[Luster Tier 2] Euporia Vortex - Bullet,Euporia,0.0,0.0,0.0,0.0,0.0,100.0,65.0,0.0,0.0,0.0,0.0,0.0,37.0,1.0,-,0.0
Euporia Vortex,[Luster Tier 2] Euporia Vortex - Bullet,Euporia,0.0,0.0,0.0,0.0,0.0,100.0,0.0,0.0,0.0,0.0,0.0,0.0,37.0,1.0,-,0.0
Euporia Vortex,[Luster Tier 2] Euporia Vortex [7],Euporia,35.0,35.0,35.0,35.0,35.0,30.0,25.0,10.0,0.0,0.0,0.0,0.0,0.0,0.0,-,0.0
Euporia Vortex,[Luster Tier 2] Euporia Vortex - Bullet,Euporia,0.0,0.0,0.0,0.0,0.0,100.0,65.0,0.0,0.0,0.0,0.0,0.0,37.0,1.0,-,0.0
Euporia Vortex,[Luster Tier 2] Euporia Vortex - Bullet,Euporia,0.0,0.0,0.0,0.0,0.0,100.0,0.0,0.0,0.0,0.0,0.0,0.0,37.0,1.0,-,0.0
Euporia Vortex,[Luster Tier 2] Euporia Vortex - Bullet,Euporia,0.0,0.0,0.0,0.0,0.0,100.0,65.0,0.0,0.0,0.0,0.0,0.0,37.0,1.0,-,0.0
Euporia Vortex,[Luster Tier 2] Euporia Vortex [8],Euporia,35.0,35.0,35.0,35.0,35.0,30.0,25.0,10.0,0.0,0.0,0.0,0.0,0.0,0.0,-,0.0
Euporia Vortex,[Luster Tier 2] Euporia Vortex - Bullet,Euporia,0.0,0.0,0.0,0.0,0.0,100.0,0.0,0.0,0.0,0.0,0.0,0.0,37.0,1.0,-,0.0
Euporia Vortex,[Luster Tier 2] Euporia Vortex - Bullet,Euporia,0.0,0.0,0.0,0.0,0.0,100.0,65.0,0.0,0.0,0.0,0.0,0.0,37.0,1.0,-,0.0
Euporia Vortex,[Luster Tier 2] Euporia Vortex [9],Euporia,35.0,35.0,35.0,35.0,35.0,30.0,25.0,10.0,0.0,0.0,0.0,0.0,0.0,0.0,-,0.0
Euporia Vortex,[Luster Tier 2] Euporia Vortex - Bullet,Euporia,0.0,0.0,0.0,0.0,0.0,100.0,0.0,0.0,0.0,0.0,0.0,0.0,37.0,1.0,-,0.0
Euporia Vortex,[Luster Tier 2] Euporia Vortex - Bullet,Euporia,0.0,0.0,0.0,0.0,0.0,100.0,65.0,0.0,0.0,0.0,0.0,0.0,37.0,1.0,-,0.0
Euporia Vortex,[Luster Tier 2] Euporia Vortex [10],Euporia,35.0,35.0,35.0,35.0,35.0,30.0,25.0,10.0,0.0,0.0,0.0,0.0,0.0,0.0,-,0.0
Euporia Vortex,[Luster Tier 2] Euporia Vortex - Bullet,Euporia,0.0,0.0,0.0,0.0,0.0,100.0,0.0,0.0,0.0,0.0,0.0,0.0,37.0,1.0,-,0.0
Euporia Vortex,[Luster Tier 2] Euporia Vortex - Bullet,Euporia,0.0,0.0,0.0,0.0,0.0,100.0,65.0,0.0,0.0,0.0,0.0,0.0,37.0,1.0,-,0.0
Euporia Vortex,[Luster Tier 2] Euporia Vortex - Bullet,Euporia,0.0,0.0,0.0,0.0,0.0,100.0,0.0,0.0,0.0,0.0,0.0,0.0,37.0,1.0,-,0.0
Euporia Vortex,[Luster Tier 2] Euporia Vortex [11],Euporia,35.0,35.0,35.0,35.0,35.0,30.0,25.0,10.0,0.0,0.0,0.0,0.0,0.0,0.0,-,0.0
Euporia Vortex,[Luster Tier 2] Euporia Vortex - Bullet,Euporia,0.0,0.0,0.0,0.0,0.0,100.0,65.0,0.0,0.0,0.0,0.0,0.0,37.0,1.0,-,0.0
Euporia Vortex,[Luster Tier 2] Euporia Vortex - Bullet,Euporia,0.0,0.0,0.0,0.0,0.0,100.0,0.0,0.0,0.0,0.0,0.0,0.0,37.0,1.0,-,0.0
Euporia Vortex,[Luster Tier 2] Euporia Vortex - Bullet,Euporia,0.0,0.0,0.0,0.0,0.0,100.0,100.0,0.0,0.0,0.0,0.0,0.0,42.0,1.0,-,0.0
Euporia Vortex,Euporia Vortex [1] (Lacking FP),Euporia,35.0,35.0,35.0,35.0,35.0,30.0,25.0,10.0,0.0,0.0,0.0,0.0,0.0,0.0,-,1.0
Euporia Vortex,Euporia Vortex [2] (Lacking FP),Euporia,35.0,35.0,35.0,35.0,35.0,30.0,25.0,10.0,0.0,0.0,0.0,0.0,0.0,0.0,-,1.0
Euporia Vortex,Euporia Vortex [3] (Lacking FP),Euporia,35.0,35.0,35.0,35.0,35.0,30.0,25.0,10.0,0.0,0.0,0.0,0.0,0.0,0.0,-,1.0
Euporia Vortex,Euporia Vortex [4] (Lacking FP),Euporia,35.0,35.0,35.0,35.0,35.0,30.0,25.0,10.0,0.0,0.0,0.0,0.0,0.0,0.0,-,1.0
Euporia Vortex,Euporia Vortex [5] (Lacking FP),Euporia,35.0,35.0,35.0,35.0,35.0,30.0,25.0,10.0,0.0,0.0,0.0,0.0,0.0,0.0,-,1.0
Dragonform Flame,Dragonform Flame,Forked-Tongue Hatchet,0.0,0.0,0.0,0.0,0.0,0.0,0.0,10.0,0.0,0.0,0.0,0.0,0.0,0.0,-,0.0
Dragonform Flame,Dragonform Flame - Bullet,Forked-Tongue Hatchet,0.0,0.0,0.0,0.0,0.0,0.0,0.0,1.0,0.0,0.0,90.0,0.0,0.0,1.0,-,0.0
Dragonform Flame,Dragonform Flame - Bullet (Ground Fire),Forked-Tongue Hatchet,0.0,0.0,0.0,0.0,0.0,0.0,0.0,0.0,0.0,0.0,40.0,0.0,0.0,1.0,-,0.0
Dragonform Flame,Dragonform Flame (Lacking FP),Forked-Tongue Hatchet,0.0,0.0,0.0,0.0,0.0,0.0,0.0,10.0,0.0,0.0,0.0,0.0,0.0,0.0,-,1.0
Thunderstorm,Thunderstorm #1 [1],Stormhawk Axe,100.0,0.0,0.0,0.0,0.0,0.0,90.0,11.0,0.0,0.0,0.0,95.0,0.0,1.0,-,0.0
Thunderstorm,Thunderstorm #1 [2],Stormhawk Axe,100.0,0.0,0.0,0.0,0.0,0.0,90.0,11.0,0.0,0.0,0.0,95.0,0.0,1.0,-,0.0
Thunderstorm,Thunderstorm #1 [3],Stormhawk Axe,100.0,0.0,0.0,0.0,0.0,0.0,90.0,11.0,0.0,0.0,0.0,95.0,0.0,1.0,-,0.0
Thunderstorm,Thunderstorm #1 [1] - Bullet,Stormhawk Axe,57.0,57.0,57.0,57.0,57.0,0.0,90.0,0.0,0.0,0.0,0.0,0.0,0.0,1.0,-,0.0
Thunderstorm,Thunderstorm #1 [2] - Bullet,Stormhawk Axe,62.0,62.0,62.0,62.0,62.0,0.0,90.0,0.0,0.0,0.0,0.0,0.0,0.0,1.0,-,0.0
Thunderstorm,Thunderstorm #1 [3] - Bullet,Stormhawk Axe,70.0,70.0,70.0,70.0,70.0,0.0,90.0,0.0,0.0,0.0,0.0,0.0,0.0,1.0,-,0.0
Thunderstorm,Thunderstorm #2 [1],Stormhawk Axe,100.0,0.0,0.0,0.0,0.0,0.0,90.0,11.0,0.0,0.0,0.0,95.0,0.0,1.0,-,0.0
Thunderstorm,Thunderstorm #2 [2],Stormhawk Axe,100.0,0.0,0.0,0.0,0.0,0.0,90.0,11.0,0.0,0.0,0.0,95.0,0.0,1.0,-,0.0
Thunderstorm,Thunderstorm #2 [1] - Bullet,Stormhawk Axe,72.0,72.0,72.0,72.0,72.0,0.0,90.0,0.0,0.0,0.0,0.0,0.0,0.0,1.0,-,0.0
Thunderstorm,Thunderstorm #2 [2] - Bullet,Stormhawk Axe,77.0,77.0,77.0,77.0,77.0,0.0,90.0,0.0,0.0,0.0,0.0,0.0,0.0,1.0,-,0.0
Thunderstorm,Thunderstorm #3 [1],Stormhawk Axe,100.0,0.0,0.0,0.0,0.0,0.0,90.0,11.0,0.0,0.0,0.0,95.0,0.0,1.0,-,0.0
Thunderstorm,Thunderstorm #3 [2],Stormhawk Axe,110.0,0.0,0.0,0.0,0.0,0.0,90.0,14.0,0.0,0.0,0.0,107.0,0.0,1.0,-,0.0
Thunderstorm,Thunderstorm #3 [1] - Bullet,Stormhawk Axe,79.0,79.0,79.0,79.0,79.0,0.0,90.0,0.0,0.0,0.0,0.0,0.0,0.0,1.0,-,0.0
Thunderstorm,Thunderstorm #3 [2] - Bullet,Stormhawk Axe,81.0,81.0,81.0,81.0,81.0,0.0,90.0,0.0,0.0,0.0,0.0,0.0,0.0,1.0,-,0.0
Thunderstorm,Thunderstorm #1 [1] (Lacking FP),Stormhawk Axe,65.0,65.0,65.0,65.0,65.0,100.0,70.0,11.0,0.0,0.0,0.0,0.0,0.0,0.0,-,1.0
Thunderstorm,Thunderstorm #1 [2] (Lacking FP),Stormhawk Axe,65.0,65.0,65.0,65.0,65.0,100.0,70.0,11.0,0.0,0.0,0.0,0.0,0.0,0.0,-,1.0
Thunderstorm,Thunderstorm #1 [3] (Lacking FP),Stormhawk Axe,65.0,65.0,65.0,65.0,65.0,100.0,70.0,11.0,0.0,0.0,0.0,0.0,0.0,0.0,-,1.0
Thunderstorm,Thunderstorm #2 [1] (Lacking FP),Stormhawk Axe,65.0,65.0,65.0,65.0,65.0,100.0,70.0,11.0,0.0,0.0,0.0,0.0,0.0,0.0,-,1.0
Thunderstorm,Thunderstorm #2 [2] (Lacking FP),Stormhawk Axe,65.0,65.0,65.0,65.0,65.0,100.0,70.0,11.0,0.0,0.0,0.0,0.0,0.0,0.0,-,1.0
Thunderstorm,Thunderstorm #3 [1] (Lacking FP),Stormhawk Axe,65.0,65.0,65.0,65.0,65.0,100.0,70.0,11.0,0.0,0.0,0.0,0.0,0.0,0.0,-,1.0
Thunderstorm,Thunderstorm #3 [2] (Lacking FP),Stormhawk Axe,75.0,75.0,75.0,75.0,75.0,100.0,70.0,3.0,0.0,0.0,0.0,0.0,0.0,0.0,-,1.0
Rosus's Summons,Rosus's Summons - Bullet (Skeleton - Front),Rosus' Axe,105.0,105.0,0.0,0.0,0.0,100.0,150.0,0.0,0.0,0.0,0.0,0.0,0.0,1.0,-,0.0
Rosus's Summons,Rosus's Summons - Bullet (Skeleton - Right),Rosus' Axe,105.0,105.0,0.0,0.0,0.0,100.0,150.0,0.0,0.0,0.0,0.0,0.0,0.0,1.0,-,0.0
Rosus's Summons,Rosus's Summons - Bullet (Skeleton - Left),Rosus' Axe,105.0,105.0,0.0,0.0,0.0,100.0,150.0,0.0,0.0,0.0,0.0,0.0,0.0,1.0,-,0.0
Rosus's Summons,Rosus's Summons,Rosus' Axe,100.0,100.0,0.0,0.0,0.0,100.0,150.0,22.0,0.0,0.0,0.0,0.0,0.0,1.0,-,0.0
Rosus's Summons,Rosus's Summons (Lacking FP),Rosus' Axe,90.0,90.0,0.0,0.0,0.0,100.0,120.0,22.0,0.0,0.0,0.0,0.0,0.0,0.0,-,1.0
Blinkbolt: Twinaxe,Blinkbolt: Twinaxe,Death Knight's Twin Axes,0.0,0.0,0.0,0.0,0.0,0.0,0.0,23.0,0.0,0.0,0.0,50.0,0.0,1.0,Dexterity,0.0
Blinkbolt: Twinaxe R2,Blinkbolt: Twinaxe R2 [1],Death Knight's Twin Axes,39.0,39.0,39.0,39.0,39.0,100.0,100.0,6.0,0.0,0.0,0.0,0.0,0.0,0.0,-,0.0
Blinkbolt: Twinaxe R2,Blinkbolt: Twinaxe R2 [2],Death Knight's Twin Axes,41.0,41.0,41.0,41.0,41.0,100.0,100.0,6.0,0.0,0.0,0.0,0.0,0.0,0.0,-,0.0
Blinkbolt: Twinaxe R2,Blinkbolt: Twinaxe R2 [3],Death Knight's Twin Axes,57.0,57.0,57.0,57.0,57.0,100.0,100.0,6.0,0.0,0.0,0.0,0.0,0.0,0.0,-,0.0
Blinkbolt: Twinaxe R2,Blinkbolt: Twinaxe R2 [4],Death Knight's Twin Axes,58.0,58.0,58.0,58.0,58.0,100.0,100.0,6.0,0.0,0.0,0.0,0.0,0.0,0.0,-,0.0
Blinkbolt: Twinaxe R2,Blinkbolt: Twinaxe R2 [5],Death Knight's Twin Axes,61.0,61.0,61.0,61.0,61.0,100.0,100.0,6.0,0.0,0.0,0.0,0.0,0.0,0.0,-,0.0
Blinkbolt: Twinaxe R2,Blinkbolt: Twinaxe R2 [6],Death Knight's Twin Axes,69.0,69.0,69.0,69.0,69.0,100.0,100.0,6.0,0.0,0.0,0.0,0.0,0.0,0.0,-,0.0
Blinkbolt: Twinaxe,Blinkbolt: Twinaxe (Lacking FP),Death Knight's Twin Axes,0.0,0.0,0.0,0.0,0.0,0.0,0.0,23.0,40.0,0.0,0.0,0.0,0.0,1.0,Dexterity,1.0
Blinkbolt: Twinaxe R2,Blinkbolt: Twinaxe R2 [1] (Lacking FP),Death Knight's Twin Axes,50.0,50.0,50.0,50.0,50.0,100.0,100.0,6.0,0.0,0.0,0.0,0.0,0.0,0.0,-,1.0
Blinkbolt: Twinaxe R2,Blinkbolt: Twinaxe R2 [2] (Lacking FP),Death Knight's Twin Axes,50.0,50.0,50.0,50.0,50.0,100.0,100.0,6.0,0.0,0.0,0.0,0.0,0.0,0.0,-,1.0
Blinkbolt: Twinaxe R2,Blinkbolt: Twinaxe R2 [3] (Lacking FP),Death Knight's Twin Axes,50.0,50.0,50.0,50.0,50.0,100.0,100.0,6.0,0.0,0.0,0.0,0.0,0.0,0.0,-,1.0
Blinkbolt: Twinaxe R2,Blinkbolt: Twinaxe R2 [4] (Lacking FP),Death Knight's Twin Axes,50.0,50.0,50.0,50.0,50.0,100.0,100.0,6.0,0.0,0.0,0.0,0.0,0.0,0.0,-,1.0
Blinkbolt: Twinaxe R2,Blinkbolt: Twinaxe R2 [5] (Lacking FP),Death Knight's Twin Axes,50.0,50.0,50.0,50.0,50.0,100.0,100.0,6.0,0.0,0.0,0.0,0.0,0.0,0.0,-,1.0
Blinkbolt: Twinaxe R2,Blinkbolt: Twinaxe R2 [6] (Lacking FP),Death Knight's Twin Axes,50.0,50.0,50.0,50.0,50.0,100.0,100.0,6.0,0.0,0.0,0.0,0.0,0.0,0.0,-,1.0
Blinkbolt: Long-hafted Axe,Blinkbolt: Long-hafted Axe,Death Knight's Longhaft Axe,0.0,0.0,0.0,0.0,0.0,0.0,0.0,22.0,0.0,0.0,0.0,50.0,0.0,1.0,Dexterity,0.0
Blinkbolt: Long-hafted Axe R2,Blinkbolt: Long-hafted Axe R2,Death Knight's Longhaft Axe,180.0,180.0,180.0,180.0,180.0,100.0,400.0,35.0,0.0,0.0,0.0,0.0,0.0,0.0,-,0.0
Blinkbolt: Long-hafted Axe R2,Blinkbolt: Long-hafted Axe R2 - Bullet,Death Knight's Longhaft Axe,0.0,0.0,0.0,0.0,0.0,100.0,0.0,0.0,0.0,0.0,0.0,90.0,0.0,1.0,Dexterity,0.0
Blinkbolt: Long-hafted Axe,Blinkbolt: Long-hafted Axe (Lacking FP),Death Knight's Longhaft Axe,0.0,0.0,0.0,0.0,0.0,0.0,0.0,22.0,10.0,0.0,0.0,0.0,0.0,1.0,Dexterity,1.0
Blinkbolt: Long-hafted Axe R2,Blinkbolt: Long-hafted Axe R2 (Lacking FP),Death Knight's Longhaft Axe,100.0,100.0,100.0,100.0,100.0,100.0,100.0,35.0,0.0,0.0,0.0,0.0,0.0,0.0,-,1.0
"I Command Thee, Kneel","I Command Thee, Kneel #1 [1]",Axe of Godrick,90.0,90.0,90.0,90.0,90.0,100.0,150.0,30.0,0.0,0.0,0.0,0.0,0.0,0.0,-,0.0
"I Command Thee, Kneel","I Command Thee, Kneel #1 [1] - Bullet",Axe of Godrick,105.0,105.0,105.0,105.0,105.0,100.0,150.0,0.0,0.0,0.0,0.0,0.0,0.0,0.0,-,0.0
"I Command Thee, Kneel","I Command Thee, Kneel #1 [1] - Bullet",Axe of Godrick,0.0,0.0,0.0,0.0,0.0,0.0,0.0,0.0,0.0,0.0,0.0,0.0,0.0,0.0,-,0.0
"I Command Thee, Kneel","I Command Thee, Kneel #1 [1] - Bullet",Axe of Godrick,0.0,0.0,0.0,0.0,0.0,0.0,0.0,0.0,0.0,0.0,0.0,0.0,0.0,0.0,-,0.0
"I Command Thee, Kneel","I Command Thee, Kneel #1 [1] - Bullet",Axe of Godrick,0.0,0.0,0.0,0.0,0.0,0.0,0.0,0.0,0.0,0.0,0.0,0.0,0.0,0.0,-,0.0
"I Command Thee, Kneel","I Command Thee, Kneel #1 [2]",Axe of Godrick,90.0,90.0,90.0,90.0,90.0,100.0,150.0,30.0,0.0,0.0,0.0,0.0,0.0,0.0,-,0.0
"I Command Thee, Kneel","I Command Thee, Kneel #1 [2] - Bullet",Axe of Godrick,107.0,107.0,107.0,107.0,107.0,100.0,150.0,0.0,0.0,0.0,0.0,0.0,0.0,0.0,-,0.0
"I Command Thee, Kneel","I Command Thee, Kneel #1 [2] - Bullet",Axe of Godrick,0.0,0.0,0.0,0.0,0.0,0.0,0.0,0.0,0.0,0.0,0.0,0.0,0.0,0.0,-,0.0
"I Command Thee, Kneel","I Command Thee, Kneel #1 [2] - Bullet",Axe of Godrick,0.0,0.0,0.0,0.0,0.0,0.0,0.0,0.0,0.0,0.0,0.0,0.0,0.0,0.0,-,0.0
"I Command Thee, Kneel","I Command Thee, Kneel #1 [2] - Bullet",Axe of Godrick,0.0,0.0,0.0,0.0,0.0,0.0,0.0,0.0,0.0,0.0,0.0,0.0,0.0,0.0,-,0.0
"I Command Thee, Kneel","I Command Thee, Kneel #2",Axe of Godrick,90.0,90.0,90.0,90.0,90.0,100.0,150.0,30.0,0.0,0.0,0.0,0.0,0.0,0.0,-,0.0
"I Command Thee, Kneel","I Command Thee, Kneel #2 - Bullet",Axe of Godrick,200.0,200.0,200.0,200.0,200.0,100.0,150.0,0.0,0.0,0.0,0.0,0.0,0.0,0.0,-,0.0
"I Command Thee, Kneel","I Command Thee, Kneel #2 - Bullet",Axe of Godrick,0.0,0.0,0.0,0.0,0.0,0.0,0.0,0.0,0.0,0.0,0.0,0.0,0.0,0.0,-,0.0
"I Command Thee, Kneel","I Command Thee, Kneel #2 - Bullet",Axe of Godrick,0.0,0.0,0.0,0.0,0.0,0.0,0.0,0.0,0.0,0.0,0.0,0.0,0.0,0.0,-,0.0
"I Command Thee, Kneel","I Command Thee, Kneel #2 - Bullet",Axe of Godrick,0.0,0.0,0.0,0.0,0.0,0.0,0.0,0.0,0.0,0.0,0.0,0.0,0.0,0.0,-,0.0
"I Command Thee, Kneel","I Command Thee, Kneel #1 [1] (Lacking FP)",Axe of Godrick,70.0,70.0,70.0,70.0,70.0,100.0,100.0,30.0,0.0,0.0,0.0,0.0,0.0,0.0,-,1.0
"I Command Thee, Kneel","I Command Thee, Kneel #1 [2] (Lacking FP)",Axe of Godrick,80.0,80.0,80.0,80.0,80.0,100.0,100.0,30.0,0.0,0.0,0.0,0.0,0.0,0.0,-,1.0
"I Command Thee, Kneel","I Command Thee, Kneel #2 (Lacking FP)",Axe of Godrick,80.0,80.0,80.0,80.0,80.0,100.0,100.0,30.0,0.0,0.0,0.0,0.0,0.0,0.0,-,1.0
Spinning Guillotine,Spinning Guillotine #1,Putrescence Cleaver,163.0,163.0,163.0,163.0,163.0,100.0,300.0,23.0,0.0,0.0,0.0,0.0,0.0,0.0,-,0.0
Spinning Guillotine,Spinning Guillotine #2 [1],Putrescence Cleaver,78.0,78.0,78.0,78.0,78.0,100.0,100.0,11.0,0.0,0.0,0.0,0.0,0.0,0.0,-,0.0
Spinning Guillotine,Spinning Guillotine #2 [2],Putrescence Cleaver,79.0,79.0,79.0,79.0,79.0,100.0,50.0,11.0,0.0,0.0,0.0,0.0,0.0,0.0,-,0.0
Spinning Guillotine,Spinning Guillotine #2 [3],Putrescence Cleaver,82.0,82.0,82.0,82.0,82.0,100.0,100.0,11.0,0.0,0.0,0.0,0.0,0.0,0.0,-,0.0
Spinning Guillotine R2,Spinning Guillotine R2 [1],Putrescence Cleaver,81.0,81.0,81.0,81.0,81.0,100.0,150.0,8.0,0.0,0.0,0.0,0.0,0.0,0.0,-,0.0
Spinning Guillotine R2,Spinning Guillotine R2 [2],Putrescence Cleaver,83.0,83.0,83.0,83.0,83.0,100.0,150.0,8.0,0.0,0.0,0.0,0.0,0.0,0.0,-,0.0
Spinning Guillotine R2,Spinning Guillotine R2 [3],Putrescence Cleaver,90.0,90.0,90.0,90.0,90.0,100.0,300.0,21.0,0.0,0.0,0.0,0.0,0.0,0.0,-,0.0
Spinning Guillotine,Spinning Guillotine #1 (Lacking FP),Putrescence Cleaver,50.0,50.0,50.0,50.0,50.0,100.0,100.0,23.0,0.0,0.0,0.0,0.0,0.0,0.0,-,1.0
Spinning Guillotine,Spinning Guillotine #2 [1] (Lacking FP),Putrescence Cleaver,50.0,50.0,50.0,50.0,50.0,100.0,100.0,11.0,0.0,0.0,0.0,0.0,0.0,0.0,-,1.0
Spinning Guillotine,Spinning Guillotine #2 [2] (Lacking FP),Putrescence Cleaver,50.0,50.0,50.0,50.0,50.0,100.0,100.0,11.0,0.0,0.0,0.0,0.0,0.0,0.0,-,1.0
Spinning Guillotine,Spinning Guillotine #2 [3] (Lacking FP),Putrescence Cleaver,50.0,50.0,50.0,50.0,50.0,100.0,100.0,11.0,0.0,0.0,0.0,0.0,0.0,0.0,-,1.0
Spinning Guillotine R2,Spinning Guillotine R2 [1] (Lacking FP),Putrescence Cleaver,50.0,50.0,50.0,50.0,50.0,100.0,100.0,8.0,0.0,0.0,0.0,0.0,0.0,0.0,-,1.0
Spinning Guillotine R2,Spinning Guillotine R2 [2] (Lacking FP),Putrescence Cleaver,50.0,50.0,50.0,50.0,50.0,100.0,100.0,8.0,0.0,0.0,0.0,0.0,0.0,0.0,-,1.0
Spinning Guillotine R2,Spinning Guillotine R2 [3] (Lacking FP),Putrescence Cleaver,50.0,50.0,50.0,50.0,50.0,100.0,100.0,21.0,0.0,0.0,0.0,0.0,0.0,0.0,-,1.0
Oracular Bubble,Oracular Bubble - Bullet,Envoy's Horn,0.0,0.0,0.0,0.0,0.0,100.0,80.0,9.0,0.0,0.0,0.0,0.0,110.0,1.0,-,0.0
Oracular Bubble,Oracular Bubble - Bullet AoE,Envoy's Horn,0.0,0.0,0.0,0.0,0.0,100.0,80.0,0.0,0.0,0.0,0.0,0.0,110.0,1.0,-,0.0
Flowing Form,Flowing Form [1],Nox Flowing Hammer,100.0,100.0,100.0,100.0,100.0,100.0,150.0,18.0,0.0,0.0,0.0,0.0,0.0,0.0,-,0.0
Flowing Form,Flowing Form [2],Nox Flowing Hammer,110.0,110.0,110.0,110.0,110.0,100.0,150.0,23.0,0.0,0.0,0.0,0.0,0.0,0.0,-,0.0
Flowing Form,Flowing Form [1] (Lacking FP),Nox Flowing Hammer,75.0,75.0,75.0,75.0,75.0,100.0,100.0,18.0,0.0,0.0,0.0,0.0,0.0,0.0,-,1.0
Flowing Form,Flowing Form [2] (Lacking FP),Nox Flowing Hammer,90.0,90.0,90.0,90.0,90.0,100.0,100.0,23.0,0.0,0.0,0.0,0.0,0.0,0.0,-,1.0
Claw Flick,Claw Flick [1],Ringed Finger,0.0,0.0,0.0,0.0,0.0,0.0,200.0,15.0,0.0,0.0,0.0,0.0,0.0,0.0,-,0.0
Claw Flick,Claw Flick [2],Ringed Finger,250.0,250.0,250.0,250.0,250.0,100.0,400.0,31.0,0.0,0.0,0.0,0.0,0.0,0.0,-,0.0
Knowledge Above All,Knowledge Above All,Scepter of the All-Knowing,120.0,120.0,120.0,120.0,120.0,100.0,120.0,10.0,0.0,0.0,0.0,0.0,0.0,0.0,-,0.0
Flower Dragonbolt,Flower Dragonbolt - Bullet,Flowerstone Gavel,0.0,0.0,0.0,0.0,0.0,0.0,0.0,16.0,0.0,0.0,0.0,104.0,0.0,1.0,Arcane,0.0
Flower Dragonbolt Charged,Flower Dragonbolt Charged - Bullet,Flowerstone Gavel,0.0,0.0,0.0,0.0,0.0,0.0,0.0,16.0,0.0,0.0,0.0,137.0,0.0,1.0,Arcane,0.0
Flower Dragonbolt,Flower Dragonbolt - Bullet (Water AoE),Flowerstone Gavel,0.0,0.0,0.0,0.0,0.0,0.0,0.0,0.0,0.0,0.0,0.0,40.0,0.0,1.0,Arcane,0.0
Flower Dragonbolt,Flower Dragonbolt (Lacking FP),Flowerstone Gavel,100.0,100.0,100.0,100.0,100.0,100.0,100.0,16.0,0.0,0.0,0.0,0.0,0.0,0.0,-,1.0
Flower Dragonbolt Charged,Flower Dragonbolt Charged (Lacking FP),Flowerstone Gavel,100.0,100.0,100.0,100.0,100.0,100.0,100.0,16.0,0.0,0.0,0.0,0.0,0.0,0.0,-,1.0
Gold Breaker,Gold Breaker,Marika's Hammer,92.0,92.0,92.0,92.0,92.0,100.0,410.0,27.0,0.0,0.0,0.0,0.0,0.0,0.0,-,0.0
Gold Breaker,Gold Breaker - Bullet,Marika's Hammer,253.0,253.0,253.0,253.0,253.0,100.0,250.0,0.0,0.0,0.0,0.0,0.0,0.0,0.0,-,0.0
Gold Breaker,Gold Breaker - Bullet,Marika's Hammer,0.0,0.0,0.0,0.0,0.0,0.0,0.0,0.0,0.0,0.0,0.0,0.0,0.0,0.0,-,0.0
Gold Breaker,Gold Breaker - Bullet,Marika's Hammer,0.0,0.0,0.0,0.0,0.0,0.0,0.0,0.0,0.0,0.0,0.0,0.0,0.0,0.0,-,0.0
Gold Breaker,Gold Breaker - Bullet,Marika's Hammer,0.0,0.0,0.0,0.0,0.0,0.0,0.0,0.0,0.0,0.0,0.0,0.0,0.0,0.0,-,0.0
Gold Breaker,Gold Breaker (Lacking FP),Marika's Hammer,150.0,0.0,0.0,0.0,120.0,100.0,120.0,27.0,0.0,0.0,0.0,0.0,0.0,0.0,-,1.0
Spinning Chain,Spinning Chain - Loop,(Nightrider / Chainlink) Flail,85.0,85.0,85.0,85.0,85.0,85.0,85.0,6.0,0.0,0.0,0.0,0.0,0.0,0.0,-,0.0
Spinning Chain,Spinning Chain - R1 [1],(Nightrider / Chainlink) Flail,90.0,90.0,90.0,90.0,90.0,90.0,90.0,4.0,0.0,0.0,0.0,0.0,0.0,0.0,-,0.0
Spinning Chain,Spinning Chain - R1 [2],(Nightrider / Chainlink) Flail,120.0,120.0,120.0,120.0,120.0,100.0,200.0,12.0,0.0,0.0,0.0,0.0,0.0,0.0,-,0.0
Spinning Chain,Spinning Chain - R2 [1],(Nightrider / Chainlink) Flail,110.0,110.0,110.0,110.0,110.0,100.0,150.0,15.0,0.0,0.0,0.0,0.0,0.0,0.0,-,0.0
Spinning Chain,Spinning Chain - R2 [2],(Nightrider / Chainlink) Flail,140.0,140.0,140.0,140.0,140.0,100.0,250.0,15.0,0.0,0.0,0.0,0.0,0.0,0.0,-,0.0
Spinning Chain,Spinning Chain - Loop (Lacking FP),(Nightrider / Chainlink) Flail,40.0,40.0,40.0,40.0,40.0,40.0,40.0,6.0,0.0,0.0,0.0,0.0,0.0,0.0,-,1.0
Spinning Chain,Spinning Chain - R1 [1] (Lacking FP),(Nightrider / Chainlink) Flail,45.0,45.0,45.0,45.0,45.0,45.0,45.0,4.0,0.0,0.0,0.0,0.0,0.0,0.0,-,1.0
Spinning Chain,Spinning Chain - R1 [2] (Lacking FP),(Nightrider / Chainlink) Flail,90.0,90.0,90.0,90.0,90.0,100.0,100.0,12.0,0.0,0.0,0.0,0.0,0.0,0.0,-,1.0
Spinning Chain,Spinning Chain - R2 [1] (Lacking FP),(Nightrider / Chainlink) Flail,80.0,80.0,80.0,80.0,80.0,100.0,100.0,15.0,0.0,0.0,0.0,0.0,0.0,0.0,-,1.0
Spinning Chain,Spinning Chain - R2 [2] (Lacking FP),(Nightrider / Chainlink) Flail,100.0,100.0,100.0,100.0,100.0,100.0,100.0,15.0,0.0,0.0,0.0,0.0,0.0,0.0,-,1.0
Familial Rancor,Familial Rancor - Bullet,Family Heads,0.0,200.0,0.0,0.0,0.0,100.0,90.0,0.0,0.0,0.0,0.0,0.0,0.0,1.0,-,0.0
Familial Rancor,Familial Rancor - Bullet,Family Heads,0.0,200.0,0.0,0.0,0.0,100.0,90.0,0.0,0.0,0.0,0.0,0.0,0.0,1.0,-,0.0
Familial Rancor,Familial Rancor - Bullet,Family Heads,0.0,135.0,0.0,0.0,0.0,100.0,60.0,0.0,0.0,0.0,0.0,0.0,0.0,1.0,-,0.0
Familial Rancor,Familial Rancor - Bullet,Family Heads,0.0,135.0,0.0,0.0,0.0,100.0,60.0,0.0,0.0,0.0,0.0,0.0,0.0,1.0,-,0.0
Familial Rancor,Familial Rancor - Bullet,Family Heads,0.0,145.0,0.0,0.0,0.0,100.0,30.0,0.0,0.0,0.0,0.0,0.0,0.0,1.0,-,0.0
Familial Rancor,Familial Rancor - Bullet,Family Heads,0.0,145.0,0.0,0.0,0.0,100.0,30.0,0.0,0.0,0.0,0.0,0.0,0.0,1.0,-,0.0
"Flare, O Serpent R2","Flare, O Serpent R2 - Bullet",Serpent Flail,0.0,0.0,0.0,0.0,0.0,100.0,0.0,0.0,0.0,0.0,75.0,0.0,0.0,1.0,-,0.0
"Flare, O Serpent Charged R2","Flare, O Serpent Charged R2 - Bullet",Serpent Flail,0.0,0.0,0.0,0.0,0.0,100.0,0.0,0.0,0.0,0.0,117.0,0.0,0.0,1.0,-,0.0
"Flare, O Serpent Running R2","Flare, O Serpent Running R2 - Bullet",Serpent Flail,0.0,0.0,0.0,0.0,0.0,100.0,0.0,0.0,0.0,0.0,75.0,0.0,0.0,1.0,-,0.0
"Flare, O Serpent Jumping R2","Flare, O Serpent Jumping R2 - Bullet",Serpent Flail,0.0,0.0,0.0,0.0,0.0,100.0,0.0,0.0,0.0,0.0,75.0,0.0,0.0,1.0,-,0.0
Nebula,Nebula,Bastard's Stars,154.0,154.0,154.0,154.0,154.0,100.0,150.0,26.0,0.0,0.0,0.0,0.0,0.0,0.0,-,0.0
Nebula,Nebula - Bullet,Bastard's Stars,0.0,0.0,0.0,0.0,0.0,0.0,0.0,0.0,0.0,121.0,0.0,0.0,0.0,1.0,-,0.0
Nebula,Nebula (Lacking FP),Bastard's Stars,80.0,80.0,80.0,80.0,80.0,100.0,150.0,26.0,0.0,0.0,0.0,0.0,0.0,0.0,-,1.0
Bubble Shower,Bubble Shower - Bullet,Envoy's Long Horn,0.0,0.0,0.0,0.0,0.0,0.0,0.0,10.0,0.0,0.0,0.0,0.0,32.0,1.0,-,0.0
Bubble Shower,Bubble Shower - Bullet,Envoy's Long Horn,0.0,0.0,0.0,0.0,0.0,0.0,0.0,0.0,0.0,0.0,0.0,0.0,32.0,1.0,-,0.0
Bubble Shower,Bubble Shower - Bullet,Envoy's Long Horn,0.0,0.0,0.0,0.0,0.0,0.0,0.0,0.0,0.0,0.0,0.0,0.0,32.0,1.0,-,0.0
Surge of Faith,Surge of Faith,Cranial Vessel Candlestand,10.0,10.0,10.0,10.0,10.0,100.0,130.0,0.0,0.0,0.0,0.0,0.0,0.0,0.0,-,0.0
Surge of Faith,Surge of Faith,Cranial Vessel Candlestand,10.0,10.0,10.0,10.0,10.0,100.0,110.0,0.0,0.0,0.0,0.0,0.0,0.0,0.0,-,0.0
Surge of Faith,Surge of Faith,Cranial Vessel Candlestand,10.0,10.0,10.0,10.0,10.0,100.0,110.0,0.0,0.0,0.0,0.0,0.0,0.0,0.0,-,0.0
Surge of Faith,Surge of Faith - Bullet,Cranial Vessel Candlestand,0.0,0.0,0.0,0.0,0.0,100.0,150.0,52.0,0.0,0.0,230.0,0.0,0.0,1.0,-,0.0
Surge of Faith,Surge of Faith - Bullet,Cranial Vessel Candlestand,0.0,0.0,0.0,0.0,0.0,100.0,70.0,0.0,0.0,0.0,55.0,0.0,0.0,1.0,-,0.0
Surge of Faith,Surge of Faith - Bullet,Cranial Vessel Candlestand,0.0,0.0,0.0,0.0,0.0,100.0,70.0,0.0,0.0,0.0,55.0,0.0,0.0,1.0,-,0.0
Surge of Faith,Surge of Faith - Bullet,Cranial Vessel Candlestand,0.0,0.0,0.0,0.0,0.0,100.0,70.0,0.0,0.0,0.0,55.0,0.0,0.0,1.0,-,0.0
Surge of Faith,Surge of Faith - Bullet,Cranial Vessel Candlestand,0.0,0.0,0.0,0.0,0.0,100.0,70.0,0.0,0.0,0.0,55.0,0.0,0.0,1.0,-,0.0
Surge of Faith,Surge of Faith - Bullet,Cranial Vessel Candlestand,0.0,0.0,0.0,0.0,0.0,100.0,70.0,0.0,0.0,0.0,55.0,0.0,0.0,1.0,-,0.0
Surge of Faith,Surge of Faith,Cranial Vessel Candlestand,110.0,110.0,110.0,110.0,110.0,100.0,110.0,0.0,0.0,0.0,0.0,0.0,0.0,0.0,-,0.0
Surge of Faith,Surge of Faith,Cranial Vessel Candlestand,90.0,90.0,90.0,90.0,90.0,100.0,90.0,52.0,0.0,0.0,0.0,0.0,0.0,0.0,-,0.0
Surge of Faith,Surge of Faith,Cranial Vessel Candlestand,90.0,110.0,110.0,110.0,110.0,100.0,110.0,0.0,0.0,0.0,0.0,0.0,0.0,0.0,-,0.0
Surge of Faith,Surge of Faith,Cranial Vessel Candlestand,110.0,110.0,110.0,110.0,110.0,100.0,110.0,0.0,0.0,0.0,0.0,0.0,0.0,0.0,-,0.0
Surge of Faith,Surge of Faith,Cranial Vessel Candlestand,90.0,90.0,90.0,90.0,90.0,100.0,90.0,52.0,0.0,0.0,0.0,0.0,0.0,0.0,-,0.0
Regal Beastclaw,Regal Beastclaw,Beastclaw Greathammer,80.0,80.0,80.0,80.0,80.0,100.0,100.0,20.0,0.0,0.0,0.0,0.0,0.0,0.0,-,0.0
Regal Beastclaw,Regal Beastclaw - Bullet,Beastclaw Greathammer,0.0,0.0,0.0,0.0,0.0,100.0,0.0,0.0,186.0,0.0,0.0,0.0,0.0,1.0,-,0.0
Regal Beastclaw,Regal Beastclaw (Lacking FP),Beastclaw Greathammer,100.0,100.0,100.0,100.0,100.0,100.0,100.0,40.0,0.0,0.0,0.0,0.0,0.0,0.0,-,1.0
Devourer of Worlds,Devourer of Worlds - Bullet,Devourer's Scepter,0.0,0.0,200.0,0.0,0.0,100.0,185.0,56.0,0.0,0.0,0.0,0.0,0.0,0.0,-,0.0
Devourer of Worlds,Devourer of Worlds (Lacking FP),Devourer's Scepter,100.0,100.0,100.0,100.0,100.0,100.0,150.0,56.0,0.0,0.0,0.0,0.0,0.0,0.0,-,1.0
Sorcery of the Crozier,Sorcery of the Crozier - Bullet,Watchdog's Staff,0.0,0.0,0.0,0.0,0.0,100.0,0.0,46.0,0.0,0.0,0.0,0.0,0.0,0.0,-,0.0
Sorcery of the Crozier,Sorcery of the Crozier - Bullet,Watchdog's Staff,0.0,0.0,0.0,0.0,0.0,0.0,20.0,0.0,0.0,60.0,0.0,0.0,0.0,1.0,-,0.0
Sorcery of the Crozier,Sorcery of the Crozier (Lacking FP),Watchdog's Staff,0.0,0.0,0.0,0.0,0.0,100.0,0.0,69.0,0.0,0.0,0.0,0.0,0.0,0.0,-,1.0
Erdtree Slam,Erdtree Slam - Tush,Staff of the Avatar / Rotten Staff,0.0,0.0,0.0,0.0,0.0,0.0,0.0,45.0,120.0,0.0,0.0,0.0,142.0,1.0,-,0.0
Erdtree Slam,Erdtree Slam - ?,Staff of the Avatar / Rotten Staff,0.0,0.0,0.0,0.0,0.0,0.0,0.0,0.0,99.0,0.0,0.0,0.0,0.0,1.0,-,0.0
Erdtree Slam,Erdtree Slam - Shockwave,Staff of the Avatar / Rotten Staff,0.0,0.0,0.0,0.0,0.0,0.0,0.0,0.0,98.0,0.0,0.0,0.0,120.0,1.0,-,0.0
Erdtree Slam,Erdtree Slam - Tush (Lacking FP),Staff of the Avatar / Rotten Staff,0.0,0.0,0.0,0.0,0.0,0.0,0.0,65.0,120.0,0.0,0.0,0.0,0.0,1.0,-,1.0
Erdtree Slam,Erdtree Slam - Shockwave (Lacking FP),Staff of the Avatar / Rotten Staff,0.0,0.0,0.0,0.0,0.0,0.0,0.0,0.0,0.0,0.0,0.0,0.0,0.0,1.0,-,1.0
Great Oracular Bubble,Great Oracular Bubble - Bullet,Envoy's Greathorn,0.0,0.0,0.0,0.0,0.0,0.0,0.0,11.0,0.0,0.0,0.0,0.0,315.0,1.0,-,0.0
Great Oracular Bubble,Great Oracular Bubble - Bullet AoE,Envoy's Greathorn,0.0,0.0,0.0,0.0,0.0,0.0,0.0,0.0,0.0,0.0,0.0,0.0,315.0,1.0,-,0.0
Spinning Wheel,Spinning Wheel,Ghiza's Wheel,30.0,30.0,30.0,30.0,30.0,30.0,10.0,2.0,0.0,0.0,0.0,0.0,0.0,0.0,-,0.0
Spinning Wheel,Spinning Wheel,Ghiza's Wheel,30.0,30.0,30.0,30.0,30.0,30.0,30.0,2.0,0.0,0.0,0.0,0.0,0.0,0.0,-,0.0
Spinning Wheel,Spinning Wheel,Ghiza's Wheel,30.0,30.0,30.0,30.0,30.0,30.0,15.0,2.0,0.0,0.0,0.0,0.0,0.0,0.0,-,0.0
Spinning Wheel,Spinning Wheel,Ghiza's Wheel,30.0,30.0,30.0,30.0,30.0,30.0,10.0,0.0,0.0,0.0,0.0,0.0,0.0,0.0,-,0.0
Spinning Wheel,Spinning Wheel (Lacking FP),Ghiza's Wheel,10.0,10.0,10.0,10.0,10.0,10.0,5.0,2.0,0.0,0.0,0.0,0.0,0.0,0.0,-,1.0
Spinning Wheel,Spinning Wheel (Lacking FP),Ghiza's Wheel,10.0,10.0,10.0,10.0,10.0,10.0,10.0,2.0,0.0,0.0,0.0,0.0,0.0,0.0,-,1.0
Spinning Wheel,Spinning Wheel (Lacking FP),Ghiza's Wheel,10.0,10.0,10.0,10.0,10.0,10.0,7.0,2.0,0.0,0.0,0.0,0.0,0.0,0.0,-,1.0
Spinning Wheel,Spinning Wheel (Lacking FP),Ghiza's Wheel,10.0,10.0,10.0,10.0,10.0,10.0,5.0,0.0,0.0,0.0,0.0,0.0,0.0,0.0,-,1.0
Gravity Bolt,Gravity Bolt,Fallingstar Beast Jaw,0.0,0.0,0.0,0.0,0.0,0.0,0.0,0.0,0.0,0.0,0.0,0.0,0.0,0.0,-,0.0
Gravity Bolt,Gravity Bolt - Bullet,Fallingstar Beast Jaw,0.0,0.0,0.0,0.0,0.0,0.0,0.0,12.0,100.0,50.0,0.0,0.0,0.0,1.0,-,0.0
Gravity Bolt,Gravity Bolt - Bullet,Fallingstar Beast Jaw,0.0,0.0,0.0,0.0,0.0,0.0,0.0,0.0,0.0,0.0,0.0,0.0,0.0,0.0,-,0.0
Gravity Bolt,Gravity Bolt - Bullet,Fallingstar Beast Jaw,0.0,0.0,0.0,0.0,0.0,0.0,0.0,0.0,0.0,0.0,0.0,0.0,0.0,0.0,-,0.0
Gravity Bolt,Gravity Bolt - Bullet,Fallingstar Beast Jaw,0.0,0.0,0.0,0.0,0.0,0.0,0.0,0.0,0.0,0.0,0.0,0.0,0.0,0.0,-,0.0
Gravity Bolt,Gravity Bolt - Bullet,Fallingstar Beast Jaw,0.0,0.0,0.0,0.0,0.0,0.0,0.0,0.0,100.0,50.0,0.0,0.0,0.0,1.0,-,0.0
Gravity Bolt,Gravity Bolt (Lacking FP),Fallingstar Beast Jaw,70.0,70.0,70.0,70.0,70.0,100.0,50.0,24.0,0.0,0.0,0.0,0.0,0.0,0.0,-,1.0
Gravity Bolt,Gravity Bolt (Lacking FP),Fallingstar Beast Jaw,0.0,0.0,0.0,0.0,0.0,0.0,0.0,0.0,0.0,0.0,0.0,0.0,0.0,0.0,-,1.0
Gravity Bolt,Gravity Bolt (Lacking FP),Fallingstar Beast Jaw,70.0,70.0,70.0,70.0,70.0,100.0,50.0,24.0,0.0,0.0,0.0,0.0,0.0,0.0,-,1.0
Smithing Art Spears,Smithing Art Spears,Anvil Hammer,90.0,90.0,90.0,90.0,90.0,100.0,200.0,10.0,0.0,0.0,0.0,0.0,0.0,0.0,-,0.0
Smithing Art Spears,Smithing Art Spears - Bullet [1],Anvil Hammer,128.0,128.0,128.0,128.0,128.0,100.0,400.0,10.0,0.0,0.0,0.0,0.0,0.0,0.0,-,0.0
Smithing Art Spears,Smithing Art Spears - Bullet [2],Anvil Hammer,50.0,50.0,50.0,50.0,50.0,100.0,0.0,0.0,0.0,0.0,0.0,0.0,0.0,0.0,-,0.0
Smithing Art Spears,Smithing Art Spears (Lacking FP),Anvil Hammer,50.0,50.0,50.0,50.0,50.0,100.0,100.0,10.0,0.0,0.0,0.0,0.0,0.0,0.0,-,1.0
Devonia's Vortex,Devonia's Vortex,Devonia's Hammer,50.0,50.0,50.0,50.0,50.0,100.0,100.0,40.0,0.0,0.0,0.0,0.0,0.0,0.0,-,0.0
Devonia's Vortex,Devonia's Vortex - Bullet,Devonia's Hammer,50.0,50.0,50.0,50.0,50.0,100.0,100.0,0.0,0.0,0.0,0.0,0.0,0.0,0.0,-,0.0
Devonia's Vortex,Devonia's Vortex - Bullet (2x),Devonia's Hammer,160.0,160.0,160.0,160.0,160.0,100.0,300.0,0.0,0.0,0.0,0.0,0.0,0.0,0.0,-,0.0
Devonia's Vortex Charged,Devonia's Vortex Charged,Devonia's Hammer,65.0,65.0,65.0,65.0,65.0,100.0,100.0,71.0,0.0,0.0,0.0,0.0,0.0,0.0,-,0.0
Devonia's Vortex Charged,Devonia's Vortex Charged - Bullet (2x),Devonia's Hammer,65.0,65.0,65.0,65.0,65.0,100.0,100.0,0.0,0.0,0.0,0.0,0.0,0.0,0.0,-,0.0
Devonia's Vortex Charged,Devonia's Vortex Charged - Bullet (2x),Devonia's Hammer,200.0,200.0,200.0,200.0,200.0,100.0,400.0,0.0,0.0,0.0,0.0,0.0,0.0,0.0,-,0.0
Devonia's Vortex,Devonia's Vortex (Lacking FP),Devonia's Hammer,90.0,90.0,90.0,90.0,90.0,100.0,100.0,40.0,0.0,0.0,0.0,0.0,0.0,0.0,-,1.0
Devonia's Vortex Charged,Devonia's Vortex Charged  (Lacking FP),Devonia's Hammer,120.0,120.0,120.0,120.0,120.0,100.0,100.0,71.0,0.0,0.0,0.0,0.0,0.0,0.0,-,1.0
Regal Roar,Regal Roar [1] - Bullet (Roar AoE),Axe of Godfrey,0.0,0.0,0.0,0.0,0.0,0.0,50.0,0.0,0.0,0.0,0.0,0.0,0.0,0.0,-,0.0
Regal Roar,Regal Roar [2] - Bullet (Slam AoE),Axe of Godfrey,0.0,0.0,0.0,0.0,0.0,0.0,0.0,35.0,0.0,0.0,0.0,0.0,0.0,0.0,-,0.0
Regal Roar,Regal Roar [2] - Bullet [Hit] (Slam AoE),Axe of Godfrey,0.0,0.0,0.0,0.0,0.0,0.0,0.0,0.0,0.0,0.0,0.0,0.0,0.0,0.0,-,0.0
Regal Roar,Regal Roar [2] - Bullet [Hit] (Slam AoE),Axe of Godfrey,210.0,210.0,210.0,210.0,210.0,0.0,300.0,0.0,0.0,0.0,0.0,0.0,0.0,0.0,-,0.0
Regal Roar,Regal Roar [2] - Bullet (Slam AoE),Axe of Godfrey,0.0,0.0,0.0,0.0,0.0,0.0,0.0,0.0,0.0,0.0,0.0,0.0,0.0,0.0,-,0.0
Regal Roar R2,Regal Roar R2 #1 - Bullet (Stomp AoE),Axe of Godfrey,0.0,0.0,0.0,0.0,0.0,0.0,0.0,18.0,0.0,0.0,0.0,0.0,0.0,0.0,-,0.0
Regal Roar R2,Regal Roar R2 #1 - Bullet [Hit] (Stomp AoE),Axe of Godfrey,0.0,0.0,0.0,0.0,0.0,0.0,0.0,0.0,0.0,0.0,0.0,0.0,0.0,0.0,-,0.0
Regal Roar R2,Regal Roar R2 #1 - Bullet [Hit] (Stomp AoE),Axe of Godfrey,80.0,80.0,80.0,80.0,80.0,0.0,150.0,0.0,0.0,0.0,0.0,0.0,0.0,0.0,-,0.0
Regal Roar R2,Regal Roar R2 #1 - Bullet (Stomp AoE),Axe of Godfrey,0.0,0.0,0.0,0.0,0.0,0.0,0.0,0.0,0.0,0.0,0.0,0.0,0.0,0.0,-,0.0
Regal Roar R2,Regal Roar R2 #1,Axe of Godfrey,100.0,100.0,100.0,100.0,100.0,0.0,200.0,20.0,0.0,0.0,0.0,0.0,0.0,0.0,-,0.0
Regal Roar Charged R2,Regal Roar Charged R2 #1 - Bullet (Stomp AoE),Axe of Godfrey,0.0,0.0,0.0,0.0,0.0,0.0,0.0,25.0,0.0,0.0,0.0,0.0,0.0,0.0,-,0.0
Regal Roar Charged R2,Regal Roar Charged R2 #1 - Bullet [Hit] (Stomp AoE),Axe of Godfrey,0.0,0.0,0.0,0.0,0.0,0.0,0.0,0.0,0.0,0.0,0.0,0.0,0.0,0.0,-,0.0
Regal Roar Charged R2,Regal Roar Charged R2 #1 - Bullet [Hit] (Stomp AoE),Axe of Godfrey,90.0,90.0,90.0,90.0,90.0,0.0,200.0,0.0,0.0,0.0,0.0,0.0,0.0,0.0,-,0.0
Regal Roar Charged R2,Regal Roar Charged R2 #1 - Bullet (Stomp AoE),Axe of Godfrey,0.0,0.0,0.0,0.0,0.0,0.0,0.0,0.0,0.0,0.0,0.0,0.0,0.0,0.0,-,0.0
Regal Roar Charged R2,Regal Roar Charged R2 #1,Axe of Godfrey,110.0,110.0,110.0,110.0,110.0,0.0,300.0,25.0,0.0,0.0,0.0,0.0,0.0,0.0,-,0.0
Regal Roar R2,Regal Roar R2 #2,Axe of Godfrey,165.0,165.0,165.0,165.0,165.0,0.0,200.0,38.0,0.0,0.0,0.0,0.0,0.0,0.0,-,0.0
Regal Roar Charged R2,Regal Roar Charged R2 #2 - Scraping,Axe of Godfrey,0.0,0.0,0.0,0.0,0.0,0.0,0.0,0.0,0.0,0.0,0.0,0.0,0.0,0.0,-,0.0
Regal Roar Charged R2,Regal Roar Charged R2 #2 - Scraping (Tick 4x),Axe of Godfrey,0.0,0.0,0.0,0.0,0.0,0.0,0.0,5.0,0.0,0.0,0.0,0.0,0.0,0.0,-,0.0
Regal Roar Charged R2,Regal Roar Charged R2 #2 - Scraping (Final Tick),Axe of Godfrey,0.0,0.0,0.0,0.0,0.0,0.0,0.0,5.0,0.0,0.0,0.0,0.0,0.0,0.0,-,0.0
Regal Roar Charged R2,Regal Roar Charged R2 #2,Axe of Godfrey,190.0,190.0,190.0,190.0,190.0,0.0,300.0,25.0,0.0,0.0,0.0,0.0,0.0,0.0,-,0.0
Regal Roar ?,Regal Roar ?,Axe of Godfrey,140.0,140.0,140.0,140.0,140.0,100.0,150.0,0.0,0.0,0.0,0.0,0.0,0.0,0.0,-,0.0
Regal Roar,Regal Roar (Lacking FP),Axe of Godfrey,120.0,120.0,120.0,120.0,120.0,100.0,120.0,30.0,0.0,0.0,0.0,0.0,0.0,0.0,-,1.0
Shadow Sunflower Headbutt,Shadow Sunflower Headbutt #1,Shadow Sunflower Blossom,201.0,201.0,201.0,201.0,201.0,100.0,280.0,19.0,0.0,0.0,0.0,0.0,0.0,0.0,-,0.0
Shadow Sunflower Headbutt,Shadow Sunflower Headbutt #1 (AoE),Shadow Sunflower Blossom,201.0,201.0,201.0,201.0,201.0,100.0,280.0,0.0,0.0,0.0,0.0,0.0,0.0,0.0,-,0.0
Shadow Sunflower Headbutt,Shadow Sunflower Headbutt #2 [1],Shadow Sunflower Blossom,90.0,90.0,90.0,90.0,90.0,100.0,100.0,11.0,0.0,0.0,0.0,0.0,0.0,0.0,-,0.0
Shadow Sunflower Headbutt,Shadow Sunflower Headbutt #2 [1] (AoE),Shadow Sunflower Blossom,90.0,90.0,90.0,90.0,90.0,100.0,100.0,0.0,0.0,0.0,0.0,0.0,0.0,0.0,-,0.0
Shadow Sunflower Headbutt,Shadow Sunflower Headbutt #2 [2],Shadow Sunflower Blossom,92.0,92.0,92.0,92.0,92.0,100.0,100.0,13.0,0.0,0.0,0.0,0.0,0.0,0.0,-,0.0
Shadow Sunflower Headbutt,Shadow Sunflower Headbutt #2 [2] (AoE),Shadow Sunflower Blossom,92.0,92.0,92.0,92.0,92.0,100.0,100.0,0.0,0.0,0.0,0.0,0.0,0.0,0.0,-,0.0
Shadow Sunflower Headbutt,Shadow Sunflower Headbutt #3,Shadow Sunflower Blossom,210.0,210.0,210.0,210.0,210.0,100.0,400.0,24.0,0.0,0.0,0.0,0.0,0.0,0.0,-,0.0
Shadow Sunflower Headbutt,Shadow Sunflower Headbutt #3 (AoE),Shadow Sunflower Blossom,210.0,210.0,210.0,210.0,210.0,100.0,400.0,0.0,0.0,0.0,0.0,0.0,0.0,0.0,-,0.0
Shadow Sunflower Headbutt,Shadow Sunflower Headbutt #1 (Lacking FP),Shadow Sunflower Blossom,50.0,50.0,50.0,50.0,50.0,100.0,100.0,19.0,0.0,0.0,0.0,0.0,0.0,0.0,-,1.0
Shadow Sunflower Headbutt,Shadow Sunflower Headbutt #2 [1] (Lacking FP),Shadow Sunflower Blossom,50.0,50.0,50.0,50.0,50.0,100.0,100.0,11.0,0.0,0.0,0.0,0.0,0.0,0.0,-,1.0
Shadow Sunflower Headbutt,Shadow Sunflower Headbutt #2 [2] (Lacking FP),Shadow Sunflower Blossom,50.0,50.0,50.0,50.0,50.0,100.0,100.0,13.0,0.0,0.0,0.0,0.0,0.0,0.0,-,1.0
Shadow Sunflower Headbutt,Shadow Sunflower Headbutt #3 (Lacking FP),Shadow Sunflower Blossom,50.0,50.0,50.0,50.0,50.0,100.0,100.0,24.0,0.0,0.0,0.0,0.0,0.0,0.0,-,1.0
Kowtower's Resentment,Kowtower's Resentment [1],Gazing Finger,80.0,80.0,80.0,80.0,80.0,100.0,100.0,18.0,0.0,0.0,0.0,0.0,0.0,0.0,-,0.0
Kowtower's Resentment,Kowtower's Resentment [2],Gazing Finger,87.0,87.0,87.0,87.0,87.0,100.0,100.0,23.0,0.0,0.0,0.0,0.0,0.0,0.0,-,0.0
Kowtower's Resentment,Kowtower's Resentment - Bullet,Gazing Finger,0.0,0.0,0.0,0.0,0.0,100.0,100.0,0.0,0.0,0.0,0.0,0.0,320.0,1.0,-,0.0
Kowtower's Resentment Early Release,Kowtower's Resentment Early Release,Gazing Finger,66.0,66.0,66.0,66.0,66.0,100.0,100.0,9.0,0.0,0.0,0.0,0.0,0.0,0.0,-,0.0
Kowtower's Resentment Early Release,Kowtower's Resentment Early Release - Bullet,Gazing Finger,0.0,0.0,0.0,0.0,0.0,100.0,100.0,0.0,0.0,0.0,0.0,0.0,220.0,1.0,-,0.0
Kowtower's Resentment,Kowtower's Resentment [1] (Lacking FP),Gazing Finger,50.0,50.0,50.0,50.0,50.0,100.0,100.0,18.0,0.0,0.0,0.0,0.0,0.0,0.0,-,1.0
Kowtower's Resentment,Kowtower's Resentment [2] (Lacking FP),Gazing Finger,70.0,70.0,70.0,70.0,70.0,100.0,100.0,23.0,0.0,0.0,0.0,0.0,0.0,0.0,-,1.0
Kowtower's Resentment Early Release,Kowtower's Resentment Early Release (Lacking FP),Gazing Finger,55.0,55.0,55.0,55.0,55.0,100.0,100.0,9.0,0.0,0.0,0.0,0.0,0.0,0.0,-,1.0
Sacred Phalanx,Sacred Phalanx,Cleanrot Spear,140.0,140.0,140.0,140.0,140.0,100.0,200.0,39.0,0.0,0.0,0.0,0.0,0.0,0.0,-,0.0
Sacred Phalanx,Sacred Phalanx - Bullet,Cleanrot Spear,0.0,0.0,0.0,0.0,500.0,70.0,200.0,34.0,0.0,0.0,0.0,0.0,0.0,1.0,-,0.0
Sacred Phalanx,Sacred Phalanx (Lacking FP),Cleanrot Spear,100.0,100.0,100.0,100.0,100.0,100.0,100.0,57.0,0.0,0.0,0.0,0.0,0.0,0.0,-,1.0
Spearcall Ritual,Spearcall Ritual,Death Ritual Spear,150.0,150.0,150.0,150.0,150.0,100.0,150.0,12.0,0.0,0.0,0.0,0.0,0.0,0.0,-,0.0
Spearcall Ritual,Spearcall Ritual - Bullet,Death Ritual Spear,0.0,0.0,0.0,0.0,0.0,0.0,0.0,31.0,0.0,0.0,0.0,0.0,0.0,0.0,-,0.0
Spearcall Ritual,Spearcall Ritual - Bullet,Death Ritual Spear,0.0,168.0,0.0,0.0,0.0,100.0,120.0,0.0,0.0,0.0,0.0,0.0,0.0,1.0,-,0.0
Spearcall Ritual,Spearcall Ritual - Bullet,Death Ritual Spear,0.0,168.0,0.0,0.0,0.0,100.0,120.0,0.0,0.0,0.0,0.0,0.0,0.0,1.0,-,0.0
Spearcall Ritual,Spearcall Ritual,Death Ritual Spear,100.0,100.0,100.0,100.0,100.0,100.0,100.0,31.0,0.0,0.0,0.0,0.0,0.0,0.0,-,0.0
Ancient Lightning Spear,Ancient Lightning Spear - Bullet,Bolt of Gransax,0.0,0.0,0.0,250.0,0.0,100.0,50.0,42.0,0.0,0.0,0.0,75.0,0.0,1.0,-,0.0
Ancient Lightning Spear Charged,Ancient Lightning Spear Charged - Bullet,Bolt of Gransax,0.0,0.0,0.0,300.0,0.0,100.0,50.0,56.0,0.0,0.0,0.0,120.0,0.0,1.0,-,0.0
Ancient Lightning Spear,Ancient Lightning Spear - Bullet (Water AoE),Bolt of Gransax,0.0,0.0,0.0,100.0,0.0,100.0,20.0,0.0,0.0,0.0,0.0,50.0,0.0,0.0,-,0.0
Great-Serpent Hunt,Great-Serpent Hunt #1,Serpent-Hunter,312.0,312.0,312.0,312.0,312.0,100.0,900.0,33.0,100.0,0.0,0.0,0.0,0.0,0.0,-,0.0
Great-Serpent Hunt,Great-Serpent Hunt #2,Serpent-Hunter,330.0,330.0,330.0,330.0,330.0,100.0,600.0,44.0,230.0,0.0,0.0,0.0,0.0,0.0,-,0.0
Great-Serpent Hunt,Great-Serpent Hunt #1 (Lacking FP),Serpent-Hunter,170.0,100.0,100.0,100.0,100.0,100.0,100.0,44.0,50.0,0.0,0.0,0.0,0.0,0.0,-,1.0
Great-Serpent Hunt,Great-Serpent Hunt #2 (Lacking FP),Serpent-Hunter,250.0,100.0,100.0,100.0,100.0,100.0,100.0,22.0,120.0,0.0,0.0,0.0,0.0,0.0,-,1.0
Great-Serpent Hunt ?,Great-Serpent Hunt ?,Serpent-Hunter,220.0,100.0,100.0,100.0,100.0,100.0,100.0,33.0,0.0,0.0,0.0,0.0,0.0,0.0,-,0.0
Great-Serpent Hunt ?,Great-Serpent Hunt ?,Serpent-Hunter,320.0,100.0,100.0,100.0,100.0,100.0,100.0,44.0,0.0,0.0,0.0,0.0,0.0,0.0,-,0.0
Great-Serpent Hunt ?,Great-Serpent Hunt ?,Serpent-Hunter,200.0,100.0,100.0,100.0,100.0,100.0,100.0,22.0,0.0,0.0,0.0,0.0,0.0,0.0,-,0.0
Great-Serpent Hunt ?,Great-Serpent Hunt ?,Serpent-Hunter,170.0,100.0,100.0,100.0,100.0,100.0,100.0,22.0,110.0,0.0,0.0,0.0,0.0,0.0,-,0.0
Great-Serpent Hunt ?,Great-Serpent Hunt ?,Serpent-Hunter,140.0,100.0,100.0,100.0,100.0,100.0,100.0,44.0,60.0,0.0,0.0,0.0,0.0,0.0,-,0.0
Siluria's Woe,Siluria's Woe,Siluria's Tree,50.0,50.0,50.0,50.0,50.0,100.0,100.0,44.0,0.0,0.0,0.0,0.0,0.0,0.0,-,0.0
Siluria's Woe,Siluria's Woe - Bullet,Siluria's Tree,207.0,207.0,207.0,207.0,207.0,100.0,350.0,0.0,0.0,0.0,0.0,0.0,0.0,0.0,-,0.0
Siluria's Woe Charged,Siluria's Woe Charged,Siluria's Tree,65.0,65.0,65.0,65.0,65.0,100.0,200.0,44.0,0.0,0.0,0.0,0.0,0.0,0.0,-,0.0
Siluria's Woe Charged,Siluria's Woe Charged - Bullet,Siluria's Tree,276.0,276.0,276.0,276.0,276.0,100.0,400.0,0.0,0.0,0.0,0.0,0.0,0.0,0.0,-,0.0
Siluria's Woe Charged,Siluria's Woe Charged - Bullet (Ranged),Siluria's Tree,276.0,276.0,276.0,276.0,276.0,100.0,400.0,0.0,0.0,0.0,0.0,0.0,0.0,0.0,-,0.0
Siluria's Woe Charged,Siluria's Woe Charged (Lacking FP),Siluria's Tree,170.0,170.0,170.0,170.0,170.0,100.0,200.0,44.0,0.0,0.0,0.0,0.0,0.0,0.0,-,1.0
Siluria's Woe,Siluria's Woe (Lacking FP),Siluria's Tree,130.0,130.0,130.0,130.0,130.0,100.0,120.0,44.0,0.0,0.0,0.0,0.0,0.0,0.0,-,1.0
Frenzyflame Thrust,Frenzyflame Thrust - Leap Stagger,Vyke's War Spear,0.0,0.0,0.0,0.0,0.0,0.0,0.0,0.0,0.0,0.0,0.0,0.0,0.0,0.0,-,0.0
Frenzyflame Thrust,Frenzyflame Thrust,Vyke's War Spear,80.0,80.0,80.0,80.0,80.0,150.0,150.0,40.0,0.0,0.0,0.0,0.0,0.0,0.0,-,0.0
Frenzyflame Thrust,Frenzyflame Thrust - Bullet (Explosion),Vyke's War Spear,0.0,0.0,0.0,0.0,0.0,100.0,0.0,0.0,0.0,0.0,155.0,0.0,0.0,1.0,-,0.0
Frenzyflame Thrust,Frenzyflame Thrust - Bullet (Ticks),Vyke's War Spear,0.0,0.0,0.0,0.0,0.0,35.0,0.0,0.0,0.0,0.0,40.0,0.0,0.0,1.0,-,0.0
Frenzyflame Thrust,Frenzyflame Thrust (Lacking FP),Vyke's War Spear,125.0,125.0,125.0,125.0,125.0,100.0,120.0,40.0,0.0,0.0,0.0,0.0,0.0,0.0,-,1.0
Jori's Inquisition,Jori's Inquisition - Bullet,Barbed Staff-Spear,0.0,0.0,0.0,0.0,0.0,50.0,0.0,12.0,0.0,0.0,0.0,0.0,59.0,1.0,-,0.0
Jori's Inquisition,Jori's Inquisition,Barbed Staff-Spear,50.0,50.0,50.0,50.0,50.0,100.0,100.0,15.0,0.0,0.0,0.0,0.0,0.0,0.0,-,0.0
Bloodfiends' Bloodboon,Bloodfiends' Bloodboon #1 - Bullet,Bloodfiend's Sacred Spear,0.0,0.0,0.0,0.0,0.0,55.0,0.0,15.0,0.0,0.0,65.0,0.0,0.0,1.0,-,0.0
Bloodfiends' Bloodboon,Bloodfiends' Bloodboon #2 - Bullet,Bloodfiend's Sacred Spear,0.0,0.0,0.0,0.0,0.0,55.0,0.0,15.0,0.0,0.0,65.0,0.0,0.0,1.0,-,0.0
Bloodfiends' Bloodboon,Bloodfiends' Bloodboon #3 - Bullet,Bloodfiend's Sacred Spear,0.0,0.0,0.0,0.0,0.0,55.0,0.0,25.0,0.0,0.0,65.0,0.0,0.0,1.0,-,0.0
Bloodfiends' Bloodboon,Bloodfiends' Bloodboon #1 (Lacking FP),Bloodfiend's Sacred Spear,0.0,0.0,0.0,0.0,0.0,0.0,0.0,0.0,0.0,0.0,0.0,0.0,0.0,0.0,-,1.0
Bloodfiends' Bloodboon,Bloodfiends' Bloodboon #2 (Lacking FP),Bloodfiend's Sacred Spear,0.0,0.0,0.0,0.0,0.0,0.0,0.0,0.0,0.0,0.0,0.0,0.0,0.0,0.0,-,1.0
Bloodfiends' Bloodboon,Bloodfiends' Bloodboon #3 (Lacking FP),Bloodfiend's Sacred Spear,0.0,0.0,0.0,0.0,0.0,0.0,0.0,0.0,0.0,0.0,0.0,0.0,0.0,0.0,-,1.0
Bloodboon Ritual,Bloodboon Ritual #1,Mohgwyn's Sacred Spear,0.0,0.0,0.0,0.0,0.0,0.0,0.0,0.0,0.0,0.0,0.0,0.0,0.0,0.0,-,0.0
Bloodboon Ritual,Bloodboon Ritual #1 - Bullet 1,Mohgwyn's Sacred Spear,0.0,0.0,0.0,0.0,0.0,40.0,0.0,0.0,0.0,0.0,100.0,0.0,0.0,1.0,-,0.0
Bloodboon Ritual,Bloodboon Ritual #1 - Bullet 2,Mohgwyn's Sacred Spear,0.0,0.0,0.0,0.0,0.0,40.0,0.0,27.0,0.0,0.0,100.0,0.0,0.0,1.0,-,0.0
Bloodboon Ritual,Bloodboon Ritual #1 - Bullet 1&2 [Hit],Mohgwyn's Sacred Spear,0.0,0.0,0.0,0.0,0.0,40.0,0.0,0.0,0.0,0.0,65.0,0.0,0.0,1.0,-,0.0
Bloodboon Ritual,Bloodboon Ritual #2,Mohgwyn's Sacred Spear,0.0,0.0,0.0,0.0,0.0,0.0,0.0,0.0,0.0,0.0,0.0,0.0,0.0,0.0,-,0.0
Bloodboon Ritual,Bloodboon Ritual #2 - Bullet 1,Mohgwyn's Sacred Spear,0.0,0.0,0.0,0.0,0.0,50.0,0.0,0.0,0.0,0.0,100.0,0.0,0.0,1.0,-,0.0
Bloodboon Ritual,Bloodboon Ritual #2 - Bullet 2,Mohgwyn's Sacred Spear,0.0,0.0,0.0,0.0,0.0,50.0,0.0,27.0,0.0,0.0,100.0,0.0,0.0,1.0,-,0.0
Bloodboon Ritual,Bloodboon Ritual #2 - Bullet 1&2 [Hit],Mohgwyn's Sacred Spear,0.0,0.0,0.0,0.0,0.0,50.0,0.0,0.0,0.0,0.0,65.0,0.0,0.0,1.0,-,0.0
Bloodboon Ritual,Bloodboon Ritual #3,Mohgwyn's Sacred Spear,0.0,0.0,0.0,0.0,0.0,0.0,0.0,0.0,0.0,0.0,0.0,0.0,0.0,0.0,-,0.0
Bloodboon Ritual,Bloodboon Ritual #3 - Bullet 1,Mohgwyn's Sacred Spear,0.0,0.0,0.0,0.0,0.0,60.0,0.0,0.0,0.0,0.0,100.0,0.0,0.0,1.0,-,0.0
Bloodboon Ritual,Bloodboon Ritual #3 - Bullet 2,Mohgwyn's Sacred Spear,0.0,0.0,0.0,0.0,0.0,60.0,0.0,27.0,0.0,0.0,100.0,0.0,0.0,1.0,-,0.0
Bloodboon Ritual,Bloodboon Ritual #3 - Bullet 1&2 [Hit],Mohgwyn's Sacred Spear,0.0,0.0,0.0,0.0,0.0,60.0,0.0,0.0,0.0,0.0,65.0,0.0,0.0,1.0,-,0.0
Bloodboon Ritual,Bloodboon Ritual #1 (Lacking FP),Mohgwyn's Sacred Spear,100.0,100.0,100.0,100.0,100.0,100.0,100.0,27.0,0.0,0.0,0.0,0.0,0.0,0.0,-,1.0
Bloodboon Ritual,Bloodboon Ritual #2 (Lacking FP),Mohgwyn's Sacred Spear,100.0,100.0,100.0,100.0,100.0,100.0,100.0,27.0,0.0,0.0,0.0,0.0,0.0,0.0,-,1.0
Bloodboon Ritual,Bloodboon Ritual #3 (Lacking FP),Mohgwyn's Sacred Spear,100.0,100.0,100.0,100.0,100.0,100.0,100.0,27.0,0.0,0.0,0.0,0.0,0.0,0.0,-,1.0
Messmer's Assault,Messmer's Assault #1 [1],Spear of the Impaler,0.0,0.0,0.0,0.0,0.0,100.0,100.0,8.0,0.0,0.0,0.0,0.0,0.0,0.0,-,0.0
Messmer's Assault,Messmer's Assault #1 [2],Spear of the Impaler,62.0,62.0,62.0,62.0,62.0,100.0,50.0,13.0,0.0,0.0,0.0,0.0,0.0,0.0,-,0.0
Messmer's Assault,Messmer's Assault #1 - Bullet,Spear of the Impaler,0.0,0.0,0.0,0.0,0.0,100.0,0.0,0.0,0.0,0.0,160.0,0.0,0.0,1.0,-,0.0
Messmer's Assault,Messmer's Assault #2 [1],Spear of the Impaler,75.0,75.0,75.0,75.0,75.0,100.0,100.0,7.0,0.0,0.0,0.0,0.0,0.0,0.0,-,0.0
Messmer's Assault,Messmer's Assault #2 [2],Spear of the Impaler,76.0,76.0,76.0,76.0,76.0,100.0,50.0,7.0,0.0,0.0,0.0,0.0,0.0,0.0,-,0.0
Messmer's Assault,Messmer's Assault #2 [3],Spear of the Impaler,78.0,78.0,78.0,78.0,78.0,100.0,50.0,7.0,0.0,0.0,0.0,0.0,0.0,0.0,-,0.0
Messmer's Assault,Messmer's Assault #3,Spear of the Impaler,74.0,74.0,74.0,74.0,74.0,100.0,100.0,16.0,0.0,0.0,0.0,0.0,0.0,0.0,-,0.0
Messmer's Assault,Messmer's Assault #3 - Bullet,Spear of the Impaler,105.0,105.0,105.0,105.0,105.0,100.0,100.0,0.0,0.0,0.0,0.0,0.0,0.0,0.0,-,0.0
Messmer's Assault,Messmer's Assault #3 - Bullet,Spear of the Impaler,140.0,140.0,140.0,140.0,140.0,100.0,100.0,0.0,0.0,0.0,0.0,0.0,0.0,0.0,-,0.0
Messmer's Assault,Messmer's Assault #1 [1] (Lacking FP),Spear of the Impaler,50.0,50.0,50.0,50.0,50.0,75.0,75.0,8.0,0.0,0.0,0.0,0.0,0.0,0.0,-,1.0
Messmer's Assault,Messmer's Assault #1 [2] (Lacking FP),Spear of the Impaler,100.0,100.0,100.0,100.0,100.0,75.0,75.0,13.0,0.0,0.0,0.0,0.0,0.0,0.0,-,1.0
Messmer's Assault,Messmer's Assault #2 [1] (Lacking FP),Spear of the Impaler,55.0,55.0,55.0,55.0,55.0,75.0,75.0,7.0,0.0,0.0,0.0,0.0,0.0,0.0,-,1.0
Messmer's Assault,Messmer's Assault #2 [2] (Lacking FP),Spear of the Impaler,56.0,56.0,56.0,56.0,56.0,75.0,75.0,7.0,0.0,0.0,0.0,0.0,0.0,0.0,-,1.0
Messmer's Assault,Messmer's Assault #2 [3] (Lacking FP),Spear of the Impaler,57.0,57.0,57.0,57.0,57.0,75.0,75.0,7.0,0.0,0.0,0.0,0.0,0.0,0.0,-,1.0
Messmer's Assault,Messmer's Assault #3 (Lacking FP),Spear of the Impaler,100.0,100.0,100.0,100.0,100.0,75.0,75.0,16.0,0.0,0.0,0.0,0.0,0.0,0.0,-,1.0
Spinning Slash,Spinning Slash #1,Dragon Halberd,105.0,105.0,105.0,105.0,105.0,65.0,230.0,21.0,0.0,0.0,0.0,0.0,0.0,0.0,-,0.0
Spinning Slash,Spinning Slash #2 [1],Dragon Halberd,60.0,60.0,60.0,60.0,60.0,50.0,75.0,10.0,0.0,0.0,0.0,0.0,0.0,0.0,-,0.0
Spinning Slash,Spinning Slash #2 [2],Dragon Halberd,110.0,110.0,110.0,110.0,110.0,70.0,230.0,26.0,0.0,0.0,0.0,0.0,0.0,0.0,-,0.0
Spinning Slash,Spinning Slash #2 - Bullet,Dragon Halberd,100.0,100.0,100.0,166.0,100.0,0.0,100.0,0.0,0.0,0.0,0.0,149.0,0.0,0.0,No Scaling,0.0
Spinning Slash,Spinning Slash #2 - Bullet (Water AoE),Dragon Halberd,50.0,50.0,50.0,109.0,50.0,0.0,50.0,0.0,0.0,0.0,0.0,69.0,0.0,0.0,No Scaling,0.0
Spinning Slash,Spinning Slash #1 (Lacking FP),Dragon Halberd,70.0,70.0,70.0,70.0,70.0,65.0,100.0,21.0,0.0,0.0,0.0,0.0,0.0,0.0,-,1.0
Spinning Slash,Spinning Slash #2 [1] (Lacking FP),Dragon Halberd,40.0,40.0,40.0,40.0,40.0,50.0,50.0,10.0,0.0,0.0,0.0,0.0,0.0,0.0,-,1.0
Spinning Slash,Spinning Slash #2 [2] (Lacking FP),Dragon Halberd,85.0,85.0,85.0,85.0,85.0,70.0,100.0,26.0,0.0,0.0,0.0,0.0,0.0,0.0,-,1.0
Loretta's Slash ?,Loretta's Slash ?,Loretta's War Sickle,0.0,0.0,0.0,0.0,0.0,0.0,0.0,0.0,0.0,0.0,0.0,0.0,0.0,0.0,-,0.0
Loretta's Slash,Loretta's Slash [1],Loretta's War Sickle,80.0,80.0,0.0,0.0,0.0,100.0,250.0,16.0,0.0,34.0,0.0,0.0,0.0,0.0,-,0.0
Loretta's Slash,Loretta's Slash [2],Loretta's War Sickle,172.0,172.0,0.0,0.0,0.0,100.0,200.0,22.0,0.0,68.0,0.0,0.0,0.0,0.0,-,0.0
Loretta's Slash,Loretta's Slash [1] (Lacking FP),Loretta's War Sickle,50.0,50.0,0.0,0.0,0.0,100.0,80.0,16.0,0.0,0.0,0.0,0.0,0.0,0.0,-,1.0
Loretta's Slash,Loretta's Slash [2] (Lacking FP),Loretta's War Sickle,120.0,120.0,0.0,0.0,0.0,100.0,130.0,22.0,0.0,0.0,0.0,0.0,0.0,0.0,-,1.0
Rallying Standard,Rallying Standard - Bullet,Commander's Standard,0.0,0.0,0.0,0.0,0.0,0.0,0.0,11.0,0.0,0.0,0.0,0.0,0.0,0.0,-,0.0
Rancor Slash,Rancor Slash #1 [1],Spirit Glaive,80.0,80.0,80.0,80.0,80.0,75.0,150.0,23.0,0.0,0.0,0.0,0.0,0.0,0.0,-,0.0
Rancor Slash,Rancor Slash #1 [2],Spirit Glaive,80.0,80.0,80.0,80.0,80.0,75.0,150.0,19.0,0.0,0.0,0.0,0.0,0.0,0.0,-,0.0
Rancor Slash,Rancor Slash #2,Spirit Glaive,100.0,100.0,100.0,100.0,100.0,100.0,170.0,33.0,0.0,0.0,0.0,0.0,0.0,0.0,-,0.0
Rancor Slash,Rancor Slash - Bullet,Spirit Glaive,0.0,0.0,0.0,0.0,0.0,100.0,0.0,0.0,0.0,46.0,0.0,0.0,0.0,1.0,Intelligence,0.0
Rancor Slash,Rancor Slash #1 [1] (Lacking FP),Spirit Glaive,70.0,70.0,70.0,70.0,70.0,100.0,125.0,23.0,0.0,0.0,0.0,0.0,0.0,0.0,-,1.0
Rancor Slash,Rancor Slash #1 [2] (Lacking FP),Spirit Glaive,70.0,70.0,70.0,70.0,70.0,100.0,125.0,19.0,0.0,0.0,0.0,0.0,0.0,0.0,-,1.0
Rancor Slash,Rancor Slash #2 (Lacking FP),Spirit Glaive,100.0,100.0,100.0,100.0,100.0,100.0,140.0,33.0,0.0,0.0,0.0,0.0,0.0,0.0,-,1.0
Romina's Purification,Romina's Purification [1],Poleblade of the Bud,112.0,112.0,112.0,112.0,112.0,100.0,170.0,11.0,0.0,0.0,0.0,0.0,0.0,0.0,-,0.0
Romina's Purification,Romina's Purification [2],Poleblade of the Bud,105.0,105.0,105.0,105.0,105.0,100.0,220.0,11.0,0.0,0.0,0.0,0.0,0.0,0.0,-,0.0
Romina's Purification,Romina's Purification - Bullet,Poleblade of the Bud,25.0,25.0,25.0,25.0,25.0,40.0,40.0,11.0,0.0,0.0,0.0,0.0,0.0,0.0,-,0.0
Romina's Purification,Romina's Purification [1] (Lacking FP),Poleblade of the Bud,55.0,55.0,55.0,55.0,55.0,100.0,100.0,11.0,0.0,0.0,0.0,0.0,0.0,0.0,-,1.0
Romina's Purification,Romina's Purification [2] (Lacking FP),Poleblade of the Bud,85.0,85.0,85.0,85.0,85.0,100.0,100.0,11.0,0.0,0.0,0.0,0.0,0.0,0.0,-,1.0
Miquella's Ring of Light,Miquella's Ring of Light #1,Halo Scythe,55.0,55.0,55.0,55.0,55.0,100.0,55.0,0.0,0.0,0.0,0.0,0.0,0.0,0.0,-,0.0
Miquella's Ring of Light,Miquella's Ring of Light #1 - Bullet,Halo Scythe,0.0,0.0,0.0,0.0,0.0,0.0,0.0,20.0,0.0,0.0,0.0,0.0,170.0,1.0,-,0.0
Miquella's Ring of Light,Miquella's Ring of Light #1 - Bullet (Far),Halo Scythe,0.0,0.0,0.0,0.0,0.0,0.0,0.0,0.0,0.0,0.0,0.0,0.0,170.0,1.0,-,0.0
Miquella's Ring of Light,Miquella's Ring of Light #2,Halo Scythe,55.0,55.0,55.0,55.0,55.0,100.0,55.0,0.0,0.0,0.0,0.0,0.0,0.0,0.0,-,0.0
Miquella's Ring of Light,Miquella's Ring of Light #2 - Bullet,Halo Scythe,0.0,0.0,0.0,0.0,0.0,0.0,0.0,20.0,0.0,0.0,0.0,0.0,170.0,1.0,-,0.0
Miquella's Ring of Light,Miquella's Ring of Light #2 - Bullet (Far),Halo Scythe,0.0,0.0,0.0,0.0,0.0,0.0,0.0,0.0,0.0,0.0,0.0,0.0,170.0,1.0,-,0.0
Miquella's Ring of Light,Miquella's Ring of Light #3,Halo Scythe,55.0,55.0,55.0,55.0,55.0,100.0,55.0,0.0,0.0,0.0,0.0,0.0,0.0,0.0,-,0.0
Miquella's Ring of Light,Miquella's Ring of Light #3 - Bullet,Halo Scythe,0.0,0.0,0.0,0.0,0.0,0.0,0.0,20.0,0.0,0.0,0.0,0.0,170.0,1.0,-,0.0
Miquella's Ring of Light,Miquella's Ring of Light #3 - Bullet (Far),Halo Scythe,0.0,0.0,0.0,0.0,0.0,0.0,0.0,0.0,0.0,0.0,0.0,0.0,170.0,1.0,-,0.0
Miquella's Ring of Light,Miquella's Ring of Light #1 (Lacking FP),Halo Scythe,80.0,80.0,80.0,80.0,80.0,100.0,80.0,20.0,0.0,0.0,0.0,0.0,0.0,0.0,-,1.0
Miquella's Ring of Light,Miquella's Ring of Light #2 (Lacking FP),Halo Scythe,80.0,80.0,80.0,80.0,80.0,100.0,80.0,20.0,0.0,0.0,0.0,0.0,0.0,0.0,-,1.0
Miquella's Ring of Light,Miquella's Ring of Light #3 (Lacking FP),Halo Scythe,80.0,80.0,80.0,80.0,80.0,100.0,80.0,20.0,0.0,0.0,0.0,0.0,0.0,0.0,-,1.0
Angel's Wings,Angel's Wings [1],Winged Scythe,85.0,85.0,85.0,85.0,85.0,100.0,200.0,18.0,0.0,0.0,0.0,0.0,0.0,1.0,-,0.0
Angel's Wings,Angel's Wings [2],Winged Scythe,160.0,160.0,160.0,160.0,160.0,100.0,390.0,21.0,0.0,0.0,0.0,0.0,0.0,1.0,-,0.0
Angel's Wings ?,Angel's Wings ?,Winged Scythe,0.0,0.0,0.0,0.0,0.0,0.0,0.0,0.0,0.0,0.0,0.0,0.0,0.0,0.0,-,0.0
Angel's Wings,Angel's Wings [1] (Lacking FP),Winged Scythe,65.0,65.0,65.0,65.0,65.0,100.0,100.0,18.0,0.0,0.0,0.0,0.0,0.0,0.0,-,1.0
Angel's Wings,Angel's Wings [2] (Lacking FP),Winged Scythe,85.0,85.0,85.0,85.0,85.0,100.0,100.0,21.0,0.0,0.0,0.0,0.0,0.0,0.0,-,1.0
Dynastic Sickleplay R2,Dynastic Sickleplay R2 #1,Obsidian Lamina,180.0,180.0,180.0,180.0,180.0,100.0,660.0,26.0,0.0,0.0,0.0,0.0,0.0,0.0,-,0.0
Dynastic Sickleplay R2,Dynastic Sickleplay R2 #2 [1],Obsidian Lamina,90.0,90.0,90.0,90.0,90.0,100.0,200.0,10.0,0.0,0.0,0.0,0.0,0.0,0.0,-,0.0
Dynastic Sickleplay R2,Dynastic Sickleplay R2 #2 [2],Obsidian Lamina,92.0,92.0,92.0,92.0,92.0,100.0,50.0,10.0,0.0,0.0,0.0,0.0,0.0,0.0,-,0.0
Dynastic Sickleplay R2,Dynastic Sickleplay R2 #2 [3],Obsidian Lamina,97.0,97.0,97.0,97.0,97.0,100.0,200.0,17.0,0.0,0.0,0.0,0.0,0.0,0.0,-,0.0
Dynastic Sickleplay R2,Dynastic Sickleplay R2 #1 (Lacking FP),Obsidian Lamina,50.0,50.0,50.0,50.0,50.0,100.0,100.0,26.0,0.0,0.0,0.0,0.0,0.0,0.0,-,1.0
Dynastic Sickleplay R2,Dynastic Sickleplay R2 #2 [1] (Lacking FP),Obsidian Lamina,50.0,50.0,50.0,50.0,50.0,100.0,100.0,10.0,0.0,0.0,0.0,0.0,0.0,0.0,-,1.0
Dynastic Sickleplay R2,Dynastic Sickleplay R2 #2 [2] (Lacking FP),Obsidian Lamina,50.0,50.0,50.0,50.0,50.0,100.0,100.0,10.0,0.0,0.0,0.0,0.0,0.0,0.0,-,1.0
Dynastic Sickleplay R2,Dynastic Sickleplay R2 #2 [3] (Lacking FP),Obsidian Lamina,50.0,50.0,50.0,50.0,50.0,100.0,100.0,17.0,0.0,0.0,0.0,0.0,0.0,0.0,-,1.0
Painful Strike,Painful Strike [1],Tooth Whip,70.0,70.0,70.0,70.0,70.0,50.0,70.0,10.0,0.0,0.0,0.0,0.0,0.0,0.0,-,0.0
Painful Strike,Painful Strike [2],Tooth Whip,70.0,70.0,70.0,70.0,70.0,50.0,70.0,10.0,0.0,0.0,0.0,0.0,0.0,0.0,-,0.0
Painful Strike,Painful Strike [3],Tooth Whip,130.0,130.0,130.0,130.0,130.0,100.0,200.0,26.0,0.0,0.0,0.0,0.0,0.0,0.0,-,0.0
Painful Strike,Painful Strike [1] (Lacking FP),Tooth Whip,40.0,40.0,40.0,40.0,40.0,50.0,40.0,10.0,0.0,0.0,0.0,0.0,0.0,0.0,-,1.0
Painful Strike,Painful Strike [2] (Lacking FP),Tooth Whip,40.0,40.0,40.0,40.0,40.0,50.0,40.0,10.0,0.0,0.0,0.0,0.0,0.0,0.0,-,1.0
Painful Strike,Painful Strike [3] (Lacking FP),Tooth Whip,100.0,100.0,100.0,100.0,100.0,100.0,100.0,26.0,0.0,0.0,0.0,0.0,0.0,0.0,-,1.0
Sea of Magma,Sea of Magma [1],Magma Whip Candlestick,90.0,90.0,90.0,90.0,90.0,50.0,0.0,15.0,0.0,0.0,0.0,0.0,0.0,0.0,-,0.0
Sea of Magma,Sea of Magma [2],Magma Whip Candlestick,90.0,90.0,90.0,90.0,90.0,50.0,200.0,15.0,0.0,0.0,0.0,0.0,0.0,0.0,-,0.0
Sea of Magma,Sea of Magma - Loop [1],Magma Whip Candlestick,90.0,90.0,90.0,90.0,90.0,50.0,200.0,15.0,0.0,0.0,0.0,0.0,0.0,0.0,-,0.0
Sea of Magma,Sea of Magma - Loop [2],Magma Whip Candlestick,90.0,90.0,90.0,90.0,90.0,50.0,200.0,15.0,0.0,0.0,0.0,0.0,0.0,0.0,-,0.0
Sea of Magma,Sea of Magma - Final,Magma Whip Candlestick,130.0,130.0,130.0,130.0,130.0,100.0,200.0,20.0,0.0,0.0,0.0,0.0,0.0,0.0,-,0.0
Sea of Magma,Sea of Magma - Bullet,Magma Whip Candlestick,0.0,0.0,0.0,0.0,0.0,0.0,0.0,0.0,0.0,0.0,66.0,0.0,0.0,1.0,-,0.0
Sea of Magma,Sea of Magma - Bullet,Magma Whip Candlestick,0.0,0.0,0.0,0.0,0.0,0.0,0.0,0.0,0.0,0.0,66.0,0.0,0.0,1.0,-,0.0
Sea of Magma,Sea of Magma [1] (Lacking FP),Magma Whip Candlestick,50.0,50.0,50.0,50.0,50.0,50.0,0.0,15.0,0.0,0.0,0.0,0.0,0.0,0.0,-,1.0
Sea of Magma,Sea of Magma [2] (Lacking FP),Magma Whip Candlestick,50.0,50.0,50.0,50.0,50.0,50.0,80.0,15.0,0.0,0.0,0.0,0.0,0.0,0.0,-,1.0
Sea of Magma,Sea of Magma - Loop [1] (Lacking FP),Magma Whip Candlestick,70.0,70.0,70.0,70.0,70.0,50.0,90.0,15.0,0.0,0.0,0.0,0.0,0.0,0.0,-,1.0
Sea of Magma,Sea of Magma - Loop [2] (Lacking FP),Magma Whip Candlestick,70.0,70.0,70.0,70.0,70.0,50.0,90.0,15.0,0.0,0.0,0.0,0.0,0.0,0.0,-,1.0
Sea of Magma,Sea of Magma - Final (Lacking FP),Magma Whip Candlestick,100.0,100.0,100.0,100.0,100.0,100.0,100.0,20.0,0.0,0.0,0.0,0.0,0.0,0.0,-,1.0
Flame Dance,Flame Dance [1],Giant's Red Braid,85.0,85.0,85.0,85.0,85.0,50.0,100.0,20.0,0.0,0.0,0.0,0.0,0.0,0.0,-,0.0
Flame Dance,Flame Dance [2],Giant's Red Braid,85.0,85.0,85.0,85.0,85.0,50.0,100.0,10.0,0.0,0.0,0.0,0.0,0.0,0.0,-,0.0
Flame Dance,Flame Dance [3],Giant's Red Braid,85.0,85.0,85.0,85.0,85.0,50.0,100.0,10.0,0.0,0.0,0.0,0.0,0.0,0.0,-,0.0
Flame Dance,Flame Dance [4],Giant's Red Braid,85.0,85.0,85.0,85.0,85.0,50.0,100.0,10.0,0.0,0.0,0.0,0.0,0.0,0.0,-,0.0
Flame Dance,Flame Dance [5],Giant's Red Braid,110.0,110.0,110.0,110.0,110.0,100.0,100.0,20.0,0.0,0.0,0.0,0.0,0.0,0.0,-,0.0
Flame Dance,Flame Dance [1] (Lacking FP),Giant's Red Braid,60.0,60.0,60.0,60.0,60.0,50.0,50.0,20.0,0.0,0.0,0.0,0.0,0.0,0.0,-,1.0
Flame Dance,Flame Dance [2] (Lacking FP),Giant's Red Braid,60.0,60.0,60.0,60.0,60.0,50.0,50.0,10.0,0.0,0.0,0.0,0.0,0.0,0.0,-,1.0
Flame Dance,Flame Dance [3] (Lacking FP),Giant's Red Braid,60.0,60.0,60.0,60.0,60.0,50.0,50.0,10.0,0.0,0.0,0.0,0.0,0.0,0.0,-,1.0
Flame Dance,Flame Dance [4] (Lacking FP),Giant's Red Braid,60.0,60.0,60.0,60.0,60.0,50.0,50.0,10.0,0.0,0.0,0.0,0.0,0.0,0.0,-,1.0
Flame Dance,Flame Dance [5] (Lacking FP),Giant's Red Braid,90.0,90.0,90.0,90.0,90.0,50.0,100.0,20.0,0.0,0.0,0.0,0.0,0.0,0.0,-,1.0
Storm Kick,Storm Kick [1],Veteran's Prosthesis,178.0,178.0,178.0,178.0,178.0,150.0,200.0,18.0,0.0,0.0,0.0,0.0,0.0,0.0,-,0.0
Storm Kick,Storm Kick [2],Veteran's Prosthesis,132.0,132.0,132.0,132.0,132.0,0.0,100.0,0.0,0.0,0.0,0.0,0.0,0.0,0.0,-,0.0
Storm Kick R2,Storm Kick R2 [1],Veteran's Prosthesis,0.0,0.0,0.0,0.0,0.0,0.0,0.0,30.0,0.0,0.0,0.0,0.0,0.0,0.0,-,0.0
Storm Kick R2,Storm Kick R2 [2],Veteran's Prosthesis,155.0,155.0,155.0,155.0,155.0,250.0,500.0,0.0,0.0,0.0,0.0,103.0,0.0,1.0,-,0.0
Storm Kick R2,Storm Kick R2 [3],Veteran's Prosthesis,0.0,0.0,0.0,0.0,0.0,0.0,200.0,0.0,0.0,0.0,0.0,109.0,0.0,1.0,-,0.0
Storm Kick,Storm Kick [1] (Lacking FP),Veteran's Prosthesis,100.0,100.0,100.0,100.0,100.0,100.0,100.0,18.0,0.0,0.0,0.0,0.0,0.0,0.0,-,1.0
Storm Kick,Storm Kick [2] (Lacking FP),Veteran's Prosthesis,100.0,100.0,100.0,100.0,100.0,0.0,100.0,0.0,0.0,0.0,0.0,0.0,0.0,0.0,-,1.0
Storm Kick R2,Storm Kick R2 [1] (Lacking FP),Veteran's Prosthesis,0.0,0.0,0.0,0.0,0.0,0.0,0.0,30.0,0.0,0.0,0.0,0.0,0.0,0.0,-,1.0
Storm Kick R2,Storm Kick R2 [2] (Lacking FP),Veteran's Prosthesis,120.0,120.0,120.0,120.0,120.0,100.0,100.0,0.0,0.0,0.0,0.0,0.0,0.0,0.0,-,1.0
Storm Kick R2,Storm Kick R2 [3] (Lacking FP),Veteran's Prosthesis,100.0,100.0,100.0,100.0,100.0,0.0,100.0,0.0,0.0,0.0,0.0,0.0,0.0,0.0,-,1.0
Storm Kick (Left),Storm Kick (Left) [1],Veteran's Prosthesis,178.0,178.0,178.0,178.0,178.0,150.0,200.0,18.0,0.0,0.0,0.0,0.0,0.0,0.0,-,0.0
Storm Kick (Left),Storm Kick (Left) [2],Veteran's Prosthesis,132.0,132.0,132.0,132.0,132.0,0.0,100.0,0.0,0.0,0.0,0.0,0.0,0.0,0.0,-,0.0
Storm Kick R2 (Left),Storm Kick R2 (Left) [1],Veteran's Prosthesis,0.0,0.0,0.0,0.0,0.0,0.0,0.0,30.0,0.0,0.0,0.0,0.0,0.0,0.0,-,0.0
Storm Kick R2 (Left),Storm Kick R2 (Left) [2],Veteran's Prosthesis,155.0,155.0,155.0,155.0,155.0,250.0,500.0,0.0,0.0,0.0,0.0,103.0,0.0,1.0,-,0.0
Storm Kick R2 (Left),Storm Kick R2 (Left) [3],Veteran's Prosthesis,0.0,0.0,0.0,0.0,0.0,0.0,200.0,0.0,0.0,0.0,0.0,109.0,0.0,1.0,-,0.0
Storm Kick (Left),Storm Kick (Left) [1] (Lacking FP),Veteran's Prosthesis,100.0,100.0,100.0,100.0,100.0,100.0,100.0,18.0,0.0,0.0,0.0,0.0,0.0,0.0,-,1.0
Storm Kick (Left),Storm Kick (Left) [2] (Lacking FP),Veteran's Prosthesis,100.0,100.0,100.0,100.0,100.0,0.0,100.0,0.0,0.0,0.0,0.0,0.0,0.0,0.0,-,1.0
Storm Kick R2 (Left),Storm Kick R2 (Left) [1]  (Lacking FP),Veteran's Prosthesis,0.0,0.0,0.0,0.0,0.0,0.0,0.0,30.0,0.0,0.0,0.0,0.0,0.0,0.0,-,1.0
Storm Kick R2 (Left),Storm Kick R2 (Left) [2] (Lacking FP),Veteran's Prosthesis,120.0,120.0,120.0,120.0,120.0,100.0,100.0,0.0,0.0,0.0,0.0,0.0,0.0,0.0,-,1.0
Storm Kick R2 (Left),Storm Kick R2 (Left) [3] (Lacking FP),Veteran's Prosthesis,100.0,100.0,100.0,100.0,100.0,0.0,100.0,0.0,0.0,0.0,0.0,0.0,0.0,0.0,-,1.0
Unblockable Blade,Unblockable Blade,Cipher Pata,297.0,297.0,297.0,297.0,297.0,100.0,600.0,35.0,0.0,0.0,0.0,0.0,0.0,0.0,-,0.0
Unblockable Blade,Unblockable Blade (Lacking FP),Cipher Pata,150.0,150.0,150.0,150.0,150.0,100.0,200.0,35.0,0.0,0.0,0.0,0.0,0.0,0.0,-,1.0
Poison Spear-Hand Strike,Poison Spear-Hand Strike,Poisoned Hand,150.0,150.0,150.0,150.0,150.0,100.0,300.0,38.0,0.0,0.0,0.0,0.0,0.0,0.0,-,0.0
Poison Spear-Hand Strike,Poison Spear-Hand Strike (Lacking FP),Poisoned Hand,100.0,100.0,100.0,100.0,100.0,100.0,100.0,38.0,0.0,0.0,0.0,0.0,0.0,0.0,-,1.0
Madding Spear-Hand Strike,Madding Spear-Hand Strike,Madding Hand,150.0,150.0,150.0,150.0,150.0,100.0,300.0,38.0,0.0,0.0,0.0,0.0,0.0,0.0,-,0.0
Madding Spear-Hand Strike,Madding Spear-Hand Strike (Lacking FP),Madding Hand,100.0,100.0,100.0,100.0,100.0,100.0,100.0,38.0,0.0,0.0,0.0,0.0,0.0,0.0,-,1.0
Sleep Evermore,Sleep Evermore,Thiollier's Hidden Needle,150.0,150.0,150.0,150.0,150.0,100.0,300.0,37.0,0.0,0.0,0.0,0.0,0.0,0.0,-,0.0
Sleep Evermore,Sleep Evermore (Lacking FP),Thiollier's Hidden Needle,100.0,100.0,100.0,100.0,100.0,100.0,100.0,37.0,0.0,0.0,0.0,0.0,0.0,0.0,-,1.0
Bear Witness!,Bear Witness! [1] - Bullet,Grafted Dragon,0.0,0.0,155.0,0.0,0.0,100.0,50.0,0.0,0.0,0.0,0.0,0.0,0.0,1.0,-,0.0
Bear Witness!,Bear Witness! [2] - Bullet,Grafted Dragon,0.0,0.0,85.0,0.0,0.0,100.0,50.0,0.0,0.0,0.0,0.0,0.0,0.0,1.0,-,0.0
Bear Witness!,Bear Witness! [3] - Bullet (Explosion),Grafted Dragon,0.0,0.0,610.0,0.0,0.0,100.0,150.0,44.0,0.0,0.0,0.0,0.0,0.0,1.0,-,0.0
Bear Witness!,Bear Witness! [4] - Bullet (Projectile),Grafted Dragon,0.0,0.0,130.0,0.0,0.0,100.0,80.0,0.0,0.0,0.0,0.0,0.0,0.0,1.0,-,0.0
Bear Witness!,Bear Witness! [4] - Bullet (Projectile),Grafted Dragon,0.0,0.0,130.0,0.0,0.0,100.0,80.0,0.0,0.0,0.0,0.0,0.0,0.0,1.0,-,0.0
Bear Witness!,Bear Witness! [4] - Bullet (Projectile),Grafted Dragon,0.0,0.0,130.0,0.0,0.0,100.0,80.0,0.0,0.0,0.0,0.0,0.0,0.0,1.0,-,0.0
Bear Witness!,Bear Witness! [4] - Bullet (Lingering Fire),Grafted Dragon,0.0,0.0,100.0,0.0,0.0,100.0,0.0,0.0,0.0,0.0,0.0,0.0,0.0,1.0,-,0.0
Bear Witness!,Bear Witness! (Lacking FP),Grafted Dragon,120.0,0.0,120.0,0.0,0.0,100.0,120.0,44.0,0.0,0.0,0.0,0.0,0.0,0.0,-,1.0
Scattershot Throw,Scattershot Throw #1 [1],Claws of Night,70.0,70.0,70.0,70.0,70.0,70.0,70.0,8.0,0.0,0.0,0.0,0.0,0.0,0.0,-,0.0
Scattershot Throw,Scattershot Throw #1 [2],Claws of Night,70.0,70.0,70.0,70.0,70.0,70.0,70.0,8.0,0.0,0.0,0.0,0.0,0.0,0.0,-,0.0
Scattershot Throw,Scattershot Throw #2 [1],Claws of Night,70.0,70.0,70.0,70.0,70.0,70.0,70.0,8.0,0.0,0.0,0.0,0.0,0.0,0.0,-,0.0
Scattershot Throw,Scattershot Throw #2 [2],Claws of Night,70.0,70.0,70.0,70.0,70.0,70.0,70.0,8.0,0.0,0.0,0.0,0.0,0.0,0.0,-,0.0
Scattershot Throw (Far),Scattershot Throw (Far),Claws of Night,39.0,39.0,39.0,39.0,39.0,70.0,35.0,0.0,0.0,0.0,0.0,0.0,0.0,0.0,-,0.0
Scattershot Throw,Scattershot Throw (Lacking FP),Claws of Night,70.0,70.0,70.0,70.0,70.0,70.0,70.0,17.0,0.0,0.0,0.0,0.0,0.0,0.0,-,1.0
Red Bear Hunt,Red Bear Hunt #1,Red Bear's Claw,138.0,138.0,138.0,138.0,138.0,100.0,200.0,23.0,0.0,0.0,0.0,0.0,0.0,0.0,-,0.0
Red Bear Hunt,Red Bear Hunt #1 - Bullet,Red Bear's Claw,56.0,56.0,56.0,56.0,56.0,0.0,30.0,0.0,0.0,0.0,0.0,0.0,0.0,0.0,-,0.0
Red Bear Hunt,Red Bear Hunt #2,Red Bear's Claw,129.0,129.0,129.0,129.0,129.0,100.0,200.0,23.0,0.0,0.0,0.0,0.0,0.0,0.0,-,0.0
Red Bear Hunt,Red Bear Hunt #2 - Bullet,Red Bear's Claw,56.0,56.0,56.0,56.0,56.0,0.0,30.0,0.0,0.0,0.0,0.0,0.0,0.0,0.0,-,0.0
Red Bear Hunt,Red Bear Hunt #3 [1],Red Bear's Claw,86.0,86.0,86.0,86.0,86.0,100.0,115.0,29.0,0.0,0.0,0.0,0.0,0.0,0.0,-,0.0
Red Bear Hunt,Red Bear Hunt #3 [2],Red Bear's Claw,86.0,86.0,86.0,86.0,86.0,100.0,115.0,0.0,0.0,0.0,0.0,0.0,0.0,0.0,-,0.0
Red Bear Hunt,Red Bear Hunt #3 - Bullet,Red Bear's Claw,49.0,49.0,49.0,49.0,49.0,0.0,30.0,0.0,0.0,0.0,0.0,0.0,0.0,0.0,-,0.0
Red Bear Hunt,Red Bear Hunt #1 (Lacking FP),Red Bear's Claw,50.0,50.0,50.0,50.0,50.0,100.0,50.0,23.0,0.0,0.0,0.0,0.0,0.0,0.0,-,1.0
Red Bear Hunt,Red Bear Hunt #2 (Lacking FP),Red Bear's Claw,50.0,50.0,50.0,50.0,50.0,100.0,50.0,23.0,0.0,0.0,0.0,0.0,0.0,0.0,-,1.0
Red Bear Hunt,Red Bear Hunt #3 [1] (Lacking FP),Red Bear's Claw,50.0,50.0,50.0,50.0,50.0,100.0,50.0,29.0,0.0,0.0,0.0,0.0,0.0,0.0,-,1.0
Red Bear Hunt,Red Bear Hunt #3 [2] (Lacking FP),Red Bear's Claw,50.0,50.0,50.0,50.0,50.0,100.0,50.0,0.0,0.0,0.0,0.0,0.0,0.0,0.0,-,1.0
Spinning Weapon,Spinning Weapon [1],Carian Regal Scepter,85.0,85.0,85.0,85.0,85.0,100.0,0.0,6.0,0.0,30.0,0.0,0.0,0.0,1.0,-,0.0
Spinning Weapon,Spinning Weapon [2],Carian Regal Scepter,85.0,85.0,85.0,85.0,85.0,100.0,0.0,6.0,0.0,30.0,0.0,0.0,0.0,1.0,-,0.0
Spinning Weapon,Spinning Weapon [3],Carian Regal Scepter,85.0,85.0,85.0,85.0,85.0,100.0,0.0,6.0,0.0,30.0,0.0,0.0,0.0,1.0,-,0.0
Spinning Weapon,Spinning Weapon [4],Carian Regal Scepter,90.0,90.0,90.0,90.0,90.0,100.0,0.0,8.0,0.0,35.0,0.0,0.0,0.0,1.0,-,0.0
Spinning Weapon,Spinning Weapon [1] (Lacking FP),Carian Regal Scepter,55.0,55.0,55.0,55.0,55.0,100.0,0.0,6.0,0.0,0.0,0.0,0.0,0.0,1.0,-,1.0
Spinning Weapon,Spinning Weapon [2] (Lacking FP),Carian Regal Scepter,55.0,55.0,55.0,55.0,55.0,100.0,0.0,6.0,0.0,0.0,0.0,0.0,0.0,1.0,-,1.0
Spinning Weapon,Spinning Weapon [3] (Lacking FP),Carian Regal Scepter,55.0,55.0,55.0,55.0,55.0,100.0,0.0,6.0,0.0,0.0,0.0,0.0,0.0,1.0,-,1.0
Spinning Weapon,Spinning Weapon [4] (Lacking FP),Carian Regal Scepter,55.0,55.0,55.0,55.0,55.0,100.0,0.0,8.0,0.0,0.0,0.0,0.0,0.0,1.0,-,1.0
Firebreather,Firebreather,Steel-Wire Torch,0.0,0.0,0.0,0.0,0.0,0.0,0.0,9.0,0.0,0.0,0.0,0.0,0.0,0.0,-,0.0
Firebreather,Firebreather - Bullet,Steel-Wire Torch,120.0,120.0,120.0,120.0,120.0,100.0,0.0,0.0,0.0,0.0,0.0,0.0,0.0,0.0,-,0.0
Firebreather,Firebreather - Bullet,Steel-Wire Torch,75.0,75.0,75.0,75.0,75.0,100.0,0.0,0.0,0.0,0.0,0.0,0.0,0.0,0.0,-,0.0
Fires of Slumber,Fires of Slumber - Bullet,St. Trina's Torch,0.0,0.0,0.0,0.0,0.0,56.0,0.0,0.0,0.0,0.0,0.0,0.0,0.0,0.0,-,0.0
Fires of Slumber,Fires of Slumber - Bullet,St. Trina's Torch,0.0,0.0,0.0,0.0,0.0,28.0,0.0,0.0,0.0,0.0,0.0,0.0,0.0,0.0,-,0.0
Feeble Lord's Frenzied Flame,Feeble Lord's Frenzied Flame,Nanaya's Torch,0.0,0.0,0.0,0.0,0.0,100.0,0.0,0.0,0.0,0.0,21.0,0.0,0.0,1.0,-,0.0
Feeble Lord's Frenzied Flame,Feeble Lord's Frenzied Flame - Self-Madness,Nanaya's Torch,0.0,0.0,0.0,0.0,0.0,0.0,0.0,10.0,0.0,0.0,0.0,0.0,0.0,0.0,-,0.0
Viper Bite,Viper Bite,Coil Shield,264.0,264.0,264.0,264.0,264.0,100.0,220.0,9.0,0.0,0.0,0.0,0.0,0.0,0.0,-,0.0
Viper Bite,Viper Bite (Lacking FP),Coil Shield,107.0,107.0,107.0,107.0,107.0,100.0,107.0,9.0,0.0,0.0,0.0,0.0,0.0,0.0,-,1.0
Discus Hurl,Discus Hurl [1] - Bullet,Smithscript Shield,110.0,110.0,110.0,110.0,110.0,100.0,100.0,10.0,0.0,0.0,0.0,0.0,0.0,0.0,-,0.0
Discus Hurl,Discus Hurl [2] - Bullet,Smithscript Shield,220.0,220.0,220.0,220.0,220.0,100.0,100.0,10.0,0.0,0.0,0.0,0.0,0.0,0.0,-,0.0
Discus Hurl,Discus Hurl - Bullet (Lacking FP),Smithscript Shield,50.0,50.0,50.0,50.0,50.0,100.0,50.0,10.0,0.0,0.0,0.0,0.0,0.0,0.0,-,1.0
Revenge of the Night,Revenge of the Night - Bullet,Shield of Night,0.0,0.0,0.0,0.0,0.0,0.0,0.0,7.0,0.0,32.0,0.0,0.0,0.0,1.0,Dexterity,0.0
Revenge of the Night Guard Counter,Revenge of the Night Guard Counter - Bullet,Shield of Night,0.0,0.0,0.0,0.0,0.0,0.0,0.0,7.0,0.0,95.0,0.0,0.0,0.0,1.0,Dexterity,0.0
Revenge of the Night,Revenge of the Night (Lacking FP),Shield of Night,80.0,80.0,80.0,80.0,80.0,100.0,100.0,7.0,0.0,0.0,0.0,0.0,0.0,0.0,-,1.0
Revenge of the Night Guard Counter,Revenge of the Night Guard Counter (Lacking FP),Shield of Night,80.0,80.0,80.0,80.0,80.0,100.0,100.0,7.0,0.0,0.0,0.0,0.0,0.0,0.0,-,1.0
Roaring Bash,Roaring Bash [1],Golden Lion Shield,150.0,150.0,150.0,150.0,150.0,100.0,125.0,45.0,0.0,0.0,0.0,0.0,0.0,0.0,-,0.0
Roaring Bash,Roaring Bash [2],Golden Lion Shield,125.0,125.0,125.0,125.0,125.0,100.0,125.0,0.0,0.0,0.0,0.0,0.0,0.0,0.0,-,0.0
Roaring Bash,Roaring Bash (Lacking FP),Golden Lion Shield,90.0,90.0,90.0,90.0,90.0,100.0,90.0,45.0,0.0,0.0,0.0,0.0,0.0,0.0,-,1.0
Roaring Bash (Left),Roaring Bash (Left) [1],Golden Lion Shield,150.0,150.0,150.0,150.0,150.0,100.0,125.0,45.0,0.0,0.0,0.0,0.0,0.0,0.0,-,0.0
Roaring Bash (Left),Roaring Bash (Left) [2],Golden Lion Shield,125.0,125.0,125.0,125.0,125.0,100.0,125.0,0.0,0.0,0.0,0.0,0.0,0.0,0.0,-,0.0
Roaring Bash (Left),Roaring Bash (Left) (Lacking FP),Golden Lion Shield,90.0,90.0,90.0,90.0,90.0,100.0,90.0,45.0,0.0,0.0,0.0,0.0,0.0,0.0,-,1.0
Golden Retaliation,"Golden Retaliation - Bullet (""Parry"" ?)",Erdtree Greatshield,0.0,0.0,0.0,0.0,0.0,0.0,0.0,9.0,0.0,0.0,0.0,0.0,0.0,0.0,-,0.0
Golden Retaliation,"Golden Retaliation - Bullet (""Parry"" ?)",Erdtree Greatshield,0.0,0.0,0.0,0.0,0.0,0.0,0.0,0.0,0.0,0.0,0.0,0.0,0.0,0.0,-,0.0
Golden Retaliation,Golden Retaliation - Bullet,Erdtree Greatshield,0.0,0.0,0.0,0.0,0.0,0.0,0.0,0.0,0.0,0.0,0.0,0.0,250.0,1.0,-,0.0
Golden Retaliation,Golden Retaliation - Bullet,Erdtree Greatshield,0.0,0.0,0.0,0.0,0.0,0.0,0.0,0.0,0.0,0.0,0.0,0.0,150.0,1.0,-,0.0
Tongues of Fire,Tongues of Fire - Bullet,Visage Shield,0.0,0.0,0.0,0.0,0.0,0.0,0.0,16.0,0.0,0.0,150.0,0.0,0.0,1.0,-,0.0
Flame Spit,Flame Spit - Bullet,One-Eyed Shield,0.0,0.0,0.0,0.0,0.0,100.0,380.0,109.0,0.0,0.0,385.0,0.0,0.0,1.0,No Scaling,0.0
Flame Spit,Flame Spit - Bullet AoE,One-Eyed Shield,0.0,0.0,0.0,0.0,0.0,100.0,380.0,0.0,0.0,0.0,385.0,0.0,0.0,1.0,No Scaling,0.0
Moore's Charge,Moore's Charge [1],Verdigris Greatshield,0.0,0.0,0.0,0.0,0.0,10.0,75.0,6.0,0.0,0.0,0.0,0.0,0.0,0.0,-,0.0
Moore's Charge,Moore's Charge [2],Verdigris Greatshield,0.0,0.0,0.0,0.0,0.0,10.0,75.0,6.0,0.0,0.0,0.0,0.0,0.0,0.0,-,0.0
Moore's Charge,Moore's Charge [3],Verdigris Greatshield,0.0,0.0,0.0,0.0,0.0,10.0,75.0,6.0,0.0,0.0,0.0,0.0,0.0,0.0,-,0.0
Moore's Charge,Moore's Charge [4],Verdigris Greatshield,0.0,0.0,0.0,0.0,0.0,100.0,75.0,6.0,0.0,0.0,0.0,0.0,0.0,0.0,-,0.0
Moore's Charge,Moore's Charge [5],Verdigris Greatshield,0.0,0.0,0.0,0.0,0.0,100.0,125.0,34.0,0.0,0.0,0.0,0.0,0.0,0.0,-,0.0
Moore's Charge,Moore's Charge [5] - Bullet,Verdigris Greatshield,0.0,0.0,0.0,0.0,0.0,10.0,75.0,0.0,0.0,0.0,0.0,0.0,0.0,0.0,-,0.0
Moore's Charge Early Release,Moore's Charge Early Release,Verdigris Greatshield,0.0,0.0,0.0,0.0,0.0,100.0,125.0,34.0,0.0,0.0,0.0,0.0,0.0,0.0,-,0.0
Moore's Charge Early Release,Moore's Charge Early Release - Bullet,Verdigris Greatshield,0.0,0.0,0.0,0.0,0.0,10.0,75.0,0.0,0.0,0.0,0.0,0.0,0.0,0.0,-,0.0
Moore's Charge,Moore's Charge [1] (Lacking FP),Verdigris Greatshield,0.0,0.0,0.0,0.0,0.0,10.0,50.0,6.0,0.0,0.0,0.0,0.0,0.0,0.0,-,1.0
Moore's Charge,Moore's Charge [2] (Lacking FP),Verdigris Greatshield,0.0,0.0,0.0,0.0,0.0,10.0,50.0,6.0,0.0,0.0,0.0,0.0,0.0,0.0,-,1.0
Moore's Charge,Moore's Charge [3] (Lacking FP),Verdigris Greatshield,0.0,0.0,0.0,0.0,0.0,10.0,50.0,6.0,0.0,0.0,0.0,0.0,0.0,0.0,-,1.0
Moore's Charge,Moore's Charge [4] (Lacking FP),Verdigris Greatshield,0.0,0.0,0.0,0.0,0.0,100.0,50.0,6.0,0.0,0.0,0.0,0.0,0.0,0.0,-,1.0
Moore's Charge,Moore's Charge [5] (Lacking FP),Verdigris Greatshield,0.0,0.0,0.0,0.0,0.0,100.0,100.0,34.0,0.0,0.0,0.0,0.0,0.0,0.0,-,1.0
Moore's Charge Early Release,Moore's Charge Early Release (Lacking FP),Verdigris Greatshield,0.0,0.0,0.0,0.0,0.0,100.0,100.0,34.0,0.0,0.0,0.0,0.0,0.0,0.0,-,1.0
